CONFIG SEC=1 CACHE=1 PRED=0 DUAL=1 MODE=1 ZC=3 SCR=1 ICECC=1 OFFSET=1 PMP=1
SAMPLE 3 ai=0 ab=0 am=0 pc=0 mismatch=0 rf=0 mode=0
T 3 00000000 0 1 0 0 0 0 0 0 1 0 1 0 0 0
SECDET 3 pc=0 rf=0 intg=0
C 3 00000000 0 0 0 1 0 0
LOCK 4 rst=0 cmp=a mismatch=0 rf=0 cap=0
SAMPLE 4 ai=0 ab=0 am=0 pc=0 mismatch=0 rf=0 mode=0
T 4 00000000 0 1 0 0 0 0 0 0 1 0 1 0 0 0
SECDET 4 pc=0 rf=0 intg=0
C 4 00000000 0 0 0 1 1 0
LOCK 5 rst=1 cmp=a mismatch=0 rf=0 cap=0
SAMPLE 5 ai=0 ab=0 am=0 pc=0 mismatch=0 rf=0 mode=0
T 5 00000000 0 1 0 0 0 0 0 0 1 0 0 0 0 0
SECDET 5 pc=0 rf=0 intg=0
C 5 00000000 0 0 0 0 4 0
LOCK 6 rst=1 cmp=5 mismatch=0 rf=0 cap=0
SAMPLE 6 ai=0 ab=0 am=0 pc=0 mismatch=0 rf=0 mode=0
T 6 00000080 1 1 0 0 0 0 0 0 1 0 0 1 0 0
CSRDBG 6 addr=001 priv=3 dec=0 csr=0 raw=1 pw=0 dbg=0 op=0
SECDET 6 pc=0 rf=0 intg=0
C 6 00000080 1 0 0 0 5 0
LOCK 7 rst=1 cmp=5 mismatch=0 rf=0 cap=0
SAMPLE 7 ai=0 ab=0 am=0 pc=0 mismatch=0 rf=0 mode=0
T 7 00000084 1 0 0 0 0 0 0 0 1 0 0 1 0 0
W 7 1 00000001 000000000
CSRDBG 7 addr=7c0 priv=3 dec=0 csr=0 raw=0 pw=0 dbg=0 op=1
SECDET 7 pc=0 rf=0 intg=0
C 7 00000084 1 0 0 0 5 0
LOCK 8 rst=1 cmp=5 mismatch=0 rf=0 cap=0
SAMPLE 8 ai=0 ab=0 am=0 pc=0 mismatch=0 rf=0 mode=0
T 8 00000084 1 0 0 0 0 0 0 0 1 0 0 0 0 0
CSRDBG 8 addr=7c0 priv=3 dec=0 csr=0 raw=0 pw=0 dbg=0 op=1
SECDET 8 pc=0 rf=0 intg=0
R 8 1 00000080 00100093
C 8 00000084 1 0 0 0 6 0
LOCK 9 rst=1 cmp=5 mismatch=0 rf=0 cap=0
SAMPLE 9 ai=0 ab=0 am=0 pc=0 mismatch=0 rf=0 mode=0
T 9 00000084 0 1 0 0 0 0 0 0 1 0 0 0 0 0
SECDET 9 pc=0 rf=0 intg=0
R 9 2 00000084 7c009073
C 9 00000084 0 0 0 0 5 0
LOCK 10 rst=1 cmp=5 mismatch=0 rf=0 cap=0
SAMPLE 10 ai=0 ab=0 am=0 pc=0 mismatch=0 rf=0 mode=0
T 10 00000088 1 1 0 0 0 0 0 0 1 0 0 1 0 0
CSRDBG 10 addr=03d priv=3 dec=0 csr=0 raw=1 pw=0 dbg=0 op=0
SECDET 10 pc=0 rf=0 intg=0
C 10 00000088 1 0 0 0 5 0
LOCK 11 rst=1 cmp=5 mismatch=0 rf=0 cap=0
SAMPLE 11 ai=0 ab=0 am=0 pc=0 mismatch=0 rf=0 mode=0
T 11 0000008c 1 1 0 0 0 0 0 0 1 0 0 1 0 0
W 11 1 00000000 17e3e0000
CSRDBG 11 addr=200 priv=3 dec=0 csr=0 raw=1 pw=0 dbg=0 op=0
SECDET 11 pc=0 rf=0 intg=0
C 11 0000008c 1 0 0 0 5 0
LOCK 12 rst=1 cmp=5 mismatch=0 rf=0 cap=0
SAMPLE 12 ai=0 ab=0 am=0 pc=0 mismatch=0 rf=0 mode=0
T 12 00000090 1 0 1 0 0 0 0 0 1 0 0 1 0 0
W 12 1 00000200 17e3e0000
CSRDBG 12 addr=000 priv=3 dec=0 csr=0 raw=1 pw=0 dbg=0 op=0
SECDET 12 pc=0 rf=0 intg=0
R 12 3 00000088 03d000db
C 12 00000090 1 1 0 0 5 0
D 12 0 00000200 f 00000000 tag=1
LOCK 13 rst=1 cmp=5 mismatch=0 rf=0 cap=0
SAMPLE 13 ai=0 ab=0 am=0 pc=0 mismatch=0 rf=0 mode=0
T 13 00000090 1 1 0 0 0 0 0 0 1 0 0 0 0 0
CSRDBG 13 addr=000 priv=3 dec=0 csr=0 raw=1 pw=0 dbg=0 op=0
SECDET 13 pc=0 rf=0 intg=0
R 13 4 0000008c 200090db
C 13 00000090 1 0 0 0 5 0
D 13 0 00000204 f 00000000 tag=1
LOCK 14 rst=1 cmp=5 mismatch=0 rf=0 cap=0
SAMPLE 14 ai=0 ab=0 am=0 pc=0 mismatch=0 rf=0 mode=0
T 14 00000094 1 0 1 1 0 0 0 0 0 1 0 1 0 0
CSRDBG 14 addr=fe4 priv=3 dec=0 csr=0 raw=1 pw=0 dbg=0 op=0
SECDET 14 pc=0 rf=0 intg=0
C 14 00000094 1 1 0 0 5 0
B 14 00000000
LOCK 15 rst=1 cmp=5 mismatch=0 rf=0 cap=0
SAMPLE 15 ai=0 ab=0 am=0 pc=0 mismatch=0 rf=0 mode=0
T 15 00000094 1 0 1 1 0 0 0 0 0 1 0 0 0 0
CSRDBG 15 addr=fe4 priv=3 dec=0 csr=0 raw=1 pw=0 dbg=0 op=0
SECDET 15 pc=0 rf=0 intg=0
C 15 00000094 1 1 0 0 5 0
LOCK 16 rst=1 cmp=5 mismatch=0 rf=0 cap=0
SAMPLE 16 ai=0 ab=0 am=0 pc=0 mismatch=0 rf=0 mode=0
T 16 00000094 1 0 1 1 0 0 0 0 0 1 0 0 0 0
CSRDBG 16 addr=fe4 priv=3 dec=0 csr=0 raw=1 pw=0 dbg=0 op=0
SECDET 16 pc=0 rf=0 intg=0
C 16 00000094 1 1 0 0 5 0
LOCK 17 rst=1 cmp=5 mismatch=0 rf=0 cap=0
SAMPLE 17 ai=0 ab=0 am=0 pc=0 mismatch=0 rf=0 mode=0
T 17 00000094 1 0 1 1 0 0 0 0 0 1 0 0 0 0
CSRDBG 17 addr=fe4 priv=3 dec=0 csr=0 raw=1 pw=0 dbg=0 op=0
SECDET 17 pc=0 rf=0 intg=0
C 17 00000094 1 1 0 0 5 0
LOCK 18 rst=1 cmp=5 mismatch=0 rf=0 cap=0
SAMPLE 18 ai=0 ab=0 am=0 pc=0 mismatch=0 rf=0 mode=0
T 18 00000094 1 0 1 1 0 0 0 0 0 1 0 0 0 0
CSRDBG 18 addr=fe4 priv=3 dec=0 csr=0 raw=1 pw=0 dbg=0 op=0
SECDET 18 pc=0 rf=0 intg=0
C 18 00000094 1 1 0 0 5 0
LOCK 19 rst=1 cmp=5 mismatch=0 rf=0 cap=0
SAMPLE 19 ai=0 ab=0 am=0 pc=0 mismatch=0 rf=0 mode=0
T 19 00000094 1 0 1 1 0 0 0 0 0 1 0 0 0 0
CSRDBG 19 addr=fe4 priv=3 dec=0 csr=0 raw=1 pw=0 dbg=0 op=0
SECDET 19 pc=0 rf=0 intg=0
C 19 00000094 1 1 0 0 5 0
LOCK 20 rst=1 cmp=5 mismatch=0 rf=0 cap=0
SAMPLE 20 ai=0 ab=0 am=0 pc=0 mismatch=0 rf=0 mode=0
T 20 00000094 1 0 0 1 0 0 0 0 1 1 0 0 0 0
W 20 2 00001000 17e020000
CSRDBG 20 addr=fe4 priv=3 dec=0 csr=0 raw=1 pw=0 dbg=0 op=0
SECDET 20 pc=0 rf=0 intg=0
C 20 00000094 1 0 0 0 5 0
LOCK 21 rst=1 cmp=5 mismatch=0 rf=0 cap=0
SAMPLE 21 ai=0 ab=0 am=0 pc=0 mismatch=0 rf=0 mode=0
T 21 00000094 1 1 0 0 0 0 0 0 1 0 0 0 0 0
CSRDBG 21 addr=fe4 priv=3 dec=0 csr=0 raw=1 pw=0 dbg=0 op=0
SECDET 21 pc=0 rf=0 intg=0
R 21 5 00000090 0000b103
C 21 00000094 1 0 0 0 5 0
LOCK 22 rst=1 cmp=5 mismatch=0 rf=0 cap=0
SAMPLE 22 ai=0 ab=0 am=0 pc=0 mismatch=0 rf=0 mode=0
T 22 00000098 1 1 0 0 0 0 0 0 1 0 0 1 0 0
W 22 3 00000001 000000000
CSRDBG 22 addr=07b priv=3 dec=0 csr=0 raw=1 pw=0 dbg=0 op=0
SECDET 22 pc=0 rf=0 intg=0
C 22 00000098 1 0 0 0 5 0
LOCK 23 rst=1 cmp=5 mismatch=0 rf=0 cap=0
SAMPLE 23 ai=0 ab=0 am=0 pc=0 mismatch=0 rf=0 mode=0
T 23 0000009c 1 1 0 0 0 0 0 0 1 0 1 1 0 0
W 23 15 0000007b 000000000
CSRDBG 23 addr=000 priv=3 dec=0 csr=0 raw=1 pw=0 dbg=0 op=0
SECDET 23 pc=0 rf=0 intg=0
R 23 6 00000094 fe4101db
C 23 0000009c 1 0 0 1 5 0
LOCK 24 rst=1 cmp=5 mismatch=0 rf=0 cap=0
SAMPLE 24 ai=0 ab=0 am=0 pc=0 mismatch=0 rf=0 mode=0
T 24 0000009c 0 1 0 0 0 0 0 0 1 0 0 0 0 0
SECDET 24 pc=0 rf=0 intg=0
R 24 7 00000098 07b00793
C 24 0000009c 0 0 0 0 5 0
LOCK 25 rst=1 cmp=5 mismatch=0 rf=0 cap=0
SAMPLE 25 ai=0 ab=0 am=0 pc=0 mismatch=0 rf=0 mode=0
T 25 0000009c 1 1 0 0 0 0 0 0 1 0 1 1 0 0
CSRDBG 25 addr=000 priv=3 dec=0 csr=0 raw=1 pw=0 dbg=0 op=0
SECDET 25 pc=0 rf=0 intg=0
R 25 8 0000009c 0000006f
C 25 0000009c 1 0 0 1 5 0
LOCK 26 rst=1 cmp=5 mismatch=0 rf=0 cap=0
SAMPLE 26 ai=0 ab=0 am=0 pc=0 mismatch=0 rf=0 mode=0
T 26 0000009c 0 1 0 0 0 0 0 0 1 0 0 0 0 0
SECDET 26 pc=0 rf=0 intg=0
C 26 0000009c 0 0 0 0 5 0
LOCK 27 rst=1 cmp=5 mismatch=0 rf=0 cap=0
SAMPLE 27 ai=0 ab=0 am=0 pc=0 mismatch=0 rf=0 mode=0
T 27 0000009c 1 1 0 0 0 0 0 0 1 0 1 1 0 0
CSRDBG 27 addr=000 priv=3 dec=0 csr=0 raw=1 pw=0 dbg=0 op=0
SECDET 27 pc=0 rf=0 intg=0
R 27 9 0000009c 0000006f
C 27 0000009c 1 0 0 1 5 0
LOCK 28 rst=1 cmp=5 mismatch=0 rf=0 cap=0
SAMPLE 28 ai=0 ab=0 am=0 pc=0 mismatch=0 rf=0 mode=0
T 28 0000009c 0 1 0 0 0 0 0 0 1 0 0 0 0 0
SECDET 28 pc=0 rf=0 intg=0
C 28 0000009c 0 0 0 0 5 0
LOCK 29 rst=1 cmp=5 mismatch=0 rf=0 cap=0
SAMPLE 29 ai=0 ab=0 am=0 pc=0 mismatch=0 rf=0 mode=0
T 29 0000009c 1 1 0 0 0 0 0 0 1 0 1 1 0 0
CSRDBG 29 addr=000 priv=3 dec=0 csr=0 raw=1 pw=0 dbg=0 op=0
SECDET 29 pc=0 rf=0 intg=0
R 29 10 0000009c 0000006f
C 29 0000009c 1 0 0 1 5 0
LOCK 30 rst=1 cmp=5 mismatch=0 rf=0 cap=0
SAMPLE 30 ai=0 ab=0 am=0 pc=0 mismatch=0 rf=0 mode=0
T 30 0000009c 0 1 0 0 0 0 0 0 1 0 0 0 0 0
SECDET 30 pc=0 rf=0 intg=0
C 30 0000009c 0 0 0 0 5 0
LOCK 31 rst=1 cmp=5 mismatch=0 rf=0 cap=0
SAMPLE 31 ai=0 ab=0 am=0 pc=0 mismatch=0 rf=0 mode=0
T 31 0000009c 1 1 0 0 0 0 0 0 1 0 1 1 0 0
CSRDBG 31 addr=000 priv=3 dec=0 csr=0 raw=1 pw=0 dbg=0 op=0
SECDET 31 pc=0 rf=0 intg=0
R 31 11 0000009c 0000006f
C 31 0000009c 1 0 0 1 5 0
LOCK 32 rst=1 cmp=5 mismatch=0 rf=0 cap=0
SAMPLE 32 ai=0 ab=0 am=0 pc=0 mismatch=0 rf=0 mode=0
T 32 0000009c 0 1 0 0 0 0 0 0 1 0 0 0 0 0
SECDET 32 pc=0 rf=0 intg=0
C 32 0000009c 0 0 0 0 5 0
LOCK 33 rst=1 cmp=5 mismatch=0 rf=0 cap=0
SAMPLE 33 ai=0 ab=0 am=0 pc=0 mismatch=0 rf=0 mode=0
T 33 0000009c 1 1 0 0 0 0 0 0 1 0 1 1 0 0
CSRDBG 33 addr=000 priv=3 dec=0 csr=0 raw=1 pw=0 dbg=0 op=0
SECDET 33 pc=0 rf=0 intg=0
R 33 12 0000009c 0000006f
C 33 0000009c 1 0 0 1 5 0
LOCK 34 rst=1 cmp=5 mismatch=0 rf=0 cap=0
SAMPLE 34 ai=0 ab=0 am=0 pc=0 mismatch=0 rf=0 mode=0
T 34 0000009c 0 1 0 0 0 0 0 0 1 0 0 0 0 0
SECDET 34 pc=0 rf=0 intg=0
C 34 0000009c 0 0 0 0 5 0
LOCK 35 rst=1 cmp=5 mismatch=0 rf=0 cap=0
SAMPLE 35 ai=0 ab=0 am=0 pc=0 mismatch=0 rf=0 mode=0
T 35 0000009c 1 1 0 0 0 0 0 0 1 0 1 1 0 0
CSRDBG 35 addr=000 priv=3 dec=0 csr=0 raw=1 pw=0 dbg=0 op=0
SECDET 35 pc=0 rf=0 intg=0
R 35 13 0000009c 0000006f
C 35 0000009c 1 0 0 1 5 0
LOCK 36 rst=1 cmp=5 mismatch=0 rf=0 cap=0
SAMPLE 36 ai=0 ab=0 am=0 pc=0 mismatch=0 rf=0 mode=0
T 36 0000009c 0 1 0 0 0 0 0 0 1 0 0 0 0 0
SECDET 36 pc=0 rf=0 intg=0
C 36 0000009c 0 0 0 0 5 0
LOCK 37 rst=1 cmp=5 mismatch=0 rf=0 cap=0
SAMPLE 37 ai=0 ab=0 am=0 pc=0 mismatch=0 rf=0 mode=0
T 37 0000009c 1 1 0 0 0 0 0 0 1 0 1 1 0 0
CSRDBG 37 addr=000 priv=3 dec=0 csr=0 raw=1 pw=0 dbg=0 op=0
SECDET 37 pc=0 rf=0 intg=0
R 37 14 0000009c 0000006f
C 37 0000009c 1 0 0 1 5 0
LOCK 38 rst=1 cmp=5 mismatch=0 rf=0 cap=0
SAMPLE 38 ai=0 ab=0 am=0 pc=0 mismatch=0 rf=0 mode=0
T 38 0000009c 0 1 0 0 0 0 0 0 1 0 0 0 0 0
SECDET 38 pc=0 rf=0 intg=0
C 38 0000009c 0 0 0 0 5 0
LOCK 39 rst=1 cmp=5 mismatch=0 rf=0 cap=0
SAMPLE 39 ai=0 ab=0 am=0 pc=0 mismatch=0 rf=0 mode=0
T 39 0000009c 1 1 0 0 0 0 0 0 1 0 1 1 0 0
CSRDBG 39 addr=000 priv=3 dec=0 csr=0 raw=1 pw=0 dbg=0 op=0
SECDET 39 pc=0 rf=0 intg=0
R 39 15 0000009c 0000006f
C 39 0000009c 1 0 0 1 5 0
LOCK 40 rst=1 cmp=5 mismatch=0 rf=0 cap=0
SAMPLE 40 ai=0 ab=0 am=0 pc=0 mismatch=0 rf=0 mode=0
T 40 0000009c 0 1 0 0 0 0 0 0 1 0 0 0 0 0
SECDET 40 pc=0 rf=0 intg=0
C 40 0000009c 0 0 0 0 5 0
LOCK 41 rst=1 cmp=5 mismatch=0 rf=0 cap=0
SAMPLE 41 ai=0 ab=0 am=0 pc=0 mismatch=0 rf=0 mode=0
T 41 0000009c 1 1 0 0 0 0 0 0 1 0 1 1 0 0
CSRDBG 41 addr=000 priv=3 dec=0 csr=0 raw=1 pw=0 dbg=0 op=0
SECDET 41 pc=0 rf=0 intg=0
R 41 16 0000009c 0000006f
C 41 0000009c 1 0 0 1 5 0
LOCK 42 rst=1 cmp=5 mismatch=0 rf=0 cap=0
SAMPLE 42 ai=0 ab=0 am=0 pc=0 mismatch=0 rf=0 mode=0
T 42 0000009c 0 1 0 0 0 0 0 0 1 0 0 0 0 0
SECDET 42 pc=0 rf=0 intg=0
C 42 0000009c 0 0 0 0 5 0
LOCK 43 rst=1 cmp=5 mismatch=0 rf=0 cap=0
SAMPLE 43 ai=0 ab=0 am=0 pc=0 mismatch=0 rf=0 mode=0
T 43 0000009c 1 1 0 0 0 0 0 0 1 0 1 1 0 0
CSRDBG 43 addr=000 priv=3 dec=0 csr=0 raw=1 pw=0 dbg=0 op=0
SECDET 43 pc=0 rf=0 intg=0
R 43 17 0000009c 0000006f
C 43 0000009c 1 0 0 1 5 0
LOCK 44 rst=1 cmp=5 mismatch=0 rf=0 cap=0
SAMPLE 44 ai=0 ab=0 am=0 pc=0 mismatch=0 rf=0 mode=0
T 44 0000009c 0 1 0 0 0 0 0 0 1 0 0 0 0 0
SECDET 44 pc=0 rf=0 intg=0
C 44 0000009c 0 0 0 0 5 0
LOCK 45 rst=1 cmp=5 mismatch=0 rf=0 cap=0
SAMPLE 45 ai=0 ab=0 am=0 pc=0 mismatch=0 rf=0 mode=0
T 45 0000009c 1 1 0 0 0 0 0 0 1 0 1 1 0 0
CSRDBG 45 addr=000 priv=3 dec=0 csr=0 raw=1 pw=0 dbg=0 op=0
SECDET 45 pc=0 rf=0 intg=0
R 45 18 0000009c 0000006f
C 45 0000009c 1 0 0 1 5 0
LOCK 46 rst=1 cmp=5 mismatch=0 rf=0 cap=0
SAMPLE 46 ai=0 ab=0 am=0 pc=0 mismatch=0 rf=0 mode=0
T 46 0000009c 0 1 0 0 0 0 0 0 1 0 0 0 0 0
SECDET 46 pc=0 rf=0 intg=0
C 46 0000009c 0 0 0 0 5 0
LOCK 47 rst=1 cmp=5 mismatch=0 rf=0 cap=0
SAMPLE 47 ai=0 ab=0 am=0 pc=0 mismatch=0 rf=0 mode=0
T 47 0000009c 1 1 0 0 0 0 0 0 1 0 1 1 0 0
CSRDBG 47 addr=000 priv=3 dec=0 csr=0 raw=1 pw=0 dbg=0 op=0
SECDET 47 pc=0 rf=0 intg=0
R 47 19 0000009c 0000006f
C 47 0000009c 1 0 0 1 5 0
LOCK 48 rst=1 cmp=5 mismatch=0 rf=0 cap=0
SAMPLE 48 ai=0 ab=0 am=0 pc=0 mismatch=0 rf=0 mode=0
T 48 0000009c 0 1 0 0 0 0 0 0 1 0 0 0 0 0
SECDET 48 pc=0 rf=0 intg=0
C 48 0000009c 0 0 0 0 5 0
LOCK 49 rst=1 cmp=5 mismatch=0 rf=0 cap=0
SAMPLE 49 ai=0 ab=0 am=0 pc=0 mismatch=0 rf=0 mode=0
T 49 0000009c 1 1 0 0 0 0 0 0 1 0 1 1 0 0
CSRDBG 49 addr=000 priv=3 dec=0 csr=0 raw=1 pw=0 dbg=0 op=0
SECDET 49 pc=0 rf=0 intg=0
R 49 20 0000009c 0000006f
C 49 0000009c 1 0 0 1 5 0
LOCK 50 rst=1 cmp=5 mismatch=0 rf=0 cap=0
SAMPLE 50 ai=0 ab=0 am=0 pc=0 mismatch=0 rf=0 mode=0
T 50 0000009c 0 1 0 0 0 0 0 0 1 0 0 0 0 0
SECDET 50 pc=0 rf=0 intg=0
C 50 0000009c 0 0 0 0 5 0
LOCK 51 rst=1 cmp=5 mismatch=0 rf=0 cap=0
SAMPLE 51 ai=0 ab=0 am=0 pc=0 mismatch=0 rf=0 mode=0
T 51 0000009c 1 1 0 0 0 0 0 0 1 0 1 1 0 0
CSRDBG 51 addr=000 priv=3 dec=0 csr=0 raw=1 pw=0 dbg=0 op=0
SECDET 51 pc=0 rf=0 intg=0
R 51 21 0000009c 0000006f
C 51 0000009c 1 0 0 1 5 0
LOCK 52 rst=1 cmp=5 mismatch=0 rf=0 cap=0
SAMPLE 52 ai=0 ab=0 am=0 pc=0 mismatch=0 rf=0 mode=0
T 52 0000009c 0 1 0 0 0 0 0 0 1 0 0 0 0 0
SECDET 52 pc=0 rf=0 intg=0
C 52 0000009c 0 0 0 0 5 0
LOCK 53 rst=1 cmp=5 mismatch=0 rf=0 cap=0
SAMPLE 53 ai=0 ab=0 am=0 pc=0 mismatch=0 rf=0 mode=0
T 53 0000009c 1 1 0 0 0 0 0 0 1 0 1 1 0 0
CSRDBG 53 addr=000 priv=3 dec=0 csr=0 raw=1 pw=0 dbg=0 op=0
SECDET 53 pc=0 rf=0 intg=0
R 53 22 0000009c 0000006f
C 53 0000009c 1 0 0 1 5 0
LOCK 54 rst=1 cmp=5 mismatch=0 rf=0 cap=0
SAMPLE 54 ai=0 ab=0 am=0 pc=0 mismatch=0 rf=0 mode=0
T 54 0000009c 0 1 0 0 0 0 0 0 1 0 0 0 0 0
SECDET 54 pc=0 rf=0 intg=0
C 54 0000009c 0 0 0 0 5 0
LOCK 55 rst=1 cmp=5 mismatch=0 rf=0 cap=0
SAMPLE 55 ai=0 ab=0 am=0 pc=0 mismatch=0 rf=0 mode=0
T 55 0000009c 1 1 0 0 0 0 0 0 1 0 1 1 0 0
CSRDBG 55 addr=000 priv=3 dec=0 csr=0 raw=1 pw=0 dbg=0 op=0
SECDET 55 pc=0 rf=0 intg=0
R 55 23 0000009c 0000006f
C 55 0000009c 1 0 0 1 5 0
LOCK 56 rst=1 cmp=5 mismatch=0 rf=0 cap=0
SAMPLE 56 ai=0 ab=0 am=0 pc=0 mismatch=0 rf=0 mode=0
T 56 0000009c 0 1 0 0 0 0 0 0 1 0 0 0 0 0
SECDET 56 pc=0 rf=0 intg=0
C 56 0000009c 0 0 0 0 5 0
LOCK 57 rst=1 cmp=5 mismatch=0 rf=0 cap=0
SAMPLE 57 ai=0 ab=0 am=0 pc=0 mismatch=0 rf=0 mode=0
T 57 0000009c 1 1 0 0 0 0 0 0 1 0 1 1 0 0
CSRDBG 57 addr=000 priv=3 dec=0 csr=0 raw=1 pw=0 dbg=0 op=0
SECDET 57 pc=0 rf=0 intg=0
R 57 24 0000009c 0000006f
C 57 0000009c 1 0 0 1 5 0
LOCK 58 rst=1 cmp=5 mismatch=0 rf=0 cap=0
SAMPLE 58 ai=0 ab=0 am=0 pc=0 mismatch=0 rf=0 mode=0
T 58 0000009c 0 1 0 0 0 0 0 0 1 0 0 0 0 0
SECDET 58 pc=0 rf=0 intg=0
C 58 0000009c 0 0 0 0 5 0
LOCK 59 rst=1 cmp=5 mismatch=0 rf=0 cap=0
SAMPLE 59 ai=0 ab=0 am=0 pc=0 mismatch=0 rf=0 mode=0
T 59 0000009c 1 1 0 0 0 0 0 0 1 0 1 1 0 0
CSRDBG 59 addr=000 priv=3 dec=0 csr=0 raw=1 pw=0 dbg=0 op=0
SECDET 59 pc=0 rf=0 intg=0
R 59 25 0000009c 0000006f
C 59 0000009c 1 0 0 1 5 0
LOCK 60 rst=1 cmp=5 mismatch=0 rf=0 cap=0
SAMPLE 60 ai=0 ab=0 am=0 pc=0 mismatch=0 rf=0 mode=0
T 60 0000009c 0 1 0 0 0 0 0 0 1 0 0 0 0 0
SECDET 60 pc=0 rf=0 intg=0
C 60 0000009c 0 0 0 0 5 0
LOCK 61 rst=1 cmp=5 mismatch=0 rf=0 cap=0
SAMPLE 61 ai=0 ab=0 am=0 pc=0 mismatch=0 rf=0 mode=0
T 61 0000009c 1 1 0 0 0 0 0 0 1 0 1 1 0 0
CSRDBG 61 addr=000 priv=3 dec=0 csr=0 raw=1 pw=0 dbg=0 op=0
SECDET 61 pc=0 rf=0 intg=0
R 61 26 0000009c 0000006f
C 61 0000009c 1 0 0 1 5 0
LOCK 62 rst=1 cmp=5 mismatch=0 rf=0 cap=0
SAMPLE 62 ai=0 ab=0 am=0 pc=0 mismatch=0 rf=0 mode=0
T 62 0000009c 0 1 0 0 0 0 0 0 1 0 0 0 0 0
SECDET 62 pc=0 rf=0 intg=0
C 62 0000009c 0 0 0 0 5 0
LOCK 63 rst=1 cmp=5 mismatch=0 rf=0 cap=0
SAMPLE 63 ai=0 ab=0 am=0 pc=0 mismatch=0 rf=0 mode=0
T 63 0000009c 1 1 0 0 0 0 0 0 1 0 1 1 0 0
CSRDBG 63 addr=000 priv=3 dec=0 csr=0 raw=1 pw=0 dbg=0 op=0
SECDET 63 pc=0 rf=0 intg=0
R 63 27 0000009c 0000006f
C 63 0000009c 1 0 0 1 5 0
LOCK 64 rst=1 cmp=5 mismatch=0 rf=0 cap=0
SAMPLE 64 ai=0 ab=0 am=0 pc=0 mismatch=0 rf=0 mode=0
T 64 0000009c 0 1 0 0 0 0 0 0 1 0 0 0 0 0
SECDET 64 pc=0 rf=0 intg=0
C 64 0000009c 0 0 0 0 5 0
LOCK 65 rst=1 cmp=5 mismatch=0 rf=0 cap=0
SAMPLE 65 ai=0 ab=0 am=0 pc=0 mismatch=0 rf=0 mode=0
T 65 0000009c 1 1 0 0 0 0 0 0 1 0 1 1 0 0
CSRDBG 65 addr=000 priv=3 dec=0 csr=0 raw=1 pw=0 dbg=0 op=0
SECDET 65 pc=0 rf=0 intg=0
R 65 28 0000009c 0000006f
C 65 0000009c 1 0 0 1 5 0
LOCK 66 rst=1 cmp=5 mismatch=0 rf=0 cap=0
SAMPLE 66 ai=0 ab=0 am=0 pc=0 mismatch=0 rf=0 mode=0
T 66 0000009c 0 1 0 0 0 0 0 0 1 0 0 0 0 0
SECDET 66 pc=0 rf=0 intg=0
C 66 0000009c 0 0 0 0 5 0
LOCK 67 rst=1 cmp=5 mismatch=0 rf=0 cap=0
SAMPLE 67 ai=0 ab=0 am=0 pc=0 mismatch=0 rf=0 mode=0
T 67 0000009c 1 1 0 0 0 0 0 0 1 0 1 1 0 0
CSRDBG 67 addr=000 priv=3 dec=0 csr=0 raw=1 pw=0 dbg=0 op=0
SECDET 67 pc=0 rf=0 intg=0
R 67 29 0000009c 0000006f
C 67 0000009c 1 0 0 1 5 0
LOCK 68 rst=1 cmp=5 mismatch=0 rf=0 cap=0
SAMPLE 68 ai=0 ab=0 am=0 pc=0 mismatch=0 rf=0 mode=0
T 68 0000009c 0 1 0 0 0 0 0 0 1 0 0 0 0 0
SECDET 68 pc=0 rf=0 intg=0
C 68 0000009c 0 0 0 0 5 0
LOCK 69 rst=1 cmp=5 mismatch=0 rf=0 cap=0
SAMPLE 69 ai=0 ab=0 am=0 pc=0 mismatch=0 rf=0 mode=0
T 69 0000009c 1 1 0 0 0 0 0 0 1 0 1 1 0 0
CSRDBG 69 addr=000 priv=3 dec=0 csr=0 raw=1 pw=0 dbg=0 op=0
SECDET 69 pc=0 rf=0 intg=0
R 69 30 0000009c 0000006f
C 69 0000009c 1 0 0 1 5 0
LOCK 70 rst=1 cmp=5 mismatch=0 rf=0 cap=0
SAMPLE 70 ai=0 ab=0 am=0 pc=0 mismatch=0 rf=0 mode=0
T 70 0000009c 0 1 0 0 0 0 0 0 1 0 0 0 0 0
SECDET 70 pc=0 rf=0 intg=0
C 70 0000009c 0 0 0 0 5 0
LOCK 71 rst=1 cmp=5 mismatch=0 rf=0 cap=0
SAMPLE 71 ai=0 ab=0 am=0 pc=0 mismatch=0 rf=0 mode=0
T 71 0000009c 1 1 0 0 0 0 0 0 1 0 1 1 0 0
CSRDBG 71 addr=000 priv=3 dec=0 csr=0 raw=1 pw=0 dbg=0 op=0
SECDET 71 pc=0 rf=0 intg=0
R 71 31 0000009c 0000006f
C 71 0000009c 1 0 0 1 5 0
LOCK 72 rst=1 cmp=5 mismatch=0 rf=0 cap=0
SAMPLE 72 ai=0 ab=0 am=0 pc=0 mismatch=0 rf=0 mode=0
T 72 0000009c 0 1 0 0 0 0 0 0 1 0 0 0 0 0
SECDET 72 pc=0 rf=0 intg=0
C 72 0000009c 0 0 0 0 5 0
LOCK 73 rst=1 cmp=5 mismatch=0 rf=0 cap=0
SAMPLE 73 ai=0 ab=0 am=0 pc=0 mismatch=0 rf=0 mode=0
T 73 0000009c 1 1 0 0 0 0 0 0 1 0 1 1 0 0
CSRDBG 73 addr=000 priv=3 dec=0 csr=0 raw=1 pw=0 dbg=0 op=0
SECDET 73 pc=0 rf=0 intg=0
R 73 32 0000009c 0000006f
C 73 0000009c 1 0 0 1 5 0
LOCK 74 rst=1 cmp=5 mismatch=0 rf=0 cap=0
SAMPLE 74 ai=0 ab=0 am=0 pc=0 mismatch=0 rf=0 mode=0
T 74 0000009c 0 1 0 0 0 0 0 0 1 0 0 0 0 0
SECDET 74 pc=0 rf=0 intg=0
C 74 0000009c 0 0 0 0 5 0
LOCK 75 rst=1 cmp=5 mismatch=0 rf=0 cap=0
SAMPLE 75 ai=0 ab=0 am=0 pc=0 mismatch=0 rf=0 mode=0
T 75 0000009c 1 1 0 0 0 0 0 0 1 0 1 1 0 0
CSRDBG 75 addr=000 priv=3 dec=0 csr=0 raw=1 pw=0 dbg=0 op=0
SECDET 75 pc=0 rf=0 intg=0
R 75 33 0000009c 0000006f
C 75 0000009c 1 0 0 1 5 0
LOCK 76 rst=1 cmp=5 mismatch=0 rf=0 cap=0
SAMPLE 76 ai=0 ab=0 am=0 pc=0 mismatch=0 rf=0 mode=0
T 76 0000009c 0 1 0 0 0 0 0 0 1 0 0 0 0 0
SECDET 76 pc=0 rf=0 intg=0
C 76 0000009c 0 0 0 0 5 0
LOCK 77 rst=1 cmp=5 mismatch=0 rf=0 cap=0
SAMPLE 77 ai=0 ab=0 am=0 pc=0 mismatch=0 rf=0 mode=0
T 77 0000009c 1 1 0 0 0 0 0 0 1 0 1 1 0 0
CSRDBG 77 addr=000 priv=3 dec=0 csr=0 raw=1 pw=0 dbg=0 op=0
SECDET 77 pc=0 rf=0 intg=0
R 77 34 0000009c 0000006f
C 77 0000009c 1 0 0 1 5 0
LOCK 78 rst=1 cmp=5 mismatch=0 rf=0 cap=0
SAMPLE 78 ai=0 ab=0 am=0 pc=0 mismatch=0 rf=0 mode=0
T 78 0000009c 0 1 0 0 0 0 0 0 1 0 0 0 0 0
SECDET 78 pc=0 rf=0 intg=0
C 78 0000009c 0 0 0 0 5 0
LOCK 79 rst=1 cmp=5 mismatch=0 rf=0 cap=0
SAMPLE 79 ai=0 ab=0 am=0 pc=0 mismatch=0 rf=0 mode=0
T 79 0000009c 1 1 0 0 0 0 0 0 1 0 1 1 0 0
CSRDBG 79 addr=000 priv=3 dec=0 csr=0 raw=1 pw=0 dbg=0 op=0
SECDET 79 pc=0 rf=0 intg=0
R 79 35 0000009c 0000006f
C 79 0000009c 1 0 0 1 5 0
LOCK 80 rst=1 cmp=5 mismatch=0 rf=0 cap=0
SAMPLE 80 ai=0 ab=0 am=0 pc=0 mismatch=0 rf=0 mode=0
T 80 0000009c 0 1 0 0 0 0 0 0 1 0 0 0 0 0
SECDET 80 pc=0 rf=0 intg=0
C 80 0000009c 0 0 0 0 5 0
LOCK 81 rst=1 cmp=5 mismatch=0 rf=0 cap=0
SAMPLE 81 ai=0 ab=0 am=0 pc=0 mismatch=0 rf=0 mode=0
T 81 0000009c 1 1 0 0 0 0 0 0 1 0 1 1 0 0
SECDET 81 pc=0 rf=0 intg=0
R 81 36 0000009c 0000006f
C 81 0000009c 1 0 0 1 5 0
LOCK 82 rst=1 cmp=5 mismatch=0 rf=0 cap=0
SAMPLE 82 ai=0 ab=0 am=0 pc=0 mismatch=0 rf=0 mode=0
T 82 0000009c 0 1 0 0 0 0 0 0 1 0 0 0 0 0
SECDET 82 pc=0 rf=0 intg=0
C 82 0000009c 0 0 0 0 5 0
LOCK 83 rst=1 cmp=5 mismatch=0 rf=0 cap=0
SAMPLE 83 ai=0 ab=0 am=0 pc=0 mismatch=0 rf=0 mode=0
T 83 0000009c 1 1 0 0 0 0 0 0 1 0 1 1 0 0
SECDET 83 pc=0 rf=0 intg=0
R 83 37 0000009c 0000006f
C 83 0000009c 1 0 0 1 5 0
LOCK 84 rst=1 cmp=5 mismatch=0 rf=0 cap=0
SAMPLE 84 ai=0 ab=0 am=0 pc=0 mismatch=0 rf=0 mode=0
T 84 0000009c 0 1 0 0 0 0 0 0 1 0 0 0 0 0
SECDET 84 pc=0 rf=0 intg=0
C 84 0000009c 0 0 0 0 5 0
LOCK 85 rst=1 cmp=5 mismatch=0 rf=0 cap=0
SAMPLE 85 ai=0 ab=0 am=0 pc=0 mismatch=0 rf=0 mode=0
T 85 0000009c 1 1 0 0 0 0 0 0 1 0 1 1 0 0
SECDET 85 pc=0 rf=0 intg=0
R 85 38 0000009c 0000006f
C 85 0000009c 1 0 0 1 5 0
LOCK 86 rst=1 cmp=5 mismatch=0 rf=0 cap=0
SAMPLE 86 ai=0 ab=0 am=0 pc=0 mismatch=0 rf=0 mode=0
T 86 0000009c 0 1 0 0 0 0 0 0 1 0 0 0 0 0
SECDET 86 pc=0 rf=0 intg=0
C 86 0000009c 0 0 0 0 5 0
LOCK 87 rst=1 cmp=5 mismatch=0 rf=0 cap=0
SAMPLE 87 ai=0 ab=0 am=0 pc=0 mismatch=0 rf=0 mode=0
T 87 0000009c 1 1 0 0 0 0 0 0 1 0 1 1 0 0
SECDET 87 pc=0 rf=0 intg=0
R 87 39 0000009c 0000006f
C 87 0000009c 1 0 0 1 5 0
LOCK 88 rst=1 cmp=5 mismatch=0 rf=0 cap=0
SAMPLE 88 ai=0 ab=0 am=0 pc=0 mismatch=0 rf=0 mode=0
T 88 0000009c 0 1 0 0 0 0 0 0 1 0 0 0 0 0
SECDET 88 pc=0 rf=0 intg=0
C 88 0000009c 0 0 0 0 5 0
LOCK 89 rst=1 cmp=5 mismatch=0 rf=0 cap=0
SAMPLE 89 ai=0 ab=0 am=0 pc=0 mismatch=0 rf=0 mode=0
T 89 0000009c 1 1 0 0 0 0 0 0 1 0 1 1 0 0
SECDET 89 pc=0 rf=0 intg=0
R 89 40 0000009c 0000006f
C 89 0000009c 1 0 0 1 5 0
LOCK 90 rst=1 cmp=5 mismatch=0 rf=0 cap=0
SAMPLE 90 ai=0 ab=0 am=0 pc=0 mismatch=0 rf=0 mode=0
T 90 0000009c 0 1 0 0 0 0 0 0 1 0 0 0 0 0
SECDET 90 pc=0 rf=0 intg=0
C 90 0000009c 0 0 0 0 5 0
LOCK 91 rst=1 cmp=5 mismatch=0 rf=0 cap=0
SAMPLE 91 ai=0 ab=0 am=0 pc=0 mismatch=0 rf=0 mode=0
T 91 0000009c 1 1 0 0 0 0 0 0 1 0 1 1 0 0
SECDET 91 pc=0 rf=0 intg=0
R 91 41 0000009c 0000006f
C 91 0000009c 1 0 0 1 5 0
LOCK 92 rst=1 cmp=5 mismatch=0 rf=0 cap=0
SAMPLE 92 ai=0 ab=0 am=0 pc=0 mismatch=0 rf=0 mode=0
T 92 0000009c 0 1 0 0 0 0 0 0 1 0 0 0 0 0
SECDET 92 pc=0 rf=0 intg=0
C 92 0000009c 0 0 0 0 5 0
LOCK 93 rst=1 cmp=5 mismatch=0 rf=0 cap=0
SAMPLE 93 ai=0 ab=0 am=0 pc=0 mismatch=0 rf=0 mode=0
T 93 0000009c 1 1 0 0 0 0 0 0 1 0 1 1 0 0
SECDET 93 pc=0 rf=0 intg=0
R 93 42 0000009c 0000006f
C 93 0000009c 1 0 0 1 5 0
LOCK 94 rst=1 cmp=5 mismatch=0 rf=0 cap=0
SAMPLE 94 ai=0 ab=0 am=0 pc=0 mismatch=0 rf=0 mode=0
T 94 0000009c 0 1 0 0 0 0 0 0 1 0 0 0 0 0
SECDET 94 pc=0 rf=0 intg=0
C 94 0000009c 0 0 0 0 5 0
LOCK 95 rst=1 cmp=5 mismatch=0 rf=0 cap=0
SAMPLE 95 ai=0 ab=0 am=0 pc=0 mismatch=0 rf=0 mode=0
T 95 0000009c 1 1 0 0 0 0 0 0 1 0 1 1 0 0
SECDET 95 pc=0 rf=0 intg=0
R 95 43 0000009c 0000006f
C 95 0000009c 1 0 0 1 5 0
LOCK 96 rst=1 cmp=5 mismatch=0 rf=0 cap=0
SAMPLE 96 ai=0 ab=0 am=0 pc=0 mismatch=0 rf=0 mode=0
T 96 0000009c 0 1 0 0 0 0 0 0 1 0 0 0 0 0
SECDET 96 pc=0 rf=0 intg=0
C 96 0000009c 0 0 0 0 5 0
LOCK 97 rst=1 cmp=5 mismatch=0 rf=0 cap=0
SAMPLE 97 ai=0 ab=0 am=0 pc=0 mismatch=0 rf=0 mode=0
T 97 0000009c 1 1 0 0 0 0 0 0 1 0 1 1 0 0
SECDET 97 pc=0 rf=0 intg=0
R 97 44 0000009c 0000006f
C 97 0000009c 1 0 0 1 5 0
LOCK 98 rst=1 cmp=5 mismatch=0 rf=0 cap=0
SAMPLE 98 ai=0 ab=0 am=0 pc=0 mismatch=0 rf=0 mode=0
T 98 0000009c 0 1 0 0 0 0 0 0 1 0 0 0 0 0
SECDET 98 pc=0 rf=0 intg=0
C 98 0000009c 0 0 0 0 5 0
LOCK 99 rst=1 cmp=5 mismatch=0 rf=0 cap=0
SAMPLE 99 ai=0 ab=0 am=0 pc=0 mismatch=0 rf=0 mode=0
T 99 0000009c 1 1 0 0 0 0 0 0 1 0 1 1 0 0
SECDET 99 pc=0 rf=0 intg=0
R 99 45 0000009c 0000006f
C 99 0000009c 1 0 0 1 5 0
LOCK 100 rst=1 cmp=5 mismatch=0 rf=0 cap=0
SAMPLE 100 ai=0 ab=0 am=0 pc=0 mismatch=0 rf=0 mode=0
T 100 0000009c 0 1 0 0 0 0 0 0 1 0 0 0 0 0
SECDET 100 pc=0 rf=0 intg=0
C 100 0000009c 0 0 0 0 5 0
LOCK 101 rst=1 cmp=5 mismatch=0 rf=0 cap=0
SAMPLE 101 ai=0 ab=0 am=0 pc=0 mismatch=0 rf=0 mode=0
T 101 0000009c 1 1 0 0 0 0 0 0 1 0 1 1 0 0
SECDET 101 pc=0 rf=0 intg=0
R 101 46 0000009c 0000006f
C 101 0000009c 1 0 0 1 5 0
LOCK 102 rst=1 cmp=5 mismatch=0 rf=0 cap=0
SAMPLE 102 ai=0 ab=0 am=0 pc=0 mismatch=0 rf=0 mode=0
T 102 0000009c 0 1 0 0 0 0 0 0 1 0 0 0 0 0
SECDET 102 pc=0 rf=0 intg=0
C 102 0000009c 0 0 0 0 5 0
LOCK 103 rst=1 cmp=5 mismatch=0 rf=0 cap=0
SAMPLE 103 ai=0 ab=0 am=0 pc=0 mismatch=0 rf=0 mode=0
T 103 0000009c 1 1 0 0 0 0 0 0 1 0 1 1 0 0
SECDET 103 pc=0 rf=0 intg=0
R 103 47 0000009c 0000006f
C 103 0000009c 1 0 0 1 5 0
LOCK 104 rst=1 cmp=5 mismatch=0 rf=0 cap=0
SAMPLE 104 ai=0 ab=0 am=0 pc=0 mismatch=0 rf=0 mode=0
T 104 0000009c 0 1 0 0 0 0 0 0 1 0 0 0 0 0
SECDET 104 pc=0 rf=0 intg=0
C 104 0000009c 0 0 0 0 5 0
LOCK 105 rst=1 cmp=5 mismatch=0 rf=0 cap=0
SAMPLE 105 ai=0 ab=0 am=0 pc=0 mismatch=0 rf=0 mode=0
T 105 0000009c 1 1 0 0 0 0 0 0 1 0 1 1 0 0
SECDET 105 pc=0 rf=0 intg=0
R 105 48 0000009c 0000006f
C 105 0000009c 1 0 0 1 5 0
LOCK 106 rst=1 cmp=5 mismatch=0 rf=0 cap=0
SAMPLE 106 ai=0 ab=0 am=0 pc=0 mismatch=0 rf=0 mode=0
T 106 0000009c 0 1 0 0 0 0 0 0 1 0 0 0 0 0
SECDET 106 pc=0 rf=0 intg=0
C 106 0000009c 0 0 0 0 5 0
LOCK 107 rst=1 cmp=5 mismatch=0 rf=0 cap=0
SAMPLE 107 ai=0 ab=0 am=0 pc=0 mismatch=0 rf=0 mode=0
T 107 0000009c 1 1 0 0 0 0 0 0 1 0 1 1 0 0
SECDET 107 pc=0 rf=0 intg=0
R 107 49 0000009c 0000006f
C 107 0000009c 1 0 0 1 5 0
LOCK 108 rst=1 cmp=5 mismatch=0 rf=0 cap=0
SAMPLE 108 ai=0 ab=0 am=0 pc=0 mismatch=0 rf=0 mode=0
T 108 0000009c 0 1 0 0 0 0 0 0 1 0 0 0 0 0
SECDET 108 pc=0 rf=0 intg=0
C 108 0000009c 0 0 0 0 5 0
LOCK 109 rst=1 cmp=5 mismatch=0 rf=0 cap=0
SAMPLE 109 ai=0 ab=0 am=0 pc=0 mismatch=0 rf=0 mode=0
T 109 0000009c 1 1 0 0 0 0 0 0 1 0 1 1 0 0
SECDET 109 pc=0 rf=0 intg=0
R 109 50 0000009c 0000006f
C 109 0000009c 1 0 0 1 5 0
LOCK 110 rst=1 cmp=5 mismatch=0 rf=0 cap=0
SAMPLE 110 ai=0 ab=0 am=0 pc=0 mismatch=0 rf=0 mode=0
T 110 0000009c 0 1 0 0 0 0 0 0 1 0 0 0 0 0
SECDET 110 pc=0 rf=0 intg=0
C 110 0000009c 0 0 0 0 5 0
LOCK 111 rst=1 cmp=5 mismatch=0 rf=0 cap=0
SAMPLE 111 ai=0 ab=0 am=0 pc=0 mismatch=0 rf=0 mode=0
T 111 0000009c 1 1 0 0 0 0 0 0 1 0 1 1 0 0
SECDET 111 pc=0 rf=0 intg=0
R 111 51 0000009c 0000006f
C 111 0000009c 1 0 0 1 5 0
LOCK 112 rst=1 cmp=5 mismatch=0 rf=0 cap=0
SAMPLE 112 ai=0 ab=0 am=0 pc=0 mismatch=0 rf=0 mode=0
T 112 0000009c 0 1 0 0 0 0 0 0 1 0 0 0 0 0
SECDET 112 pc=0 rf=0 intg=0
C 112 0000009c 0 0 0 0 5 0
LOCK 113 rst=1 cmp=5 mismatch=0 rf=0 cap=0
SAMPLE 113 ai=0 ab=0 am=0 pc=0 mismatch=0 rf=0 mode=0
T 113 0000009c 1 1 0 0 0 0 0 0 1 0 1 1 0 0
SECDET 113 pc=0 rf=0 intg=0
R 113 52 0000009c 0000006f
C 113 0000009c 1 0 0 1 5 0
LOCK 114 rst=1 cmp=5 mismatch=0 rf=0 cap=0
SAMPLE 114 ai=0 ab=0 am=0 pc=0 mismatch=0 rf=0 mode=0
T 114 0000009c 0 1 0 0 0 0 0 0 1 0 0 0 0 0
SECDET 114 pc=0 rf=0 intg=0
C 114 0000009c 0 0 0 0 5 0
LOCK 115 rst=1 cmp=5 mismatch=0 rf=0 cap=0
SAMPLE 115 ai=0 ab=0 am=0 pc=0 mismatch=0 rf=0 mode=0
T 115 0000009c 1 1 0 0 0 0 0 0 1 0 1 1 0 0
SECDET 115 pc=0 rf=0 intg=0
R 115 53 0000009c 0000006f
C 115 0000009c 1 0 0 1 5 0
LOCK 116 rst=1 cmp=5 mismatch=0 rf=0 cap=0
SAMPLE 116 ai=0 ab=0 am=0 pc=0 mismatch=0 rf=0 mode=0
T 116 0000009c 0 1 0 0 0 0 0 0 1 0 0 0 0 0
SECDET 116 pc=0 rf=0 intg=0
C 116 0000009c 0 0 0 0 5 0
LOCK 117 rst=1 cmp=5 mismatch=0 rf=0 cap=0
SAMPLE 117 ai=0 ab=0 am=0 pc=0 mismatch=0 rf=0 mode=0
T 117 0000009c 1 1 0 0 0 0 0 0 1 0 1 1 0 0
SECDET 117 pc=0 rf=0 intg=0
R 117 54 0000009c 0000006f
C 117 0000009c 1 0 0 1 5 0
LOCK 118 rst=1 cmp=5 mismatch=0 rf=0 cap=0
SAMPLE 118 ai=0 ab=0 am=0 pc=0 mismatch=0 rf=0 mode=0
T 118 0000009c 0 1 0 0 0 0 0 0 1 0 0 0 0 0
SECDET 118 pc=0 rf=0 intg=0
C 118 0000009c 0 0 0 0 5 0
LOCK 119 rst=1 cmp=5 mismatch=0 rf=0 cap=0
SAMPLE 119 ai=0 ab=0 am=0 pc=0 mismatch=0 rf=0 mode=0
T 119 0000009c 1 1 0 0 0 0 0 0 1 0 1 1 0 0
SECDET 119 pc=0 rf=0 intg=0
R 119 55 0000009c 0000006f
C 119 0000009c 1 0 0 1 5 0
T 120 0000009c 0 1 0 0 0 0 0 0 1 0 0 0 0 0
C 120 0000009c 0 0 0 0 5 0
T 121 0000009c 1 1 0 0 0 0 0 0 1 0 1 1 0 0
R 121 56 0000009c 0000006f
C 121 0000009c 1 0 0 1 5 0
T 122 0000009c 0 1 0 0 0 0 0 0 1 0 0 0 0 0
C 122 0000009c 0 0 0 0 5 0
T 123 0000009c 1 1 0 0 0 0 0 0 1 0 1 1 0 0
R 123 57 0000009c 0000006f
C 123 0000009c 1 0 0 1 5 0
T 124 0000009c 0 1 0 0 0 0 0 0 1 0 0 0 0 0
C 124 0000009c 0 0 0 0 5 0
T 125 0000009c 1 1 0 0 0 0 0 0 1 0 1 1 0 0
R 125 58 0000009c 0000006f
C 125 0000009c 1 0 0 1 5 0
T 126 0000009c 0 1 0 0 0 0 0 0 1 0 0 0 0 0
C 126 0000009c 0 0 0 0 5 0
T 127 0000009c 1 1 0 0 0 0 0 0 1 0 1 1 0 0
R 127 59 0000009c 0000006f
C 127 0000009c 1 0 0 1 5 0
T 128 0000009c 0 1 0 0 0 0 0 0 1 0 0 0 0 0
C 128 0000009c 0 0 0 0 5 0
T 129 0000009c 1 1 0 0 0 0 0 0 1 0 1 1 0 0
R 129 60 0000009c 0000006f
C 129 0000009c 1 0 0 1 5 0
T 130 0000009c 0 1 0 0 0 0 0 0 1 0 0 0 0 0
C 130 0000009c 0 0 0 0 5 0
T 131 0000009c 1 1 0 0 0 0 0 0 1 0 1 1 0 0
R 131 61 0000009c 0000006f
C 131 0000009c 1 0 0 1 5 0
T 132 0000009c 0 1 0 0 0 0 0 0 1 0 0 0 0 0
C 132 0000009c 0 0 0 0 5 0
T 133 0000009c 1 1 0 0 0 0 0 0 1 0 1 1 0 0
R 133 62 0000009c 0000006f
C 133 0000009c 1 0 0 1 5 0
T 134 0000009c 0 1 0 0 0 0 0 0 1 0 0 0 0 0
C 134 0000009c 0 0 0 0 5 0
T 135 0000009c 1 1 0 0 0 0 0 0 1 0 1 1 0 0
R 135 63 0000009c 0000006f
C 135 0000009c 1 0 0 1 5 0
T 136 0000009c 0 1 0 0 0 0 0 0 1 0 0 0 0 0
C 136 0000009c 0 0 0 0 5 0
T 137 0000009c 1 1 0 0 0 0 0 0 1 0 1 1 0 0
R 137 64 0000009c 0000006f
C 137 0000009c 1 0 0 1 5 0
T 138 0000009c 0 1 0 0 0 0 0 0 1 0 0 0 0 0
C 138 0000009c 0 0 0 0 5 0
T 139 0000009c 1 1 0 0 0 0 0 0 1 0 1 1 0 0
R 139 65 0000009c 0000006f
C 139 0000009c 1 0 0 1 5 0
T 140 0000009c 0 1 0 0 0 0 0 0 1 0 0 0 0 0
C 140 0000009c 0 0 0 0 5 0
T 141 0000009c 1 1 0 0 0 0 0 0 1 0 1 1 0 0
R 141 66 0000009c 0000006f
C 141 0000009c 1 0 0 1 5 0
T 142 0000009c 0 1 0 0 0 0 0 0 1 0 0 0 0 0
C 142 0000009c 0 0 0 0 5 0
T 143 0000009c 1 1 0 0 0 0 0 0 1 0 1 1 0 0
R 143 67 0000009c 0000006f
C 143 0000009c 1 0 0 1 5 0
T 144 0000009c 0 1 0 0 0 0 0 0 1 0 0 0 0 0
C 144 0000009c 0 0 0 0 5 0
T 145 0000009c 1 1 0 0 0 0 0 0 1 0 1 1 0 0
R 145 68 0000009c 0000006f
C 145 0000009c 1 0 0 1 5 0
T 146 0000009c 0 1 0 0 0 0 0 0 1 0 0 0 0 0
C 146 0000009c 0 0 0 0 5 0
T 147 0000009c 1 1 0 0 0 0 0 0 1 0 1 1 0 0
R 147 69 0000009c 0000006f
C 147 0000009c 1 0 0 1 5 0
T 148 0000009c 0 1 0 0 0 0 0 0 1 0 0 0 0 0
C 148 0000009c 0 0 0 0 5 0
T 149 0000009c 1 1 0 0 0 0 0 0 1 0 1 1 0 0
R 149 70 0000009c 0000006f
C 149 0000009c 1 0 0 1 5 0
T 150 0000009c 0 1 0 0 0 0 0 0 1 0 0 0 0 0
C 150 0000009c 0 0 0 0 5 0
T 151 0000009c 1 1 0 0 0 0 0 0 1 0 1 1 0 0
R 151 71 0000009c 0000006f
C 151 0000009c 1 0 0 1 5 0
T 152 0000009c 0 1 0 0 0 0 0 0 1 0 0 0 0 0
C 152 0000009c 0 0 0 0 5 0
T 153 0000009c 1 1 0 0 0 0 0 0 1 0 1 1 0 0
R 153 72 0000009c 0000006f
C 153 0000009c 1 0 0 1 5 0
T 154 0000009c 0 1 0 0 0 0 0 0 1 0 0 0 0 0
C 154 0000009c 0 0 0 0 5 0
T 155 0000009c 1 1 0 0 0 0 0 0 1 0 1 1 0 0
R 155 73 0000009c 0000006f
C 155 0000009c 1 0 0 1 5 0
T 156 0000009c 0 1 0 0 0 0 0 0 1 0 0 0 0 0
C 156 0000009c 0 0 0 0 5 0
T 157 0000009c 1 1 0 0 0 0 0 0 1 0 1 1 0 0
R 157 74 0000009c 0000006f
C 157 0000009c 1 0 0 1 5 0
T 158 0000009c 0 1 0 0 0 0 0 0 1 0 0 0 0 0
C 158 0000009c 0 0 0 0 5 0
T 159 0000009c 1 1 0 0 0 0 0 0 1 0 1 1 0 0
R 159 75 0000009c 0000006f
C 159 0000009c 1 0 0 1 5 0
T 160 0000009c 0 1 0 0 0 0 0 0 1 0 0 0 0 0
C 160 0000009c 0 0 0 0 5 0
T 161 0000009c 1 1 0 0 0 0 0 0 1 0 1 1 0 0
R 161 76 0000009c 0000006f
C 161 0000009c 1 0 0 1 5 0
T 162 0000009c 0 1 0 0 0 0 0 0 1 0 0 0 0 0
C 162 0000009c 0 0 0 0 5 0
T 163 0000009c 1 1 0 0 0 0 0 0 1 0 1 1 0 0
R 163 77 0000009c 0000006f
C 163 0000009c 1 0 0 1 5 0
T 164 0000009c 0 1 0 0 0 0 0 0 1 0 0 0 0 0
C 164 0000009c 0 0 0 0 5 0
T 165 0000009c 1 1 0 0 0 0 0 0 1 0 1 1 0 0
R 165 78 0000009c 0000006f
C 165 0000009c 1 0 0 1 5 0
T 166 0000009c 0 1 0 0 0 0 0 0 1 0 0 0 0 0
C 166 0000009c 0 0 0 0 5 0
T 167 0000009c 1 1 0 0 0 0 0 0 1 0 1 1 0 0
R 167 79 0000009c 0000006f
C 167 0000009c 1 0 0 1 5 0
T 168 0000009c 0 1 0 0 0 0 0 0 1 0 0 0 0 0
C 168 0000009c 0 0 0 0 5 0
T 169 0000009c 1 1 0 0 0 0 0 0 1 0 1 1 0 0
R 169 80 0000009c 0000006f
C 169 0000009c 1 0 0 1 5 0
T 170 0000009c 0 1 0 0 0 0 0 0 1 0 0 0 0 0
C 170 0000009c 0 0 0 0 5 0
T 171 0000009c 1 1 0 0 0 0 0 0 1 0 1 1 0 0
R 171 81 0000009c 0000006f
C 171 0000009c 1 0 0 1 5 0
T 172 0000009c 0 1 0 0 0 0 0 0 1 0 0 0 0 0
C 172 0000009c 0 0 0 0 5 0
T 173 0000009c 1 1 0 0 0 0 0 0 1 0 1 1 0 0
R 173 82 0000009c 0000006f
C 173 0000009c 1 0 0 1 5 0
T 174 0000009c 0 1 0 0 0 0 0 0 1 0 0 0 0 0
C 174 0000009c 0 0 0 0 5 0
T 175 0000009c 1 1 0 0 0 0 0 0 1 0 1 1 0 0
R 175 83 0000009c 0000006f
C 175 0000009c 1 0 0 1 5 0
T 176 0000009c 0 1 0 0 0 0 0 0 1 0 0 0 0 0
C 176 0000009c 0 0 0 0 5 0
T 177 0000009c 1 1 0 0 0 0 0 0 1 0 1 1 0 0
R 177 84 0000009c 0000006f
C 177 0000009c 1 0 0 1 5 0
T 178 0000009c 0 1 0 0 0 0 0 0 1 0 0 0 0 0
C 178 0000009c 0 0 0 0 5 0
T 179 0000009c 1 1 0 0 0 0 0 0 1 0 1 1 0 0
R 179 85 0000009c 0000006f
C 179 0000009c 1 0 0 1 5 0
T 180 0000009c 0 1 0 0 0 0 0 0 1 0 0 0 0 0
C 180 0000009c 0 0 0 0 5 0
T 181 0000009c 1 1 0 0 0 0 0 0 1 0 1 1 0 0
R 181 86 0000009c 0000006f
C 181 0000009c 1 0 0 1 5 0
T 182 0000009c 0 1 0 0 0 0 0 0 1 0 0 0 0 0
C 182 0000009c 0 0 0 0 5 0
T 183 0000009c 1 1 0 0 0 0 0 0 1 0 1 1 0 0
R 183 87 0000009c 0000006f
C 183 0000009c 1 0 0 1 5 0
T 184 0000009c 0 1 0 0 0 0 0 0 1 0 0 0 0 0
C 184 0000009c 0 0 0 0 5 0
T 185 0000009c 1 1 0 0 0 0 0 0 1 0 1 1 0 0
R 185 88 0000009c 0000006f
C 185 0000009c 1 0 0 1 5 0
T 186 0000009c 0 1 0 0 0 0 0 0 1 0 0 0 0 0
C 186 0000009c 0 0 0 0 5 0
T 187 0000009c 1 1 0 0 0 0 0 0 1 0 1 1 0 0
R 187 89 0000009c 0000006f
C 187 0000009c 1 0 0 1 5 0
T 188 0000009c 0 1 0 0 0 0 0 0 1 0 0 0 0 0
C 188 0000009c 0 0 0 0 5 0
T 189 0000009c 1 1 0 0 0 0 0 0 1 0 1 1 0 0
R 189 90 0000009c 0000006f
C 189 0000009c 1 0 0 1 5 0
T 190 0000009c 0 1 0 0 0 0 0 0 1 0 0 0 0 0
C 190 0000009c 0 0 0 0 5 0
T 191 0000009c 1 1 0 0 0 0 0 0 1 0 1 1 0 0
R 191 91 0000009c 0000006f
C 191 0000009c 1 0 0 1 5 0
T 192 0000009c 0 1 0 0 0 0 0 0 1 0 0 0 0 0
C 192 0000009c 0 0 0 0 5 0
T 193 0000009c 1 1 0 0 0 0 0 0 1 0 1 1 0 0
R 193 92 0000009c 0000006f
C 193 0000009c 1 0 0 1 5 0
T 194 0000009c 0 1 0 0 0 0 0 0 1 0 0 0 0 0
C 194 0000009c 0 0 0 0 5 0
T 195 0000009c 1 1 0 0 0 0 0 0 1 0 1 1 0 0
R 195 93 0000009c 0000006f
C 195 0000009c 1 0 0 1 5 0
T 196 0000009c 0 1 0 0 0 0 0 0 1 0 0 0 0 0
C 196 0000009c 0 0 0 0 5 0
T 197 0000009c 1 1 0 0 0 0 0 0 1 0 1 1 0 0
R 197 94 0000009c 0000006f
C 197 0000009c 1 0 0 1 5 0
T 198 0000009c 0 1 0 0 0 0 0 0 1 0 0 0 0 0
C 198 0000009c 0 0 0 0 5 0
T 199 0000009c 1 1 0 0 0 0 0 0 1 0 1 1 0 0
R 199 95 0000009c 0000006f
C 199 0000009c 1 0 0 1 5 0
T 200 0000009c 0 1 0 0 0 0 0 0 1 0 0 0 0 0
C 200 0000009c 0 0 0 0 5 0
T 201 0000009c 1 1 0 0 0 0 0 0 1 0 1 1 0 0
R 201 96 0000009c 0000006f
C 201 0000009c 1 0 0 1 5 0
T 202 0000009c 0 1 0 0 0 0 0 0 1 0 0 0 0 0
C 202 0000009c 0 0 0 0 5 0
T 203 0000009c 1 1 0 0 0 0 0 0 1 0 1 1 0 0
R 203 97 0000009c 0000006f
C 203 0000009c 1 0 0 1 5 0
T 204 0000009c 0 1 0 0 0 0 0 0 1 0 0 0 0 0
C 204 0000009c 0 0 0 0 5 0
T 205 0000009c 1 1 0 0 0 0 0 0 1 0 1 1 0 0
R 205 98 0000009c 0000006f
C 205 0000009c 1 0 0 1 5 0
T 206 0000009c 0 1 0 0 0 0 0 0 1 0 0 0 0 0
C 206 0000009c 0 0 0 0 5 0
T 207 0000009c 1 1 0 0 0 0 0 0 1 0 1 1 0 0
R 207 99 0000009c 0000006f
C 207 0000009c 1 0 0 1 5 0
T 208 0000009c 0 1 0 0 0 0 0 0 1 0 0 0 0 0
C 208 0000009c 0 0 0 0 5 0
T 209 0000009c 1 1 0 0 0 0 0 0 1 0 1 1 0 0
R 209 100 0000009c 0000006f
C 209 0000009c 1 0 0 1 5 0
T 210 0000009c 0 1 0 0 0 0 0 0 1 0 0 0 0 0
C 210 0000009c 0 0 0 0 5 0
T 211 0000009c 1 1 0 0 0 0 0 0 1 0 1 1 0 0
R 211 101 0000009c 0000006f
C 211 0000009c 1 0 0 1 5 0
T 212 0000009c 0 1 0 0 0 0 0 0 1 0 0 0 0 0
C 212 0000009c 0 0 0 0 5 0
T 213 0000009c 1 1 0 0 0 0 0 0 1 0 1 1 0 0
R 213 102 0000009c 0000006f
C 213 0000009c 1 0 0 1 5 0
T 214 0000009c 0 1 0 0 0 0 0 0 1 0 0 0 0 0
C 214 0000009c 0 0 0 0 5 0
T 215 0000009c 1 1 0 0 0 0 0 0 1 0 1 1 0 0
R 215 103 0000009c 0000006f
C 215 0000009c 1 0 0 1 5 0
T 216 0000009c 0 1 0 0 0 0 0 0 1 0 0 0 0 0
C 216 0000009c 0 0 0 0 5 0
T 217 0000009c 1 1 0 0 0 0 0 0 1 0 1 1 0 0
R 217 104 0000009c 0000006f
C 217 0000009c 1 0 0 1 5 0
T 218 0000009c 0 1 0 0 0 0 0 0 1 0 0 0 0 0
C 218 0000009c 0 0 0 0 5 0
T 219 0000009c 1 1 0 0 0 0 0 0 1 0 1 1 0 0
R 219 105 0000009c 0000006f
C 219 0000009c 1 0 0 1 5 0
T 220 0000009c 0 1 0 0 0 0 0 0 1 0 0 0 0 0
C 220 0000009c 0 0 0 0 5 0
T 221 0000009c 1 1 0 0 0 0 0 0 1 0 1 1 0 0
R 221 106 0000009c 0000006f
C 221 0000009c 1 0 0 1 5 0
T 222 0000009c 0 1 0 0 0 0 0 0 1 0 0 0 0 0
C 222 0000009c 0 0 0 0 5 0
T 223 0000009c 1 1 0 0 0 0 0 0 1 0 1 1 0 0
R 223 107 0000009c 0000006f
C 223 0000009c 1 0 0 1 5 0
T 224 0000009c 0 1 0 0 0 0 0 0 1 0 0 0 0 0
C 224 0000009c 0 0 0 0 5 0
T 225 0000009c 1 1 0 0 0 0 0 0 1 0 1 1 0 0
R 225 108 0000009c 0000006f
C 225 0000009c 1 0 0 1 5 0
T 226 0000009c 0 1 0 0 0 0 0 0 1 0 0 0 0 0
C 226 0000009c 0 0 0 0 5 0
T 227 0000009c 1 1 0 0 0 0 0 0 1 0 1 1 0 0
R 227 109 0000009c 0000006f
C 227 0000009c 1 0 0 1 5 0
T 228 0000009c 0 1 0 0 0 0 0 0 1 0 0 0 0 0
C 228 0000009c 0 0 0 0 5 0
T 229 0000009c 1 1 0 0 0 0 0 0 1 0 1 1 0 0
R 229 110 0000009c 0000006f
C 229 0000009c 1 0 0 1 5 0
T 230 0000009c 0 1 0 0 0 0 0 0 1 0 0 0 0 0
C 230 0000009c 0 0 0 0 5 0
T 231 0000009c 1 1 0 0 0 0 0 0 1 0 1 1 0 0
R 231 111 0000009c 0000006f
C 231 0000009c 1 0 0 1 5 0
T 232 0000009c 0 1 0 0 0 0 0 0 1 0 0 0 0 0
C 232 0000009c 0 0 0 0 5 0
T 233 0000009c 1 1 0 0 0 0 0 0 1 0 1 1 0 0
R 233 112 0000009c 0000006f
C 233 0000009c 1 0 0 1 5 0
T 234 0000009c 0 1 0 0 0 0 0 0 1 0 0 0 0 0
C 234 0000009c 0 0 0 0 5 0
T 235 0000009c 1 1 0 0 0 0 0 0 1 0 1 1 0 0
R 235 113 0000009c 0000006f
C 235 0000009c 1 0 0 1 5 0
T 236 0000009c 0 1 0 0 0 0 0 0 1 0 0 0 0 0
C 236 0000009c 0 0 0 0 5 0
T 237 0000009c 1 1 0 0 0 0 0 0 1 0 1 1 0 0
R 237 114 0000009c 0000006f
C 237 0000009c 1 0 0 1 5 0
T 238 0000009c 0 1 0 0 0 0 0 0 1 0 0 0 0 0
C 238 0000009c 0 0 0 0 5 0
T 239 0000009c 1 1 0 0 0 0 0 0 1 0 1 1 0 0
R 239 115 0000009c 0000006f
C 239 0000009c 1 0 0 1 5 0
T 240 0000009c 0 1 0 0 0 0 0 0 1 0 0 0 0 0
C 240 0000009c 0 0 0 0 5 0
T 241 0000009c 1 1 0 0 0 0 0 0 1 0 1 1 0 0
R 241 116 0000009c 0000006f
C 241 0000009c 1 0 0 1 5 0
T 242 0000009c 0 1 0 0 0 0 0 0 1 0 0 0 0 0
C 242 0000009c 0 0 0 0 5 0
T 243 0000009c 1 1 0 0 0 0 0 0 1 0 1 1 0 0
R 243 117 0000009c 0000006f
C 243 0000009c 1 0 0 1 5 0
T 244 0000009c 0 1 0 0 0 0 0 0 1 0 0 0 0 0
C 244 0000009c 0 0 0 0 5 0
T 245 0000009c 1 1 0 0 0 0 0 0 1 0 1 1 0 0
R 245 118 0000009c 0000006f
C 245 0000009c 1 0 0 1 5 0
T 246 0000009c 0 1 0 0 0 0 0 0 1 0 0 0 0 0
C 246 0000009c 0 0 0 0 5 0
T 247 0000009c 1 1 0 0 0 0 0 0 1 0 1 1 0 0
R 247 119 0000009c 0000006f
C 247 0000009c 1 0 0 1 5 0
T 248 0000009c 0 1 0 0 0 0 0 0 1 0 0 0 0 0
C 248 0000009c 0 0 0 0 5 0
T 249 0000009c 1 1 0 0 0 0 0 0 1 0 1 1 0 0
R 249 120 0000009c 0000006f
C 249 0000009c 1 0 0 1 5 0
T 250 0000009c 0 1 0 0 0 0 0 0 1 0 0 0 0 0
C 250 0000009c 0 0 0 0 5 0
T 251 0000009c 1 1 0 0 0 0 0 0 1 0 1 1 0 0
R 251 121 0000009c 0000006f
C 251 0000009c 1 0 0 1 5 0
T 252 0000009c 0 1 0 0 0 0 0 0 1 0 0 0 0 0
C 252 0000009c 0 0 0 0 5 0
T 253 0000009c 1 1 0 0 0 0 0 0 1 0 1 1 0 0
R 253 122 0000009c 0000006f
C 253 0000009c 1 0 0 1 5 0
T 254 0000009c 0 1 0 0 0 0 0 0 1 0 0 0 0 0
C 254 0000009c 0 0 0 0 5 0
T 255 0000009c 1 1 0 0 0 0 0 0 1 0 1 1 0 0
R 255 123 0000009c 0000006f
C 255 0000009c 1 0 0 1 5 0
T 256 0000009c 0 1 0 0 0 0 0 0 1 0 0 0 0 0
C 256 0000009c 0 0 0 0 5 0
T 257 0000009c 1 1 0 0 0 0 0 0 1 0 1 1 0 0
R 257 124 0000009c 0000006f
C 257 0000009c 1 0 0 1 5 0
T 258 0000009c 0 1 0 0 0 0 0 0 1 0 0 0 0 0
C 258 0000009c 0 0 0 0 5 0
T 259 0000009c 1 1 0 0 0 0 0 0 1 0 1 1 0 0
R 259 125 0000009c 0000006f
C 259 0000009c 1 0 0 1 5 0
T 260 0000009c 0 1 0 0 0 0 0 0 1 0 0 0 0 0
C 260 0000009c 0 0 0 0 5 0
T 261 0000009c 1 1 0 0 0 0 0 0 1 0 1 1 0 0
R 261 126 0000009c 0000006f
C 261 0000009c 1 0 0 1 5 0
T 262 0000009c 0 1 0 0 0 0 0 0 1 0 0 0 0 0
C 262 0000009c 0 0 0 0 5 0
T 263 0000009c 1 1 0 0 0 0 0 0 1 0 1 1 0 0
R 263 127 0000009c 0000006f
C 263 0000009c 1 0 0 1 5 0
T 264 0000009c 0 1 0 0 0 0 0 0 1 0 0 0 0 0
C 264 0000009c 0 0 0 0 5 0
T 265 0000009c 0 1 0 0 0 0 0 0 1 0 0 0 0 0
R 265 128 0000009c 0000006f
C 265 0000009c 0 0 0 0 5 0
T 266 0000009c 0 1 0 0 0 0 0 0 1 0 0 0 0 0
C 266 0000009c 0 0 0 0 5 0
T 267 0000009c 1 1 0 0 0 0 0 0 1 0 1 1 0 0
C 267 0000009c 1 0 0 1 5 0
T 268 0000009c 0 1 0 0 0 0 0 0 1 0 0 0 0 0
C 268 0000009c 0 0 0 0 5 0
T 269 0000009c 1 1 0 0 0 0 0 0 1 0 1 1 0 0
R 269 129 0000009c 0000006f
C 269 0000009c 1 0 0 1 5 0
T 270 0000009c 0 1 0 0 0 0 0 0 1 0 0 0 0 0
C 270 0000009c 0 0 0 0 5 0
T 271 0000009c 0 1 0 0 0 0 0 0 1 0 0 0 0 0
R 271 130 0000009c 0000006f
C 271 0000009c 0 0 0 0 5 0
T 272 0000009c 1 1 0 0 0 0 0 0 1 0 1 1 0 0
C 272 0000009c 1 0 0 1 5 0
T 273 0000009c 0 1 0 0 0 0 0 0 1 0 0 0 0 0
C 273 0000009c 0 0 0 0 5 0
T 274 0000009c 1 1 0 0 0 0 0 0 1 0 1 1 0 0
R 274 131 0000009c 0000006f
C 274 0000009c 1 0 0 1 5 0
T 275 0000009c 0 1 0 0 0 0 0 0 1 0 0 0 0 0
C 275 0000009c 0 0 0 0 5 0
T 276 0000009c 1 1 0 0 0 0 0 0 1 0 1 1 0 0
R 276 132 0000009c 0000006f
C 276 0000009c 1 0 0 1 5 0
T 277 0000009c 0 1 0 0 0 0 0 0 1 0 0 0 0 0
C 277 0000009c 0 0 0 0 5 0
T 278 0000009c 1 1 0 0 0 0 0 0 1 0 1 1 0 0
R 278 133 0000009c 0000006f
C 278 0000009c 1 0 0 1 5 0
T 279 0000009c 0 1 0 0 0 0 0 0 1 0 0 0 0 0
C 279 0000009c 0 0 0 0 5 0
T 280 0000009c 1 1 0 0 0 0 0 0 1 0 1 1 0 0
R 280 134 0000009c 0000006f
C 280 0000009c 1 0 0 1 5 0
T 281 0000009c 0 1 0 0 0 0 0 0 1 0 0 0 0 0
C 281 0000009c 0 0 0 0 5 0
T 282 0000009c 1 1 0 0 0 0 0 0 1 0 1 1 0 0
R 282 135 0000009c 0000006f
C 282 0000009c 1 0 0 1 5 0
T 283 0000009c 0 1 0 0 0 0 0 0 1 0 0 0 0 0
C 283 0000009c 0 0 0 0 5 0
T 284 0000009c 1 1 0 0 0 0 0 0 1 0 1 1 0 0
R 284 136 0000009c 0000006f
C 284 0000009c 1 0 0 1 5 0
T 285 0000009c 0 1 0 0 0 0 0 0 1 0 0 0 0 0
C 285 0000009c 0 0 0 0 5 0
T 286 0000009c 1 1 0 0 0 0 0 0 1 0 1 1 0 0
R 286 137 0000009c 0000006f
C 286 0000009c 1 0 0 1 5 0
T 287 0000009c 0 1 0 0 0 0 0 0 1 0 0 0 0 0
C 287 0000009c 0 0 0 0 5 0
T 288 0000009c 1 1 0 0 0 0 0 0 1 0 1 1 0 0
R 288 138 0000009c 0000006f
C 288 0000009c 1 0 0 1 5 0
T 289 0000009c 0 1 0 0 0 0 0 0 1 0 0 0 0 0
C 289 0000009c 0 0 0 0 5 0
T 290 0000009c 1 1 0 0 0 0 0 0 1 0 1 1 0 0
R 290 139 0000009c 0000006f
C 290 0000009c 1 0 0 1 5 0
T 291 0000009c 0 1 0 0 0 0 0 0 1 0 0 0 0 0
C 291 0000009c 0 0 0 0 5 0
T 292 0000009c 1 1 0 0 0 0 0 0 1 0 1 1 0 0
R 292 140 0000009c 0000006f
C 292 0000009c 1 0 0 1 5 0
T 293 0000009c 0 1 0 0 0 0 0 0 1 0 0 0 0 0
C 293 0000009c 0 0 0 0 5 0
T 294 0000009c 1 1 0 0 0 0 0 0 1 0 1 1 0 0
R 294 141 0000009c 0000006f
C 294 0000009c 1 0 0 1 5 0
T 295 0000009c 0 1 0 0 0 0 0 0 1 0 0 0 0 0
C 295 0000009c 0 0 0 0 5 0
T 296 0000009c 1 1 0 0 0 0 0 0 1 0 1 1 0 0
R 296 142 0000009c 0000006f
C 296 0000009c 1 0 0 1 5 0
T 297 0000009c 0 1 0 0 0 0 0 0 1 0 0 0 0 0
C 297 0000009c 0 0 0 0 5 0
T 298 0000009c 1 1 0 0 0 0 0 0 1 0 1 1 0 0
R 298 143 0000009c 0000006f
C 298 0000009c 1 0 0 1 5 0
T 299 0000009c 0 1 0 0 0 0 0 0 1 0 0 0 0 0
C 299 0000009c 0 0 0 0 5 0
T 300 0000009c 1 1 0 0 0 0 0 0 1 0 1 1 0 0
R 300 144 0000009c 0000006f
C 300 0000009c 1 0 0 1 5 0
T 301 0000009c 0 1 0 0 0 0 0 0 1 0 0 0 0 0
C 301 0000009c 0 0 0 0 5 0
T 302 0000009c 1 1 0 0 0 0 0 0 1 0 1 1 0 0
R 302 145 0000009c 0000006f
C 302 0000009c 1 0 0 1 5 0
T 303 0000009c 0 1 0 0 0 0 0 0 1 0 0 0 0 0
C 303 0000009c 0 0 0 0 5 0
T 304 0000009c 1 1 0 0 0 0 0 0 1 0 1 1 0 0
R 304 146 0000009c 0000006f
C 304 0000009c 1 0 0 1 5 0
T 305 0000009c 0 1 0 0 0 0 0 0 1 0 0 0 0 0
C 305 0000009c 0 0 0 0 5 0
T 306 0000009c 1 1 0 0 0 0 0 0 1 0 1 1 0 0
R 306 147 0000009c 0000006f
C 306 0000009c 1 0 0 1 5 0
T 307 0000009c 0 1 0 0 0 0 0 0 1 0 0 0 0 0
C 307 0000009c 0 0 0 0 5 0
T 308 0000009c 1 1 0 0 0 0 0 0 1 0 1 1 0 0
R 308 148 0000009c 0000006f
C 308 0000009c 1 0 0 1 5 0
T 309 0000009c 0 1 0 0 0 0 0 0 1 0 0 0 0 0
C 309 0000009c 0 0 0 0 5 0
T 310 0000009c 1 1 0 0 0 0 0 0 1 0 1 1 0 0
R 310 149 0000009c 0000006f
C 310 0000009c 1 0 0 1 5 0
T 311 0000009c 0 1 0 0 0 0 0 0 1 0 0 0 0 0
C 311 0000009c 0 0 0 0 5 0
T 312 0000009c 1 1 0 0 0 0 0 0 1 0 1 1 0 0
R 312 150 0000009c 0000006f
C 312 0000009c 1 0 0 1 5 0
T 313 0000009c 0 1 0 0 0 0 0 0 1 0 0 0 0 0
C 313 0000009c 0 0 0 0 5 0
T 314 0000009c 1 1 0 0 0 0 0 0 1 0 1 1 0 0
R 314 151 0000009c 0000006f
C 314 0000009c 1 0 0 1 5 0
T 315 0000009c 0 1 0 0 0 0 0 0 1 0 0 0 0 0
C 315 0000009c 0 0 0 0 5 0
T 316 0000009c 1 1 0 0 0 0 0 0 1 0 1 1 0 0
R 316 152 0000009c 0000006f
C 316 0000009c 1 0 0 1 5 0
T 317 0000009c 0 1 0 0 0 0 0 0 1 0 0 0 0 0
C 317 0000009c 0 0 0 0 5 0
T 318 0000009c 1 1 0 0 0 0 0 0 1 0 1 1 0 0
R 318 153 0000009c 0000006f
C 318 0000009c 1 0 0 1 5 0
T 319 0000009c 0 1 0 0 0 0 0 0 1 0 0 0 0 0
C 319 0000009c 0 0 0 0 5 0
T 320 0000009c 1 1 0 0 0 0 0 0 1 0 1 1 0 0
R 320 154 0000009c 0000006f
C 320 0000009c 1 0 0 1 5 0
T 321 0000009c 0 1 0 0 0 0 0 0 1 0 0 0 0 0
C 321 0000009c 0 0 0 0 5 0
T 322 0000009c 1 1 0 0 0 0 0 0 1 0 1 1 0 0
R 322 155 0000009c 0000006f
C 322 0000009c 1 0 0 1 5 0
T 323 0000009c 0 1 0 0 0 0 0 0 1 0 0 0 0 0
C 323 0000009c 0 0 0 0 5 0
T 324 0000009c 1 1 0 0 0 0 0 0 1 0 1 1 0 0
R 324 156 0000009c 0000006f
C 324 0000009c 1 0 0 1 5 0
T 325 0000009c 0 1 0 0 0 0 0 0 1 0 0 0 0 0
C 325 0000009c 0 0 0 0 5 0
T 326 0000009c 1 1 0 0 0 0 0 0 1 0 1 1 0 0
R 326 157 0000009c 0000006f
C 326 0000009c 1 0 0 1 5 0
T 327 0000009c 0 1 0 0 0 0 0 0 1 0 0 0 0 0
C 327 0000009c 0 0 0 0 5 0
T 328 0000009c 1 1 0 0 0 0 0 0 1 0 1 1 0 0
R 328 158 0000009c 0000006f
C 328 0000009c 1 0 0 1 5 0
T 329 0000009c 0 1 0 0 0 0 0 0 1 0 0 0 0 0
C 329 0000009c 0 0 0 0 5 0
T 330 0000009c 1 1 0 0 0 0 0 0 1 0 1 1 0 0
R 330 159 0000009c 0000006f
C 330 0000009c 1 0 0 1 5 0
T 331 0000009c 0 1 0 0 0 0 0 0 1 0 0 0 0 0
C 331 0000009c 0 0 0 0 5 0
T 332 0000009c 1 1 0 0 0 0 0 0 1 0 1 1 0 0
R 332 160 0000009c 0000006f
C 332 0000009c 1 0 0 1 5 0
T 333 0000009c 0 1 0 0 0 0 0 0 1 0 0 0 0 0
C 333 0000009c 0 0 0 0 5 0
T 334 0000009c 1 1 0 0 0 0 0 0 1 0 1 1 0 0
R 334 161 0000009c 0000006f
C 334 0000009c 1 0 0 1 5 0
T 335 0000009c 0 1 0 0 0 0 0 0 1 0 0 0 0 0
C 335 0000009c 0 0 0 0 5 0
T 336 0000009c 1 1 0 0 0 0 0 0 1 0 1 1 0 0
R 336 162 0000009c 0000006f
C 336 0000009c 1 0 0 1 5 0
T 337 0000009c 0 1 0 0 0 0 0 0 1 0 0 0 0 0
C 337 0000009c 0 0 0 0 5 0
T 338 0000009c 1 1 0 0 0 0 0 0 1 0 1 1 0 0
R 338 163 0000009c 0000006f
C 338 0000009c 1 0 0 1 5 0
T 339 0000009c 0 1 0 0 0 0 0 0 1 0 0 0 0 0
C 339 0000009c 0 0 0 0 5 0
T 340 0000009c 1 1 0 0 0 0 0 0 1 0 1 1 0 0
R 340 164 0000009c 0000006f
C 340 0000009c 1 0 0 1 5 0
T 341 0000009c 0 1 0 0 0 0 0 0 1 0 0 0 0 0
C 341 0000009c 0 0 0 0 5 0
T 342 0000009c 1 1 0 0 0 0 0 0 1 0 1 1 0 0
R 342 165 0000009c 0000006f
C 342 0000009c 1 0 0 1 5 0
T 343 0000009c 0 1 0 0 0 0 0 0 1 0 0 0 0 0
C 343 0000009c 0 0 0 0 5 0
T 344 0000009c 1 1 0 0 0 0 0 0 1 0 1 1 0 0
R 344 166 0000009c 0000006f
C 344 0000009c 1 0 0 1 5 0
SAMPLE 345 ai=0 ab=0 am=0 pc=0 mismatch=0 rf=0 mode=0
T 345 0000009c 0 1 0 0 0 0 0 0 1 0 0 0 0 0
C 345 0000009c 0 0 0 0 5 0
SAMPLE 346 ai=0 ab=0 am=0 pc=0 mismatch=0 rf=0 mode=0
T 346 0000009c 1 1 0 0 0 0 0 0 1 0 1 1 0 0
R 346 167 0000009c 0000006f
C 346 0000009c 1 0 0 1 5 0
SAMPLE 347 ai=0 ab=0 am=0 pc=0 mismatch=0 rf=0 mode=0
T 347 0000009c 0 1 0 0 0 0 0 0 1 0 0 0 0 0
C 347 0000009c 0 0 0 0 5 0
SAMPLE 348 ai=0 ab=0 am=0 pc=0 mismatch=0 rf=0 mode=0
T 348 0000009c 1 1 0 0 0 0 0 0 1 0 1 1 0 0
R 348 168 0000009c 0000006f
C 348 0000009c 1 0 0 1 5 0
SAMPLE 349 ai=0 ab=0 am=0 pc=0 mismatch=0 rf=0 mode=0
T 349 0000009c 0 1 0 0 0 0 0 0 1 0 0 0 0 0
C 349 0000009c 0 0 0 0 5 0
SAMPLE 350 ai=0 ab=0 am=0 pc=0 mismatch=0 rf=0 mode=0
T 350 0000009c 1 1 0 0 0 0 0 0 1 0 1 1 0 0
R 350 169 0000009c 0000006f
C 350 0000009c 1 0 0 1 5 0
SAMPLE 351 ai=0 ab=0 am=0 pc=0 mismatch=0 rf=0 mode=0
T 351 0000009c 0 1 0 0 0 0 0 0 1 0 0 0 0 0
C 351 0000009c 0 0 0 0 5 0
SAMPLE 352 ai=0 ab=0 am=0 pc=0 mismatch=0 rf=0 mode=0
T 352 0000009c 1 1 0 0 0 0 0 0 1 0 1 1 0 0
R 352 170 0000009c 0000006f
C 352 0000009c 1 0 0 1 5 0
SAMPLE 353 ai=0 ab=0 am=0 pc=0 mismatch=0 rf=0 mode=0
T 353 0000009c 0 1 0 0 0 0 0 0 1 0 0 0 0 0
C 353 0000009c 0 0 0 0 5 0
SAMPLE 354 ai=0 ab=0 am=0 pc=0 mismatch=0 rf=0 mode=0
T 354 0000009c 1 1 0 0 0 0 0 0 1 0 1 1 0 0
R 354 171 0000009c 0000006f
C 354 0000009c 1 0 0 1 5 0
SAMPLE 355 ai=0 ab=0 am=0 pc=0 mismatch=0 rf=0 mode=0
T 355 0000009c 0 1 0 0 0 0 0 0 1 0 0 0 0 0
C 355 0000009c 0 0 0 0 5 0
SAMPLE 356 ai=0 ab=0 am=0 pc=0 mismatch=0 rf=0 mode=0
T 356 0000009c 1 1 0 0 0 0 0 0 1 0 1 1 0 0
R 356 172 0000009c 0000006f
C 356 0000009c 1 0 0 1 5 0
SAMPLE 357 ai=0 ab=0 am=0 pc=0 mismatch=0 rf=0 mode=0
T 357 0000009c 0 1 0 0 0 0 0 0 1 0 0 0 0 0
C 357 0000009c 0 0 0 0 5 0
SAMPLE 358 ai=0 ab=0 am=0 pc=0 mismatch=0 rf=0 mode=0
T 358 0000009c 1 1 0 0 0 0 0 0 1 0 1 1 0 0
R 358 173 0000009c 0000006f
C 358 0000009c 1 0 0 1 5 0
SAMPLE 359 ai=0 ab=0 am=0 pc=0 mismatch=0 rf=0 mode=0
T 359 0000009c 0 1 0 0 0 0 0 0 1 0 0 0 0 0
C 359 0000009c 0 0 0 0 5 0
SAMPLE 360 ai=0 ab=0 am=0 pc=0 mismatch=0 rf=0 mode=0
T 360 0000009c 1 1 0 0 0 0 0 0 1 0 1 1 0 0
R 360 174 0000009c 0000006f
C 360 0000009c 1 0 0 1 5 0
T 361 0000009c 0 1 0 0 0 0 0 0 1 0 0 0 0 0
C 361 0000009c 0 0 0 0 5 0
T 362 0000009c 1 1 0 0 0 0 0 0 1 0 1 1 0 0
R 362 175 0000009c 0000006f
C 362 0000009c 1 0 0 1 5 0
T 363 0000009c 0 1 0 0 0 0 0 0 1 0 0 0 0 0
C 363 0000009c 0 0 0 0 5 0
T 364 0000009c 1 1 0 0 0 0 0 0 1 0 1 1 0 0
R 364 176 0000009c 0000006f
C 364 0000009c 1 0 0 1 5 0
T 365 0000009c 0 1 0 0 0 0 0 0 1 0 0 0 0 0
C 365 0000009c 0 0 0 0 5 0
T 366 0000009c 1 1 0 0 0 0 0 0 1 0 1 1 0 0
R 366 177 0000009c 0000006f
C 366 0000009c 1 0 0 1 5 0
T 367 0000009c 0 1 0 0 0 0 0 0 1 0 0 0 0 0
C 367 0000009c 0 0 0 0 5 0
T 368 0000009c 1 1 0 0 0 0 0 0 1 0 1 1 0 0
R 368 178 0000009c 0000006f
C 368 0000009c 1 0 0 1 5 0
T 369 0000009c 0 1 0 0 0 0 0 0 1 0 0 0 0 0
C 369 0000009c 0 0 0 0 5 0
T 370 0000009c 1 1 0 0 0 0 0 0 1 0 1 1 0 0
R 370 179 0000009c 0000006f
C 370 0000009c 1 0 0 1 5 0
T 371 0000009c 0 1 0 0 0 0 0 0 1 0 0 0 0 0
C 371 0000009c 0 0 0 0 5 0
T 372 0000009c 1 1 0 0 0 0 0 0 1 0 1 1 0 0
R 372 180 0000009c 0000006f
C 372 0000009c 1 0 0 1 5 0
T 373 0000009c 0 1 0 0 0 0 0 0 1 0 0 0 0 0
C 373 0000009c 0 0 0 0 5 0
T 374 0000009c 1 1 0 0 0 0 0 0 1 0 1 1 0 0
R 374 181 0000009c 0000006f
C 374 0000009c 1 0 0 1 5 0
T 375 0000009c 0 1 0 0 0 0 0 0 1 0 0 0 0 0
C 375 0000009c 0 0 0 0 5 0
T 376 0000009c 1 1 0 0 0 0 0 0 1 0 1 1 0 0
R 376 182 0000009c 0000006f
C 376 0000009c 1 0 0 1 5 0
T 377 0000009c 0 1 0 0 0 0 0 0 1 0 0 0 0 0
C 377 0000009c 0 0 0 0 5 0
T 378 0000009c 1 1 0 0 0 0 0 0 1 0 1 1 0 0
R 378 183 0000009c 0000006f
C 378 0000009c 1 0 0 1 5 0
T 379 0000009c 0 1 0 0 0 0 0 0 1 0 0 0 0 0
C 379 0000009c 0 0 0 0 5 0
T 380 0000009c 1 1 0 0 0 0 0 0 1 0 1 1 0 0
R 380 184 0000009c 0000006f
C 380 0000009c 1 0 0 1 5 0
T 381 0000009c 0 1 0 0 0 0 0 0 1 0 0 0 0 0
C 381 0000009c 0 0 0 0 5 0
T 382 0000009c 1 1 0 0 0 0 0 0 1 0 1 1 0 0
R 382 185 0000009c 0000006f
C 382 0000009c 1 0 0 1 5 0
T 383 0000009c 0 1 0 0 0 0 0 0 1 0 0 0 0 0
C 383 0000009c 0 0 0 0 5 0
T 384 0000009c 1 1 0 0 0 0 0 0 1 0 1 1 0 0
R 384 186 0000009c 0000006f
C 384 0000009c 1 0 0 1 5 0
T 385 0000009c 0 1 0 0 0 0 0 0 1 0 0 0 0 0
C 385 0000009c 0 0 0 0 5 0
T 386 0000009c 1 1 0 0 0 0 0 0 1 0 1 1 0 0
R 386 187 0000009c 0000006f
C 386 0000009c 1 0 0 1 5 0
T 387 0000009c 0 1 0 0 0 0 0 0 1 0 0 0 0 0
C 387 0000009c 0 0 0 0 5 0
T 388 0000009c 1 1 0 0 0 0 0 0 1 0 1 1 0 0
R 388 188 0000009c 0000006f
C 388 0000009c 1 0 0 1 5 0
T 389 0000009c 0 1 0 0 0 0 0 0 1 0 0 0 0 0
C 389 0000009c 0 0 0 0 5 0
T 390 0000009c 1 1 0 0 0 0 0 0 1 0 1 1 0 0
R 390 189 0000009c 0000006f
C 390 0000009c 1 0 0 1 5 0
T 391 0000009c 0 1 0 0 0 0 0 0 1 0 0 0 0 0
C 391 0000009c 0 0 0 0 5 0
T 392 0000009c 1 1 0 0 0 0 0 0 1 0 1 1 0 0
R 392 190 0000009c 0000006f
C 392 0000009c 1 0 0 1 5 0
T 393 0000009c 0 1 0 0 0 0 0 0 1 0 0 0 0 0
C 393 0000009c 0 0 0 0 5 0
T 394 0000009c 1 1 0 0 0 0 0 0 1 0 1 1 0 0
R 394 191 0000009c 0000006f
C 394 0000009c 1 0 0 1 5 0
T 395 0000009c 0 1 0 0 0 0 0 0 1 0 0 0 0 0
C 395 0000009c 0 0 0 0 5 0
T 396 0000009c 1 1 0 0 0 0 0 0 1 0 1 1 0 0
R 396 192 0000009c 0000006f
C 396 0000009c 1 0 0 1 5 0
T 397 0000009c 0 1 0 0 0 0 0 0 1 0 0 0 0 0
C 397 0000009c 0 0 0 0 5 0
T 398 0000009c 1 1 0 0 0 0 0 0 1 0 1 1 0 0
R 398 193 0000009c 0000006f
C 398 0000009c 1 0 0 1 5 0
T 399 0000009c 0 1 0 0 0 0 0 0 1 0 0 0 0 0
C 399 0000009c 0 0 0 0 5 0
T 400 0000009c 1 1 0 0 0 0 0 0 1 0 1 1 0 0
R 400 194 0000009c 0000006f
C 400 0000009c 1 0 0 1 5 0
T 401 0000009c 0 1 0 0 0 0 0 0 1 0 0 0 0 0
C 401 0000009c 0 0 0 0 5 0
T 402 0000009c 1 1 0 0 0 0 0 0 1 0 1 1 0 0
R 402 195 0000009c 0000006f
C 402 0000009c 1 0 0 1 5 0
T 403 0000009c 0 1 0 0 0 0 0 0 1 0 0 0 0 0
C 403 0000009c 0 0 0 0 5 0
T 404 0000009c 1 1 0 0 0 0 0 0 1 0 1 1 0 0
R 404 196 0000009c 0000006f
C 404 0000009c 1 0 0 1 5 0
T 405 0000009c 0 1 0 0 0 0 0 0 1 0 0 0 0 0
C 405 0000009c 0 0 0 0 5 0
T 406 0000009c 1 1 0 0 0 0 0 0 1 0 1 1 0 0
R 406 197 0000009c 0000006f
C 406 0000009c 1 0 0 1 5 0
T 407 0000009c 0 1 0 0 0 0 0 0 1 0 0 0 0 0
C 407 0000009c 0 0 0 0 5 0
T 408 0000009c 1 1 0 0 0 0 0 0 1 0 1 1 0 0
R 408 198 0000009c 0000006f
C 408 0000009c 1 0 0 1 5 0
T 409 0000009c 0 1 0 0 0 0 0 0 1 0 0 0 0 0
C 409 0000009c 0 0 0 0 5 0
T 410 0000009c 1 1 0 0 0 0 0 0 1 0 1 1 0 0
R 410 199 0000009c 0000006f
C 410 0000009c 1 0 0 1 5 0
T 411 0000009c 0 1 0 0 0 0 0 0 1 0 0 0 0 0
C 411 0000009c 0 0 0 0 5 0
T 412 0000009c 1 1 0 0 0 0 0 0 1 0 1 1 0 0
R 412 200 0000009c 0000006f
C 412 0000009c 1 0 0 1 5 0
T 413 0000009c 0 1 0 0 0 0 0 0 1 0 0 0 0 0
C 413 0000009c 0 0 0 0 5 0
T 414 0000009c 1 1 0 0 0 0 0 0 1 0 1 1 0 0
R 414 201 0000009c 0000006f
C 414 0000009c 1 0 0 1 5 0
T 415 0000009c 0 1 0 0 0 0 0 0 1 0 0 0 0 0
C 415 0000009c 0 0 0 0 5 0
T 416 0000009c 1 1 0 0 0 0 0 0 1 0 1 1 0 0
R 416 202 0000009c 0000006f
C 416 0000009c 1 0 0 1 5 0
T 417 0000009c 0 1 0 0 0 0 0 0 1 0 0 0 0 0
C 417 0000009c 0 0 0 0 5 0
T 418 0000009c 1 1 0 0 0 0 0 0 1 0 1 1 0 0
R 418 203 0000009c 0000006f
C 418 0000009c 1 0 0 1 5 0
T 419 0000009c 0 1 0 0 0 0 0 0 1 0 0 0 0 0
C 419 0000009c 0 0 0 0 5 0
T 420 0000009c 1 1 0 0 0 0 0 0 1 0 1 1 0 0
R 420 204 0000009c 0000006f
C 420 0000009c 1 0 0 1 5 0
T 421 0000009c 0 1 0 0 0 0 0 0 1 0 0 0 0 0
C 421 0000009c 0 0 0 0 5 0
T 422 0000009c 1 1 0 0 0 0 0 0 1 0 1 1 0 0
R 422 205 0000009c 0000006f
C 422 0000009c 1 0 0 1 5 0
T 423 0000009c 0 1 0 0 0 0 0 0 1 0 0 0 0 0
C 423 0000009c 0 0 0 0 5 0
T 424 0000009c 1 1 0 0 0 0 0 0 1 0 1 1 0 0
R 424 206 0000009c 0000006f
C 424 0000009c 1 0 0 1 5 0
T 425 0000009c 0 1 0 0 0 0 0 0 1 0 0 0 0 0
C 425 0000009c 0 0 0 0 5 0
T 426 0000009c 1 1 0 0 0 0 0 0 1 0 1 1 0 0
R 426 207 0000009c 0000006f
C 426 0000009c 1 0 0 1 5 0
T 427 0000009c 0 1 0 0 0 0 0 0 1 0 0 0 0 0
C 427 0000009c 0 0 0 0 5 0
T 428 0000009c 1 1 0 0 0 0 0 0 1 0 1 1 0 0
R 428 208 0000009c 0000006f
C 428 0000009c 1 0 0 1 5 0
T 429 0000009c 0 1 0 0 0 0 0 0 1 0 0 0 0 0
C 429 0000009c 0 0 0 0 5 0
T 430 0000009c 1 1 0 0 0 0 0 0 1 0 1 1 0 0
R 430 209 0000009c 0000006f
C 430 0000009c 1 0 0 1 5 0
T 431 0000009c 0 1 0 0 0 0 0 0 1 0 0 0 0 0
C 431 0000009c 0 0 0 0 5 0
T 432 0000009c 1 1 0 0 0 0 0 0 1 0 1 1 0 0
R 432 210 0000009c 0000006f
C 432 0000009c 1 0 0 1 5 0
T 433 0000009c 0 1 0 0 0 0 0 0 1 0 0 0 0 0
C 433 0000009c 0 0 0 0 5 0
T 434 0000009c 1 1 0 0 0 0 0 0 1 0 1 1 0 0
R 434 211 0000009c 0000006f
C 434 0000009c 1 0 0 1 5 0
T 435 0000009c 0 1 0 0 0 0 0 0 1 0 0 0 0 0
C 435 0000009c 0 0 0 0 5 0
T 436 0000009c 1 1 0 0 0 0 0 0 1 0 1 1 0 0
R 436 212 0000009c 0000006f
C 436 0000009c 1 0 0 1 5 0
T 437 0000009c 0 1 0 0 0 0 0 0 1 0 0 0 0 0
C 437 0000009c 0 0 0 0 5 0
T 438 0000009c 1 1 0 0 0 0 0 0 1 0 1 1 0 0
R 438 213 0000009c 0000006f
C 438 0000009c 1 0 0 1 5 0
T 439 0000009c 0 1 0 0 0 0 0 0 1 0 0 0 0 0
C 439 0000009c 0 0 0 0 5 0
T 440 0000009c 1 1 0 0 0 0 0 0 1 0 1 1 0 0
R 440 214 0000009c 0000006f
C 440 0000009c 1 0 0 1 5 0
T 441 0000009c 0 1 0 0 0 0 0 0 1 0 0 0 0 0
C 441 0000009c 0 0 0 0 5 0
T 442 0000009c 1 1 0 0 0 0 0 0 1 0 1 1 0 0
R 442 215 0000009c 0000006f
C 442 0000009c 1 0 0 1 5 0
T 443 0000009c 0 1 0 0 0 0 0 0 1 0 0 0 0 0
C 443 0000009c 0 0 0 0 5 0
T 444 0000009c 1 1 0 0 0 0 0 0 1 0 1 1 0 0
R 444 216 0000009c 0000006f
C 444 0000009c 1 0 0 1 5 0
T 445 0000009c 0 1 0 0 0 0 0 0 1 0 0 0 0 0
C 445 0000009c 0 0 0 0 5 0
T 446 0000009c 1 1 0 0 0 0 0 0 1 0 1 1 0 0
R 446 217 0000009c 0000006f
C 446 0000009c 1 0 0 1 5 0
T 447 0000009c 0 1 0 0 0 0 0 0 1 0 0 0 0 0
C 447 0000009c 0 0 0 0 5 0
T 448 0000009c 1 1 0 0 0 0 0 0 1 0 1 1 0 0
R 448 218 0000009c 0000006f
C 448 0000009c 1 0 0 1 5 0
T 449 0000009c 0 1 0 0 0 0 0 0 1 0 0 0 0 0
C 449 0000009c 0 0 0 0 5 0
T 450 0000009c 1 1 0 0 0 0 0 0 1 0 1 1 0 0
R 450 219 0000009c 0000006f
C 450 0000009c 1 0 0 1 5 0
T 451 0000009c 0 1 0 0 0 0 0 0 1 0 0 0 0 0
C 451 0000009c 0 0 0 0 5 0
T 452 0000009c 1 1 0 0 0 0 0 0 1 0 1 1 0 0
R 452 220 0000009c 0000006f
C 452 0000009c 1 0 0 1 5 0
T 453 0000009c 0 1 0 0 0 0 0 0 1 0 0 0 0 0
C 453 0000009c 0 0 0 0 5 0
T 454 0000009c 1 1 0 0 0 0 0 0 1 0 1 1 0 0
R 454 221 0000009c 0000006f
C 454 0000009c 1 0 0 1 5 0
T 455 0000009c 0 1 0 0 0 0 0 0 1 0 0 0 0 0
C 455 0000009c 0 0 0 0 5 0
T 456 0000009c 1 1 0 0 0 0 0 0 1 0 1 1 0 0
R 456 222 0000009c 0000006f
C 456 0000009c 1 0 0 1 5 0
T 457 0000009c 0 1 0 0 0 0 0 0 1 0 0 0 0 0
C 457 0000009c 0 0 0 0 5 0
T 458 0000009c 1 1 0 0 0 0 0 0 1 0 1 1 0 0
R 458 223 0000009c 0000006f
C 458 0000009c 1 0 0 1 5 0
T 459 0000009c 0 1 0 0 0 0 0 0 1 0 0 0 0 0
C 459 0000009c 0 0 0 0 5 0
T 460 0000009c 1 1 0 0 0 0 0 0 1 0 1 1 0 0
R 460 224 0000009c 0000006f
C 460 0000009c 1 0 0 1 5 0
T 461 0000009c 0 1 0 0 0 0 0 0 1 0 0 0 0 0
C 461 0000009c 0 0 0 0 5 0
T 462 0000009c 1 1 0 0 0 0 0 0 1 0 1 1 0 0
R 462 225 0000009c 0000006f
C 462 0000009c 1 0 0 1 5 0
T 463 0000009c 0 1 0 0 0 0 0 0 1 0 0 0 0 0
C 463 0000009c 0 0 0 0 5 0
T 464 0000009c 1 1 0 0 0 0 0 0 1 0 1 1 0 0
R 464 226 0000009c 0000006f
C 464 0000009c 1 0 0 1 5 0
T 465 0000009c 0 1 0 0 0 0 0 0 1 0 0 0 0 0
C 465 0000009c 0 0 0 0 5 0
T 466 0000009c 1 1 0 0 0 0 0 0 1 0 1 1 0 0
R 466 227 0000009c 0000006f
C 466 0000009c 1 0 0 1 5 0
T 467 0000009c 0 1 0 0 0 0 0 0 1 0 0 0 0 0
C 467 0000009c 0 0 0 0 5 0
T 468 0000009c 1 1 0 0 0 0 0 0 1 0 1 1 0 0
R 468 228 0000009c 0000006f
C 468 0000009c 1 0 0 1 5 0
T 469 0000009c 0 1 0 0 0 0 0 0 1 0 0 0 0 0
C 469 0000009c 0 0 0 0 5 0
T 470 0000009c 1 1 0 0 0 0 0 0 1 0 1 1 0 0
R 470 229 0000009c 0000006f
C 470 0000009c 1 0 0 1 5 0
T 471 0000009c 0 1 0 0 0 0 0 0 1 0 0 0 0 0
C 471 0000009c 0 0 0 0 5 0
T 472 0000009c 1 1 0 0 0 0 0 0 1 0 1 1 0 0
R 472 230 0000009c 0000006f
C 472 0000009c 1 0 0 1 5 0
T 473 0000009c 0 1 0 0 0 0 0 0 1 0 0 0 0 0
C 473 0000009c 0 0 0 0 5 0
T 474 0000009c 1 1 0 0 0 0 0 0 1 0 1 1 0 0
R 474 231 0000009c 0000006f
C 474 0000009c 1 0 0 1 5 0
T 475 0000009c 0 1 0 0 0 0 0 0 1 0 0 0 0 0
C 475 0000009c 0 0 0 0 5 0
T 476 0000009c 1 1 0 0 0 0 0 0 1 0 1 1 0 0
R 476 232 0000009c 0000006f
C 476 0000009c 1 0 0 1 5 0
T 477 0000009c 0 1 0 0 0 0 0 0 1 0 0 0 0 0
C 477 0000009c 0 0 0 0 5 0
T 478 0000009c 1 1 0 0 0 0 0 0 1 0 1 1 0 0
R 478 233 0000009c 0000006f
C 478 0000009c 1 0 0 1 5 0
T 479 0000009c 0 1 0 0 0 0 0 0 1 0 0 0 0 0
C 479 0000009c 0 0 0 0 5 0
T 480 0000009c 1 1 0 0 0 0 0 0 1 0 1 1 0 0
R 480 234 0000009c 0000006f
C 480 0000009c 1 0 0 1 5 0
T 481 0000009c 0 1 0 0 0 0 0 0 1 0 0 0 0 0
C 481 0000009c 0 0 0 0 5 0
T 482 0000009c 1 1 0 0 0 0 0 0 1 0 1 1 0 0
R 482 235 0000009c 0000006f
C 482 0000009c 1 0 0 1 5 0
T 483 0000009c 0 1 0 0 0 0 0 0 1 0 0 0 0 0
C 483 0000009c 0 0 0 0 5 0
T 484 0000009c 1 1 0 0 0 0 0 0 1 0 1 1 0 0
R 484 236 0000009c 0000006f
C 484 0000009c 1 0 0 1 5 0
T 485 0000009c 0 1 0 0 0 0 0 0 1 0 0 0 0 0
C 485 0000009c 0 0 0 0 5 0
T 486 0000009c 1 1 0 0 0 0 0 0 1 0 1 1 0 0
R 486 237 0000009c 0000006f
C 486 0000009c 1 0 0 1 5 0
T 487 0000009c 0 1 0 0 0 0 0 0 1 0 0 0 0 0
C 487 0000009c 0 0 0 0 5 0
T 488 0000009c 1 1 0 0 0 0 0 0 1 0 1 1 0 0
R 488 238 0000009c 0000006f
C 488 0000009c 1 0 0 1 5 0
T 489 0000009c 0 1 0 0 0 0 0 0 1 0 0 0 0 0
C 489 0000009c 0 0 0 0 5 0
T 490 0000009c 1 1 0 0 0 0 0 0 1 0 1 1 0 0
R 490 239 0000009c 0000006f
C 490 0000009c 1 0 0 1 5 0
T 491 0000009c 0 1 0 0 0 0 0 0 1 0 0 0 0 0
C 491 0000009c 0 0 0 0 5 0
T 492 0000009c 1 1 0 0 0 0 0 0 1 0 1 1 0 0
R 492 240 0000009c 0000006f
C 492 0000009c 1 0 0 1 5 0
T 493 0000009c 0 1 0 0 0 0 0 0 1 0 0 0 0 0
C 493 0000009c 0 0 0 0 5 0
T 494 0000009c 1 1 0 0 0 0 0 0 1 0 1 1 0 0
R 494 241 0000009c 0000006f
C 494 0000009c 1 0 0 1 5 0
T 495 0000009c 0 1 0 0 0 0 0 0 1 0 0 0 0 0
C 495 0000009c 0 0 0 0 5 0
T 496 0000009c 1 1 0 0 0 0 0 0 1 0 1 1 0 0
R 496 242 0000009c 0000006f
C 496 0000009c 1 0 0 1 5 0
T 497 0000009c 0 1 0 0 0 0 0 0 1 0 0 0 0 0
C 497 0000009c 0 0 0 0 5 0
T 498 0000009c 1 1 0 0 0 0 0 0 1 0 1 1 0 0
R 498 243 0000009c 0000006f
C 498 0000009c 1 0 0 1 5 0
T 499 0000009c 0 1 0 0 0 0 0 0 1 0 0 0 0 0
C 499 0000009c 0 0 0 0 5 0
T 500 0000009c 1 1 0 0 0 0 0 0 1 0 1 1 0 0
R 500 244 0000009c 0000006f
C 500 0000009c 1 0 0 1 5 0
T 501 0000009c 0 1 0 0 0 0 0 0 1 0 0 0 0 0
C 501 0000009c 0 0 0 0 5 0
T 502 0000009c 1 1 0 0 0 0 0 0 1 0 1 1 0 0
R 502 245 0000009c 0000006f
C 502 0000009c 1 0 0 1 5 0
T 503 0000009c 0 1 0 0 0 0 0 0 1 0 0 0 0 0
C 503 0000009c 0 0 0 0 5 0
T 504 0000009c 1 1 0 0 0 0 0 0 1 0 1 1 0 0
R 504 246 0000009c 0000006f
C 504 0000009c 1 0 0 1 5 0
T 505 0000009c 0 1 0 0 0 0 0 0 1 0 0 0 0 0
C 505 0000009c 0 0 0 0 5 0
T 506 0000009c 1 1 0 0 0 0 0 0 1 0 1 1 0 0
R 506 247 0000009c 0000006f
C 506 0000009c 1 0 0 1 5 0
T 507 0000009c 0 1 0 0 0 0 0 0 1 0 0 0 0 0
C 507 0000009c 0 0 0 0 5 0
T 508 0000009c 1 1 0 0 0 0 0 0 1 0 1 1 0 0
R 508 248 0000009c 0000006f
C 508 0000009c 1 0 0 1 5 0
T 509 0000009c 0 1 0 0 0 0 0 0 1 0 0 0 0 0
C 509 0000009c 0 0 0 0 5 0
T 510 0000009c 1 1 0 0 0 0 0 0 1 0 1 1 0 0
R 510 249 0000009c 0000006f
C 510 0000009c 1 0 0 1 5 0
T 511 0000009c 0 1 0 0 0 0 0 0 1 0 0 0 0 0
C 511 0000009c 0 0 0 0 5 0
T 512 0000009c 1 1 0 0 0 0 0 0 1 0 1 1 0 0
R 512 250 0000009c 0000006f
C 512 0000009c 1 0 0 1 5 0
T 513 0000009c 0 1 0 0 0 0 0 0 1 0 0 0 0 0
C 513 0000009c 0 0 0 0 5 0
T 514 0000009c 1 1 0 0 0 0 0 0 1 0 1 1 0 0
R 514 251 0000009c 0000006f
C 514 0000009c 1 0 0 1 5 0
T 515 0000009c 0 1 0 0 0 0 0 0 1 0 0 0 0 0
C 515 0000009c 0 0 0 0 5 0
T 516 0000009c 1 1 0 0 0 0 0 0 1 0 1 1 0 0
R 516 252 0000009c 0000006f
C 516 0000009c 1 0 0 1 5 0
T 517 0000009c 0 1 0 0 0 0 0 0 1 0 0 0 0 0
C 517 0000009c 0 0 0 0 5 0
T 518 0000009c 1 1 0 0 0 0 0 0 1 0 1 1 0 0
R 518 253 0000009c 0000006f
C 518 0000009c 1 0 0 1 5 0
T 519 0000009c 0 1 0 0 0 0 0 0 1 0 0 0 0 0
C 519 0000009c 0 0 0 0 5 0
T 520 0000009c 1 1 0 0 0 0 0 0 1 0 1 1 0 0
R 520 254 0000009c 0000006f
C 520 0000009c 1 0 0 1 5 0
T 521 0000009c 0 1 0 0 0 0 0 0 1 0 0 0 0 0
C 521 0000009c 0 0 0 0 5 0
T 522 0000009c 1 1 0 0 0 0 0 0 1 0 1 1 0 0
R 522 255 0000009c 0000006f
C 522 0000009c 1 0 0 1 5 0
T 523 0000009c 0 1 0 0 0 0 0 0 1 0 0 0 0 0
C 523 0000009c 0 0 0 0 5 0
T 524 0000009c 1 1 0 0 0 0 0 0 1 0 1 1 0 0
R 524 256 0000009c 0000006f
C 524 0000009c 1 0 0 1 5 0
T 525 0000009c 0 1 0 0 0 0 0 0 1 0 0 0 0 0
C 525 0000009c 0 0 0 0 5 0
T 526 0000009c 1 1 0 0 0 0 0 0 1 0 1 1 0 0
R 526 257 0000009c 0000006f
C 526 0000009c 1 0 0 1 5 0
T 527 0000009c 0 1 0 0 0 0 0 0 1 0 0 0 0 0
C 527 0000009c 0 0 0 0 5 0
T 528 0000009c 1 1 0 0 0 0 0 0 1 0 1 1 0 0
R 528 258 0000009c 0000006f
C 528 0000009c 1 0 0 1 5 0
T 529 0000009c 0 1 0 0 0 0 0 0 1 0 0 0 0 0
C 529 0000009c 0 0 0 0 5 0
T 530 0000009c 1 1 0 0 0 0 0 0 1 0 1 1 0 0
R 530 259 0000009c 0000006f
C 530 0000009c 1 0 0 1 5 0
T 531 0000009c 0 1 0 0 0 0 0 0 1 0 0 0 0 0
C 531 0000009c 0 0 0 0 5 0
T 532 0000009c 1 1 0 0 0 0 0 0 1 0 1 1 0 0
R 532 260 0000009c 0000006f
C 532 0000009c 1 0 0 1 5 0
T 533 0000009c 0 1 0 0 0 0 0 0 1 0 0 0 0 0
C 533 0000009c 0 0 0 0 5 0
T 534 0000009c 1 1 0 0 0 0 0 0 1 0 1 1 0 0
R 534 261 0000009c 0000006f
C 534 0000009c 1 0 0 1 5 0
T 535 0000009c 0 1 0 0 0 0 0 0 1 0 0 0 0 0
C 535 0000009c 0 0 0 0 5 0
T 536 0000009c 1 1 0 0 0 0 0 0 1 0 1 1 0 0
R 536 262 0000009c 0000006f
C 536 0000009c 1 0 0 1 5 0
T 537 0000009c 0 1 0 0 0 0 0 0 1 0 0 0 0 0
C 537 0000009c 0 0 0 0 5 0
T 538 0000009c 1 1 0 0 0 0 0 0 1 0 1 1 0 0
R 538 263 0000009c 0000006f
C 538 0000009c 1 0 0 1 5 0
T 539 0000009c 0 1 0 0 0 0 0 0 1 0 0 0 0 0
C 539 0000009c 0 0 0 0 5 0
T 540 0000009c 1 1 0 0 0 0 0 0 1 0 1 1 0 0
R 540 264 0000009c 0000006f
C 540 0000009c 1 0 0 1 5 0
T 541 0000009c 0 1 0 0 0 0 0 0 1 0 0 0 0 0
C 541 0000009c 0 0 0 0 5 0
T 542 0000009c 1 1 0 0 0 0 0 0 1 0 1 1 0 0
R 542 265 0000009c 0000006f
C 542 0000009c 1 0 0 1 5 0
T 543 0000009c 0 1 0 0 0 0 0 0 1 0 0 0 0 0
C 543 0000009c 0 0 0 0 5 0
T 544 0000009c 1 1 0 0 0 0 0 0 1 0 1 1 0 0
R 544 266 0000009c 0000006f
C 544 0000009c 1 0 0 1 5 0
T 545 0000009c 0 1 0 0 0 0 0 0 1 0 0 0 0 0
C 545 0000009c 0 0 0 0 5 0
T 546 0000009c 1 1 0 0 0 0 0 0 1 0 1 1 0 0
R 546 267 0000009c 0000006f
C 546 0000009c 1 0 0 1 5 0
T 547 0000009c 0 1 0 0 0 0 0 0 1 0 0 0 0 0
C 547 0000009c 0 0 0 0 5 0
T 548 0000009c 1 1 0 0 0 0 0 0 1 0 1 1 0 0
R 548 268 0000009c 0000006f
C 548 0000009c 1 0 0 1 5 0
T 549 0000009c 0 1 0 0 0 0 0 0 1 0 0 0 0 0
C 549 0000009c 0 0 0 0 5 0
T 550 0000009c 1 1 0 0 0 0 0 0 1 0 1 1 0 0
R 550 269 0000009c 0000006f
C 550 0000009c 1 0 0 1 5 0
T 551 0000009c 0 1 0 0 0 0 0 0 1 0 0 0 0 0
C 551 0000009c 0 0 0 0 5 0
T 552 0000009c 1 1 0 0 0 0 0 0 1 0 1 1 0 0
R 552 270 0000009c 0000006f
C 552 0000009c 1 0 0 1 5 0
T 553 0000009c 0 1 0 0 0 0 0 0 1 0 0 0 0 0
C 553 0000009c 0 0 0 0 5 0
T 554 0000009c 1 1 0 0 0 0 0 0 1 0 1 1 0 0
R 554 271 0000009c 0000006f
C 554 0000009c 1 0 0 1 5 0
T 555 0000009c 0 1 0 0 0 0 0 0 1 0 0 0 0 0
C 555 0000009c 0 0 0 0 5 0
T 556 0000009c 1 1 0 0 0 0 0 0 1 0 1 1 0 0
R 556 272 0000009c 0000006f
C 556 0000009c 1 0 0 1 5 0
T 557 0000009c 0 1 0 0 0 0 0 0 1 0 0 0 0 0
C 557 0000009c 0 0 0 0 5 0
T 558 0000009c 1 1 0 0 0 0 0 0 1 0 1 1 0 0
R 558 273 0000009c 0000006f
C 558 0000009c 1 0 0 1 5 0
T 559 0000009c 0 1 0 0 0 0 0 0 1 0 0 0 0 0
C 559 0000009c 0 0 0 0 5 0
T 560 0000009c 1 1 0 0 0 0 0 0 1 0 1 1 0 0
R 560 274 0000009c 0000006f
C 560 0000009c 1 0 0 1 5 0
T 561 0000009c 0 1 0 0 0 0 0 0 1 0 0 0 0 0
C 561 0000009c 0 0 0 0 5 0
T 562 0000009c 1 1 0 0 0 0 0 0 1 0 1 1 0 0
R 562 275 0000009c 0000006f
C 562 0000009c 1 0 0 1 5 0
T 563 0000009c 0 1 0 0 0 0 0 0 1 0 0 0 0 0
C 563 0000009c 0 0 0 0 5 0
T 564 0000009c 1 1 0 0 0 0 0 0 1 0 1 1 0 0
R 564 276 0000009c 0000006f
C 564 0000009c 1 0 0 1 5 0
T 565 0000009c 0 1 0 0 0 0 0 0 1 0 0 0 0 0
C 565 0000009c 0 0 0 0 5 0
T 566 0000009c 1 1 0 0 0 0 0 0 1 0 1 1 0 0
R 566 277 0000009c 0000006f
C 566 0000009c 1 0 0 1 5 0
T 567 0000009c 0 1 0 0 0 0 0 0 1 0 0 0 0 0
C 567 0000009c 0 0 0 0 5 0
T 568 0000009c 1 1 0 0 0 0 0 0 1 0 1 1 0 0
R 568 278 0000009c 0000006f
C 568 0000009c 1 0 0 1 5 0
T 569 0000009c 0 1 0 0 0 0 0 0 1 0 0 0 0 0
C 569 0000009c 0 0 0 0 5 0
T 570 0000009c 1 1 0 0 0 0 0 0 1 0 1 1 0 0
R 570 279 0000009c 0000006f
C 570 0000009c 1 0 0 1 5 0
T 571 0000009c 0 1 0 0 0 0 0 0 1 0 0 0 0 0
C 571 0000009c 0 0 0 0 5 0
T 572 0000009c 1 1 0 0 0 0 0 0 1 0 1 1 0 0
R 572 280 0000009c 0000006f
C 572 0000009c 1 0 0 1 5 0
T 573 0000009c 0 1 0 0 0 0 0 0 1 0 0 0 0 0
C 573 0000009c 0 0 0 0 5 0
T 574 0000009c 1 1 0 0 0 0 0 0 1 0 1 1 0 0
R 574 281 0000009c 0000006f
C 574 0000009c 1 0 0 1 5 0
T 575 0000009c 0 1 0 0 0 0 0 0 1 0 0 0 0 0
C 575 0000009c 0 0 0 0 5 0
T 576 0000009c 1 1 0 0 0 0 0 0 1 0 1 1 0 0
R 576 282 0000009c 0000006f
C 576 0000009c 1 0 0 1 5 0
T 577 0000009c 0 1 0 0 0 0 0 0 1 0 0 0 0 0
C 577 0000009c 0 0 0 0 5 0
T 578 0000009c 1 1 0 0 0 0 0 0 1 0 1 1 0 0
R 578 283 0000009c 0000006f
C 578 0000009c 1 0 0 1 5 0
T 579 0000009c 0 1 0 0 0 0 0 0 1 0 0 0 0 0
C 579 0000009c 0 0 0 0 5 0
T 580 0000009c 1 1 0 0 0 0 0 0 1 0 1 1 0 0
R 580 284 0000009c 0000006f
C 580 0000009c 1 0 0 1 5 0
T 581 0000009c 0 1 0 0 0 0 0 0 1 0 0 0 0 0
C 581 0000009c 0 0 0 0 5 0
T 582 0000009c 1 1 0 0 0 0 0 0 1 0 1 1 0 0
R 582 285 0000009c 0000006f
C 582 0000009c 1 0 0 1 5 0
T 583 0000009c 0 1 0 0 0 0 0 0 1 0 0 0 0 0
C 583 0000009c 0 0 0 0 5 0
T 584 0000009c 1 1 0 0 0 0 0 0 1 0 1 1 0 0
R 584 286 0000009c 0000006f
C 584 0000009c 1 0 0 1 5 0
T 585 0000009c 0 1 0 0 0 0 0 0 1 0 0 0 0 0
C 585 0000009c 0 0 0 0 5 0
T 586 0000009c 1 1 0 0 0 0 0 0 1 0 1 1 0 0
R 586 287 0000009c 0000006f
C 586 0000009c 1 0 0 1 5 0
T 587 0000009c 0 1 0 0 0 0 0 0 1 0 0 0 0 0
C 587 0000009c 0 0 0 0 5 0
T 588 0000009c 1 1 0 0 0 0 0 0 1 0 1 1 0 0
R 588 288 0000009c 0000006f
C 588 0000009c 1 0 0 1 5 0
T 589 0000009c 0 1 0 0 0 0 0 0 1 0 0 0 0 0
C 589 0000009c 0 0 0 0 5 0
T 590 0000009c 1 1 0 0 0 0 0 0 1 0 1 1 0 0
R 590 289 0000009c 0000006f
C 590 0000009c 1 0 0 1 5 0
T 591 0000009c 0 1 0 0 0 0 0 0 1 0 0 0 0 0
C 591 0000009c 0 0 0 0 5 0
T 592 0000009c 1 1 0 0 0 0 0 0 1 0 1 1 0 0
R 592 290 0000009c 0000006f
C 592 0000009c 1 0 0 1 5 0
T 593 0000009c 0 1 0 0 0 0 0 0 1 0 0 0 0 0
C 593 0000009c 0 0 0 0 5 0
T 594 0000009c 1 1 0 0 0 0 0 0 1 0 1 1 0 0
R 594 291 0000009c 0000006f
C 594 0000009c 1 0 0 1 5 0
T 595 0000009c 0 1 0 0 0 0 0 0 1 0 0 0 0 0
C 595 0000009c 0 0 0 0 5 0
T 596 0000009c 1 1 0 0 0 0 0 0 1 0 1 1 0 0
R 596 292 0000009c 0000006f
C 596 0000009c 1 0 0 1 5 0
T 597 0000009c 0 1 0 0 0 0 0 0 1 0 0 0 0 0
C 597 0000009c 0 0 0 0 5 0
T 598 0000009c 1 1 0 0 0 0 0 0 1 0 1 1 0 0
R 598 293 0000009c 0000006f
C 598 0000009c 1 0 0 1 5 0
T 599 0000009c 0 1 0 0 0 0 0 0 1 0 0 0 0 0
C 599 0000009c 0 0 0 0 5 0
T 600 0000009c 1 1 0 0 0 0 0 0 1 0 1 1 0 0
R 600 294 0000009c 0000006f
C 600 0000009c 1 0 0 1 5 0
T 601 0000009c 0 1 0 0 0 0 0 0 1 0 0 0 0 0
C 601 0000009c 0 0 0 0 5 0
T 602 0000009c 1 1 0 0 0 0 0 0 1 0 1 1 0 0
R 602 295 0000009c 0000006f
C 602 0000009c 1 0 0 1 5 0
T 603 0000009c 0 1 0 0 0 0 0 0 1 0 0 0 0 0
C 603 0000009c 0 0 0 0 5 0
T 604 0000009c 1 1 0 0 0 0 0 0 1 0 1 1 0 0
R 604 296 0000009c 0000006f
C 604 0000009c 1 0 0 1 5 0
T 605 0000009c 0 1 0 0 0 0 0 0 1 0 0 0 0 0
C 605 0000009c 0 0 0 0 5 0
T 606 0000009c 1 1 0 0 0 0 0 0 1 0 1 1 0 0
R 606 297 0000009c 0000006f
C 606 0000009c 1 0 0 1 5 0
T 607 0000009c 0 1 0 0 0 0 0 0 1 0 0 0 0 0
C 607 0000009c 0 0 0 0 5 0
T 608 0000009c 1 1 0 0 0 0 0 0 1 0 1 1 0 0
R 608 298 0000009c 0000006f
C 608 0000009c 1 0 0 1 5 0
T 609 0000009c 0 1 0 0 0 0 0 0 1 0 0 0 0 0
C 609 0000009c 0 0 0 0 5 0
T 610 0000009c 1 1 0 0 0 0 0 0 1 0 1 1 0 0
R 610 299 0000009c 0000006f
C 610 0000009c 1 0 0 1 5 0
T 611 0000009c 0 1 0 0 0 0 0 0 1 0 0 0 0 0
C 611 0000009c 0 0 0 0 5 0
T 612 0000009c 1 1 0 0 0 0 0 0 1 0 1 1 0 0
R 612 300 0000009c 0000006f
C 612 0000009c 1 0 0 1 5 0
T 613 0000009c 0 1 0 0 0 0 0 0 1 0 0 0 0 0
C 613 0000009c 0 0 0 0 5 0
T 614 0000009c 1 1 0 0 0 0 0 0 1 0 1 1 0 0
R 614 301 0000009c 0000006f
C 614 0000009c 1 0 0 1 5 0
T 615 0000009c 0 1 0 0 0 0 0 0 1 0 0 0 0 0
C 615 0000009c 0 0 0 0 5 0
T 616 0000009c 1 1 0 0 0 0 0 0 1 0 1 1 0 0
R 616 302 0000009c 0000006f
C 616 0000009c 1 0 0 1 5 0
T 617 0000009c 0 1 0 0 0 0 0 0 1 0 0 0 0 0
C 617 0000009c 0 0 0 0 5 0
T 618 0000009c 1 1 0 0 0 0 0 0 1 0 1 1 0 0
R 618 303 0000009c 0000006f
C 618 0000009c 1 0 0 1 5 0
T 619 0000009c 0 1 0 0 0 0 0 0 1 0 0 0 0 0
C 619 0000009c 0 0 0 0 5 0
T 620 0000009c 1 1 0 0 0 0 0 0 1 0 1 1 0 0
R 620 304 0000009c 0000006f
C 620 0000009c 1 0 0 1 5 0
T 621 0000009c 0 1 0 0 0 0 0 0 1 0 0 0 0 0
C 621 0000009c 0 0 0 0 5 0
T 622 0000009c 1 1 0 0 0 0 0 0 1 0 1 1 0 0
R 622 305 0000009c 0000006f
C 622 0000009c 1 0 0 1 5 0
T 623 0000009c 0 1 0 0 0 0 0 0 1 0 0 0 0 0
C 623 0000009c 0 0 0 0 5 0
T 624 0000009c 1 1 0 0 0 0 0 0 1 0 1 1 0 0
R 624 306 0000009c 0000006f
C 624 0000009c 1 0 0 1 5 0
T 625 0000009c 0 1 0 0 0 0 0 0 1 0 0 0 0 0
C 625 0000009c 0 0 0 0 5 0
T 626 0000009c 1 1 0 0 0 0 0 0 1 0 1 1 0 0
R 626 307 0000009c 0000006f
C 626 0000009c 1 0 0 1 5 0
T 627 0000009c 0 1 0 0 0 0 0 0 1 0 0 0 0 0
C 627 0000009c 0 0 0 0 5 0
T 628 0000009c 1 1 0 0 0 0 0 0 1 0 1 1 0 0
R 628 308 0000009c 0000006f
C 628 0000009c 1 0 0 1 5 0
T 629 0000009c 0 1 0 0 0 0 0 0 1 0 0 0 0 0
C 629 0000009c 0 0 0 0 5 0
T 630 0000009c 1 1 0 0 0 0 0 0 1 0 1 1 0 0
R 630 309 0000009c 0000006f
C 630 0000009c 1 0 0 1 5 0
T 631 0000009c 0 1 0 0 0 0 0 0 1 0 0 0 0 0
C 631 0000009c 0 0 0 0 5 0
T 632 0000009c 1 1 0 0 0 0 0 0 1 0 1 1 0 0
R 632 310 0000009c 0000006f
C 632 0000009c 1 0 0 1 5 0
T 633 0000009c 0 1 0 0 0 0 0 0 1 0 0 0 0 0
C 633 0000009c 0 0 0 0 5 0
T 634 0000009c 1 1 0 0 0 0 0 0 1 0 1 1 0 0
R 634 311 0000009c 0000006f
C 634 0000009c 1 0 0 1 5 0
T 635 0000009c 0 1 0 0 0 0 0 0 1 0 0 0 0 0
C 635 0000009c 0 0 0 0 5 0
T 636 0000009c 1 1 0 0 0 0 0 0 1 0 1 1 0 0
R 636 312 0000009c 0000006f
C 636 0000009c 1 0 0 1 5 0
T 637 0000009c 0 1 0 0 0 0 0 0 1 0 0 0 0 0
C 637 0000009c 0 0 0 0 5 0
T 638 0000009c 1 1 0 0 0 0 0 0 1 0 1 1 0 0
R 638 313 0000009c 0000006f
C 638 0000009c 1 0 0 1 5 0
T 639 0000009c 0 1 0 0 0 0 0 0 1 0 0 0 0 0
C 639 0000009c 0 0 0 0 5 0
T 640 0000009c 1 1 0 0 0 0 0 0 1 0 1 1 0 0
R 640 314 0000009c 0000006f
C 640 0000009c 1 0 0 1 5 0
T 641 0000009c 0 1 0 0 0 0 0 0 1 0 0 0 0 0
C 641 0000009c 0 0 0 0 5 0
T 642 0000009c 1 1 0 0 0 0 0 0 1 0 1 1 0 0
R 642 315 0000009c 0000006f
C 642 0000009c 1 0 0 1 5 0
T 643 0000009c 0 1 0 0 0 0 0 0 1 0 0 0 0 0
C 643 0000009c 0 0 0 0 5 0
T 644 0000009c 1 1 0 0 0 0 0 0 1 0 1 1 0 0
R 644 316 0000009c 0000006f
C 644 0000009c 1 0 0 1 5 0
T 645 0000009c 0 1 0 0 0 0 0 0 1 0 0 0 0 0
C 645 0000009c 0 0 0 0 5 0
T 646 0000009c 1 1 0 0 0 0 0 0 1 0 1 1 0 0
R 646 317 0000009c 0000006f
C 646 0000009c 1 0 0 1 5 0
T 647 0000009c 0 1 0 0 0 0 0 0 1 0 0 0 0 0
C 647 0000009c 0 0 0 0 5 0
T 648 0000009c 1 1 0 0 0 0 0 0 1 0 1 1 0 0
R 648 318 0000009c 0000006f
C 648 0000009c 1 0 0 1 5 0
T 649 0000009c 0 1 0 0 0 0 0 0 1 0 0 0 0 0
C 649 0000009c 0 0 0 0 5 0
T 650 0000009c 1 1 0 0 0 0 0 0 1 0 1 1 0 0
R 650 319 0000009c 0000006f
C 650 0000009c 1 0 0 1 5 0
T 651 0000009c 0 1 0 0 0 0 0 0 1 0 0 0 0 0
C 651 0000009c 0 0 0 0 5 0
T 652 0000009c 1 1 0 0 0 0 0 0 1 0 1 1 0 0
R 652 320 0000009c 0000006f
C 652 0000009c 1 0 0 1 5 0
T 653 0000009c 0 1 0 0 0 0 0 0 1 0 0 0 0 0
C 653 0000009c 0 0 0 0 5 0
T 654 0000009c 1 1 0 0 0 0 0 0 1 0 1 1 0 0
R 654 321 0000009c 0000006f
C 654 0000009c 1 0 0 1 5 0
T 655 0000009c 0 1 0 0 0 0 0 0 1 0 0 0 0 0
C 655 0000009c 0 0 0 0 5 0
T 656 0000009c 1 1 0 0 0 0 0 0 1 0 1 1 0 0
R 656 322 0000009c 0000006f
C 656 0000009c 1 0 0 1 5 0
T 657 0000009c 0 1 0 0 0 0 0 0 1 0 0 0 0 0
C 657 0000009c 0 0 0 0 5 0
T 658 0000009c 1 1 0 0 0 0 0 0 1 0 1 1 0 0
R 658 323 0000009c 0000006f
C 658 0000009c 1 0 0 1 5 0
T 659 0000009c 0 1 0 0 0 0 0 0 1 0 0 0 0 0
C 659 0000009c 0 0 0 0 5 0
T 660 0000009c 1 1 0 0 0 0 0 0 1 0 1 1 0 0
R 660 324 0000009c 0000006f
C 660 0000009c 1 0 0 1 5 0
T 661 0000009c 0 1 0 0 0 0 0 0 1 0 0 0 0 0
C 661 0000009c 0 0 0 0 5 0
T 662 0000009c 1 1 0 0 0 0 0 0 1 0 1 1 0 0
R 662 325 0000009c 0000006f
C 662 0000009c 1 0 0 1 5 0
T 663 0000009c 0 1 0 0 0 0 0 0 1 0 0 0 0 0
C 663 0000009c 0 0 0 0 5 0
T 664 0000009c 1 1 0 0 0 0 0 0 1 0 1 1 0 0
R 664 326 0000009c 0000006f
C 664 0000009c 1 0 0 1 5 0
T 665 0000009c 0 1 0 0 0 0 0 0 1 0 0 0 0 0
C 665 0000009c 0 0 0 0 5 0
T 666 0000009c 1 1 0 0 0 0 0 0 1 0 1 1 0 0
R 666 327 0000009c 0000006f
C 666 0000009c 1 0 0 1 5 0
T 667 0000009c 0 1 0 0 0 0 0 0 1 0 0 0 0 0
C 667 0000009c 0 0 0 0 5 0
T 668 0000009c 1 1 0 0 0 0 0 0 1 0 1 1 0 0
R 668 328 0000009c 0000006f
C 668 0000009c 1 0 0 1 5 0
T 669 0000009c 0 1 0 0 0 0 0 0 1 0 0 0 0 0
C 669 0000009c 0 0 0 0 5 0
T 670 0000009c 1 1 0 0 0 0 0 0 1 0 1 1 0 0
R 670 329 0000009c 0000006f
C 670 0000009c 1 0 0 1 5 0
T 671 0000009c 0 1 0 0 0 0 0 0 1 0 0 0 0 0
C 671 0000009c 0 0 0 0 5 0
T 672 0000009c 1 1 0 0 0 0 0 0 1 0 1 1 0 0
R 672 330 0000009c 0000006f
C 672 0000009c 1 0 0 1 5 0
T 673 0000009c 0 1 0 0 0 0 0 0 1 0 0 0 0 0
C 673 0000009c 0 0 0 0 5 0
T 674 0000009c 1 1 0 0 0 0 0 0 1 0 1 1 0 0
R 674 331 0000009c 0000006f
C 674 0000009c 1 0 0 1 5 0
T 675 0000009c 0 1 0 0 0 0 0 0 1 0 0 0 0 0
C 675 0000009c 0 0 0 0 5 0
T 676 0000009c 1 1 0 0 0 0 0 0 1 0 1 1 0 0
R 676 332 0000009c 0000006f
C 676 0000009c 1 0 0 1 5 0
T 677 0000009c 0 1 0 0 0 0 0 0 1 0 0 0 0 0
C 677 0000009c 0 0 0 0 5 0
T 678 0000009c 1 1 0 0 0 0 0 0 1 0 1 1 0 0
R 678 333 0000009c 0000006f
C 678 0000009c 1 0 0 1 5 0
T 679 0000009c 0 1 0 0 0 0 0 0 1 0 0 0 0 0
C 679 0000009c 0 0 0 0 5 0
T 680 0000009c 1 1 0 0 0 0 0 0 1 0 1 1 0 0
R 680 334 0000009c 0000006f
C 680 0000009c 1 0 0 1 5 0
T 681 0000009c 0 1 0 0 0 0 0 0 1 0 0 0 0 0
C 681 0000009c 0 0 0 0 5 0
T 682 0000009c 1 1 0 0 0 0 0 0 1 0 1 1 0 0
R 682 335 0000009c 0000006f
C 682 0000009c 1 0 0 1 5 0
T 683 0000009c 0 1 0 0 0 0 0 0 1 0 0 0 0 0
C 683 0000009c 0 0 0 0 5 0
T 684 0000009c 1 1 0 0 0 0 0 0 1 0 1 1 0 0
R 684 336 0000009c 0000006f
C 684 0000009c 1 0 0 1 5 0
T 685 0000009c 0 1 0 0 0 0 0 0 1 0 0 0 0 0
C 685 0000009c 0 0 0 0 5 0
T 686 0000009c 1 1 0 0 0 0 0 0 1 0 1 1 0 0
R 686 337 0000009c 0000006f
C 686 0000009c 1 0 0 1 5 0
T 687 0000009c 0 1 0 0 0 0 0 0 1 0 0 0 0 0
C 687 0000009c 0 0 0 0 5 0
T 688 0000009c 1 1 0 0 0 0 0 0 1 0 1 1 0 0
R 688 338 0000009c 0000006f
C 688 0000009c 1 0 0 1 5 0
T 689 0000009c 0 1 0 0 0 0 0 0 1 0 0 0 0 0
C 689 0000009c 0 0 0 0 5 0
T 690 0000009c 1 1 0 0 0 0 0 0 1 0 1 1 0 0
R 690 339 0000009c 0000006f
C 690 0000009c 1 0 0 1 5 0
T 691 0000009c 0 1 0 0 0 0 0 0 1 0 0 0 0 0
C 691 0000009c 0 0 0 0 5 0
T 692 0000009c 1 1 0 0 0 0 0 0 1 0 1 1 0 0
R 692 340 0000009c 0000006f
C 692 0000009c 1 0 0 1 5 0
T 693 0000009c 0 1 0 0 0 0 0 0 1 0 0 0 0 0
C 693 0000009c 0 0 0 0 5 0
T 694 0000009c 1 1 0 0 0 0 0 0 1 0 1 1 0 0
R 694 341 0000009c 0000006f
C 694 0000009c 1 0 0 1 5 0
T 695 0000009c 0 1 0 0 0 0 0 0 1 0 0 0 0 0
C 695 0000009c 0 0 0 0 5 0
T 696 0000009c 1 1 0 0 0 0 0 0 1 0 1 1 0 0
R 696 342 0000009c 0000006f
C 696 0000009c 1 0 0 1 5 0
T 697 0000009c 0 1 0 0 0 0 0 0 1 0 0 0 0 0
C 697 0000009c 0 0 0 0 5 0
T 698 0000009c 1 1 0 0 0 0 0 0 1 0 1 1 0 0
R 698 343 0000009c 0000006f
C 698 0000009c 1 0 0 1 5 0
T 699 0000009c 0 1 0 0 0 0 0 0 1 0 0 0 0 0
C 699 0000009c 0 0 0 0 5 0
T 700 0000009c 1 1 0 0 0 0 0 0 1 0 1 1 0 0
R 700 344 0000009c 0000006f
C 700 0000009c 1 0 0 1 5 0
T 701 0000009c 0 1 0 0 0 0 0 0 1 0 0 0 0 0
C 701 0000009c 0 0 0 0 5 0
T 702 0000009c 1 1 0 0 0 0 0 0 1 0 1 1 0 0
R 702 345 0000009c 0000006f
C 702 0000009c 1 0 0 1 5 0
T 703 0000009c 0 1 0 0 0 0 0 0 1 0 0 0 0 0
C 703 0000009c 0 0 0 0 5 0
T 704 0000009c 1 1 0 0 0 0 0 0 1 0 1 1 0 0
R 704 346 0000009c 0000006f
C 704 0000009c 1 0 0 1 5 0
T 705 0000009c 0 1 0 0 0 0 0 0 1 0 0 0 0 0
C 705 0000009c 0 0 0 0 5 0
T 706 0000009c 1 1 0 0 0 0 0 0 1 0 1 1 0 0
R 706 347 0000009c 0000006f
C 706 0000009c 1 0 0 1 5 0
T 707 0000009c 0 1 0 0 0 0 0 0 1 0 0 0 0 0
C 707 0000009c 0 0 0 0 5 0
T 708 0000009c 1 1 0 0 0 0 0 0 1 0 1 1 0 0
R 708 348 0000009c 0000006f
C 708 0000009c 1 0 0 1 5 0
T 709 0000009c 0 1 0 0 0 0 0 0 1 0 0 0 0 0
C 709 0000009c 0 0 0 0 5 0
T 710 0000009c 1 1 0 0 0 0 0 0 1 0 1 1 0 0
R 710 349 0000009c 0000006f
C 710 0000009c 1 0 0 1 5 0
T 711 0000009c 0 1 0 0 0 0 0 0 1 0 0 0 0 0
C 711 0000009c 0 0 0 0 5 0
T 712 0000009c 1 1 0 0 0 0 0 0 1 0 1 1 0 0
R 712 350 0000009c 0000006f
C 712 0000009c 1 0 0 1 5 0
T 713 0000009c 0 1 0 0 0 0 0 0 1 0 0 0 0 0
C 713 0000009c 0 0 0 0 5 0
T 714 0000009c 1 1 0 0 0 0 0 0 1 0 1 1 0 0
R 714 351 0000009c 0000006f
C 714 0000009c 1 0 0 1 5 0
T 715 0000009c 0 1 0 0 0 0 0 0 1 0 0 0 0 0
C 715 0000009c 0 0 0 0 5 0
T 716 0000009c 1 1 0 0 0 0 0 0 1 0 1 1 0 0
R 716 352 0000009c 0000006f
C 716 0000009c 1 0 0 1 5 0
T 717 0000009c 0 1 0 0 0 0 0 0 1 0 0 0 0 0
C 717 0000009c 0 0 0 0 5 0
T 718 0000009c 1 1 0 0 0 0 0 0 1 0 1 1 0 0
R 718 353 0000009c 0000006f
C 718 0000009c 1 0 0 1 5 0
T 719 0000009c 0 1 0 0 0 0 0 0 1 0 0 0 0 0
C 719 0000009c 0 0 0 0 5 0
T 720 0000009c 1 1 0 0 0 0 0 0 1 0 1 1 0 0
R 720 354 0000009c 0000006f
C 720 0000009c 1 0 0 1 5 0
T 721 0000009c 0 1 0 0 0 0 0 0 1 0 0 0 0 0
C 721 0000009c 0 0 0 0 5 0
T 722 0000009c 1 1 0 0 0 0 0 0 1 0 1 1 0 0
R 722 355 0000009c 0000006f
C 722 0000009c 1 0 0 1 5 0
T 723 0000009c 0 1 0 0 0 0 0 0 1 0 0 0 0 0
C 723 0000009c 0 0 0 0 5 0
T 724 0000009c 1 1 0 0 0 0 0 0 1 0 1 1 0 0
R 724 356 0000009c 0000006f
C 724 0000009c 1 0 0 1 5 0
T 725 0000009c 0 1 0 0 0 0 0 0 1 0 0 0 0 0
C 725 0000009c 0 0 0 0 5 0
T 726 0000009c 1 1 0 0 0 0 0 0 1 0 1 1 0 0
R 726 357 0000009c 0000006f
C 726 0000009c 1 0 0 1 5 0
T 727 0000009c 0 1 0 0 0 0 0 0 1 0 0 0 0 0
C 727 0000009c 0 0 0 0 5 0
T 728 0000009c 1 1 0 0 0 0 0 0 1 0 1 1 0 0
R 728 358 0000009c 0000006f
C 728 0000009c 1 0 0 1 5 0
T 729 0000009c 0 1 0 0 0 0 0 0 1 0 0 0 0 0
C 729 0000009c 0 0 0 0 5 0
T 730 0000009c 1 1 0 0 0 0 0 0 1 0 1 1 0 0
R 730 359 0000009c 0000006f
C 730 0000009c 1 0 0 1 5 0
T 731 0000009c 0 1 0 0 0 0 0 0 1 0 0 0 0 0
C 731 0000009c 0 0 0 0 5 0
T 732 0000009c 1 1 0 0 0 0 0 0 1 0 1 1 0 0
R 732 360 0000009c 0000006f
C 732 0000009c 1 0 0 1 5 0
T 733 0000009c 0 1 0 0 0 0 0 0 1 0 0 0 0 0
C 733 0000009c 0 0 0 0 5 0
T 734 0000009c 1 1 0 0 0 0 0 0 1 0 1 1 0 0
R 734 361 0000009c 0000006f
C 734 0000009c 1 0 0 1 5 0
T 735 0000009c 0 1 0 0 0 0 0 0 1 0 0 0 0 0
C 735 0000009c 0 0 0 0 5 0
T 736 0000009c 1 1 0 0 0 0 0 0 1 0 1 1 0 0
R 736 362 0000009c 0000006f
C 736 0000009c 1 0 0 1 5 0
T 737 0000009c 0 1 0 0 0 0 0 0 1 0 0 0 0 0
C 737 0000009c 0 0 0 0 5 0
T 738 0000009c 1 1 0 0 0 0 0 0 1 0 1 1 0 0
R 738 363 0000009c 0000006f
C 738 0000009c 1 0 0 1 5 0
T 739 0000009c 0 1 0 0 0 0 0 0 1 0 0 0 0 0
C 739 0000009c 0 0 0 0 5 0
T 740 0000009c 1 1 0 0 0 0 0 0 1 0 1 1 0 0
R 740 364 0000009c 0000006f
C 740 0000009c 1 0 0 1 5 0
T 741 0000009c 0 1 0 0 0 0 0 0 1 0 0 0 0 0
C 741 0000009c 0 0 0 0 5 0
T 742 0000009c 1 1 0 0 0 0 0 0 1 0 1 1 0 0
R 742 365 0000009c 0000006f
C 742 0000009c 1 0 0 1 5 0
T 743 0000009c 0 1 0 0 0 0 0 0 1 0 0 0 0 0
C 743 0000009c 0 0 0 0 5 0
T 744 0000009c 1 1 0 0 0 0 0 0 1 0 1 1 0 0
R 744 366 0000009c 0000006f
C 744 0000009c 1 0 0 1 5 0
T 745 0000009c 0 1 0 0 0 0 0 0 1 0 0 0 0 0
C 745 0000009c 0 0 0 0 5 0
T 746 0000009c 1 1 0 0 0 0 0 0 1 0 1 1 0 0
R 746 367 0000009c 0000006f
C 746 0000009c 1 0 0 1 5 0
T 747 0000009c 0 1 0 0 0 0 0 0 1 0 0 0 0 0
C 747 0000009c 0 0 0 0 5 0
T 748 0000009c 1 1 0 0 0 0 0 0 1 0 1 1 0 0
R 748 368 0000009c 0000006f
C 748 0000009c 1 0 0 1 5 0
T 749 0000009c 0 1 0 0 0 0 0 0 1 0 0 0 0 0
C 749 0000009c 0 0 0 0 5 0
T 750 0000009c 1 1 0 0 0 0 0 0 1 0 1 1 0 0
R 750 369 0000009c 0000006f
C 750 0000009c 1 0 0 1 5 0
T 751 0000009c 0 1 0 0 0 0 0 0 1 0 0 0 0 0
C 751 0000009c 0 0 0 0 5 0
T 752 0000009c 1 1 0 0 0 0 0 0 1 0 1 1 0 0
R 752 370 0000009c 0000006f
C 752 0000009c 1 0 0 1 5 0
T 753 0000009c 0 1 0 0 0 0 0 0 1 0 0 0 0 0
C 753 0000009c 0 0 0 0 5 0
T 754 0000009c 1 1 0 0 0 0 0 0 1 0 1 1 0 0
R 754 371 0000009c 0000006f
C 754 0000009c 1 0 0 1 5 0
T 755 0000009c 0 1 0 0 0 0 0 0 1 0 0 0 0 0
C 755 0000009c 0 0 0 0 5 0
T 756 0000009c 1 1 0 0 0 0 0 0 1 0 1 1 0 0
R 756 372 0000009c 0000006f
C 756 0000009c 1 0 0 1 5 0
T 757 0000009c 0 1 0 0 0 0 0 0 1 0 0 0 0 0
C 757 0000009c 0 0 0 0 5 0
T 758 0000009c 1 1 0 0 0 0 0 0 1 0 1 1 0 0
R 758 373 0000009c 0000006f
C 758 0000009c 1 0 0 1 5 0
T 759 0000009c 0 1 0 0 0 0 0 0 1 0 0 0 0 0
C 759 0000009c 0 0 0 0 5 0
T 760 0000009c 1 1 0 0 0 0 0 0 1 0 1 1 0 0
R 760 374 0000009c 0000006f
C 760 0000009c 1 0 0 1 5 0
T 761 0000009c 0 1 0 0 0 0 0 0 1 0 0 0 0 0
C 761 0000009c 0 0 0 0 5 0
T 762 0000009c 1 1 0 0 0 0 0 0 1 0 1 1 0 0
R 762 375 0000009c 0000006f
C 762 0000009c 1 0 0 1 5 0
T 763 0000009c 0 1 0 0 0 0 0 0 1 0 0 0 0 0
C 763 0000009c 0 0 0 0 5 0
T 764 0000009c 1 1 0 0 0 0 0 0 1 0 1 1 0 0
R 764 376 0000009c 0000006f
C 764 0000009c 1 0 0 1 5 0
T 765 0000009c 0 1 0 0 0 0 0 0 1 0 0 0 0 0
C 765 0000009c 0 0 0 0 5 0
T 766 0000009c 1 1 0 0 0 0 0 0 1 0 1 1 0 0
R 766 377 0000009c 0000006f
C 766 0000009c 1 0 0 1 5 0
T 767 0000009c 0 1 0 0 0 0 0 0 1 0 0 0 0 0
C 767 0000009c 0 0 0 0 5 0
T 768 0000009c 1 1 0 0 0 0 0 0 1 0 1 1 0 0
R 768 378 0000009c 0000006f
C 768 0000009c 1 0 0 1 5 0
T 769 0000009c 0 1 0 0 0 0 0 0 1 0 0 0 0 0
C 769 0000009c 0 0 0 0 5 0
T 770 0000009c 1 1 0 0 0 0 0 0 1 0 1 1 0 0
R 770 379 0000009c 0000006f
C 770 0000009c 1 0 0 1 5 0
T 771 0000009c 0 1 0 0 0 0 0 0 1 0 0 0 0 0
C 771 0000009c 0 0 0 0 5 0
T 772 0000009c 1 1 0 0 0 0 0 0 1 0 1 1 0 0
R 772 380 0000009c 0000006f
C 772 0000009c 1 0 0 1 5 0
T 773 0000009c 0 1 0 0 0 0 0 0 1 0 0 0 0 0
C 773 0000009c 0 0 0 0 5 0
T 774 0000009c 1 1 0 0 0 0 0 0 1 0 1 1 0 0
R 774 381 0000009c 0000006f
C 774 0000009c 1 0 0 1 5 0
T 775 0000009c 0 1 0 0 0 0 0 0 1 0 0 0 0 0
C 775 0000009c 0 0 0 0 5 0
T 776 0000009c 1 1 0 0 0 0 0 0 1 0 1 1 0 0
R 776 382 0000009c 0000006f
C 776 0000009c 1 0 0 1 5 0
T 777 0000009c 0 1 0 0 0 0 0 0 1 0 0 0 0 0
C 777 0000009c 0 0 0 0 5 0
T 778 0000009c 1 1 0 0 0 0 0 0 1 0 1 1 0 0
R 778 383 0000009c 0000006f
C 778 0000009c 1 0 0 1 5 0
T 779 0000009c 0 1 0 0 0 0 0 0 1 0 0 0 0 0
C 779 0000009c 0 0 0 0 5 0
T 780 0000009c 1 1 0 0 0 0 0 0 1 0 1 1 0 0
R 780 384 0000009c 0000006f
C 780 0000009c 1 0 0 1 5 0
T 781 0000009c 0 1 0 0 0 0 0 0 1 0 0 0 0 0
C 781 0000009c 0 0 0 0 5 0
T 782 0000009c 1 1 0 0 0 0 0 0 1 0 1 1 0 0
R 782 385 0000009c 0000006f
C 782 0000009c 1 0 0 1 5 0
T 783 0000009c 0 1 0 0 0 0 0 0 1 0 0 0 0 0
C 783 0000009c 0 0 0 0 5 0
T 784 0000009c 1 1 0 0 0 0 0 0 1 0 1 1 0 0
R 784 386 0000009c 0000006f
C 784 0000009c 1 0 0 1 5 0
T 785 0000009c 0 1 0 0 0 0 0 0 1 0 0 0 0 0
C 785 0000009c 0 0 0 0 5 0
T 786 0000009c 1 1 0 0 0 0 0 0 1 0 1 1 0 0
R 786 387 0000009c 0000006f
C 786 0000009c 1 0 0 1 5 0
T 787 0000009c 0 1 0 0 0 0 0 0 1 0 0 0 0 0
C 787 0000009c 0 0 0 0 5 0
T 788 0000009c 1 1 0 0 0 0 0 0 1 0 1 1 0 0
R 788 388 0000009c 0000006f
C 788 0000009c 1 0 0 1 5 0
T 789 0000009c 0 1 0 0 0 0 0 0 1 0 0 0 0 0
C 789 0000009c 0 0 0 0 5 0
T 790 0000009c 1 1 0 0 0 0 0 0 1 0 1 1 0 0
R 790 389 0000009c 0000006f
C 790 0000009c 1 0 0 1 5 0
T 791 0000009c 0 1 0 0 0 0 0 0 1 0 0 0 0 0
C 791 0000009c 0 0 0 0 5 0
T 792 0000009c 1 1 0 0 0 0 0 0 1 0 1 1 0 0
R 792 390 0000009c 0000006f
C 792 0000009c 1 0 0 1 5 0
T 793 0000009c 0 1 0 0 0 0 0 0 1 0 0 0 0 0
C 793 0000009c 0 0 0 0 5 0
T 794 0000009c 1 1 0 0 0 0 0 0 1 0 1 1 0 0
R 794 391 0000009c 0000006f
C 794 0000009c 1 0 0 1 5 0
T 795 0000009c 0 1 0 0 0 0 0 0 1 0 0 0 0 0
C 795 0000009c 0 0 0 0 5 0
T 796 0000009c 1 1 0 0 0 0 0 0 1 0 1 1 0 0
R 796 392 0000009c 0000006f
C 796 0000009c 1 0 0 1 5 0
T 797 0000009c 0 1 0 0 0 0 0 0 1 0 0 0 0 0
C 797 0000009c 0 0 0 0 5 0
T 798 0000009c 1 1 0 0 0 0 0 0 1 0 1 1 0 0
R 798 393 0000009c 0000006f
C 798 0000009c 1 0 0 1 5 0
T 799 0000009c 0 1 0 0 0 0 0 0 1 0 0 0 0 0
C 799 0000009c 0 0 0 0 5 0
T 800 0000009c 1 1 0 0 0 0 0 0 1 0 1 1 0 0
R 800 394 0000009c 0000006f
C 800 0000009c 1 0 0 1 5 0
T 801 0000009c 0 1 0 0 0 0 0 0 1 0 0 0 0 0
C 801 0000009c 0 0 0 0 5 0
T 802 0000009c 1 1 0 0 0 0 0 0 1 0 1 1 0 0
R 802 395 0000009c 0000006f
C 802 0000009c 1 0 0 1 5 0
T 803 0000009c 0 1 0 0 0 0 0 0 1 0 0 0 0 0
C 803 0000009c 0 0 0 0 5 0
T 804 0000009c 1 1 0 0 0 0 0 0 1 0 1 1 0 0
R 804 396 0000009c 0000006f
C 804 0000009c 1 0 0 1 5 0
T 805 0000009c 0 1 0 0 0 0 0 0 1 0 0 0 0 0
C 805 0000009c 0 0 0 0 5 0
T 806 0000009c 1 1 0 0 0 0 0 0 1 0 1 1 0 0
R 806 397 0000009c 0000006f
C 806 0000009c 1 0 0 1 5 0
T 807 0000009c 0 1 0 0 0 0 0 0 1 0 0 0 0 0
C 807 0000009c 0 0 0 0 5 0
T 808 0000009c 1 1 0 0 0 0 0 0 1 0 1 1 0 0
R 808 398 0000009c 0000006f
C 808 0000009c 1 0 0 1 5 0
T 809 0000009c 0 1 0 0 0 0 0 0 1 0 0 0 0 0
C 809 0000009c 0 0 0 0 5 0
T 810 0000009c 1 1 0 0 0 0 0 0 1 0 1 1 0 0
R 810 399 0000009c 0000006f
C 810 0000009c 1 0 0 1 5 0
T 811 0000009c 0 1 0 0 0 0 0 0 1 0 0 0 0 0
C 811 0000009c 0 0 0 0 5 0
T 812 0000009c 1 1 0 0 0 0 0 0 1 0 1 1 0 0
R 812 400 0000009c 0000006f
C 812 0000009c 1 0 0 1 5 0
T 813 0000009c 0 1 0 0 0 0 0 0 1 0 0 0 0 0
C 813 0000009c 0 0 0 0 5 0
T 814 0000009c 1 1 0 0 0 0 0 0 1 0 1 1 0 0
R 814 401 0000009c 0000006f
C 814 0000009c 1 0 0 1 5 0
T 815 0000009c 0 1 0 0 0 0 0 0 1 0 0 0 0 0
C 815 0000009c 0 0 0 0 5 0
T 816 0000009c 1 1 0 0 0 0 0 0 1 0 1 1 0 0
R 816 402 0000009c 0000006f
C 816 0000009c 1 0 0 1 5 0
T 817 0000009c 0 1 0 0 0 0 0 0 1 0 0 0 0 0
C 817 0000009c 0 0 0 0 5 0
T 818 0000009c 1 1 0 0 0 0 0 0 1 0 1 1 0 0
R 818 403 0000009c 0000006f
C 818 0000009c 1 0 0 1 5 0
T 819 0000009c 0 1 0 0 0 0 0 0 1 0 0 0 0 0
C 819 0000009c 0 0 0 0 5 0
T 820 0000009c 1 1 0 0 0 0 0 0 1 0 1 1 0 0
R 820 404 0000009c 0000006f
C 820 0000009c 1 0 0 1 5 0
T 821 0000009c 0 1 0 0 0 0 0 0 1 0 0 0 0 0
C 821 0000009c 0 0 0 0 5 0
T 822 0000009c 1 1 0 0 0 0 0 0 1 0 1 1 0 0
R 822 405 0000009c 0000006f
C 822 0000009c 1 0 0 1 5 0
T 823 0000009c 0 1 0 0 0 0 0 0 1 0 0 0 0 0
C 823 0000009c 0 0 0 0 5 0
T 824 0000009c 1 1 0 0 0 0 0 0 1 0 1 1 0 0
R 824 406 0000009c 0000006f
C 824 0000009c 1 0 0 1 5 0
T 825 0000009c 0 1 0 0 0 0 0 0 1 0 0 0 0 0
C 825 0000009c 0 0 0 0 5 0
T 826 0000009c 1 1 0 0 0 0 0 0 1 0 1 1 0 0
R 826 407 0000009c 0000006f
C 826 0000009c 1 0 0 1 5 0
T 827 0000009c 0 1 0 0 0 0 0 0 1 0 0 0 0 0
C 827 0000009c 0 0 0 0 5 0
T 828 0000009c 1 1 0 0 0 0 0 0 1 0 1 1 0 0
R 828 408 0000009c 0000006f
C 828 0000009c 1 0 0 1 5 0
T 829 0000009c 0 1 0 0 0 0 0 0 1 0 0 0 0 0
C 829 0000009c 0 0 0 0 5 0
T 830 0000009c 1 1 0 0 0 0 0 0 1 0 1 1 0 0
R 830 409 0000009c 0000006f
C 830 0000009c 1 0 0 1 5 0
T 831 0000009c 0 1 0 0 0 0 0 0 1 0 0 0 0 0
C 831 0000009c 0 0 0 0 5 0
T 832 0000009c 1 1 0 0 0 0 0 0 1 0 1 1 0 0
R 832 410 0000009c 0000006f
C 832 0000009c 1 0 0 1 5 0
T 833 0000009c 0 1 0 0 0 0 0 0 1 0 0 0 0 0
C 833 0000009c 0 0 0 0 5 0
T 834 0000009c 1 1 0 0 0 0 0 0 1 0 1 1 0 0
R 834 411 0000009c 0000006f
C 834 0000009c 1 0 0 1 5 0
T 835 0000009c 0 1 0 0 0 0 0 0 1 0 0 0 0 0
C 835 0000009c 0 0 0 0 5 0
T 836 0000009c 1 1 0 0 0 0 0 0 1 0 1 1 0 0
R 836 412 0000009c 0000006f
C 836 0000009c 1 0 0 1 5 0
T 837 0000009c 0 1 0 0 0 0 0 0 1 0 0 0 0 0
C 837 0000009c 0 0 0 0 5 0
T 838 0000009c 1 1 0 0 0 0 0 0 1 0 1 1 0 0
R 838 413 0000009c 0000006f
C 838 0000009c 1 0 0 1 5 0
T 839 0000009c 0 1 0 0 0 0 0 0 1 0 0 0 0 0
C 839 0000009c 0 0 0 0 5 0
T 840 0000009c 1 1 0 0 0 0 0 0 1 0 1 1 0 0
R 840 414 0000009c 0000006f
C 840 0000009c 1 0 0 1 5 0
T 841 0000009c 0 1 0 0 0 0 0 0 1 0 0 0 0 0
C 841 0000009c 0 0 0 0 5 0
T 842 0000009c 1 1 0 0 0 0 0 0 1 0 1 1 0 0
R 842 415 0000009c 0000006f
C 842 0000009c 1 0 0 1 5 0
T 843 0000009c 0 1 0 0 0 0 0 0 1 0 0 0 0 0
C 843 0000009c 0 0 0 0 5 0
T 844 0000009c 1 1 0 0 0 0 0 0 1 0 1 1 0 0
R 844 416 0000009c 0000006f
C 844 0000009c 1 0 0 1 5 0
T 845 0000009c 0 1 0 0 0 0 0 0 1 0 0 0 0 0
C 845 0000009c 0 0 0 0 5 0
T 846 0000009c 1 1 0 0 0 0 0 0 1 0 1 1 0 0
R 846 417 0000009c 0000006f
C 846 0000009c 1 0 0 1 5 0
T 847 0000009c 0 1 0 0 0 0 0 0 1 0 0 0 0 0
C 847 0000009c 0 0 0 0 5 0
T 848 0000009c 1 1 0 0 0 0 0 0 1 0 1 1 0 0
R 848 418 0000009c 0000006f
C 848 0000009c 1 0 0 1 5 0
T 849 0000009c 0 1 0 0 0 0 0 0 1 0 0 0 0 0
C 849 0000009c 0 0 0 0 5 0
T 850 0000009c 1 1 0 0 0 0 0 0 1 0 1 1 0 0
R 850 419 0000009c 0000006f
C 850 0000009c 1 0 0 1 5 0
T 851 0000009c 0 1 0 0 0 0 0 0 1 0 0 0 0 0
C 851 0000009c 0 0 0 0 5 0
T 852 0000009c 1 1 0 0 0 0 0 0 1 0 1 1 0 0
R 852 420 0000009c 0000006f
C 852 0000009c 1 0 0 1 5 0
T 853 0000009c 0 1 0 0 0 0 0 0 1 0 0 0 0 0
C 853 0000009c 0 0 0 0 5 0
T 854 0000009c 1 1 0 0 0 0 0 0 1 0 1 1 0 0
R 854 421 0000009c 0000006f
C 854 0000009c 1 0 0 1 5 0
T 855 0000009c 0 1 0 0 0 0 0 0 1 0 0 0 0 0
C 855 0000009c 0 0 0 0 5 0
T 856 0000009c 1 1 0 0 0 0 0 0 1 0 1 1 0 0
R 856 422 0000009c 0000006f
C 856 0000009c 1 0 0 1 5 0
T 857 0000009c 0 1 0 0 0 0 0 0 1 0 0 0 0 0
C 857 0000009c 0 0 0 0 5 0
T 858 0000009c 1 1 0 0 0 0 0 0 1 0 1 1 0 0
R 858 423 0000009c 0000006f
C 858 0000009c 1 0 0 1 5 0
T 859 0000009c 0 1 0 0 0 0 0 0 1 0 0 0 0 0
C 859 0000009c 0 0 0 0 5 0
T 860 0000009c 1 1 0 0 0 0 0 0 1 0 1 1 0 0
R 860 424 0000009c 0000006f
C 860 0000009c 1 0 0 1 5 0
T 861 0000009c 0 1 0 0 0 0 0 0 1 0 0 0 0 0
C 861 0000009c 0 0 0 0 5 0
T 862 0000009c 1 1 0 0 0 0 0 0 1 0 1 1 0 0
R 862 425 0000009c 0000006f
C 862 0000009c 1 0 0 1 5 0
T 863 0000009c 0 1 0 0 0 0 0 0 1 0 0 0 0 0
C 863 0000009c 0 0 0 0 5 0
T 864 0000009c 1 1 0 0 0 0 0 0 1 0 1 1 0 0
R 864 426 0000009c 0000006f
C 864 0000009c 1 0 0 1 5 0
T 865 0000009c 0 1 0 0 0 0 0 0 1 0 0 0 0 0
C 865 0000009c 0 0 0 0 5 0
T 866 0000009c 1 1 0 0 0 0 0 0 1 0 1 1 0 0
R 866 427 0000009c 0000006f
C 866 0000009c 1 0 0 1 5 0
T 867 0000009c 0 1 0 0 0 0 0 0 1 0 0 0 0 0
C 867 0000009c 0 0 0 0 5 0
T 868 0000009c 1 1 0 0 0 0 0 0 1 0 1 1 0 0
R 868 428 0000009c 0000006f
C 868 0000009c 1 0 0 1 5 0
T 869 0000009c 0 1 0 0 0 0 0 0 1 0 0 0 0 0
C 869 0000009c 0 0 0 0 5 0
T 870 0000009c 1 1 0 0 0 0 0 0 1 0 1 1 0 0
R 870 429 0000009c 0000006f
C 870 0000009c 1 0 0 1 5 0
T 871 0000009c 0 1 0 0 0 0 0 0 1 0 0 0 0 0
C 871 0000009c 0 0 0 0 5 0
T 872 0000009c 1 1 0 0 0 0 0 0 1 0 1 1 0 0
R 872 430 0000009c 0000006f
C 872 0000009c 1 0 0 1 5 0
T 873 0000009c 0 1 0 0 0 0 0 0 1 0 0 0 0 0
C 873 0000009c 0 0 0 0 5 0
T 874 0000009c 1 1 0 0 0 0 0 0 1 0 1 1 0 0
R 874 431 0000009c 0000006f
C 874 0000009c 1 0 0 1 5 0
T 875 0000009c 0 1 0 0 0 0 0 0 1 0 0 0 0 0
C 875 0000009c 0 0 0 0 5 0
T 876 0000009c 1 1 0 0 0 0 0 0 1 0 1 1 0 0
R 876 432 0000009c 0000006f
C 876 0000009c 1 0 0 1 5 0
T 877 0000009c 0 1 0 0 0 0 0 0 1 0 0 0 0 0
C 877 0000009c 0 0 0 0 5 0
T 878 0000009c 1 1 0 0 0 0 0 0 1 0 1 1 0 0
R 878 433 0000009c 0000006f
C 878 0000009c 1 0 0 1 5 0
T 879 0000009c 0 1 0 0 0 0 0 0 1 0 0 0 0 0
C 879 0000009c 0 0 0 0 5 0
T 880 0000009c 1 1 0 0 0 0 0 0 1 0 1 1 0 0
R 880 434 0000009c 0000006f
C 880 0000009c 1 0 0 1 5 0
T 881 0000009c 0 1 0 0 0 0 0 0 1 0 0 0 0 0
C 881 0000009c 0 0 0 0 5 0
T 882 0000009c 1 1 0 0 0 0 0 0 1 0 1 1 0 0
R 882 435 0000009c 0000006f
C 882 0000009c 1 0 0 1 5 0
T 883 0000009c 0 1 0 0 0 0 0 0 1 0 0 0 0 0
C 883 0000009c 0 0 0 0 5 0
T 884 0000009c 1 1 0 0 0 0 0 0 1 0 1 1 0 0
R 884 436 0000009c 0000006f
C 884 0000009c 1 0 0 1 5 0
T 885 0000009c 0 1 0 0 0 0 0 0 1 0 0 0 0 0
C 885 0000009c 0 0 0 0 5 0
T 886 0000009c 1 1 0 0 0 0 0 0 1 0 1 1 0 0
R 886 437 0000009c 0000006f
C 886 0000009c 1 0 0 1 5 0
T 887 0000009c 0 1 0 0 0 0 0 0 1 0 0 0 0 0
C 887 0000009c 0 0 0 0 5 0
T 888 0000009c 1 1 0 0 0 0 0 0 1 0 1 1 0 0
R 888 438 0000009c 0000006f
C 888 0000009c 1 0 0 1 5 0
T 889 0000009c 0 1 0 0 0 0 0 0 1 0 0 0 0 0
C 889 0000009c 0 0 0 0 5 0
T 890 0000009c 1 1 0 0 0 0 0 0 1 0 1 1 0 0
R 890 439 0000009c 0000006f
C 890 0000009c 1 0 0 1 5 0
T 891 0000009c 0 1 0 0 0 0 0 0 1 0 0 0 0 0
C 891 0000009c 0 0 0 0 5 0
T 892 0000009c 1 1 0 0 0 0 0 0 1 0 1 1 0 0
R 892 440 0000009c 0000006f
C 892 0000009c 1 0 0 1 5 0
T 893 0000009c 0 1 0 0 0 0 0 0 1 0 0 0 0 0
C 893 0000009c 0 0 0 0 5 0
T 894 0000009c 1 1 0 0 0 0 0 0 1 0 1 1 0 0
R 894 441 0000009c 0000006f
C 894 0000009c 1 0 0 1 5 0
T 895 0000009c 0 1 0 0 0 0 0 0 1 0 0 0 0 0
C 895 0000009c 0 0 0 0 5 0
T 896 0000009c 1 1 0 0 0 0 0 0 1 0 1 1 0 0
R 896 442 0000009c 0000006f
C 896 0000009c 1 0 0 1 5 0
T 897 0000009c 0 1 0 0 0 0 0 0 1 0 0 0 0 0
C 897 0000009c 0 0 0 0 5 0
T 898 0000009c 1 1 0 0 0 0 0 0 1 0 1 1 0 0
R 898 443 0000009c 0000006f
C 898 0000009c 1 0 0 1 5 0
T 899 0000009c 0 1 0 0 0 0 0 0 1 0 0 0 0 0
C 899 0000009c 0 0 0 0 5 0
T 900 0000009c 1 1 0 0 0 0 0 0 1 0 1 1 0 0
R 900 444 0000009c 0000006f
C 900 0000009c 1 0 0 1 5 0
T 901 0000009c 0 1 0 0 0 0 0 0 1 0 0 0 0 0
C 901 0000009c 0 0 0 0 5 0
T 902 0000009c 1 1 0 0 0 0 0 0 1 0 1 1 0 0
R 902 445 0000009c 0000006f
C 902 0000009c 1 0 0 1 5 0
T 903 0000009c 0 1 0 0 0 0 0 0 1 0 0 0 0 0
C 903 0000009c 0 0 0 0 5 0
T 904 0000009c 1 1 0 0 0 0 0 0 1 0 1 1 0 0
R 904 446 0000009c 0000006f
C 904 0000009c 1 0 0 1 5 0
T 905 0000009c 0 1 0 0 0 0 0 0 1 0 0 0 0 0
C 905 0000009c 0 0 0 0 5 0
T 906 0000009c 1 1 0 0 0 0 0 0 1 0 1 1 0 0
R 906 447 0000009c 0000006f
C 906 0000009c 1 0 0 1 5 0
T 907 0000009c 0 1 0 0 0 0 0 0 1 0 0 0 0 0
C 907 0000009c 0 0 0 0 5 0
T 908 0000009c 1 1 0 0 0 0 0 0 1 0 1 1 0 0
R 908 448 0000009c 0000006f
C 908 0000009c 1 0 0 1 5 0
T 909 0000009c 0 1 0 0 0 0 0 0 1 0 0 0 0 0
C 909 0000009c 0 0 0 0 5 0
T 910 0000009c 1 1 0 0 0 0 0 0 1 0 1 1 0 0
R 910 449 0000009c 0000006f
C 910 0000009c 1 0 0 1 5 0
T 911 0000009c 0 1 0 0 0 0 0 0 1 0 0 0 0 0
C 911 0000009c 0 0 0 0 5 0
T 912 0000009c 1 1 0 0 0 0 0 0 1 0 1 1 0 0
R 912 450 0000009c 0000006f
C 912 0000009c 1 0 0 1 5 0
T 913 0000009c 0 1 0 0 0 0 0 0 1 0 0 0 0 0
C 913 0000009c 0 0 0 0 5 0
T 914 0000009c 1 1 0 0 0 0 0 0 1 0 1 1 0 0
R 914 451 0000009c 0000006f
C 914 0000009c 1 0 0 1 5 0
T 915 0000009c 0 1 0 0 0 0 0 0 1 0 0 0 0 0
C 915 0000009c 0 0 0 0 5 0
T 916 0000009c 1 1 0 0 0 0 0 0 1 0 1 1 0 0
R 916 452 0000009c 0000006f
C 916 0000009c 1 0 0 1 5 0
T 917 0000009c 0 1 0 0 0 0 0 0 1 0 0 0 0 0
C 917 0000009c 0 0 0 0 5 0
T 918 0000009c 1 1 0 0 0 0 0 0 1 0 1 1 0 0
R 918 453 0000009c 0000006f
C 918 0000009c 1 0 0 1 5 0
T 919 0000009c 0 1 0 0 0 0 0 0 1 0 0 0 0 0
C 919 0000009c 0 0 0 0 5 0
T 920 0000009c 1 1 0 0 0 0 0 0 1 0 1 1 0 0
R 920 454 0000009c 0000006f
C 920 0000009c 1 0 0 1 5 0
T 921 0000009c 0 1 0 0 0 0 0 0 1 0 0 0 0 0
C 921 0000009c 0 0 0 0 5 0
T 922 0000009c 1 1 0 0 0 0 0 0 1 0 1 1 0 0
R 922 455 0000009c 0000006f
C 922 0000009c 1 0 0 1 5 0
T 923 0000009c 0 1 0 0 0 0 0 0 1 0 0 0 0 0
C 923 0000009c 0 0 0 0 5 0
T 924 0000009c 1 1 0 0 0 0 0 0 1 0 1 1 0 0
R 924 456 0000009c 0000006f
C 924 0000009c 1 0 0 1 5 0
T 925 0000009c 0 1 0 0 0 0 0 0 1 0 0 0 0 0
C 925 0000009c 0 0 0 0 5 0
T 926 0000009c 1 1 0 0 0 0 0 0 1 0 1 1 0 0
R 926 457 0000009c 0000006f
C 926 0000009c 1 0 0 1 5 0
T 927 0000009c 0 1 0 0 0 0 0 0 1 0 0 0 0 0
C 927 0000009c 0 0 0 0 5 0
T 928 0000009c 1 1 0 0 0 0 0 0 1 0 1 1 0 0
R 928 458 0000009c 0000006f
C 928 0000009c 1 0 0 1 5 0
T 929 0000009c 0 1 0 0 0 0 0 0 1 0 0 0 0 0
C 929 0000009c 0 0 0 0 5 0
T 930 0000009c 1 1 0 0 0 0 0 0 1 0 1 1 0 0
R 930 459 0000009c 0000006f
C 930 0000009c 1 0 0 1 5 0
T 931 0000009c 0 1 0 0 0 0 0 0 1 0 0 0 0 0
C 931 0000009c 0 0 0 0 5 0
T 932 0000009c 1 1 0 0 0 0 0 0 1 0 1 1 0 0
R 932 460 0000009c 0000006f
C 932 0000009c 1 0 0 1 5 0
T 933 0000009c 0 1 0 0 0 0 0 0 1 0 0 0 0 0
C 933 0000009c 0 0 0 0 5 0
T 934 0000009c 1 1 0 0 0 0 0 0 1 0 1 1 0 0
R 934 461 0000009c 0000006f
C 934 0000009c 1 0 0 1 5 0
T 935 0000009c 0 1 0 0 0 0 0 0 1 0 0 0 0 0
C 935 0000009c 0 0 0 0 5 0
T 936 0000009c 1 1 0 0 0 0 0 0 1 0 1 1 0 0
R 936 462 0000009c 0000006f
C 936 0000009c 1 0 0 1 5 0
T 937 0000009c 0 1 0 0 0 0 0 0 1 0 0 0 0 0
C 937 0000009c 0 0 0 0 5 0
T 938 0000009c 1 1 0 0 0 0 0 0 1 0 1 1 0 0
R 938 463 0000009c 0000006f
C 938 0000009c 1 0 0 1 5 0
T 939 0000009c 0 1 0 0 0 0 0 0 1 0 0 0 0 0
C 939 0000009c 0 0 0 0 5 0
T 940 0000009c 1 1 0 0 0 0 0 0 1 0 1 1 0 0
R 940 464 0000009c 0000006f
C 940 0000009c 1 0 0 1 5 0
T 941 0000009c 0 1 0 0 0 0 0 0 1 0 0 0 0 0
C 941 0000009c 0 0 0 0 5 0
T 942 0000009c 1 1 0 0 0 0 0 0 1 0 1 1 0 0
R 942 465 0000009c 0000006f
C 942 0000009c 1 0 0 1 5 0
T 943 0000009c 0 1 0 0 0 0 0 0 1 0 0 0 0 0
C 943 0000009c 0 0 0 0 5 0
T 944 0000009c 1 1 0 0 0 0 0 0 1 0 1 1 0 0
R 944 466 0000009c 0000006f
C 944 0000009c 1 0 0 1 5 0
T 945 0000009c 0 1 0 0 0 0 0 0 1 0 0 0 0 0
C 945 0000009c 0 0 0 0 5 0
T 946 0000009c 1 1 0 0 0 0 0 0 1 0 1 1 0 0
R 946 467 0000009c 0000006f
C 946 0000009c 1 0 0 1 5 0
T 947 0000009c 0 1 0 0 0 0 0 0 1 0 0 0 0 0
C 947 0000009c 0 0 0 0 5 0
T 948 0000009c 1 1 0 0 0 0 0 0 1 0 1 1 0 0
R 948 468 0000009c 0000006f
C 948 0000009c 1 0 0 1 5 0
T 949 0000009c 0 1 0 0 0 0 0 0 1 0 0 0 0 0
C 949 0000009c 0 0 0 0 5 0
T 950 0000009c 1 1 0 0 0 0 0 0 1 0 1 1 0 0
R 950 469 0000009c 0000006f
C 950 0000009c 1 0 0 1 5 0
T 951 0000009c 0 1 0 0 0 0 0 0 1 0 0 0 0 0
C 951 0000009c 0 0 0 0 5 0
T 952 0000009c 1 1 0 0 0 0 0 0 1 0 1 1 0 0
R 952 470 0000009c 0000006f
C 952 0000009c 1 0 0 1 5 0
T 953 0000009c 0 1 0 0 0 0 0 0 1 0 0 0 0 0
C 953 0000009c 0 0 0 0 5 0
T 954 0000009c 1 1 0 0 0 0 0 0 1 0 1 1 0 0
R 954 471 0000009c 0000006f
C 954 0000009c 1 0 0 1 5 0
T 955 0000009c 0 1 0 0 0 0 0 0 1 0 0 0 0 0
C 955 0000009c 0 0 0 0 5 0
T 956 0000009c 1 1 0 0 0 0 0 0 1 0 1 1 0 0
R 956 472 0000009c 0000006f
C 956 0000009c 1 0 0 1 5 0
T 957 0000009c 0 1 0 0 0 0 0 0 1 0 0 0 0 0
C 957 0000009c 0 0 0 0 5 0
T 958 0000009c 1 1 0 0 0 0 0 0 1 0 1 1 0 0
R 958 473 0000009c 0000006f
C 958 0000009c 1 0 0 1 5 0
T 959 0000009c 0 1 0 0 0 0 0 0 1 0 0 0 0 0
C 959 0000009c 0 0 0 0 5 0
T 960 0000009c 1 1 0 0 0 0 0 0 1 0 1 1 0 0
R 960 474 0000009c 0000006f
C 960 0000009c 1 0 0 1 5 0
T 961 0000009c 0 1 0 0 0 0 0 0 1 0 0 0 0 0
C 961 0000009c 0 0 0 0 5 0
T 962 0000009c 1 1 0 0 0 0 0 0 1 0 1 1 0 0
R 962 475 0000009c 0000006f
C 962 0000009c 1 0 0 1 5 0
T 963 0000009c 0 1 0 0 0 0 0 0 1 0 0 0 0 0
C 963 0000009c 0 0 0 0 5 0
T 964 0000009c 1 1 0 0 0 0 0 0 1 0 1 1 0 0
R 964 476 0000009c 0000006f
C 964 0000009c 1 0 0 1 5 0
T 965 0000009c 0 1 0 0 0 0 0 0 1 0 0 0 0 0
C 965 0000009c 0 0 0 0 5 0
T 966 0000009c 1 1 0 0 0 0 0 0 1 0 1 1 0 0
R 966 477 0000009c 0000006f
C 966 0000009c 1 0 0 1 5 0
T 967 0000009c 0 1 0 0 0 0 0 0 1 0 0 0 0 0
C 967 0000009c 0 0 0 0 5 0
T 968 0000009c 1 1 0 0 0 0 0 0 1 0 1 1 0 0
R 968 478 0000009c 0000006f
C 968 0000009c 1 0 0 1 5 0
T 969 0000009c 0 1 0 0 0 0 0 0 1 0 0 0 0 0
C 969 0000009c 0 0 0 0 5 0
T 970 0000009c 1 1 0 0 0 0 0 0 1 0 1 1 0 0
R 970 479 0000009c 0000006f
C 970 0000009c 1 0 0 1 5 0
T 971 0000009c 0 1 0 0 0 0 0 0 1 0 0 0 0 0
C 971 0000009c 0 0 0 0 5 0
T 972 0000009c 1 1 0 0 0 0 0 0 1 0 1 1 0 0
R 972 480 0000009c 0000006f
C 972 0000009c 1 0 0 1 5 0
T 973 0000009c 0 1 0 0 0 0 0 0 1 0 0 0 0 0
C 973 0000009c 0 0 0 0 5 0
T 974 0000009c 1 1 0 0 0 0 0 0 1 0 1 1 0 0
R 974 481 0000009c 0000006f
C 974 0000009c 1 0 0 1 5 0
T 975 0000009c 0 1 0 0 0 0 0 0 1 0 0 0 0 0
C 975 0000009c 0 0 0 0 5 0
T 976 0000009c 1 1 0 0 0 0 0 0 1 0 1 1 0 0
R 976 482 0000009c 0000006f
C 976 0000009c 1 0 0 1 5 0
T 977 0000009c 0 1 0 0 0 0 0 0 1 0 0 0 0 0
C 977 0000009c 0 0 0 0 5 0
T 978 0000009c 1 1 0 0 0 0 0 0 1 0 1 1 0 0
R 978 483 0000009c 0000006f
C 978 0000009c 1 0 0 1 5 0
T 979 0000009c 0 1 0 0 0 0 0 0 1 0 0 0 0 0
C 979 0000009c 0 0 0 0 5 0
T 980 0000009c 1 1 0 0 0 0 0 0 1 0 1 1 0 0
R 980 484 0000009c 0000006f
C 980 0000009c 1 0 0 1 5 0
T 981 0000009c 0 1 0 0 0 0 0 0 1 0 0 0 0 0
C 981 0000009c 0 0 0 0 5 0
T 982 0000009c 1 1 0 0 0 0 0 0 1 0 1 1 0 0
R 982 485 0000009c 0000006f
C 982 0000009c 1 0 0 1 5 0
T 983 0000009c 0 1 0 0 0 0 0 0 1 0 0 0 0 0
C 983 0000009c 0 0 0 0 5 0
T 984 0000009c 1 1 0 0 0 0 0 0 1 0 1 1 0 0
R 984 486 0000009c 0000006f
C 984 0000009c 1 0 0 1 5 0
T 985 0000009c 0 1 0 0 0 0 0 0 1 0 0 0 0 0
C 985 0000009c 0 0 0 0 5 0
T 986 0000009c 1 1 0 0 0 0 0 0 1 0 1 1 0 0
R 986 487 0000009c 0000006f
C 986 0000009c 1 0 0 1 5 0
T 987 0000009c 0 1 0 0 0 0 0 0 1 0 0 0 0 0
C 987 0000009c 0 0 0 0 5 0
T 988 0000009c 1 1 0 0 0 0 0 0 1 0 1 1 0 0
R 988 488 0000009c 0000006f
C 988 0000009c 1 0 0 1 5 0
T 989 0000009c 0 1 0 0 0 0 0 0 1 0 0 0 0 0
C 989 0000009c 0 0 0 0 5 0
T 990 0000009c 1 1 0 0 0 0 0 0 1 0 1 1 0 0
R 990 489 0000009c 0000006f
C 990 0000009c 1 0 0 1 5 0
T 991 0000009c 0 1 0 0 0 0 0 0 1 0 0 0 0 0
C 991 0000009c 0 0 0 0 5 0
T 992 0000009c 1 1 0 0 0 0 0 0 1 0 1 1 0 0
R 992 490 0000009c 0000006f
C 992 0000009c 1 0 0 1 5 0
T 993 0000009c 0 1 0 0 0 0 0 0 1 0 0 0 0 0
C 993 0000009c 0 0 0 0 5 0
T 994 0000009c 1 1 0 0 0 0 0 0 1 0 1 1 0 0
R 994 491 0000009c 0000006f
C 994 0000009c 1 0 0 1 5 0
T 995 0000009c 0 1 0 0 0 0 0 0 1 0 0 0 0 0
C 995 0000009c 0 0 0 0 5 0
T 996 0000009c 1 1 0 0 0 0 0 0 1 0 1 1 0 0
R 996 492 0000009c 0000006f
C 996 0000009c 1 0 0 1 5 0
T 997 0000009c 0 1 0 0 0 0 0 0 1 0 0 0 0 0
C 997 0000009c 0 0 0 0 5 0
T 998 0000009c 1 1 0 0 0 0 0 0 1 0 1 1 0 0
R 998 493 0000009c 0000006f
C 998 0000009c 1 0 0 1 5 0
T 999 0000009c 0 1 0 0 0 0 0 0 1 0 0 0 0 0
C 999 0000009c 0 0 0 0 5 0
T 1000 0000009c 1 1 0 0 0 0 0 0 1 0 1 1 0 0
R 1000 494 0000009c 0000006f
C 1000 0000009c 1 0 0 1 5 0
T 1001 0000009c 0 1 0 0 0 0 0 0 1 0 0 0 0 0
C 1001 0000009c 0 0 0 0 5 0
T 1002 0000009c 1 1 0 0 0 0 0 0 1 0 1 1 0 0
R 1002 495 0000009c 0000006f
C 1002 0000009c 1 0 0 1 5 0
T 1003 0000009c 0 1 0 0 0 0 0 0 1 0 0 0 0 0
C 1003 0000009c 0 0 0 0 5 0
T 1004 0000009c 1 1 0 0 0 0 0 0 1 0 1 1 0 0
R 1004 496 0000009c 0000006f
C 1004 0000009c 1 0 0 1 5 0
T 1005 0000009c 0 1 0 0 0 0 0 0 1 0 0 0 0 0
C 1005 0000009c 0 0 0 0 5 0
T 1006 0000009c 1 1 0 0 0 0 0 0 1 0 1 1 0 0
R 1006 497 0000009c 0000006f
C 1006 0000009c 1 0 0 1 5 0
T 1007 0000009c 0 1 0 0 0 0 0 0 1 0 0 0 0 0
C 1007 0000009c 0 0 0 0 5 0
T 1008 0000009c 1 1 0 0 0 0 0 0 1 0 1 1 0 0
R 1008 498 0000009c 0000006f
C 1008 0000009c 1 0 0 1 5 0
T 1009 0000009c 0 1 0 0 0 0 0 0 1 0 0 0 0 0
C 1009 0000009c 0 0 0 0 5 0
T 1010 0000009c 1 1 0 0 0 0 0 0 1 0 1 1 0 0
R 1010 499 0000009c 0000006f
C 1010 0000009c 1 0 0 1 5 0
T 1011 0000009c 0 1 0 0 0 0 0 0 1 0 0 0 0 0
C 1011 0000009c 0 0 0 0 5 0
T 1012 0000009c 1 1 0 0 0 0 0 0 1 0 1 1 0 0
R 1012 500 0000009c 0000006f
C 1012 0000009c 1 0 0 1 5 0
T 1013 0000009c 0 1 0 0 0 0 0 0 1 0 0 0 0 0
C 1013 0000009c 0 0 0 0 5 0
T 1014 0000009c 1 1 0 0 0 0 0 0 1 0 1 1 0 0
R 1014 501 0000009c 0000006f
C 1014 0000009c 1 0 0 1 5 0
T 1015 0000009c 0 1 0 0 0 0 0 0 1 0 0 0 0 0
C 1015 0000009c 0 0 0 0 5 0
T 1016 0000009c 1 1 0 0 0 0 0 0 1 0 1 1 0 0
R 1016 502 0000009c 0000006f
C 1016 0000009c 1 0 0 1 5 0
T 1017 0000009c 0 1 0 0 0 0 0 0 1 0 0 0 0 0
C 1017 0000009c 0 0 0 0 5 0
T 1018 0000009c 1 1 0 0 0 0 0 0 1 0 1 1 0 0
R 1018 503 0000009c 0000006f
C 1018 0000009c 1 0 0 1 5 0
T 1019 0000009c 0 1 0 0 0 0 0 0 1 0 0 0 0 0
C 1019 0000009c 0 0 0 0 5 0
T 1020 0000009c 1 1 0 0 0 0 0 0 1 0 1 1 0 0
R 1020 504 0000009c 0000006f
C 1020 0000009c 1 0 0 1 5 0
T 1021 0000009c 0 1 0 0 0 0 0 0 1 0 0 0 0 0
C 1021 0000009c 0 0 0 0 5 0
T 1022 0000009c 1 1 0 0 0 0 0 0 1 0 1 1 0 0
R 1022 505 0000009c 0000006f
C 1022 0000009c 1 0 0 1 5 0
T 1023 0000009c 0 1 0 0 0 0 0 0 1 0 0 0 0 0
C 1023 0000009c 0 0 0 0 5 0
T 1024 0000009c 1 1 0 0 0 0 0 0 1 0 1 1 0 0
R 1024 506 0000009c 0000006f
C 1024 0000009c 1 0 0 1 5 0
T 1025 0000009c 0 1 0 0 0 0 0 0 1 0 0 0 0 0
C 1025 0000009c 0 0 0 0 5 0
T 1026 0000009c 1 1 0 0 0 0 0 0 1 0 1 1 0 0
R 1026 507 0000009c 0000006f
C 1026 0000009c 1 0 0 1 5 0
T 1027 0000009c 0 1 0 0 0 0 0 0 1 0 0 0 0 0
C 1027 0000009c 0 0 0 0 5 0
T 1028 0000009c 1 1 0 0 0 0 0 0 1 0 1 1 0 0
R 1028 508 0000009c 0000006f
C 1028 0000009c 1 0 0 1 5 0
T 1029 0000009c 0 1 0 0 0 0 0 0 1 0 0 0 0 0
C 1029 0000009c 0 0 0 0 5 0
T 1030 0000009c 1 1 0 0 0 0 0 0 1 0 1 1 0 0
R 1030 509 0000009c 0000006f
C 1030 0000009c 1 0 0 1 5 0
T 1031 0000009c 0 1 0 0 0 0 0 0 1 0 0 0 0 0
C 1031 0000009c 0 0 0 0 5 0
T 1032 0000009c 1 1 0 0 0 0 0 0 1 0 1 1 0 0
R 1032 510 0000009c 0000006f
C 1032 0000009c 1 0 0 1 5 0
T 1033 0000009c 0 1 0 0 0 0 0 0 1 0 0 0 0 0
C 1033 0000009c 0 0 0 0 5 0
T 1034 0000009c 1 1 0 0 0 0 0 0 1 0 1 1 0 0
R 1034 511 0000009c 0000006f
C 1034 0000009c 1 0 0 1 5 0
T 1035 0000009c 0 1 0 0 0 0 0 0 1 0 0 0 0 0
C 1035 0000009c 0 0 0 0 5 0
T 1036 0000009c 1 1 0 0 0 0 0 0 1 0 1 1 0 0
R 1036 512 0000009c 0000006f
C 1036 0000009c 1 0 0 1 5 0
T 1037 0000009c 0 1 0 0 0 0 0 0 1 0 0 0 0 0
C 1037 0000009c 0 0 0 0 5 0
T 1038 0000009c 1 1 0 0 0 0 0 0 1 0 1 1 0 0
R 1038 513 0000009c 0000006f
C 1038 0000009c 1 0 0 1 5 0
T 1039 0000009c 0 1 0 0 0 0 0 0 1 0 0 0 0 0
C 1039 0000009c 0 0 0 0 5 0
T 1040 0000009c 1 1 0 0 0 0 0 0 1 0 1 1 0 0
R 1040 514 0000009c 0000006f
C 1040 0000009c 1 0 0 1 5 0
T 1041 0000009c 0 1 0 0 0 0 0 0 1 0 0 0 0 0
C 1041 0000009c 0 0 0 0 5 0
T 1042 0000009c 1 1 0 0 0 0 0 0 1 0 1 1 0 0
R 1042 515 0000009c 0000006f
C 1042 0000009c 1 0 0 1 5 0
T 1043 0000009c 0 1 0 0 0 0 0 0 1 0 0 0 0 0
C 1043 0000009c 0 0 0 0 5 0
T 1044 0000009c 1 1 0 0 0 0 0 0 1 0 1 1 0 0
R 1044 516 0000009c 0000006f
C 1044 0000009c 1 0 0 1 5 0
T 1045 0000009c 0 1 0 0 0 0 0 0 1 0 0 0 0 0
C 1045 0000009c 0 0 0 0 5 0
T 1046 0000009c 1 1 0 0 0 0 0 0 1 0 1 1 0 0
R 1046 517 0000009c 0000006f
C 1046 0000009c 1 0 0 1 5 0
T 1047 0000009c 0 1 0 0 0 0 0 0 1 0 0 0 0 0
C 1047 0000009c 0 0 0 0 5 0
T 1048 0000009c 1 1 0 0 0 0 0 0 1 0 1 1 0 0
R 1048 518 0000009c 0000006f
C 1048 0000009c 1 0 0 1 5 0
T 1049 0000009c 0 1 0 0 0 0 0 0 1 0 0 0 0 0
C 1049 0000009c 0 0 0 0 5 0
T 1050 0000009c 1 1 0 0 0 0 0 0 1 0 1 1 0 0
R 1050 519 0000009c 0000006f
C 1050 0000009c 1 0 0 1 5 0
T 1051 0000009c 0 1 0 0 0 0 0 0 1 0 0 0 0 0
C 1051 0000009c 0 0 0 0 5 0
T 1052 0000009c 1 1 0 0 0 0 0 0 1 0 1 1 0 0
R 1052 520 0000009c 0000006f
C 1052 0000009c 1 0 0 1 5 0
T 1053 0000009c 0 1 0 0 0 0 0 0 1 0 0 0 0 0
C 1053 0000009c 0 0 0 0 5 0
T 1054 0000009c 1 1 0 0 0 0 0 0 1 0 1 1 0 0
R 1054 521 0000009c 0000006f
C 1054 0000009c 1 0 0 1 5 0
T 1055 0000009c 0 1 0 0 0 0 0 0 1 0 0 0 0 0
C 1055 0000009c 0 0 0 0 5 0
T 1056 0000009c 1 1 0 0 0 0 0 0 1 0 1 1 0 0
R 1056 522 0000009c 0000006f
C 1056 0000009c 1 0 0 1 5 0
T 1057 0000009c 0 1 0 0 0 0 0 0 1 0 0 0 0 0
C 1057 0000009c 0 0 0 0 5 0
T 1058 0000009c 1 1 0 0 0 0 0 0 1 0 1 1 0 0
R 1058 523 0000009c 0000006f
C 1058 0000009c 1 0 0 1 5 0
T 1059 0000009c 0 1 0 0 0 0 0 0 1 0 0 0 0 0
C 1059 0000009c 0 0 0 0 5 0
T 1060 0000009c 1 1 0 0 0 0 0 0 1 0 1 1 0 0
R 1060 524 0000009c 0000006f
C 1060 0000009c 1 0 0 1 5 0
T 1061 0000009c 0 1 0 0 0 0 0 0 1 0 0 0 0 0
C 1061 0000009c 0 0 0 0 5 0
T 1062 0000009c 1 1 0 0 0 0 0 0 1 0 1 1 0 0
R 1062 525 0000009c 0000006f
C 1062 0000009c 1 0 0 1 5 0
T 1063 0000009c 0 1 0 0 0 0 0 0 1 0 0 0 0 0
C 1063 0000009c 0 0 0 0 5 0
T 1064 0000009c 1 1 0 0 0 0 0 0 1 0 1 1 0 0
R 1064 526 0000009c 0000006f
C 1064 0000009c 1 0 0 1 5 0
T 1065 0000009c 0 1 0 0 0 0 0 0 1 0 0 0 0 0
C 1065 0000009c 0 0 0 0 5 0
T 1066 0000009c 1 1 0 0 0 0 0 0 1 0 1 1 0 0
R 1066 527 0000009c 0000006f
C 1066 0000009c 1 0 0 1 5 0
T 1067 0000009c 0 1 0 0 0 0 0 0 1 0 0 0 0 0
C 1067 0000009c 0 0 0 0 5 0
T 1068 0000009c 1 1 0 0 0 0 0 0 1 0 1 1 0 0
R 1068 528 0000009c 0000006f
C 1068 0000009c 1 0 0 1 5 0
T 1069 0000009c 0 1 0 0 0 0 0 0 1 0 0 0 0 0
C 1069 0000009c 0 0 0 0 5 0
T 1070 0000009c 1 1 0 0 0 0 0 0 1 0 1 1 0 0
R 1070 529 0000009c 0000006f
C 1070 0000009c 1 0 0 1 5 0
T 1071 0000009c 0 1 0 0 0 0 0 0 1 0 0 0 0 0
C 1071 0000009c 0 0 0 0 5 0
T 1072 0000009c 1 1 0 0 0 0 0 0 1 0 1 1 0 0
R 1072 530 0000009c 0000006f
C 1072 0000009c 1 0 0 1 5 0
T 1073 0000009c 0 1 0 0 0 0 0 0 1 0 0 0 0 0
C 1073 0000009c 0 0 0 0 5 0
T 1074 0000009c 1 1 0 0 0 0 0 0 1 0 1 1 0 0
R 1074 531 0000009c 0000006f
C 1074 0000009c 1 0 0 1 5 0
T 1075 0000009c 0 1 0 0 0 0 0 0 1 0 0 0 0 0
C 1075 0000009c 0 0 0 0 5 0
T 1076 0000009c 1 1 0 0 0 0 0 0 1 0 1 1 0 0
R 1076 532 0000009c 0000006f
C 1076 0000009c 1 0 0 1 5 0
T 1077 0000009c 0 1 0 0 0 0 0 0 1 0 0 0 0 0
C 1077 0000009c 0 0 0 0 5 0
T 1078 0000009c 1 1 0 0 0 0 0 0 1 0 1 1 0 0
R 1078 533 0000009c 0000006f
C 1078 0000009c 1 0 0 1 5 0
T 1079 0000009c 0 1 0 0 0 0 0 0 1 0 0 0 0 0
C 1079 0000009c 0 0 0 0 5 0
T 1080 0000009c 1 1 0 0 0 0 0 0 1 0 1 1 0 0
R 1080 534 0000009c 0000006f
C 1080 0000009c 1 0 0 1 5 0
T 1081 0000009c 0 1 0 0 0 0 0 0 1 0 0 0 0 0
C 1081 0000009c 0 0 0 0 5 0
T 1082 0000009c 1 1 0 0 0 0 0 0 1 0 1 1 0 0
R 1082 535 0000009c 0000006f
C 1082 0000009c 1 0 0 1 5 0
T 1083 0000009c 0 1 0 0 0 0 0 0 1 0 0 0 0 0
C 1083 0000009c 0 0 0 0 5 0
T 1084 0000009c 1 1 0 0 0 0 0 0 1 0 1 1 0 0
R 1084 536 0000009c 0000006f
C 1084 0000009c 1 0 0 1 5 0
T 1085 0000009c 0 1 0 0 0 0 0 0 1 0 0 0 0 0
C 1085 0000009c 0 0 0 0 5 0
T 1086 0000009c 1 1 0 0 0 0 0 0 1 0 1 1 0 0
R 1086 537 0000009c 0000006f
C 1086 0000009c 1 0 0 1 5 0
T 1087 0000009c 0 1 0 0 0 0 0 0 1 0 0 0 0 0
C 1087 0000009c 0 0 0 0 5 0
T 1088 0000009c 1 1 0 0 0 0 0 0 1 0 1 1 0 0
R 1088 538 0000009c 0000006f
C 1088 0000009c 1 0 0 1 5 0
T 1089 0000009c 0 1 0 0 0 0 0 0 1 0 0 0 0 0
C 1089 0000009c 0 0 0 0 5 0
T 1090 0000009c 1 1 0 0 0 0 0 0 1 0 1 1 0 0
R 1090 539 0000009c 0000006f
C 1090 0000009c 1 0 0 1 5 0
T 1091 0000009c 0 1 0 0 0 0 0 0 1 0 0 0 0 0
C 1091 0000009c 0 0 0 0 5 0
T 1092 0000009c 1 1 0 0 0 0 0 0 1 0 1 1 0 0
R 1092 540 0000009c 0000006f
C 1092 0000009c 1 0 0 1 5 0
T 1093 0000009c 0 1 0 0 0 0 0 0 1 0 0 0 0 0
C 1093 0000009c 0 0 0 0 5 0
T 1094 0000009c 1 1 0 0 0 0 0 0 1 0 1 1 0 0
R 1094 541 0000009c 0000006f
C 1094 0000009c 1 0 0 1 5 0
T 1095 0000009c 0 1 0 0 0 0 0 0 1 0 0 0 0 0
C 1095 0000009c 0 0 0 0 5 0
T 1096 0000009c 1 1 0 0 0 0 0 0 1 0 1 1 0 0
R 1096 542 0000009c 0000006f
C 1096 0000009c 1 0 0 1 5 0
T 1097 0000009c 0 1 0 0 0 0 0 0 1 0 0 0 0 0
C 1097 0000009c 0 0 0 0 5 0
T 1098 0000009c 1 1 0 0 0 0 0 0 1 0 1 1 0 0
R 1098 543 0000009c 0000006f
C 1098 0000009c 1 0 0 1 5 0
T 1099 0000009c 0 1 0 0 0 0 0 0 1 0 0 0 0 0
C 1099 0000009c 0 0 0 0 5 0
T 1100 0000009c 1 1 0 0 0 0 0 0 1 0 1 1 0 0
R 1100 544 0000009c 0000006f
C 1100 0000009c 1 0 0 1 5 0
T 1101 0000009c 0 1 0 0 0 0 0 0 1 0 0 0 0 0
C 1101 0000009c 0 0 0 0 5 0
T 1102 0000009c 1 1 0 0 0 0 0 0 1 0 1 1 0 0
R 1102 545 0000009c 0000006f
C 1102 0000009c 1 0 0 1 5 0
T 1103 0000009c 0 1 0 0 0 0 0 0 1 0 0 0 0 0
C 1103 0000009c 0 0 0 0 5 0
T 1104 0000009c 1 1 0 0 0 0 0 0 1 0 1 1 0 0
R 1104 546 0000009c 0000006f
C 1104 0000009c 1 0 0 1 5 0
T 1105 0000009c 0 1 0 0 0 0 0 0 1 0 0 0 0 0
C 1105 0000009c 0 0 0 0 5 0
T 1106 0000009c 1 1 0 0 0 0 0 0 1 0 1 1 0 0
R 1106 547 0000009c 0000006f
C 1106 0000009c 1 0 0 1 5 0
T 1107 0000009c 0 1 0 0 0 0 0 0 1 0 0 0 0 0
C 1107 0000009c 0 0 0 0 5 0
T 1108 0000009c 1 1 0 0 0 0 0 0 1 0 1 1 0 0
R 1108 548 0000009c 0000006f
C 1108 0000009c 1 0 0 1 5 0
T 1109 0000009c 0 1 0 0 0 0 0 0 1 0 0 0 0 0
C 1109 0000009c 0 0 0 0 5 0
T 1110 0000009c 1 1 0 0 0 0 0 0 1 0 1 1 0 0
R 1110 549 0000009c 0000006f
C 1110 0000009c 1 0 0 1 5 0
T 1111 0000009c 0 1 0 0 0 0 0 0 1 0 0 0 0 0
C 1111 0000009c 0 0 0 0 5 0
T 1112 0000009c 1 1 0 0 0 0 0 0 1 0 1 1 0 0
R 1112 550 0000009c 0000006f
C 1112 0000009c 1 0 0 1 5 0
T 1113 0000009c 0 1 0 0 0 0 0 0 1 0 0 0 0 0
C 1113 0000009c 0 0 0 0 5 0
T 1114 0000009c 1 1 0 0 0 0 0 0 1 0 1 1 0 0
R 1114 551 0000009c 0000006f
C 1114 0000009c 1 0 0 1 5 0
T 1115 0000009c 0 1 0 0 0 0 0 0 1 0 0 0 0 0
C 1115 0000009c 0 0 0 0 5 0
T 1116 0000009c 1 1 0 0 0 0 0 0 1 0 1 1 0 0
R 1116 552 0000009c 0000006f
C 1116 0000009c 1 0 0 1 5 0
T 1117 0000009c 0 1 0 0 0 0 0 0 1 0 0 0 0 0
C 1117 0000009c 0 0 0 0 5 0
T 1118 0000009c 1 1 0 0 0 0 0 0 1 0 1 1 0 0
R 1118 553 0000009c 0000006f
C 1118 0000009c 1 0 0 1 5 0
T 1119 0000009c 0 1 0 0 0 0 0 0 1 0 0 0 0 0
C 1119 0000009c 0 0 0 0 5 0
T 1120 0000009c 1 1 0 0 0 0 0 0 1 0 1 1 0 0
R 1120 554 0000009c 0000006f
C 1120 0000009c 1 0 0 1 5 0
T 1121 0000009c 0 1 0 0 0 0 0 0 1 0 0 0 0 0
C 1121 0000009c 0 0 0 0 5 0
T 1122 0000009c 1 1 0 0 0 0 0 0 1 0 1 1 0 0
R 1122 555 0000009c 0000006f
C 1122 0000009c 1 0 0 1 5 0
T 1123 0000009c 0 1 0 0 0 0 0 0 1 0 0 0 0 0
C 1123 0000009c 0 0 0 0 5 0
T 1124 0000009c 1 1 0 0 0 0 0 0 1 0 1 1 0 0
R 1124 556 0000009c 0000006f
C 1124 0000009c 1 0 0 1 5 0
T 1125 0000009c 0 1 0 0 0 0 0 0 1 0 0 0 0 0
C 1125 0000009c 0 0 0 0 5 0
T 1126 0000009c 1 1 0 0 0 0 0 0 1 0 1 1 0 0
R 1126 557 0000009c 0000006f
C 1126 0000009c 1 0 0 1 5 0
T 1127 0000009c 0 1 0 0 0 0 0 0 1 0 0 0 0 0
C 1127 0000009c 0 0 0 0 5 0
T 1128 0000009c 1 1 0 0 0 0 0 0 1 0 1 1 0 0
R 1128 558 0000009c 0000006f
C 1128 0000009c 1 0 0 1 5 0
T 1129 0000009c 0 1 0 0 0 0 0 0 1 0 0 0 0 0
C 1129 0000009c 0 0 0 0 5 0
T 1130 0000009c 1 1 0 0 0 0 0 0 1 0 1 1 0 0
R 1130 559 0000009c 0000006f
C 1130 0000009c 1 0 0 1 5 0
T 1131 0000009c 0 1 0 0 0 0 0 0 1 0 0 0 0 0
C 1131 0000009c 0 0 0 0 5 0
T 1132 0000009c 1 1 0 0 0 0 0 0 1 0 1 1 0 0
R 1132 560 0000009c 0000006f
C 1132 0000009c 1 0 0 1 5 0
T 1133 0000009c 0 1 0 0 0 0 0 0 1 0 0 0 0 0
C 1133 0000009c 0 0 0 0 5 0
T 1134 0000009c 1 1 0 0 0 0 0 0 1 0 1 1 0 0
R 1134 561 0000009c 0000006f
C 1134 0000009c 1 0 0 1 5 0
T 1135 0000009c 0 1 0 0 0 0 0 0 1 0 0 0 0 0
C 1135 0000009c 0 0 0 0 5 0
T 1136 0000009c 1 1 0 0 0 0 0 0 1 0 1 1 0 0
R 1136 562 0000009c 0000006f
C 1136 0000009c 1 0 0 1 5 0
T 1137 0000009c 0 1 0 0 0 0 0 0 1 0 0 0 0 0
C 1137 0000009c 0 0 0 0 5 0
T 1138 0000009c 1 1 0 0 0 0 0 0 1 0 1 1 0 0
R 1138 563 0000009c 0000006f
C 1138 0000009c 1 0 0 1 5 0
T 1139 0000009c 0 1 0 0 0 0 0 0 1 0 0 0 0 0
C 1139 0000009c 0 0 0 0 5 0
T 1140 0000009c 1 1 0 0 0 0 0 0 1 0 1 1 0 0
R 1140 564 0000009c 0000006f
C 1140 0000009c 1 0 0 1 5 0
T 1141 0000009c 0 1 0 0 0 0 0 0 1 0 0 0 0 0
C 1141 0000009c 0 0 0 0 5 0
T 1142 0000009c 1 1 0 0 0 0 0 0 1 0 1 1 0 0
R 1142 565 0000009c 0000006f
C 1142 0000009c 1 0 0 1 5 0
T 1143 0000009c 0 1 0 0 0 0 0 0 1 0 0 0 0 0
C 1143 0000009c 0 0 0 0 5 0
T 1144 0000009c 1 1 0 0 0 0 0 0 1 0 1 1 0 0
R 1144 566 0000009c 0000006f
C 1144 0000009c 1 0 0 1 5 0
T 1145 0000009c 0 1 0 0 0 0 0 0 1 0 0 0 0 0
C 1145 0000009c 0 0 0 0 5 0
T 1146 0000009c 1 1 0 0 0 0 0 0 1 0 1 1 0 0
R 1146 567 0000009c 0000006f
C 1146 0000009c 1 0 0 1 5 0
T 1147 0000009c 0 1 0 0 0 0 0 0 1 0 0 0 0 0
C 1147 0000009c 0 0 0 0 5 0
T 1148 0000009c 1 1 0 0 0 0 0 0 1 0 1 1 0 0
R 1148 568 0000009c 0000006f
C 1148 0000009c 1 0 0 1 5 0
T 1149 0000009c 0 1 0 0 0 0 0 0 1 0 0 0 0 0
C 1149 0000009c 0 0 0 0 5 0
T 1150 0000009c 1 1 0 0 0 0 0 0 1 0 1 1 0 0
R 1150 569 0000009c 0000006f
C 1150 0000009c 1 0 0 1 5 0
T 1151 0000009c 0 1 0 0 0 0 0 0 1 0 0 0 0 0
C 1151 0000009c 0 0 0 0 5 0
T 1152 0000009c 1 1 0 0 0 0 0 0 1 0 1 1 0 0
R 1152 570 0000009c 0000006f
C 1152 0000009c 1 0 0 1 5 0
T 1153 0000009c 0 1 0 0 0 0 0 0 1 0 0 0 0 0
C 1153 0000009c 0 0 0 0 5 0
T 1154 0000009c 1 1 0 0 0 0 0 0 1 0 1 1 0 0
R 1154 571 0000009c 0000006f
C 1154 0000009c 1 0 0 1 5 0
T 1155 0000009c 0 1 0 0 0 0 0 0 1 0 0 0 0 0
C 1155 0000009c 0 0 0 0 5 0
T 1156 0000009c 1 1 0 0 0 0 0 0 1 0 1 1 0 0
R 1156 572 0000009c 0000006f
C 1156 0000009c 1 0 0 1 5 0
T 1157 0000009c 0 1 0 0 0 0 0 0 1 0 0 0 0 0
C 1157 0000009c 0 0 0 0 5 0
T 1158 0000009c 1 1 0 0 0 0 0 0 1 0 1 1 0 0
R 1158 573 0000009c 0000006f
C 1158 0000009c 1 0 0 1 5 0
T 1159 0000009c 0 1 0 0 0 0 0 0 1 0 0 0 0 0
C 1159 0000009c 0 0 0 0 5 0
T 1160 0000009c 1 1 0 0 0 0 0 0 1 0 1 1 0 0
R 1160 574 0000009c 0000006f
C 1160 0000009c 1 0 0 1 5 0
T 1161 0000009c 0 1 0 0 0 0 0 0 1 0 0 0 0 0
C 1161 0000009c 0 0 0 0 5 0
T 1162 0000009c 1 1 0 0 0 0 0 0 1 0 1 1 0 0
R 1162 575 0000009c 0000006f
C 1162 0000009c 1 0 0 1 5 0
T 1163 0000009c 0 1 0 0 0 0 0 0 1 0 0 0 0 0
C 1163 0000009c 0 0 0 0 5 0
T 1164 0000009c 1 1 0 0 0 0 0 0 1 0 1 1 0 0
R 1164 576 0000009c 0000006f
C 1164 0000009c 1 0 0 1 5 0
T 1165 0000009c 0 1 0 0 0 0 0 0 1 0 0 0 0 0
C 1165 0000009c 0 0 0 0 5 0
T 1166 0000009c 1 1 0 0 0 0 0 0 1 0 1 1 0 0
R 1166 577 0000009c 0000006f
C 1166 0000009c 1 0 0 1 5 0
T 1167 0000009c 0 1 0 0 0 0 0 0 1 0 0 0 0 0
C 1167 0000009c 0 0 0 0 5 0
T 1168 0000009c 1 1 0 0 0 0 0 0 1 0 1 1 0 0
R 1168 578 0000009c 0000006f
C 1168 0000009c 1 0 0 1 5 0
T 1169 0000009c 0 1 0 0 0 0 0 0 1 0 0 0 0 0
C 1169 0000009c 0 0 0 0 5 0
T 1170 0000009c 1 1 0 0 0 0 0 0 1 0 1 1 0 0
R 1170 579 0000009c 0000006f
C 1170 0000009c 1 0 0 1 5 0
T 1171 0000009c 0 1 0 0 0 0 0 0 1 0 0 0 0 0
C 1171 0000009c 0 0 0 0 5 0
T 1172 0000009c 1 1 0 0 0 0 0 0 1 0 1 1 0 0
R 1172 580 0000009c 0000006f
C 1172 0000009c 1 0 0 1 5 0
T 1173 0000009c 0 1 0 0 0 0 0 0 1 0 0 0 0 0
C 1173 0000009c 0 0 0 0 5 0
T 1174 0000009c 1 1 0 0 0 0 0 0 1 0 1 1 0 0
R 1174 581 0000009c 0000006f
C 1174 0000009c 1 0 0 1 5 0
T 1175 0000009c 0 1 0 0 0 0 0 0 1 0 0 0 0 0
C 1175 0000009c 0 0 0 0 5 0
T 1176 0000009c 1 1 0 0 0 0 0 0 1 0 1 1 0 0
R 1176 582 0000009c 0000006f
C 1176 0000009c 1 0 0 1 5 0
T 1177 0000009c 0 1 0 0 0 0 0 0 1 0 0 0 0 0
C 1177 0000009c 0 0 0 0 5 0
T 1178 0000009c 1 1 0 0 0 0 0 0 1 0 1 1 0 0
R 1178 583 0000009c 0000006f
C 1178 0000009c 1 0 0 1 5 0
T 1179 0000009c 0 1 0 0 0 0 0 0 1 0 0 0 0 0
C 1179 0000009c 0 0 0 0 5 0
T 1180 0000009c 1 1 0 0 0 0 0 0 1 0 1 1 0 0
R 1180 584 0000009c 0000006f
C 1180 0000009c 1 0 0 1 5 0
T 1181 0000009c 0 1 0 0 0 0 0 0 1 0 0 0 0 0
C 1181 0000009c 0 0 0 0 5 0
T 1182 0000009c 1 1 0 0 0 0 0 0 1 0 1 1 0 0
R 1182 585 0000009c 0000006f
C 1182 0000009c 1 0 0 1 5 0
T 1183 0000009c 0 1 0 0 0 0 0 0 1 0 0 0 0 0
C 1183 0000009c 0 0 0 0 5 0
T 1184 0000009c 1 1 0 0 0 0 0 0 1 0 1 1 0 0
R 1184 586 0000009c 0000006f
C 1184 0000009c 1 0 0 1 5 0
T 1185 0000009c 0 1 0 0 0 0 0 0 1 0 0 0 0 0
C 1185 0000009c 0 0 0 0 5 0
T 1186 0000009c 1 1 0 0 0 0 0 0 1 0 1 1 0 0
R 1186 587 0000009c 0000006f
C 1186 0000009c 1 0 0 1 5 0
T 1187 0000009c 0 1 0 0 0 0 0 0 1 0 0 0 0 0
C 1187 0000009c 0 0 0 0 5 0
T 1188 0000009c 1 1 0 0 0 0 0 0 1 0 1 1 0 0
R 1188 588 0000009c 0000006f
C 1188 0000009c 1 0 0 1 5 0
T 1189 0000009c 0 1 0 0 0 0 0 0 1 0 0 0 0 0
C 1189 0000009c 0 0 0 0 5 0
T 1190 0000009c 1 1 0 0 0 0 0 0 1 0 1 1 0 0
R 1190 589 0000009c 0000006f
C 1190 0000009c 1 0 0 1 5 0
T 1191 0000009c 0 1 0 0 0 0 0 0 1 0 0 0 0 0
C 1191 0000009c 0 0 0 0 5 0
T 1192 0000009c 1 1 0 0 0 0 0 0 1 0 1 1 0 0
R 1192 590 0000009c 0000006f
C 1192 0000009c 1 0 0 1 5 0
T 1193 0000009c 0 1 0 0 0 0 0 0 1 0 0 0 0 0
C 1193 0000009c 0 0 0 0 5 0
T 1194 0000009c 1 1 0 0 0 0 0 0 1 0 1 1 0 0
R 1194 591 0000009c 0000006f
C 1194 0000009c 1 0 0 1 5 0
T 1195 0000009c 0 1 0 0 0 0 0 0 1 0 0 0 0 0
C 1195 0000009c 0 0 0 0 5 0
T 1196 0000009c 1 1 0 0 0 0 0 0 1 0 1 1 0 0
R 1196 592 0000009c 0000006f
C 1196 0000009c 1 0 0 1 5 0
T 1197 0000009c 0 1 0 0 0 0 0 0 1 0 0 0 0 0
C 1197 0000009c 0 0 0 0 5 0
T 1198 0000009c 1 1 0 0 0 0 0 0 1 0 1 1 0 0
R 1198 593 0000009c 0000006f
C 1198 0000009c 1 0 0 1 5 0
T 1199 0000009c 0 1 0 0 0 0 0 0 1 0 0 0 0 0
C 1199 0000009c 0 0 0 0 5 0
REG 0 00000000
REG 1 00000200
REG 2 00001000
REG 3 00000001
REG 4 00000000
REG 5 00000000
REG 6 00000000
REG 7 00000000
REG 8 00000000
REG 9 00000000
REG 10 00000000
REG 11 00000000
REG 12 00000000
REG 13 00000000
REG 14 00000000
REG 15 0000007b
REG 16 00000000
REG 17 00000000
REG 18 00000000
REG 19 00000000
REG 20 00000000
REG 21 00000000
REG 22 00000000
REG 23 00000000
REG 24 00000000
REG 25 00000000
REG 26 00000000
REG 27 00000000
REG 28 00000000
REG 29 00000000
REG 30 00000000
REG 31 00000000
COUNTS sleep=1 clocks=1197 ai=0 ab=0 am=0 ifetch=603 data=2 bitmap=1 hit=930 miss=4 dummy=0 expanded=0 predict=0 mispredict=0 keys=0
PROTOCOL_CHECKS 1197
FINISH
- /home/dungpc/ndmoney4porche/projects/ibex/doc/dungpc/opentitan/evidence/opentitan_tb.sv:253: Verilog $finish
