CONFIG SEC=1 CACHE=1 PRED=0 DUAL=1 MODE=1 ZC=3 SCR=1 ICECC=1 OFFSET=1 PMP=1
SAMPLE 3 ai=0 ab=0 am=0 pc=0 mismatch=0 rf=0 mode=0
T 3 00000000 0 1 0 0 0 0 0 0 1 0 1 0 0 0
SECDET 3 pc=0 rf=0 intg=0
C 3 00000000 0 0 0 1 0 0
LOCK 4 rst=0 cmp=a mismatch=0 rf=0 cap=0
SAMPLE 4 ai=0 ab=0 am=0 pc=0 mismatch=0 rf=0 mode=0
T 4 00000000 0 1 0 0 0 0 0 0 1 0 1 0 0 0
SECDET 4 pc=0 rf=0 intg=0
C 4 00000000 0 0 0 1 1 0
LOCK 5 rst=1 cmp=a mismatch=0 rf=0 cap=0
SAMPLE 5 ai=0 ab=0 am=0 pc=0 mismatch=0 rf=0 mode=0
T 5 00000000 0 1 0 0 0 0 0 0 1 0 0 0 0 0
SECDET 5 pc=0 rf=0 intg=0
C 5 00000000 0 0 0 0 4 0
LOCK 6 rst=1 cmp=5 mismatch=0 rf=0 cap=0
SAMPLE 6 ai=0 ab=0 am=0 pc=0 mismatch=0 rf=0 mode=0
T 6 00000080 1 1 0 0 0 0 0 0 1 0 0 1 0 0
CSRDBG 6 addr=03d priv=3 dec=0 csr=0 raw=1 pw=0 dbg=0 op=0
SECDET 6 pc=0 rf=0 intg=0
C 6 00000080 1 0 0 0 5 0
LOCK 7 rst=1 cmp=5 mismatch=0 rf=0 cap=0
SAMPLE 7 ai=0 ab=0 am=0 pc=0 mismatch=0 rf=0 mode=0
T 7 00000084 1 1 0 0 0 0 0 0 1 0 0 1 0 0
W 7 1 00000000 17e3e0000
CSRDBG 7 addr=200 priv=3 dec=0 csr=0 raw=1 pw=0 dbg=0 op=0
SECDET 7 pc=0 rf=0 intg=0
C 7 00000084 1 0 0 0 5 0
LOCK 8 rst=1 cmp=5 mismatch=0 rf=0 cap=0
SAMPLE 8 ai=0 ab=0 am=0 pc=0 mismatch=0 rf=0 mode=0
T 8 00000088 1 0 1 0 0 0 0 0 1 0 0 1 0 0
W 8 1 00000200 17e3e0000
CSRDBG 8 addr=000 priv=3 dec=0 csr=0 raw=1 pw=0 dbg=0 op=0
SECDET 8 pc=0 rf=0 intg=0
R 8 1 00000080 03d000db
C 8 00000088 1 1 0 0 5 0
D 8 0 00000200 f 00000000 tag=1
LOCK 9 rst=1 cmp=5 mismatch=0 rf=0 cap=0
SAMPLE 9 ai=0 ab=0 am=0 pc=0 mismatch=0 rf=0 mode=0
T 9 00000088 1 1 0 0 0 0 0 0 1 0 0 0 0 0
CSRDBG 9 addr=000 priv=3 dec=0 csr=0 raw=1 pw=0 dbg=0 op=0
SECDET 9 pc=0 rf=0 intg=0
R 9 2 00000084 200090db
C 9 00000088 1 0 0 0 5 0
D 9 0 00000204 f 00000000 tag=1
LOCK 10 rst=1 cmp=5 mismatch=0 rf=0 cap=0
SAMPLE 10 ai=0 ab=0 am=0 pc=0 mismatch=0 rf=0 mode=0
T 10 0000008c 1 0 1 1 0 0 0 0 0 1 0 1 0 0
CSRDBG 10 addr=fe4 priv=3 dec=0 csr=0 raw=1 pw=0 dbg=0 op=0
SECDET 10 pc=0 rf=0 intg=0
C 10 0000008c 1 1 0 0 5 0
B 10 00000000
LOCK 11 rst=1 cmp=5 mismatch=0 rf=0 cap=0
SAMPLE 11 ai=0 ab=0 am=0 pc=0 mismatch=0 rf=0 mode=0
T 11 0000008c 1 0 1 1 0 0 0 0 0 1 0 0 0 0
CSRDBG 11 addr=fe4 priv=3 dec=0 csr=0 raw=1 pw=0 dbg=0 op=0
SECDET 11 pc=0 rf=0 intg=0
C 11 0000008c 1 1 0 0 5 0
LOCK 12 rst=1 cmp=5 mismatch=0 rf=0 cap=0
SAMPLE 12 ai=0 ab=0 am=0 pc=0 mismatch=0 rf=0 mode=0
T 12 0000008c 1 0 1 1 0 0 0 0 0 1 0 0 0 0
CSRDBG 12 addr=fe4 priv=3 dec=0 csr=0 raw=1 pw=0 dbg=0 op=0
SECDET 12 pc=0 rf=0 intg=0
C 12 0000008c 1 1 0 0 5 0
LOCK 13 rst=1 cmp=5 mismatch=0 rf=0 cap=0
SAMPLE 13 ai=0 ab=0 am=0 pc=0 mismatch=0 rf=0 mode=0
T 13 0000008c 1 0 1 1 0 0 0 0 0 1 0 0 0 0
CSRDBG 13 addr=fe4 priv=3 dec=0 csr=0 raw=1 pw=0 dbg=0 op=0
SECDET 13 pc=0 rf=0 intg=0
C 13 0000008c 1 1 0 0 5 0
LOCK 14 rst=1 cmp=5 mismatch=0 rf=0 cap=0
SAMPLE 14 ai=0 ab=0 am=0 pc=0 mismatch=0 rf=0 mode=0
T 14 0000008c 1 0 1 1 0 0 0 0 0 1 0 0 0 0
CSRDBG 14 addr=fe4 priv=3 dec=0 csr=0 raw=1 pw=0 dbg=0 op=0
SECDET 14 pc=0 rf=0 intg=0
C 14 0000008c 1 1 0 0 5 0
LOCK 15 rst=1 cmp=5 mismatch=0 rf=0 cap=0
SAMPLE 15 ai=0 ab=0 am=0 pc=0 mismatch=0 rf=0 mode=0
T 15 0000008c 1 0 1 1 0 0 0 0 0 1 0 0 0 0
CSRDBG 15 addr=fe4 priv=3 dec=0 csr=0 raw=1 pw=0 dbg=0 op=0
SECDET 15 pc=0 rf=0 intg=0
C 15 0000008c 1 1 0 0 5 0
LOCK 16 rst=1 cmp=5 mismatch=0 rf=0 cap=0
SAMPLE 16 ai=0 ab=0 am=0 pc=0 mismatch=0 rf=0 mode=0
T 16 0000008c 1 0 0 1 0 0 0 0 1 1 0 0 0 0
W 16 2 00001000 17e020000
CSRDBG 16 addr=fe4 priv=3 dec=0 csr=0 raw=1 pw=0 dbg=0 op=0
SECDET 16 pc=0 rf=0 intg=0
C 16 0000008c 1 0 0 0 5 0
LOCK 17 rst=1 cmp=5 mismatch=0 rf=0 cap=0
SAMPLE 17 ai=0 ab=0 am=0 pc=0 mismatch=0 rf=0 mode=0
T 17 0000008c 1 1 0 0 0 0 0 0 1 0 0 0 0 0
CSRDBG 17 addr=fe4 priv=3 dec=0 csr=0 raw=1 pw=0 dbg=0 op=0
SECDET 17 pc=0 rf=0 intg=0
R 17 3 00000088 0000b103
C 17 0000008c 1 0 0 0 5 0
LOCK 18 rst=1 cmp=5 mismatch=0 rf=0 cap=0
SAMPLE 18 ai=0 ab=0 am=0 pc=0 mismatch=0 rf=0 mode=0
T 18 00000090 1 1 0 0 0 0 0 0 1 0 1 1 0 0
W 18 3 00000001 000000000
CSRDBG 18 addr=ffd priv=3 dec=0 csr=0 raw=1 pw=0 dbg=0 op=0
SECDET 18 pc=0 rf=0 intg=0
C 18 00000090 1 0 0 1 5 0
LOCK 19 rst=1 cmp=5 mismatch=0 rf=0 cap=0
SAMPLE 19 ai=0 ab=0 am=0 pc=0 mismatch=0 rf=0 mode=0
T 19 00000090 0 1 0 0 0 0 0 0 1 0 0 0 0 0
SECDET 19 pc=0 rf=0 intg=0
R 19 4 0000008c fe4101db
C 19 00000090 0 0 0 0 5 0
LOCK 20 rst=1 cmp=5 mismatch=0 rf=0 cap=0
SAMPLE 20 ai=0 ab=0 am=0 pc=0 mismatch=0 rf=0 mode=0
T 20 0000008c 1 1 0 0 0 0 0 0 1 0 0 1 0 0
CSRDBG 20 addr=fe4 priv=3 dec=0 csr=0 raw=1 pw=0 dbg=0 op=0
SECDET 20 pc=0 rf=0 intg=0
R 20 5 00000090 ffdff06f
C 20 0000008c 1 0 0 0 5 0
LOCK 21 rst=1 cmp=5 mismatch=0 rf=0 cap=0
SAMPLE 21 ai=0 ab=0 am=0 pc=0 mismatch=0 rf=0 mode=0
T 21 00000090 1 1 0 0 0 0 0 0 1 0 1 1 0 0
W 21 3 00000001 000000000
CSRDBG 21 addr=ffd priv=3 dec=0 csr=0 raw=1 pw=0 dbg=0 op=0
SECDET 21 pc=0 rf=0 intg=0
C 21 00000090 1 0 0 1 5 0
LOCK 22 rst=1 cmp=5 mismatch=0 rf=0 cap=0
SAMPLE 22 ai=0 ab=0 am=0 pc=0 mismatch=0 rf=0 mode=0
T 22 00000090 0 1 0 0 0 0 0 0 1 0 0 0 0 0
SECDET 22 pc=0 rf=0 intg=0
R 22 6 0000008c fe4101db
C 22 00000090 0 0 0 0 5 0
LOCK 23 rst=1 cmp=5 mismatch=0 rf=0 cap=0
SAMPLE 23 ai=0 ab=0 am=0 pc=0 mismatch=0 rf=0 mode=0
T 23 0000008c 1 1 0 0 0 0 0 0 1 0 0 1 0 0
CSRDBG 23 addr=fe4 priv=3 dec=0 csr=0 raw=1 pw=0 dbg=0 op=0
SECDET 23 pc=0 rf=0 intg=0
R 23 7 00000090 ffdff06f
C 23 0000008c 1 0 0 0 5 0
LOCK 24 rst=1 cmp=5 mismatch=0 rf=0 cap=0
SAMPLE 24 ai=0 ab=0 am=0 pc=0 mismatch=0 rf=0 mode=0
T 24 00000090 1 1 0 0 0 0 0 0 1 0 1 1 0 0
W 24 3 00000001 000000000
CSRDBG 24 addr=ffd priv=3 dec=0 csr=0 raw=1 pw=0 dbg=0 op=0
SECDET 24 pc=0 rf=0 intg=0
C 24 00000090 1 0 0 1 5 0
LOCK 25 rst=1 cmp=5 mismatch=0 rf=0 cap=0
SAMPLE 25 ai=0 ab=0 am=0 pc=0 mismatch=0 rf=0 mode=0
T 25 00000090 0 1 0 0 0 0 0 0 1 0 0 0 0 0
SECDET 25 pc=0 rf=0 intg=0
R 25 8 0000008c fe4101db
C 25 00000090 0 0 0 0 5 0
LOCK 26 rst=1 cmp=5 mismatch=0 rf=0 cap=0
SAMPLE 26 ai=0 ab=0 am=0 pc=0 mismatch=0 rf=0 mode=0
T 26 0000008c 1 1 0 0 0 0 0 0 1 0 0 1 0 0
CSRDBG 26 addr=fe4 priv=3 dec=0 csr=0 raw=1 pw=0 dbg=0 op=0
SECDET 26 pc=0 rf=0 intg=0
R 26 9 00000090 ffdff06f
C 26 0000008c 1 0 0 0 5 0
LOCK 27 rst=1 cmp=5 mismatch=0 rf=0 cap=0
SAMPLE 27 ai=0 ab=0 am=0 pc=0 mismatch=0 rf=0 mode=0
T 27 00000090 1 1 0 0 0 0 0 0 1 0 1 1 0 0
W 27 3 00000001 000000000
CSRDBG 27 addr=ffd priv=3 dec=0 csr=0 raw=1 pw=0 dbg=0 op=0
SECDET 27 pc=0 rf=0 intg=0
C 27 00000090 1 0 0 1 5 0
LOCK 28 rst=1 cmp=5 mismatch=0 rf=0 cap=0
SAMPLE 28 ai=0 ab=0 am=0 pc=0 mismatch=0 rf=0 mode=0
T 28 00000090 0 1 0 0 0 0 0 0 1 0 0 0 0 0
SECDET 28 pc=0 rf=0 intg=0
R 28 10 0000008c fe4101db
C 28 00000090 0 0 0 0 5 0
LOCK 29 rst=1 cmp=5 mismatch=0 rf=0 cap=0
SAMPLE 29 ai=0 ab=0 am=0 pc=0 mismatch=0 rf=0 mode=0
T 29 0000008c 1 1 0 0 0 0 0 0 1 0 0 1 0 0
CSRDBG 29 addr=fe4 priv=3 dec=0 csr=0 raw=1 pw=0 dbg=0 op=0
SECDET 29 pc=0 rf=0 intg=0
R 29 11 00000090 ffdff06f
C 29 0000008c 1 0 0 0 5 0
LOCK 30 rst=1 cmp=5 mismatch=0 rf=0 cap=0
SAMPLE 30 ai=0 ab=0 am=0 pc=0 mismatch=0 rf=0 mode=0
T 30 00000090 1 1 0 0 0 0 0 0 1 0 1 1 0 0
W 30 3 00000001 000000000
CSRDBG 30 addr=ffd priv=3 dec=0 csr=0 raw=1 pw=0 dbg=0 op=0
SECDET 30 pc=0 rf=0 intg=0
C 30 00000090 1 0 0 1 5 0
LOCK 31 rst=1 cmp=5 mismatch=0 rf=0 cap=0
SAMPLE 31 ai=0 ab=0 am=0 pc=0 mismatch=0 rf=0 mode=0
T 31 00000090 0 1 0 0 0 0 0 0 1 0 0 0 0 0
SECDET 31 pc=0 rf=0 intg=0
R 31 12 0000008c fe4101db
C 31 00000090 0 0 0 0 5 0
LOCK 32 rst=1 cmp=5 mismatch=0 rf=0 cap=0
SAMPLE 32 ai=0 ab=0 am=0 pc=0 mismatch=0 rf=0 mode=0
T 32 0000008c 1 1 0 0 0 0 0 0 1 0 0 1 0 0
CSRDBG 32 addr=fe4 priv=3 dec=0 csr=0 raw=1 pw=0 dbg=0 op=0
SECDET 32 pc=0 rf=0 intg=0
R 32 13 00000090 ffdff06f
C 32 0000008c 1 0 0 0 5 0
LOCK 33 rst=1 cmp=5 mismatch=0 rf=0 cap=0
SAMPLE 33 ai=0 ab=0 am=0 pc=0 mismatch=0 rf=0 mode=0
T 33 00000090 1 1 0 0 0 0 0 0 1 0 1 1 0 0
W 33 3 00000001 000000000
CSRDBG 33 addr=ffd priv=3 dec=0 csr=0 raw=1 pw=0 dbg=0 op=0
SECDET 33 pc=0 rf=0 intg=0
C 33 00000090 1 0 0 1 5 0
LOCK 34 rst=1 cmp=5 mismatch=0 rf=0 cap=0
SAMPLE 34 ai=0 ab=0 am=0 pc=0 mismatch=0 rf=0 mode=0
T 34 00000090 0 1 0 0 0 0 0 0 1 0 0 0 0 0
SECDET 34 pc=0 rf=0 intg=0
R 34 14 0000008c fe4101db
C 34 00000090 0 0 0 0 5 0
LOCK 35 rst=1 cmp=5 mismatch=0 rf=0 cap=0
SAMPLE 35 ai=0 ab=0 am=0 pc=0 mismatch=0 rf=0 mode=0
T 35 0000008c 1 1 0 0 0 0 0 0 1 0 0 1 0 0
CSRDBG 35 addr=fe4 priv=3 dec=0 csr=0 raw=1 pw=0 dbg=0 op=0
SECDET 35 pc=0 rf=0 intg=0
R 35 15 00000090 ffdff06f
C 35 0000008c 1 0 0 0 5 0
LOCK 36 rst=1 cmp=5 mismatch=0 rf=0 cap=0
SAMPLE 36 ai=0 ab=0 am=0 pc=0 mismatch=0 rf=0 mode=0
T 36 00000090 1 1 0 0 0 0 0 0 1 0 1 1 0 0
W 36 3 00000001 000000000
CSRDBG 36 addr=ffd priv=3 dec=0 csr=0 raw=1 pw=0 dbg=0 op=0
SECDET 36 pc=0 rf=0 intg=0
C 36 00000090 1 0 0 1 5 0
LOCK 37 rst=1 cmp=5 mismatch=0 rf=0 cap=0
SAMPLE 37 ai=0 ab=0 am=0 pc=0 mismatch=0 rf=0 mode=0
T 37 00000090 0 1 0 0 0 0 0 0 1 0 0 0 0 0
SECDET 37 pc=0 rf=0 intg=0
R 37 16 0000008c fe4101db
C 37 00000090 0 0 0 0 5 0
LOCK 38 rst=1 cmp=5 mismatch=0 rf=0 cap=0
SAMPLE 38 ai=0 ab=0 am=0 pc=0 mismatch=0 rf=0 mode=0
T 38 0000008c 1 1 0 0 0 0 0 0 1 0 0 1 0 0
CSRDBG 38 addr=fe4 priv=3 dec=0 csr=0 raw=1 pw=0 dbg=0 op=0
SECDET 38 pc=0 rf=0 intg=0
R 38 17 00000090 ffdff06f
C 38 0000008c 1 0 0 0 5 0
LOCK 39 rst=1 cmp=5 mismatch=0 rf=0 cap=0
SAMPLE 39 ai=0 ab=0 am=0 pc=0 mismatch=0 rf=0 mode=0
T 39 00000090 1 1 0 0 0 0 0 0 1 0 1 1 0 0
W 39 3 00000001 000000000
CSRDBG 39 addr=ffd priv=3 dec=0 csr=0 raw=1 pw=0 dbg=0 op=0
SECDET 39 pc=0 rf=0 intg=0
C 39 00000090 1 0 0 1 5 0
LOCK 40 rst=1 cmp=5 mismatch=0 rf=0 cap=0
SAMPLE 40 ai=0 ab=0 am=0 pc=0 mismatch=0 rf=0 mode=0
T 40 00000090 0 1 0 0 0 0 0 0 1 0 0 0 0 0
SECDET 40 pc=0 rf=0 intg=0
R 40 18 0000008c fe4101db
C 40 00000090 0 0 0 0 5 0
LOCK 41 rst=1 cmp=5 mismatch=0 rf=0 cap=0
SAMPLE 41 ai=0 ab=0 am=0 pc=0 mismatch=0 rf=0 mode=0
T 41 0000008c 1 1 0 0 0 0 0 0 1 0 0 1 0 0
CSRDBG 41 addr=fe4 priv=3 dec=0 csr=0 raw=1 pw=0 dbg=0 op=0
SECDET 41 pc=0 rf=0 intg=0
R 41 19 00000090 ffdff06f
C 41 0000008c 1 0 0 0 5 0
LOCK 42 rst=1 cmp=5 mismatch=0 rf=0 cap=0
SAMPLE 42 ai=0 ab=0 am=0 pc=0 mismatch=0 rf=0 mode=0
T 42 00000090 1 1 0 0 0 0 0 0 1 0 1 1 0 0
W 42 3 00000001 000000000
CSRDBG 42 addr=ffd priv=3 dec=0 csr=0 raw=1 pw=0 dbg=0 op=0
SECDET 42 pc=0 rf=0 intg=0
C 42 00000090 1 0 0 1 5 0
LOCK 43 rst=1 cmp=5 mismatch=0 rf=0 cap=0
SAMPLE 43 ai=0 ab=0 am=0 pc=0 mismatch=0 rf=0 mode=0
T 43 00000090 0 1 0 0 0 0 0 0 1 0 0 0 0 0
SECDET 43 pc=0 rf=0 intg=0
R 43 20 0000008c fe4101db
C 43 00000090 0 0 0 0 5 0
LOCK 44 rst=1 cmp=5 mismatch=0 rf=0 cap=0
SAMPLE 44 ai=0 ab=0 am=0 pc=0 mismatch=0 rf=0 mode=0
T 44 0000008c 1 1 0 0 0 0 0 0 1 0 0 1 0 0
CSRDBG 44 addr=fe4 priv=3 dec=0 csr=0 raw=1 pw=0 dbg=0 op=0
SECDET 44 pc=0 rf=0 intg=0
R 44 21 00000090 ffdff06f
C 44 0000008c 1 0 0 0 5 0
LOCK 45 rst=1 cmp=5 mismatch=0 rf=0 cap=0
SAMPLE 45 ai=0 ab=0 am=0 pc=0 mismatch=0 rf=0 mode=0
T 45 00000090 1 1 0 0 0 0 0 0 1 0 1 1 0 0
W 45 3 00000001 000000000
CSRDBG 45 addr=ffd priv=3 dec=0 csr=0 raw=1 pw=0 dbg=0 op=0
SECDET 45 pc=0 rf=0 intg=0
C 45 00000090 1 0 0 1 5 0
LOCK 46 rst=1 cmp=5 mismatch=0 rf=0 cap=0
SAMPLE 46 ai=0 ab=0 am=0 pc=0 mismatch=0 rf=0 mode=0
T 46 00000090 0 1 0 0 0 0 0 0 1 0 0 0 0 0
SECDET 46 pc=0 rf=0 intg=0
R 46 22 0000008c fe4101db
C 46 00000090 0 0 0 0 5 0
LOCK 47 rst=1 cmp=5 mismatch=0 rf=0 cap=0
SAMPLE 47 ai=0 ab=0 am=0 pc=0 mismatch=0 rf=0 mode=0
T 47 0000008c 1 1 0 0 0 0 0 0 1 0 0 1 0 0
CSRDBG 47 addr=fe4 priv=3 dec=0 csr=0 raw=1 pw=0 dbg=0 op=0
SECDET 47 pc=0 rf=0 intg=0
R 47 23 00000090 ffdff06f
C 47 0000008c 1 0 0 0 5 0
LOCK 48 rst=1 cmp=5 mismatch=0 rf=0 cap=0
SAMPLE 48 ai=0 ab=0 am=0 pc=0 mismatch=0 rf=0 mode=0
T 48 00000090 1 1 0 0 0 0 0 0 1 0 1 1 0 0
W 48 3 00000001 000000000
CSRDBG 48 addr=ffd priv=3 dec=0 csr=0 raw=1 pw=0 dbg=0 op=0
SECDET 48 pc=0 rf=0 intg=0
C 48 00000090 1 0 0 1 5 0
LOCK 49 rst=1 cmp=5 mismatch=0 rf=0 cap=0
SAMPLE 49 ai=0 ab=0 am=0 pc=0 mismatch=0 rf=0 mode=0
T 49 00000090 0 1 0 0 0 0 0 0 1 0 0 0 0 0
SECDET 49 pc=0 rf=0 intg=0
R 49 24 0000008c fe4101db
C 49 00000090 0 0 0 0 5 0
LOCK 50 rst=1 cmp=5 mismatch=0 rf=0 cap=0
SAMPLE 50 ai=0 ab=0 am=0 pc=0 mismatch=0 rf=0 mode=0
T 50 0000008c 1 1 0 0 0 0 0 0 1 0 0 1 0 0
CSRDBG 50 addr=fe4 priv=3 dec=0 csr=0 raw=1 pw=0 dbg=0 op=0
SECDET 50 pc=0 rf=0 intg=0
R 50 25 00000090 ffdff06f
C 50 0000008c 1 0 0 0 5 0
LOCK 51 rst=1 cmp=5 mismatch=0 rf=0 cap=0
SAMPLE 51 ai=0 ab=0 am=0 pc=0 mismatch=0 rf=0 mode=0
T 51 00000090 1 1 0 0 0 0 0 0 1 0 1 1 0 0
W 51 3 00000001 000000000
CSRDBG 51 addr=ffd priv=3 dec=0 csr=0 raw=1 pw=0 dbg=0 op=0
SECDET 51 pc=0 rf=0 intg=0
C 51 00000090 1 0 0 1 5 0
LOCK 52 rst=1 cmp=5 mismatch=0 rf=0 cap=0
SAMPLE 52 ai=0 ab=0 am=0 pc=0 mismatch=0 rf=0 mode=0
T 52 00000090 0 1 0 0 0 0 0 0 1 0 0 0 0 0
SECDET 52 pc=0 rf=0 intg=0
R 52 26 0000008c fe4101db
C 52 00000090 0 0 0 0 5 0
LOCK 53 rst=1 cmp=5 mismatch=0 rf=0 cap=0
SAMPLE 53 ai=0 ab=0 am=0 pc=0 mismatch=0 rf=0 mode=0
T 53 0000008c 1 1 0 0 0 0 0 0 1 0 0 1 0 0
CSRDBG 53 addr=fe4 priv=3 dec=0 csr=0 raw=1 pw=0 dbg=0 op=0
SECDET 53 pc=0 rf=0 intg=0
R 53 27 00000090 ffdff06f
C 53 0000008c 1 0 0 0 5 0
LOCK 54 rst=1 cmp=5 mismatch=0 rf=0 cap=0
SAMPLE 54 ai=0 ab=0 am=0 pc=0 mismatch=0 rf=0 mode=0
T 54 00000090 1 1 0 0 0 0 0 0 1 0 1 1 0 0
W 54 3 00000001 000000000
CSRDBG 54 addr=ffd priv=3 dec=0 csr=0 raw=1 pw=0 dbg=0 op=0
SECDET 54 pc=0 rf=0 intg=0
C 54 00000090 1 0 0 1 5 0
LOCK 55 rst=1 cmp=5 mismatch=0 rf=0 cap=0
SAMPLE 55 ai=0 ab=0 am=0 pc=0 mismatch=0 rf=0 mode=0
T 55 00000090 0 1 0 0 0 0 0 0 1 0 0 0 0 0
SECDET 55 pc=0 rf=0 intg=0
R 55 28 0000008c fe4101db
C 55 00000090 0 0 0 0 5 0
LOCK 56 rst=1 cmp=5 mismatch=0 rf=0 cap=0
SAMPLE 56 ai=0 ab=0 am=0 pc=0 mismatch=0 rf=0 mode=0
T 56 0000008c 1 1 0 0 0 0 0 0 1 0 0 1 0 0
CSRDBG 56 addr=fe4 priv=3 dec=0 csr=0 raw=1 pw=0 dbg=0 op=0
SECDET 56 pc=0 rf=0 intg=0
R 56 29 00000090 ffdff06f
C 56 0000008c 1 0 0 0 5 0
LOCK 57 rst=1 cmp=5 mismatch=0 rf=0 cap=0
SAMPLE 57 ai=0 ab=0 am=0 pc=0 mismatch=0 rf=0 mode=0
T 57 00000090 1 1 0 0 0 0 0 0 1 0 1 1 0 0
W 57 3 00000001 000000000
CSRDBG 57 addr=ffd priv=3 dec=0 csr=0 raw=1 pw=0 dbg=0 op=0
SECDET 57 pc=0 rf=0 intg=0
C 57 00000090 1 0 0 1 5 0
LOCK 58 rst=1 cmp=5 mismatch=0 rf=0 cap=0
SAMPLE 58 ai=0 ab=0 am=0 pc=0 mismatch=0 rf=0 mode=0
T 58 00000090 0 1 0 0 0 0 0 0 1 0 0 0 0 0
SECDET 58 pc=0 rf=0 intg=0
R 58 30 0000008c fe4101db
C 58 00000090 0 0 0 0 5 0
LOCK 59 rst=1 cmp=5 mismatch=0 rf=0 cap=0
SAMPLE 59 ai=0 ab=0 am=0 pc=0 mismatch=0 rf=0 mode=0
T 59 0000008c 1 1 0 0 0 0 0 0 1 0 0 1 0 0
CSRDBG 59 addr=fe4 priv=3 dec=0 csr=0 raw=1 pw=0 dbg=0 op=0
SECDET 59 pc=0 rf=0 intg=0
R 59 31 00000090 ffdff06f
C 59 0000008c 1 0 0 0 5 0
LOCK 60 rst=1 cmp=5 mismatch=0 rf=0 cap=0
SAMPLE 60 ai=0 ab=0 am=0 pc=0 mismatch=0 rf=0 mode=0
T 60 00000090 1 1 0 0 0 0 0 0 1 0 1 1 0 0
W 60 3 00000001 000000000
CSRDBG 60 addr=ffd priv=3 dec=0 csr=0 raw=1 pw=0 dbg=0 op=0
SECDET 60 pc=0 rf=0 intg=0
C 60 00000090 1 0 0 1 5 0
LOCK 61 rst=1 cmp=5 mismatch=0 rf=0 cap=0
SAMPLE 61 ai=0 ab=0 am=0 pc=0 mismatch=0 rf=0 mode=0
T 61 00000090 0 1 0 0 0 0 0 0 1 0 0 0 0 0
SECDET 61 pc=0 rf=0 intg=0
R 61 32 0000008c fe4101db
C 61 00000090 0 0 0 0 5 0
LOCK 62 rst=1 cmp=5 mismatch=0 rf=0 cap=0
SAMPLE 62 ai=0 ab=0 am=0 pc=0 mismatch=0 rf=0 mode=0
T 62 0000008c 1 1 0 0 0 0 0 0 1 0 0 1 0 0
CSRDBG 62 addr=fe4 priv=3 dec=0 csr=0 raw=1 pw=0 dbg=0 op=0
SECDET 62 pc=0 rf=0 intg=0
R 62 33 00000090 ffdff06f
C 62 0000008c 1 0 0 0 5 0
LOCK 63 rst=1 cmp=5 mismatch=0 rf=0 cap=0
SAMPLE 63 ai=0 ab=0 am=0 pc=0 mismatch=0 rf=0 mode=0
T 63 00000090 1 1 0 0 0 0 0 0 1 0 1 1 0 0
W 63 3 00000001 000000000
CSRDBG 63 addr=ffd priv=3 dec=0 csr=0 raw=1 pw=0 dbg=0 op=0
SECDET 63 pc=0 rf=0 intg=0
C 63 00000090 1 0 0 1 5 0
LOCK 64 rst=1 cmp=5 mismatch=0 rf=0 cap=0
SAMPLE 64 ai=0 ab=0 am=0 pc=0 mismatch=0 rf=0 mode=0
T 64 00000090 0 1 0 0 0 0 0 0 1 0 0 0 0 0
SECDET 64 pc=0 rf=0 intg=0
R 64 34 0000008c fe4101db
C 64 00000090 0 0 0 0 5 0
LOCK 65 rst=1 cmp=5 mismatch=0 rf=0 cap=0
SAMPLE 65 ai=0 ab=0 am=0 pc=0 mismatch=0 rf=0 mode=0
T 65 0000008c 1 1 0 0 0 0 0 0 1 0 0 1 0 0
CSRDBG 65 addr=fe4 priv=3 dec=0 csr=0 raw=1 pw=0 dbg=0 op=0
SECDET 65 pc=0 rf=0 intg=0
R 65 35 00000090 ffdff06f
C 65 0000008c 1 0 0 0 5 0
LOCK 66 rst=1 cmp=5 mismatch=0 rf=0 cap=0
SAMPLE 66 ai=0 ab=0 am=0 pc=0 mismatch=0 rf=0 mode=0
T 66 00000090 1 1 0 0 0 0 0 0 1 0 1 1 0 0
W 66 3 00000001 000000000
CSRDBG 66 addr=ffd priv=3 dec=0 csr=0 raw=1 pw=0 dbg=0 op=0
SECDET 66 pc=0 rf=0 intg=0
C 66 00000090 1 0 0 1 5 0
LOCK 67 rst=1 cmp=5 mismatch=0 rf=0 cap=0
SAMPLE 67 ai=0 ab=0 am=0 pc=0 mismatch=0 rf=0 mode=0
T 67 00000090 0 1 0 0 0 0 0 0 1 0 0 0 0 0
SECDET 67 pc=0 rf=0 intg=0
R 67 36 0000008c fe4101db
C 67 00000090 0 0 0 0 5 0
LOCK 68 rst=1 cmp=5 mismatch=0 rf=0 cap=0
SAMPLE 68 ai=0 ab=0 am=0 pc=0 mismatch=0 rf=0 mode=0
T 68 0000008c 1 1 0 0 0 0 0 0 1 0 0 1 0 0
CSRDBG 68 addr=fe4 priv=3 dec=0 csr=0 raw=1 pw=0 dbg=0 op=0
SECDET 68 pc=0 rf=0 intg=0
R 68 37 00000090 ffdff06f
C 68 0000008c 1 0 0 0 5 0
LOCK 69 rst=1 cmp=5 mismatch=0 rf=0 cap=0
SAMPLE 69 ai=0 ab=0 am=0 pc=0 mismatch=0 rf=0 mode=0
T 69 00000090 1 1 0 0 0 0 0 0 1 0 1 1 0 0
W 69 3 00000001 000000000
CSRDBG 69 addr=ffd priv=3 dec=0 csr=0 raw=1 pw=0 dbg=0 op=0
SECDET 69 pc=0 rf=0 intg=0
C 69 00000090 1 0 0 1 5 0
LOCK 70 rst=1 cmp=5 mismatch=0 rf=0 cap=0
SAMPLE 70 ai=0 ab=0 am=0 pc=0 mismatch=0 rf=0 mode=0
T 70 00000090 0 1 0 0 0 0 0 0 1 0 0 0 0 0
SECDET 70 pc=0 rf=0 intg=0
R 70 38 0000008c fe4101db
C 70 00000090 0 0 0 0 5 0
LOCK 71 rst=1 cmp=5 mismatch=0 rf=0 cap=0
SAMPLE 71 ai=0 ab=0 am=0 pc=0 mismatch=0 rf=0 mode=0
T 71 0000008c 1 1 0 0 0 0 0 0 1 0 0 1 0 0
CSRDBG 71 addr=fe4 priv=3 dec=0 csr=0 raw=1 pw=0 dbg=0 op=0
SECDET 71 pc=0 rf=0 intg=0
R 71 39 00000090 ffdff06f
C 71 0000008c 1 0 0 0 5 0
LOCK 72 rst=1 cmp=5 mismatch=0 rf=0 cap=0
SAMPLE 72 ai=0 ab=0 am=0 pc=0 mismatch=0 rf=0 mode=0
T 72 00000090 1 1 0 0 0 0 0 0 1 0 1 1 0 0
W 72 3 00000001 000000000
CSRDBG 72 addr=ffd priv=3 dec=0 csr=0 raw=1 pw=0 dbg=0 op=0
SECDET 72 pc=0 rf=0 intg=0
C 72 00000090 1 0 0 1 5 0
LOCK 73 rst=1 cmp=5 mismatch=0 rf=0 cap=0
SAMPLE 73 ai=0 ab=0 am=0 pc=0 mismatch=0 rf=0 mode=0
T 73 00000090 0 1 0 0 0 0 0 0 1 0 0 0 0 0
SECDET 73 pc=0 rf=0 intg=0
R 73 40 0000008c fe4101db
C 73 00000090 0 0 0 0 5 0
LOCK 74 rst=1 cmp=5 mismatch=0 rf=0 cap=0
SAMPLE 74 ai=0 ab=0 am=0 pc=0 mismatch=0 rf=0 mode=0
T 74 0000008c 1 1 0 0 0 0 0 0 1 0 0 1 0 0
CSRDBG 74 addr=fe4 priv=3 dec=0 csr=0 raw=1 pw=0 dbg=0 op=0
SECDET 74 pc=0 rf=0 intg=0
R 74 41 00000090 ffdff06f
C 74 0000008c 1 0 0 0 5 0
LOCK 75 rst=1 cmp=5 mismatch=0 rf=0 cap=0
SAMPLE 75 ai=0 ab=0 am=0 pc=0 mismatch=0 rf=0 mode=0
T 75 00000090 1 1 0 0 0 0 0 0 1 0 1 1 0 0
W 75 3 00000001 000000000
CSRDBG 75 addr=ffd priv=3 dec=0 csr=0 raw=1 pw=0 dbg=0 op=0
SECDET 75 pc=0 rf=0 intg=0
C 75 00000090 1 0 0 1 5 0
LOCK 76 rst=1 cmp=5 mismatch=0 rf=0 cap=0
SAMPLE 76 ai=0 ab=0 am=0 pc=0 mismatch=0 rf=0 mode=0
T 76 00000090 0 1 0 0 0 0 0 0 1 0 0 0 0 0
SECDET 76 pc=0 rf=0 intg=0
R 76 42 0000008c fe4101db
C 76 00000090 0 0 0 0 5 0
LOCK 77 rst=1 cmp=5 mismatch=0 rf=0 cap=0
SAMPLE 77 ai=0 ab=0 am=0 pc=0 mismatch=0 rf=0 mode=0
T 77 0000008c 1 1 0 0 0 0 0 0 1 0 0 1 0 0
CSRDBG 77 addr=fe4 priv=3 dec=0 csr=0 raw=1 pw=0 dbg=0 op=0
SECDET 77 pc=0 rf=0 intg=0
R 77 43 00000090 ffdff06f
C 77 0000008c 1 0 0 0 5 0
LOCK 78 rst=1 cmp=5 mismatch=0 rf=0 cap=0
SAMPLE 78 ai=0 ab=0 am=0 pc=0 mismatch=0 rf=0 mode=0
T 78 00000090 1 1 0 0 0 0 0 0 1 0 1 1 0 0
W 78 3 00000001 000000000
CSRDBG 78 addr=ffd priv=3 dec=0 csr=0 raw=1 pw=0 dbg=0 op=0
SECDET 78 pc=0 rf=0 intg=0
C 78 00000090 1 0 0 1 5 0
LOCK 79 rst=1 cmp=5 mismatch=0 rf=0 cap=0
SAMPLE 79 ai=0 ab=0 am=0 pc=0 mismatch=0 rf=0 mode=0
T 79 00000090 0 1 0 0 0 0 0 0 1 0 0 0 0 0
SECDET 79 pc=0 rf=0 intg=0
R 79 44 0000008c fe4101db
C 79 00000090 0 0 0 0 5 0
LOCK 80 rst=1 cmp=5 mismatch=0 rf=0 cap=0
SAMPLE 80 ai=0 ab=0 am=0 pc=0 mismatch=0 rf=0 mode=0
T 80 0000008c 1 1 0 0 0 0 0 0 1 0 0 1 0 0
SECDET 80 pc=0 rf=0 intg=0
R 80 45 00000090 ffdff06f
C 80 0000008c 1 0 0 0 5 0
LOCK 81 rst=1 cmp=5 mismatch=0 rf=0 cap=0
SAMPLE 81 ai=0 ab=0 am=0 pc=0 mismatch=0 rf=0 mode=0
T 81 00000090 1 1 0 0 0 0 0 0 1 0 1 1 0 0
W 81 3 00000001 000000000
SECDET 81 pc=0 rf=0 intg=0
C 81 00000090 1 0 0 1 5 0
LOCK 82 rst=1 cmp=5 mismatch=0 rf=0 cap=0
SAMPLE 82 ai=0 ab=0 am=0 pc=0 mismatch=0 rf=0 mode=0
T 82 00000090 0 1 0 0 0 0 0 0 1 0 0 0 0 0
SECDET 82 pc=0 rf=0 intg=0
R 82 46 0000008c fe4101db
C 82 00000090 0 0 0 0 5 0
LOCK 83 rst=1 cmp=5 mismatch=0 rf=0 cap=0
SAMPLE 83 ai=0 ab=0 am=0 pc=0 mismatch=0 rf=0 mode=0
T 83 0000008c 1 1 0 0 0 0 0 0 1 0 0 1 0 0
SECDET 83 pc=0 rf=0 intg=0
R 83 47 00000090 ffdff06f
C 83 0000008c 1 0 0 0 5 0
LOCK 84 rst=1 cmp=5 mismatch=0 rf=0 cap=0
SAMPLE 84 ai=0 ab=0 am=0 pc=0 mismatch=0 rf=0 mode=0
T 84 00000090 1 1 0 0 0 0 0 0 1 0 1 1 0 0
W 84 3 00000001 000000000
SECDET 84 pc=0 rf=0 intg=0
C 84 00000090 1 0 0 1 5 0
LOCK 85 rst=1 cmp=5 mismatch=0 rf=0 cap=0
SAMPLE 85 ai=0 ab=0 am=0 pc=0 mismatch=0 rf=0 mode=0
T 85 00000090 0 1 0 0 0 0 0 0 1 0 0 0 0 0
SECDET 85 pc=0 rf=0 intg=0
R 85 48 0000008c fe4101db
C 85 00000090 0 0 0 0 5 0
LOCK 86 rst=1 cmp=5 mismatch=0 rf=0 cap=0
SAMPLE 86 ai=0 ab=0 am=0 pc=0 mismatch=0 rf=0 mode=0
T 86 0000008c 1 1 0 0 0 0 0 0 1 0 0 1 0 0
SECDET 86 pc=0 rf=0 intg=0
R 86 49 00000090 ffdff06f
C 86 0000008c 1 0 0 0 5 0
LOCK 87 rst=1 cmp=5 mismatch=0 rf=0 cap=0
SAMPLE 87 ai=0 ab=0 am=0 pc=0 mismatch=0 rf=0 mode=0
T 87 00000090 1 1 0 0 0 0 0 0 1 0 1 1 0 0
W 87 3 00000001 000000000
SECDET 87 pc=0 rf=0 intg=0
C 87 00000090 1 0 0 1 5 0
LOCK 88 rst=1 cmp=5 mismatch=0 rf=0 cap=0
SAMPLE 88 ai=0 ab=0 am=0 pc=0 mismatch=0 rf=0 mode=0
T 88 00000090 0 1 0 0 0 0 0 0 1 0 0 0 0 0
SECDET 88 pc=0 rf=0 intg=0
R 88 50 0000008c fe4101db
C 88 00000090 0 0 0 0 5 0
LOCK 89 rst=1 cmp=5 mismatch=0 rf=0 cap=0
SAMPLE 89 ai=0 ab=0 am=0 pc=0 mismatch=0 rf=0 mode=0
T 89 0000008c 1 1 0 0 0 0 0 0 1 0 0 1 0 0
SECDET 89 pc=0 rf=0 intg=0
R 89 51 00000090 ffdff06f
C 89 0000008c 1 0 0 0 5 0
LOCK 90 rst=1 cmp=5 mismatch=0 rf=0 cap=0
SAMPLE 90 ai=0 ab=0 am=0 pc=0 mismatch=0 rf=0 mode=0
T 90 00000090 1 1 0 0 0 0 0 0 1 0 1 1 0 0
W 90 3 00000001 000000000
SECDET 90 pc=0 rf=0 intg=0
C 90 00000090 1 0 0 1 5 0
LOCK 91 rst=1 cmp=5 mismatch=0 rf=0 cap=0
SAMPLE 91 ai=0 ab=0 am=0 pc=0 mismatch=0 rf=0 mode=0
T 91 00000090 0 1 0 0 0 0 0 0 1 0 0 0 0 0
SECDET 91 pc=0 rf=0 intg=0
R 91 52 0000008c fe4101db
C 91 00000090 0 0 0 0 5 0
LOCK 92 rst=1 cmp=5 mismatch=0 rf=0 cap=0
SAMPLE 92 ai=0 ab=0 am=0 pc=0 mismatch=0 rf=0 mode=0
T 92 0000008c 1 1 0 0 0 0 0 0 1 0 0 1 0 0
SECDET 92 pc=0 rf=0 intg=0
R 92 53 00000090 ffdff06f
C 92 0000008c 1 0 0 0 5 0
LOCK 93 rst=1 cmp=5 mismatch=0 rf=0 cap=0
SAMPLE 93 ai=0 ab=0 am=0 pc=0 mismatch=0 rf=0 mode=0
T 93 00000090 1 1 0 0 0 0 0 0 1 0 1 1 0 0
W 93 3 00000001 000000000
SECDET 93 pc=0 rf=0 intg=0
C 93 00000090 1 0 0 1 5 0
LOCK 94 rst=1 cmp=5 mismatch=0 rf=0 cap=0
SAMPLE 94 ai=0 ab=0 am=0 pc=0 mismatch=0 rf=0 mode=0
T 94 00000090 0 1 0 0 0 0 0 0 1 0 0 0 0 0
SECDET 94 pc=0 rf=0 intg=0
R 94 54 0000008c fe4101db
C 94 00000090 0 0 0 0 5 0
LOCK 95 rst=1 cmp=5 mismatch=0 rf=0 cap=0
SAMPLE 95 ai=0 ab=0 am=0 pc=0 mismatch=0 rf=0 mode=0
T 95 0000008c 1 1 0 0 0 0 0 0 1 0 0 1 0 0
SECDET 95 pc=0 rf=0 intg=0
R 95 55 00000090 ffdff06f
C 95 0000008c 1 0 0 0 5 0
LOCK 96 rst=1 cmp=5 mismatch=0 rf=0 cap=0
SAMPLE 96 ai=0 ab=0 am=0 pc=0 mismatch=0 rf=0 mode=0
T 96 00000090 1 1 0 0 0 0 0 0 1 0 1 1 0 0
W 96 3 00000001 000000000
SECDET 96 pc=0 rf=0 intg=0
C 96 00000090 1 0 0 1 5 0
LOCK 97 rst=1 cmp=5 mismatch=0 rf=0 cap=0
SAMPLE 97 ai=0 ab=0 am=0 pc=0 mismatch=0 rf=0 mode=0
T 97 00000090 0 1 0 0 0 0 0 0 1 0 0 0 0 0
SECDET 97 pc=0 rf=0 intg=0
R 97 56 0000008c fe4101db
C 97 00000090 0 0 0 0 5 0
LOCK 98 rst=1 cmp=5 mismatch=0 rf=0 cap=0
SAMPLE 98 ai=0 ab=0 am=0 pc=0 mismatch=0 rf=0 mode=0
T 98 0000008c 1 1 0 0 0 0 0 0 1 0 0 1 0 0
SECDET 98 pc=0 rf=0 intg=0
R 98 57 00000090 ffdff06f
C 98 0000008c 1 0 0 0 5 0
LOCK 99 rst=1 cmp=5 mismatch=0 rf=0 cap=0
SAMPLE 99 ai=0 ab=0 am=0 pc=0 mismatch=0 rf=0 mode=0
T 99 00000090 1 1 0 0 0 0 0 0 1 0 1 1 0 0
W 99 3 00000001 000000000
SECDET 99 pc=0 rf=0 intg=0
C 99 00000090 1 0 0 1 5 0
LOCK 100 rst=1 cmp=5 mismatch=0 rf=0 cap=0
INJECT 100 fault=8
SAMPLE 100 ai=0 ab=0 am=0 pc=0 mismatch=0 rf=0 mode=0
T 100 00000090 0 1 0 0 0 0 0 0 1 0 0 0 0 0
SECDET 100 pc=0 rf=0 intg=0
R 100 58 0000008c fe4101db
C 100 00000090 0 0 0 0 5 0
LOCK 101 rst=1 cmp=5 mismatch=0 rf=0 cap=0
SAMPLE 101 ai=0 ab=0 am=0 pc=0 mismatch=0 rf=0 mode=0
T 101 0000008c 1 1 0 0 0 0 0 0 1 0 0 1 0 0
SECDET 101 pc=0 rf=0 intg=0
R 101 59 00000090 ffdff06f
C 101 0000008c 1 0 0 0 5 0
LOCK 102 rst=1 cmp=5 mismatch=0 rf=0 cap=0
SAMPLE 102 ai=1 ab=0 am=0 pc=0 mismatch=0 rf=1 mode=0
T 102 00000090 1 1 0 0 0 0 0 0 1 0 1 1 0 0
W 102 3 00000000 000000000
SECDET 102 pc=0 rf=0 intg=0
C 102 00000090 1 0 0 1 5 0
ALERT internal 102
LOCK 103 rst=1 cmp=5 mismatch=0 rf=1 cap=0
SAMPLE 103 ai=0 ab=0 am=0 pc=0 mismatch=0 rf=0 mode=0
T 103 00000090 0 1 0 0 0 0 0 0 1 0 0 0 0 0
SECDET 103 pc=0 rf=0 intg=0
R 103 60 0000008c fe4101db
C 103 00000090 0 0 0 0 5 0
LOCK 104 rst=1 cmp=5 mismatch=0 rf=0 cap=0
SAMPLE 104 ai=0 ab=0 am=0 pc=0 mismatch=0 rf=0 mode=0
T 104 0000008c 1 1 0 0 0 0 0 0 1 0 0 1 0 0
SECDET 104 pc=0 rf=0 intg=0
R 104 61 00000090 ffdff06f
C 104 0000008c 1 0 0 0 5 0
LOCK 105 rst=1 cmp=5 mismatch=0 rf=0 cap=0
SAMPLE 105 ai=1 ab=0 am=0 pc=0 mismatch=0 rf=1 mode=0
T 105 00000090 1 1 0 0 0 0 0 0 1 0 1 1 0 0
W 105 3 00000000 000000000
SECDET 105 pc=0 rf=0 intg=0
C 105 00000090 1 0 0 1 5 0
LOCK 106 rst=1 cmp=5 mismatch=0 rf=1 cap=0
SAMPLE 106 ai=0 ab=0 am=0 pc=0 mismatch=0 rf=0 mode=0
T 106 00000090 0 1 0 0 0 0 0 0 1 0 0 0 0 0
SECDET 106 pc=0 rf=0 intg=0
R 106 62 0000008c fe4101db
C 106 00000090 0 0 0 0 5 0
LOCK 107 rst=1 cmp=5 mismatch=0 rf=0 cap=0
SAMPLE 107 ai=0 ab=0 am=0 pc=0 mismatch=0 rf=0 mode=0
T 107 0000008c 1 1 0 0 0 0 0 0 1 0 0 1 0 0
SECDET 107 pc=0 rf=0 intg=0
R 107 63 00000090 ffdff06f
C 107 0000008c 1 0 0 0 5 0
LOCK 108 rst=1 cmp=5 mismatch=0 rf=0 cap=0
SAMPLE 108 ai=1 ab=0 am=0 pc=0 mismatch=0 rf=1 mode=0
T 108 00000090 1 1 0 0 0 0 0 0 1 0 1 1 0 0
W 108 3 00000000 000000000
SECDET 108 pc=0 rf=0 intg=0
C 108 00000090 1 0 0 1 5 0
LOCK 109 rst=1 cmp=5 mismatch=0 rf=1 cap=0
SAMPLE 109 ai=0 ab=0 am=0 pc=0 mismatch=0 rf=0 mode=0
T 109 00000090 0 1 0 0 0 0 0 0 1 0 0 0 0 0
SECDET 109 pc=0 rf=0 intg=0
R 109 64 0000008c fe4101db
C 109 00000090 0 0 0 0 5 0
LOCK 110 rst=1 cmp=5 mismatch=0 rf=0 cap=0
SAMPLE 110 ai=0 ab=0 am=0 pc=0 mismatch=0 rf=0 mode=0
T 110 0000008c 1 1 0 0 0 0 0 0 1 0 0 1 0 0
SECDET 110 pc=0 rf=0 intg=0
R 110 65 00000090 ffdff06f
C 110 0000008c 1 0 0 0 5 0
LOCK 111 rst=1 cmp=5 mismatch=0 rf=0 cap=0
SAMPLE 111 ai=0 ab=0 am=0 pc=0 mismatch=0 rf=0 mode=0
T 111 00000090 1 1 0 0 0 0 0 0 1 0 1 1 0 0
W 111 3 00000001 000000000
SECDET 111 pc=0 rf=0 intg=0
C 111 00000090 1 0 0 1 5 0
LOCK 112 rst=1 cmp=5 mismatch=0 rf=0 cap=0
SAMPLE 112 ai=0 ab=0 am=0 pc=0 mismatch=0 rf=0 mode=0
T 112 00000090 0 1 0 0 0 0 0 0 1 0 0 0 0 0
SECDET 112 pc=0 rf=0 intg=0
R 112 66 0000008c fe4101db
C 112 00000090 0 0 0 0 5 0
LOCK 113 rst=1 cmp=5 mismatch=0 rf=0 cap=0
SAMPLE 113 ai=0 ab=0 am=0 pc=0 mismatch=0 rf=0 mode=0
T 113 0000008c 1 1 0 0 0 0 0 0 1 0 0 1 0 0
SECDET 113 pc=0 rf=0 intg=0
R 113 67 00000090 ffdff06f
C 113 0000008c 1 0 0 0 5 0
LOCK 114 rst=1 cmp=5 mismatch=0 rf=0 cap=0
SAMPLE 114 ai=0 ab=0 am=0 pc=0 mismatch=0 rf=0 mode=0
T 114 00000090 1 1 0 0 0 0 0 0 1 0 1 1 0 0
W 114 3 00000001 000000000
SECDET 114 pc=0 rf=0 intg=0
C 114 00000090 1 0 0 1 5 0
LOCK 115 rst=1 cmp=5 mismatch=0 rf=0 cap=0
SAMPLE 115 ai=0 ab=0 am=0 pc=0 mismatch=0 rf=0 mode=0
T 115 00000090 0 1 0 0 0 0 0 0 1 0 0 0 0 0
SECDET 115 pc=0 rf=0 intg=0
R 115 68 0000008c fe4101db
C 115 00000090 0 0 0 0 5 0
LOCK 116 rst=1 cmp=5 mismatch=0 rf=0 cap=0
SAMPLE 116 ai=0 ab=0 am=0 pc=0 mismatch=0 rf=0 mode=0
T 116 0000008c 1 1 0 0 0 0 0 0 1 0 0 1 0 0
SECDET 116 pc=0 rf=0 intg=0
R 116 69 00000090 ffdff06f
C 116 0000008c 1 0 0 0 5 0
LOCK 117 rst=1 cmp=5 mismatch=0 rf=0 cap=0
SAMPLE 117 ai=0 ab=0 am=0 pc=0 mismatch=0 rf=0 mode=0
T 117 00000090 1 1 0 0 0 0 0 0 1 0 1 1 0 0
W 117 3 00000001 000000000
SECDET 117 pc=0 rf=0 intg=0
C 117 00000090 1 0 0 1 5 0
LOCK 118 rst=1 cmp=5 mismatch=0 rf=0 cap=0
SAMPLE 118 ai=0 ab=0 am=0 pc=0 mismatch=0 rf=0 mode=0
T 118 00000090 0 1 0 0 0 0 0 0 1 0 0 0 0 0
SECDET 118 pc=0 rf=0 intg=0
R 118 70 0000008c fe4101db
C 118 00000090 0 0 0 0 5 0
LOCK 119 rst=1 cmp=5 mismatch=0 rf=0 cap=0
SAMPLE 119 ai=0 ab=0 am=0 pc=0 mismatch=0 rf=0 mode=0
T 119 0000008c 1 1 0 0 0 0 0 0 1 0 0 1 0 0
SECDET 119 pc=0 rf=0 intg=0
R 119 71 00000090 ffdff06f
C 119 0000008c 1 0 0 0 5 0
T 120 00000090 1 1 0 0 0 0 0 0 1 0 1 1 0 0
W 120 3 00000001 000000000
C 120 00000090 1 0 0 1 5 0
T 121 00000090 0 1 0 0 0 0 0 0 1 0 0 0 0 0
R 121 72 0000008c fe4101db
C 121 00000090 0 0 0 0 5 0
T 122 0000008c 1 1 0 0 0 0 0 0 1 0 0 1 0 0
R 122 73 00000090 ffdff06f
C 122 0000008c 1 0 0 0 5 0
T 123 00000090 1 1 0 0 0 0 0 0 1 0 1 1 0 0
W 123 3 00000001 000000000
C 123 00000090 1 0 0 1 5 0
T 124 00000090 0 1 0 0 0 0 0 0 1 0 0 0 0 0
R 124 74 0000008c fe4101db
C 124 00000090 0 0 0 0 5 0
T 125 0000008c 1 1 0 0 0 0 0 0 1 0 0 1 0 0
R 125 75 00000090 ffdff06f
C 125 0000008c 1 0 0 0 5 0
T 126 00000090 1 1 0 0 0 0 0 0 1 0 1 1 0 0
W 126 3 00000001 000000000
C 126 00000090 1 0 0 1 5 0
T 127 00000090 0 1 0 0 0 0 0 0 1 0 0 0 0 0
R 127 76 0000008c fe4101db
C 127 00000090 0 0 0 0 5 0
T 128 0000008c 1 1 0 0 0 0 0 0 1 0 0 1 0 0
R 128 77 00000090 ffdff06f
C 128 0000008c 1 0 0 0 5 0
T 129 00000090 1 1 0 0 0 0 0 0 1 0 1 1 0 0
W 129 3 00000001 000000000
C 129 00000090 1 0 0 1 5 0
T 130 00000090 0 1 0 0 0 0 0 0 1 0 0 0 0 0
R 130 78 0000008c fe4101db
C 130 00000090 0 0 0 0 5 0
T 131 0000008c 1 1 0 0 0 0 0 0 1 0 0 1 0 0
R 131 79 00000090 ffdff06f
C 131 0000008c 1 0 0 0 5 0
T 132 00000090 1 1 0 0 0 0 0 0 1 0 1 1 0 0
W 132 3 00000001 000000000
C 132 00000090 1 0 0 1 5 0
T 133 00000090 0 1 0 0 0 0 0 0 1 0 0 0 0 0
R 133 80 0000008c fe4101db
C 133 00000090 0 0 0 0 5 0
T 134 0000008c 1 1 0 0 0 0 0 0 1 0 0 1 0 0
R 134 81 00000090 ffdff06f
C 134 0000008c 1 0 0 0 5 0
T 135 00000090 1 1 0 0 0 0 0 0 1 0 1 1 0 0
W 135 3 00000001 000000000
C 135 00000090 1 0 0 1 5 0
T 136 00000090 0 1 0 0 0 0 0 0 1 0 0 0 0 0
R 136 82 0000008c fe4101db
C 136 00000090 0 0 0 0 5 0
T 137 0000008c 1 1 0 0 0 0 0 0 1 0 0 1 0 0
R 137 83 00000090 ffdff06f
C 137 0000008c 1 0 0 0 5 0
T 138 00000090 1 1 0 0 0 0 0 0 1 0 1 1 0 0
W 138 3 00000001 000000000
C 138 00000090 1 0 0 1 5 0
T 139 00000090 0 1 0 0 0 0 0 0 1 0 0 0 0 0
R 139 84 0000008c fe4101db
C 139 00000090 0 0 0 0 5 0
T 140 0000008c 1 1 0 0 0 0 0 0 1 0 0 1 0 0
R 140 85 00000090 ffdff06f
C 140 0000008c 1 0 0 0 5 0
T 141 00000090 1 1 0 0 0 0 0 0 1 0 1 1 0 0
W 141 3 00000001 000000000
C 141 00000090 1 0 0 1 5 0
T 142 00000090 0 1 0 0 0 0 0 0 1 0 0 0 0 0
R 142 86 0000008c fe4101db
C 142 00000090 0 0 0 0 5 0
T 143 0000008c 1 1 0 0 0 0 0 0 1 0 0 1 0 0
R 143 87 00000090 ffdff06f
C 143 0000008c 1 0 0 0 5 0
T 144 00000090 1 1 0 0 0 0 0 0 1 0 1 1 0 0
W 144 3 00000001 000000000
C 144 00000090 1 0 0 1 5 0
T 145 00000090 0 1 0 0 0 0 0 0 1 0 0 0 0 0
R 145 88 0000008c fe4101db
C 145 00000090 0 0 0 0 5 0
T 146 0000008c 1 1 0 0 0 0 0 0 1 0 0 1 0 0
R 146 89 00000090 ffdff06f
C 146 0000008c 1 0 0 0 5 0
T 147 00000090 1 1 0 0 0 0 0 0 1 0 1 1 0 0
W 147 3 00000001 000000000
C 147 00000090 1 0 0 1 5 0
T 148 00000090 0 1 0 0 0 0 0 0 1 0 0 0 0 0
R 148 90 0000008c fe4101db
C 148 00000090 0 0 0 0 5 0
T 149 0000008c 1 1 0 0 0 0 0 0 1 0 0 1 0 0
R 149 91 00000090 ffdff06f
C 149 0000008c 1 0 0 0 5 0
T 150 00000090 1 1 0 0 0 0 0 0 1 0 1 1 0 0
W 150 3 00000001 000000000
C 150 00000090 1 0 0 1 5 0
T 151 00000090 0 1 0 0 0 0 0 0 1 0 0 0 0 0
R 151 92 0000008c fe4101db
C 151 00000090 0 0 0 0 5 0
T 152 0000008c 1 1 0 0 0 0 0 0 1 0 0 1 0 0
R 152 93 00000090 ffdff06f
C 152 0000008c 1 0 0 0 5 0
T 153 00000090 1 1 0 0 0 0 0 0 1 0 1 1 0 0
W 153 3 00000001 000000000
C 153 00000090 1 0 0 1 5 0
T 154 00000090 0 1 0 0 0 0 0 0 1 0 0 0 0 0
R 154 94 0000008c fe4101db
C 154 00000090 0 0 0 0 5 0
T 155 0000008c 1 1 0 0 0 0 0 0 1 0 0 1 0 0
R 155 95 00000090 ffdff06f
C 155 0000008c 1 0 0 0 5 0
T 156 00000090 1 1 0 0 0 0 0 0 1 0 1 1 0 0
W 156 3 00000001 000000000
C 156 00000090 1 0 0 1 5 0
T 157 00000090 0 1 0 0 0 0 0 0 1 0 0 0 0 0
R 157 96 0000008c fe4101db
C 157 00000090 0 0 0 0 5 0
T 158 0000008c 1 1 0 0 0 0 0 0 1 0 0 1 0 0
R 158 97 00000090 ffdff06f
C 158 0000008c 1 0 0 0 5 0
T 159 00000090 1 1 0 0 0 0 0 0 1 0 1 1 0 0
W 159 3 00000001 000000000
C 159 00000090 1 0 0 1 5 0
T 160 00000090 0 1 0 0 0 0 0 0 1 0 0 0 0 0
R 160 98 0000008c fe4101db
C 160 00000090 0 0 0 0 5 0
T 161 0000008c 1 1 0 0 0 0 0 0 1 0 0 1 0 0
R 161 99 00000090 ffdff06f
C 161 0000008c 1 0 0 0 5 0
T 162 00000090 1 1 0 0 0 0 0 0 1 0 1 1 0 0
W 162 3 00000001 000000000
C 162 00000090 1 0 0 1 5 0
T 163 00000090 0 1 0 0 0 0 0 0 1 0 0 0 0 0
R 163 100 0000008c fe4101db
C 163 00000090 0 0 0 0 5 0
T 164 0000008c 1 1 0 0 0 0 0 0 1 0 0 1 0 0
R 164 101 00000090 ffdff06f
C 164 0000008c 1 0 0 0 5 0
T 165 00000090 1 1 0 0 0 0 0 0 1 0 1 1 0 0
W 165 3 00000001 000000000
C 165 00000090 1 0 0 1 5 0
T 166 00000090 0 1 0 0 0 0 0 0 1 0 0 0 0 0
R 166 102 0000008c fe4101db
C 166 00000090 0 0 0 0 5 0
T 167 0000008c 1 1 0 0 0 0 0 0 1 0 0 1 0 0
R 167 103 00000090 ffdff06f
C 167 0000008c 1 0 0 0 5 0
T 168 00000090 1 1 0 0 0 0 0 0 1 0 1 1 0 0
W 168 3 00000001 000000000
C 168 00000090 1 0 0 1 5 0
T 169 00000090 0 1 0 0 0 0 0 0 1 0 0 0 0 0
R 169 104 0000008c fe4101db
C 169 00000090 0 0 0 0 5 0
T 170 0000008c 1 1 0 0 0 0 0 0 1 0 0 1 0 0
R 170 105 00000090 ffdff06f
C 170 0000008c 1 0 0 0 5 0
T 171 00000090 1 1 0 0 0 0 0 0 1 0 1 1 0 0
W 171 3 00000001 000000000
C 171 00000090 1 0 0 1 5 0
T 172 00000090 0 1 0 0 0 0 0 0 1 0 0 0 0 0
R 172 106 0000008c fe4101db
C 172 00000090 0 0 0 0 5 0
T 173 0000008c 1 1 0 0 0 0 0 0 1 0 0 1 0 0
R 173 107 00000090 ffdff06f
C 173 0000008c 1 0 0 0 5 0
T 174 00000090 1 1 0 0 0 0 0 0 1 0 1 1 0 0
W 174 3 00000001 000000000
C 174 00000090 1 0 0 1 5 0
T 175 00000090 0 1 0 0 0 0 0 0 1 0 0 0 0 0
R 175 108 0000008c fe4101db
C 175 00000090 0 0 0 0 5 0
T 176 0000008c 1 1 0 0 0 0 0 0 1 0 0 1 0 0
R 176 109 00000090 ffdff06f
C 176 0000008c 1 0 0 0 5 0
T 177 00000090 1 1 0 0 0 0 0 0 1 0 1 1 0 0
W 177 3 00000001 000000000
C 177 00000090 1 0 0 1 5 0
T 178 00000090 0 1 0 0 0 0 0 0 1 0 0 0 0 0
R 178 110 0000008c fe4101db
C 178 00000090 0 0 0 0 5 0
T 179 0000008c 1 1 0 0 0 0 0 0 1 0 0 1 0 0
R 179 111 00000090 ffdff06f
C 179 0000008c 1 0 0 0 5 0
T 180 00000090 1 1 0 0 0 0 0 0 1 0 1 1 0 0
W 180 3 00000001 000000000
C 180 00000090 1 0 0 1 5 0
T 181 00000090 0 1 0 0 0 0 0 0 1 0 0 0 0 0
R 181 112 0000008c fe4101db
C 181 00000090 0 0 0 0 5 0
T 182 0000008c 1 1 0 0 0 0 0 0 1 0 0 1 0 0
R 182 113 00000090 ffdff06f
C 182 0000008c 1 0 0 0 5 0
T 183 00000090 1 1 0 0 0 0 0 0 1 0 1 1 0 0
W 183 3 00000001 000000000
C 183 00000090 1 0 0 1 5 0
T 184 00000090 0 1 0 0 0 0 0 0 1 0 0 0 0 0
R 184 114 0000008c fe4101db
C 184 00000090 0 0 0 0 5 0
T 185 0000008c 1 1 0 0 0 0 0 0 1 0 0 1 0 0
R 185 115 00000090 ffdff06f
C 185 0000008c 1 0 0 0 5 0
T 186 00000090 1 1 0 0 0 0 0 0 1 0 1 1 0 0
W 186 3 00000001 000000000
C 186 00000090 1 0 0 1 5 0
T 187 00000090 0 1 0 0 0 0 0 0 1 0 0 0 0 0
R 187 116 0000008c fe4101db
C 187 00000090 0 0 0 0 5 0
T 188 0000008c 1 1 0 0 0 0 0 0 1 0 0 1 0 0
R 188 117 00000090 ffdff06f
C 188 0000008c 1 0 0 0 5 0
T 189 00000090 1 1 0 0 0 0 0 0 1 0 1 1 0 0
W 189 3 00000001 000000000
C 189 00000090 1 0 0 1 5 0
T 190 00000090 0 1 0 0 0 0 0 0 1 0 0 0 0 0
R 190 118 0000008c fe4101db
C 190 00000090 0 0 0 0 5 0
T 191 0000008c 1 1 0 0 0 0 0 0 1 0 0 1 0 0
R 191 119 00000090 ffdff06f
C 191 0000008c 1 0 0 0 5 0
T 192 00000090 1 1 0 0 0 0 0 0 1 0 1 1 0 0
W 192 3 00000001 000000000
C 192 00000090 1 0 0 1 5 0
T 193 00000090 0 1 0 0 0 0 0 0 1 0 0 0 0 0
R 193 120 0000008c fe4101db
C 193 00000090 0 0 0 0 5 0
T 194 0000008c 1 1 0 0 0 0 0 0 1 0 0 1 0 0
R 194 121 00000090 ffdff06f
C 194 0000008c 1 0 0 0 5 0
T 195 00000090 1 1 0 0 0 0 0 0 1 0 1 1 0 0
W 195 3 00000001 000000000
C 195 00000090 1 0 0 1 5 0
T 196 00000090 0 1 0 0 0 0 0 0 1 0 0 0 0 0
R 196 122 0000008c fe4101db
C 196 00000090 0 0 0 0 5 0
T 197 0000008c 1 1 0 0 0 0 0 0 1 0 0 1 0 0
R 197 123 00000090 ffdff06f
C 197 0000008c 1 0 0 0 5 0
T 198 00000090 1 1 0 0 0 0 0 0 1 0 1 1 0 0
W 198 3 00000001 000000000
C 198 00000090 1 0 0 1 5 0
T 199 00000090 0 1 0 0 0 0 0 0 1 0 0 0 0 0
R 199 124 0000008c fe4101db
C 199 00000090 0 0 0 0 5 0
T 200 0000008c 1 1 0 0 0 0 0 0 1 0 0 1 0 0
R 200 125 00000090 ffdff06f
C 200 0000008c 1 0 0 0 5 0
T 201 00000090 1 1 0 0 0 0 0 0 1 0 1 1 0 0
W 201 3 00000001 000000000
C 201 00000090 1 0 0 1 5 0
T 202 00000090 0 1 0 0 0 0 0 0 1 0 0 0 0 0
R 202 126 0000008c fe4101db
C 202 00000090 0 0 0 0 5 0
T 203 0000008c 1 1 0 0 0 0 0 0 1 0 0 1 0 0
R 203 127 00000090 ffdff06f
C 203 0000008c 1 0 0 0 5 0
T 204 00000090 1 1 0 0 0 0 0 0 1 0 1 1 0 0
W 204 3 00000001 000000000
C 204 00000090 1 0 0 1 5 0
T 205 00000090 0 1 0 0 0 0 0 0 1 0 0 0 0 0
R 205 128 0000008c fe4101db
C 205 00000090 0 0 0 0 5 0
T 206 0000008c 1 1 0 0 0 0 0 0 1 0 0 1 0 0
R 206 129 00000090 ffdff06f
C 206 0000008c 1 0 0 0 5 0
T 207 00000090 1 1 0 0 0 0 0 0 1 0 1 1 0 0
W 207 3 00000001 000000000
C 207 00000090 1 0 0 1 5 0
T 208 00000090 0 1 0 0 0 0 0 0 1 0 0 0 0 0
R 208 130 0000008c fe4101db
C 208 00000090 0 0 0 0 5 0
T 209 0000008c 1 1 0 0 0 0 0 0 1 0 0 1 0 0
R 209 131 00000090 ffdff06f
C 209 0000008c 1 0 0 0 5 0
T 210 00000090 1 1 0 0 0 0 0 0 1 0 1 1 0 0
W 210 3 00000001 000000000
C 210 00000090 1 0 0 1 5 0
T 211 00000090 0 1 0 0 0 0 0 0 1 0 0 0 0 0
R 211 132 0000008c fe4101db
C 211 00000090 0 0 0 0 5 0
T 212 0000008c 1 1 0 0 0 0 0 0 1 0 0 1 0 0
R 212 133 00000090 ffdff06f
C 212 0000008c 1 0 0 0 5 0
T 213 00000090 1 1 0 0 0 0 0 0 1 0 1 1 0 0
W 213 3 00000001 000000000
C 213 00000090 1 0 0 1 5 0
T 214 00000090 0 1 0 0 0 0 0 0 1 0 0 0 0 0
R 214 134 0000008c fe4101db
C 214 00000090 0 0 0 0 5 0
T 215 0000008c 1 1 0 0 0 0 0 0 1 0 0 1 0 0
R 215 135 00000090 ffdff06f
C 215 0000008c 1 0 0 0 5 0
T 216 00000090 1 1 0 0 0 0 0 0 1 0 1 1 0 0
W 216 3 00000001 000000000
C 216 00000090 1 0 0 1 5 0
T 217 00000090 0 1 0 0 0 0 0 0 1 0 0 0 0 0
R 217 136 0000008c fe4101db
C 217 00000090 0 0 0 0 5 0
T 218 0000008c 1 1 0 0 0 0 0 0 1 0 0 1 0 0
R 218 137 00000090 ffdff06f
C 218 0000008c 1 0 0 0 5 0
T 219 00000090 1 1 0 0 0 0 0 0 1 0 1 1 0 0
W 219 3 00000001 000000000
C 219 00000090 1 0 0 1 5 0
T 220 00000090 0 1 0 0 0 0 0 0 1 0 0 0 0 0
R 220 138 0000008c fe4101db
C 220 00000090 0 0 0 0 5 0
T 221 0000008c 1 1 0 0 0 0 0 0 1 0 0 1 0 0
R 221 139 00000090 ffdff06f
C 221 0000008c 1 0 0 0 5 0
T 222 00000090 1 1 0 0 0 0 0 0 1 0 1 1 0 0
W 222 3 00000001 000000000
C 222 00000090 1 0 0 1 5 0
T 223 00000090 0 1 0 0 0 0 0 0 1 0 0 0 0 0
R 223 140 0000008c fe4101db
C 223 00000090 0 0 0 0 5 0
T 224 0000008c 1 1 0 0 0 0 0 0 1 0 0 1 0 0
R 224 141 00000090 ffdff06f
C 224 0000008c 1 0 0 0 5 0
T 225 00000090 1 1 0 0 0 0 0 0 1 0 1 1 0 0
W 225 3 00000001 000000000
C 225 00000090 1 0 0 1 5 0
T 226 00000090 0 1 0 0 0 0 0 0 1 0 0 0 0 0
R 226 142 0000008c fe4101db
C 226 00000090 0 0 0 0 5 0
T 227 0000008c 1 1 0 0 0 0 0 0 1 0 0 1 0 0
R 227 143 00000090 ffdff06f
C 227 0000008c 1 0 0 0 5 0
T 228 00000090 1 1 0 0 0 0 0 0 1 0 1 1 0 0
W 228 3 00000001 000000000
C 228 00000090 1 0 0 1 5 0
T 229 00000090 0 1 0 0 0 0 0 0 1 0 0 0 0 0
R 229 144 0000008c fe4101db
C 229 00000090 0 0 0 0 5 0
T 230 0000008c 1 1 0 0 0 0 0 0 1 0 0 1 0 0
R 230 145 00000090 ffdff06f
C 230 0000008c 1 0 0 0 5 0
T 231 00000090 1 1 0 0 0 0 0 0 1 0 1 1 0 0
W 231 3 00000001 000000000
C 231 00000090 1 0 0 1 5 0
T 232 00000090 0 1 0 0 0 0 0 0 1 0 0 0 0 0
R 232 146 0000008c fe4101db
C 232 00000090 0 0 0 0 5 0
T 233 0000008c 1 1 0 0 0 0 0 0 1 0 0 1 0 0
R 233 147 00000090 ffdff06f
C 233 0000008c 1 0 0 0 5 0
T 234 00000090 1 1 0 0 0 0 0 0 1 0 1 1 0 0
W 234 3 00000001 000000000
C 234 00000090 1 0 0 1 5 0
T 235 00000090 0 1 0 0 0 0 0 0 1 0 0 0 0 0
R 235 148 0000008c fe4101db
C 235 00000090 0 0 0 0 5 0
T 236 0000008c 1 1 0 0 0 0 0 0 1 0 0 1 0 0
R 236 149 00000090 ffdff06f
C 236 0000008c 1 0 0 0 5 0
T 237 00000090 1 1 0 0 0 0 0 0 1 0 1 1 0 0
W 237 3 00000001 000000000
C 237 00000090 1 0 0 1 5 0
T 238 00000090 0 1 0 0 0 0 0 0 1 0 0 0 0 0
R 238 150 0000008c fe4101db
C 238 00000090 0 0 0 0 5 0
T 239 0000008c 1 1 0 0 0 0 0 0 1 0 0 1 0 0
R 239 151 00000090 ffdff06f
C 239 0000008c 1 0 0 0 5 0
T 240 00000090 1 1 0 0 0 0 0 0 1 0 1 1 0 0
W 240 3 00000001 000000000
C 240 00000090 1 0 0 1 5 0
T 241 00000090 0 1 0 0 0 0 0 0 1 0 0 0 0 0
R 241 152 0000008c fe4101db
C 241 00000090 0 0 0 0 5 0
T 242 0000008c 1 1 0 0 0 0 0 0 1 0 0 1 0 0
R 242 153 00000090 ffdff06f
C 242 0000008c 1 0 0 0 5 0
T 243 00000090 1 1 0 0 0 0 0 0 1 0 1 1 0 0
W 243 3 00000001 000000000
C 243 00000090 1 0 0 1 5 0
T 244 00000090 0 1 0 0 0 0 0 0 1 0 0 0 0 0
R 244 154 0000008c fe4101db
C 244 00000090 0 0 0 0 5 0
T 245 0000008c 1 1 0 0 0 0 0 0 1 0 0 1 0 0
R 245 155 00000090 ffdff06f
C 245 0000008c 1 0 0 0 5 0
T 246 00000090 1 1 0 0 0 0 0 0 1 0 1 1 0 0
W 246 3 00000001 000000000
C 246 00000090 1 0 0 1 5 0
T 247 00000090 0 1 0 0 0 0 0 0 1 0 0 0 0 0
R 247 156 0000008c fe4101db
C 247 00000090 0 0 0 0 5 0
T 248 0000008c 1 1 0 0 0 0 0 0 1 0 0 1 0 0
R 248 157 00000090 ffdff06f
C 248 0000008c 1 0 0 0 5 0
T 249 00000090 1 1 0 0 0 0 0 0 1 0 1 1 0 0
W 249 3 00000001 000000000
C 249 00000090 1 0 0 1 5 0
T 250 00000090 0 1 0 0 0 0 0 0 1 0 0 0 0 0
R 250 158 0000008c fe4101db
C 250 00000090 0 0 0 0 5 0
T 251 0000008c 1 1 0 0 0 0 0 0 1 0 0 1 0 0
R 251 159 00000090 ffdff06f
C 251 0000008c 1 0 0 0 5 0
T 252 00000090 1 1 0 0 0 0 0 0 1 0 1 1 0 0
W 252 3 00000001 000000000
C 252 00000090 1 0 0 1 5 0
T 253 00000090 0 1 0 0 0 0 0 0 1 0 0 0 0 0
R 253 160 0000008c fe4101db
C 253 00000090 0 0 0 0 5 0
T 254 0000008c 1 1 0 0 0 0 0 0 1 0 0 1 0 0
R 254 161 00000090 ffdff06f
C 254 0000008c 1 0 0 0 5 0
T 255 00000090 1 1 0 0 0 0 0 0 1 0 1 1 0 0
W 255 3 00000001 000000000
C 255 00000090 1 0 0 1 5 0
T 256 00000090 0 1 0 0 0 0 0 0 1 0 0 0 0 0
R 256 162 0000008c fe4101db
C 256 00000090 0 0 0 0 5 0
T 257 0000008c 1 1 0 0 0 0 0 0 1 0 0 1 0 0
R 257 163 00000090 ffdff06f
C 257 0000008c 1 0 0 0 5 0
T 258 00000090 1 1 0 0 0 0 0 0 1 0 1 1 0 0
W 258 3 00000001 000000000
C 258 00000090 1 0 0 1 5 0
T 259 00000090 0 1 0 0 0 0 0 0 1 0 0 0 0 0
R 259 164 0000008c fe4101db
C 259 00000090 0 0 0 0 5 0
T 260 0000008c 1 1 0 0 0 0 0 0 1 0 0 1 0 0
R 260 165 00000090 ffdff06f
C 260 0000008c 1 0 0 0 5 0
T 261 00000090 1 1 0 0 0 0 0 0 1 0 1 1 0 0
W 261 3 00000001 000000000
C 261 00000090 1 0 0 1 5 0
T 262 00000090 0 1 0 0 0 0 0 0 1 0 0 0 0 0
R 262 166 0000008c fe4101db
C 262 00000090 0 0 0 0 5 0
T 263 0000008c 1 1 0 0 0 0 0 0 1 0 0 1 0 0
R 263 167 00000090 ffdff06f
C 263 0000008c 1 0 0 0 5 0
T 264 00000090 1 1 0 0 0 0 0 0 1 0 1 1 0 0
W 264 3 00000001 000000000
C 264 00000090 1 0 0 1 5 0
T 265 00000090 0 1 0 0 0 0 0 0 1 0 0 0 0 0
R 265 168 0000008c fe4101db
C 265 00000090 0 0 0 0 5 0
T 266 0000008c 1 1 0 0 0 0 0 0 1 0 0 1 0 0
R 266 169 00000090 ffdff06f
C 266 0000008c 1 0 0 0 5 0
T 267 00000090 1 1 0 0 0 0 0 0 1 0 1 1 0 0
W 267 3 00000001 000000000
C 267 00000090 1 0 0 1 5 0
T 268 00000090 0 1 0 0 0 0 0 0 1 0 0 0 0 0
R 268 170 0000008c fe4101db
C 268 00000090 0 0 0 0 5 0
T 269 0000008c 1 1 0 0 0 0 0 0 1 0 0 1 0 0
R 269 171 00000090 ffdff06f
C 269 0000008c 1 0 0 0 5 0
T 270 00000090 1 1 0 0 0 0 0 0 1 0 1 1 0 0
W 270 3 00000001 000000000
C 270 00000090 1 0 0 1 5 0
T 271 00000090 0 1 0 0 0 0 0 0 1 0 0 0 0 0
R 271 172 0000008c fe4101db
C 271 00000090 0 0 0 0 5 0
T 272 0000008c 1 1 0 0 0 0 0 0 1 0 0 1 0 0
R 272 173 00000090 ffdff06f
C 272 0000008c 1 0 0 0 5 0
T 273 00000090 1 1 0 0 0 0 0 0 1 0 1 1 0 0
W 273 3 00000001 000000000
C 273 00000090 1 0 0 1 5 0
T 274 00000090 0 1 0 0 0 0 0 0 1 0 0 0 0 0
R 274 174 0000008c fe4101db
C 274 00000090 0 0 0 0 5 0
T 275 0000008c 1 1 0 0 0 0 0 0 1 0 0 1 0 0
R 275 175 00000090 ffdff06f
C 275 0000008c 1 0 0 0 5 0
T 276 00000090 1 1 0 0 0 0 0 0 1 0 1 1 0 0
W 276 3 00000001 000000000
C 276 00000090 1 0 0 1 5 0
T 277 00000090 0 1 0 0 0 0 0 0 1 0 0 0 0 0
R 277 176 0000008c fe4101db
C 277 00000090 0 0 0 0 5 0
T 278 0000008c 1 1 0 0 0 0 0 0 1 0 0 1 0 0
R 278 177 00000090 ffdff06f
C 278 0000008c 1 0 0 0 5 0
T 279 00000090 1 1 0 0 0 0 0 0 1 0 1 1 0 0
W 279 3 00000001 000000000
C 279 00000090 1 0 0 1 5 0
T 280 00000090 0 1 0 0 0 0 0 0 1 0 0 0 0 0
R 280 178 0000008c fe4101db
C 280 00000090 0 0 0 0 5 0
T 281 0000008c 1 1 0 0 0 0 0 0 1 0 0 1 0 0
R 281 179 00000090 ffdff06f
C 281 0000008c 1 0 0 0 5 0
T 282 00000090 1 1 0 0 0 0 0 0 1 0 1 1 0 0
W 282 3 00000001 000000000
C 282 00000090 1 0 0 1 5 0
T 283 00000090 0 1 0 0 0 0 0 0 1 0 0 0 0 0
R 283 180 0000008c fe4101db
C 283 00000090 0 0 0 0 5 0
T 284 0000008c 1 1 0 0 0 0 0 0 1 0 0 1 0 0
R 284 181 00000090 ffdff06f
C 284 0000008c 1 0 0 0 5 0
T 285 00000090 1 1 0 0 0 0 0 0 1 0 1 1 0 0
W 285 3 00000001 000000000
C 285 00000090 1 0 0 1 5 0
T 286 00000090 0 1 0 0 0 0 0 0 1 0 0 0 0 0
R 286 182 0000008c fe4101db
C 286 00000090 0 0 0 0 5 0
T 287 0000008c 1 1 0 0 0 0 0 0 1 0 0 1 0 0
R 287 183 00000090 ffdff06f
C 287 0000008c 1 0 0 0 5 0
T 288 00000090 1 1 0 0 0 0 0 0 1 0 1 1 0 0
W 288 3 00000001 000000000
C 288 00000090 1 0 0 1 5 0
T 289 00000090 0 1 0 0 0 0 0 0 1 0 0 0 0 0
R 289 184 0000008c fe4101db
C 289 00000090 0 0 0 0 5 0
T 290 0000008c 1 1 0 0 0 0 0 0 1 0 0 1 0 0
R 290 185 00000090 ffdff06f
C 290 0000008c 1 0 0 0 5 0
T 291 00000090 1 1 0 0 0 0 0 0 1 0 1 1 0 0
W 291 3 00000001 000000000
C 291 00000090 1 0 0 1 5 0
T 292 00000090 0 1 0 0 0 0 0 0 1 0 0 0 0 0
R 292 186 0000008c fe4101db
C 292 00000090 0 0 0 0 5 0
T 293 0000008c 1 1 0 0 0 0 0 0 1 0 0 1 0 0
R 293 187 00000090 ffdff06f
C 293 0000008c 1 0 0 0 5 0
T 294 00000090 1 1 0 0 0 0 0 0 1 0 1 1 0 0
W 294 3 00000001 000000000
C 294 00000090 1 0 0 1 5 0
T 295 00000090 0 1 0 0 0 0 0 0 1 0 0 0 0 0
R 295 188 0000008c fe4101db
C 295 00000090 0 0 0 0 5 0
T 296 0000008c 1 1 0 0 0 0 0 0 1 0 0 1 0 0
R 296 189 00000090 ffdff06f
C 296 0000008c 1 0 0 0 5 0
T 297 00000090 1 1 0 0 0 0 0 0 1 0 1 1 0 0
W 297 3 00000001 000000000
C 297 00000090 1 0 0 1 5 0
T 298 00000090 0 1 0 0 0 0 0 0 1 0 0 0 0 0
R 298 190 0000008c fe4101db
C 298 00000090 0 0 0 0 5 0
T 299 0000008c 1 1 0 0 0 0 0 0 1 0 0 1 0 0
R 299 191 00000090 ffdff06f
C 299 0000008c 1 0 0 0 5 0
T 300 00000090 1 1 0 0 0 0 0 0 1 0 1 1 0 0
W 300 3 00000001 000000000
C 300 00000090 1 0 0 1 5 0
T 301 00000090 0 1 0 0 0 0 0 0 1 0 0 0 0 0
R 301 192 0000008c fe4101db
C 301 00000090 0 0 0 0 5 0
T 302 0000008c 1 1 0 0 0 0 0 0 1 0 0 1 0 0
R 302 193 00000090 ffdff06f
C 302 0000008c 1 0 0 0 5 0
T 303 00000090 1 1 0 0 0 0 0 0 1 0 1 1 0 0
W 303 3 00000001 000000000
C 303 00000090 1 0 0 1 5 0
T 304 00000090 0 1 0 0 0 0 0 0 1 0 0 0 0 0
R 304 194 0000008c fe4101db
C 304 00000090 0 0 0 0 5 0
T 305 0000008c 1 1 0 0 0 0 0 0 1 0 0 1 0 0
R 305 195 00000090 ffdff06f
C 305 0000008c 1 0 0 0 5 0
T 306 00000090 1 1 0 0 0 0 0 0 1 0 1 1 0 0
W 306 3 00000001 000000000
C 306 00000090 1 0 0 1 5 0
T 307 00000090 0 1 0 0 0 0 0 0 1 0 0 0 0 0
R 307 196 0000008c fe4101db
C 307 00000090 0 0 0 0 5 0
T 308 0000008c 1 1 0 0 0 0 0 0 1 0 0 1 0 0
R 308 197 00000090 ffdff06f
C 308 0000008c 1 0 0 0 5 0
T 309 00000090 1 1 0 0 0 0 0 0 1 0 1 1 0 0
W 309 3 00000001 000000000
C 309 00000090 1 0 0 1 5 0
T 310 00000090 0 1 0 0 0 0 0 0 1 0 0 0 0 0
R 310 198 0000008c fe4101db
C 310 00000090 0 0 0 0 5 0
T 311 0000008c 1 1 0 0 0 0 0 0 1 0 0 1 0 0
R 311 199 00000090 ffdff06f
C 311 0000008c 1 0 0 0 5 0
T 312 00000090 1 1 0 0 0 0 0 0 1 0 1 1 0 0
W 312 3 00000001 000000000
C 312 00000090 1 0 0 1 5 0
T 313 00000090 0 1 0 0 0 0 0 0 1 0 0 0 0 0
R 313 200 0000008c fe4101db
C 313 00000090 0 0 0 0 5 0
T 314 0000008c 1 1 0 0 0 0 0 0 1 0 0 1 0 0
R 314 201 00000090 ffdff06f
C 314 0000008c 1 0 0 0 5 0
T 315 00000090 1 1 0 0 0 0 0 0 1 0 1 1 0 0
W 315 3 00000001 000000000
C 315 00000090 1 0 0 1 5 0
T 316 00000090 0 1 0 0 0 0 0 0 1 0 0 0 0 0
R 316 202 0000008c fe4101db
C 316 00000090 0 0 0 0 5 0
T 317 0000008c 1 1 0 0 0 0 0 0 1 0 0 1 0 0
R 317 203 00000090 ffdff06f
C 317 0000008c 1 0 0 0 5 0
T 318 00000090 1 1 0 0 0 0 0 0 1 0 1 1 0 0
W 318 3 00000001 000000000
C 318 00000090 1 0 0 1 5 0
T 319 00000090 0 1 0 0 0 0 0 0 1 0 0 0 0 0
R 319 204 0000008c fe4101db
C 319 00000090 0 0 0 0 5 0
T 320 0000008c 1 1 0 0 0 0 0 0 1 0 0 1 0 0
R 320 205 00000090 ffdff06f
C 320 0000008c 1 0 0 0 5 0
T 321 00000090 1 1 0 0 0 0 0 0 1 0 1 1 0 0
W 321 3 00000001 000000000
C 321 00000090 1 0 0 1 5 0
T 322 00000090 0 1 0 0 0 0 0 0 1 0 0 0 0 0
R 322 206 0000008c fe4101db
C 322 00000090 0 0 0 0 5 0
T 323 0000008c 1 1 0 0 0 0 0 0 1 0 0 1 0 0
R 323 207 00000090 ffdff06f
C 323 0000008c 1 0 0 0 5 0
T 324 00000090 1 1 0 0 0 0 0 0 1 0 1 1 0 0
W 324 3 00000001 000000000
C 324 00000090 1 0 0 1 5 0
T 325 00000090 0 1 0 0 0 0 0 0 1 0 0 0 0 0
R 325 208 0000008c fe4101db
C 325 00000090 0 0 0 0 5 0
T 326 0000008c 1 1 0 0 0 0 0 0 1 0 0 1 0 0
R 326 209 00000090 ffdff06f
C 326 0000008c 1 0 0 0 5 0
T 327 00000090 1 1 0 0 0 0 0 0 1 0 1 1 0 0
W 327 3 00000001 000000000
C 327 00000090 1 0 0 1 5 0
T 328 00000090 0 1 0 0 0 0 0 0 1 0 0 0 0 0
R 328 210 0000008c fe4101db
C 328 00000090 0 0 0 0 5 0
T 329 0000008c 1 1 0 0 0 0 0 0 1 0 0 1 0 0
R 329 211 00000090 ffdff06f
C 329 0000008c 1 0 0 0 5 0
T 330 00000090 1 1 0 0 0 0 0 0 1 0 1 1 0 0
W 330 3 00000001 000000000
C 330 00000090 1 0 0 1 5 0
T 331 00000090 0 1 0 0 0 0 0 0 1 0 0 0 0 0
R 331 212 0000008c fe4101db
C 331 00000090 0 0 0 0 5 0
T 332 0000008c 1 1 0 0 0 0 0 0 1 0 0 1 0 0
R 332 213 00000090 ffdff06f
C 332 0000008c 1 0 0 0 5 0
T 333 00000090 1 1 0 0 0 0 0 0 1 0 1 1 0 0
W 333 3 00000001 000000000
C 333 00000090 1 0 0 1 5 0
T 334 00000090 0 1 0 0 0 0 0 0 1 0 0 0 0 0
R 334 214 0000008c fe4101db
C 334 00000090 0 0 0 0 5 0
T 335 0000008c 1 1 0 0 0 0 0 0 1 0 0 1 0 0
R 335 215 00000090 ffdff06f
C 335 0000008c 1 0 0 0 5 0
T 336 00000090 1 1 0 0 0 0 0 0 1 0 1 1 0 0
W 336 3 00000001 000000000
C 336 00000090 1 0 0 1 5 0
T 337 00000090 0 1 0 0 0 0 0 0 1 0 0 0 0 0
R 337 216 0000008c fe4101db
C 337 00000090 0 0 0 0 5 0
T 338 0000008c 1 1 0 0 0 0 0 0 1 0 0 1 0 0
R 338 217 00000090 ffdff06f
C 338 0000008c 1 0 0 0 5 0
T 339 00000090 1 1 0 0 0 0 0 0 1 0 1 1 0 0
W 339 3 00000001 000000000
C 339 00000090 1 0 0 1 5 0
T 340 00000090 0 1 0 0 0 0 0 0 1 0 0 0 0 0
R 340 218 0000008c fe4101db
C 340 00000090 0 0 0 0 5 0
T 341 0000008c 1 1 0 0 0 0 0 0 1 0 0 1 0 0
R 341 219 00000090 ffdff06f
C 341 0000008c 1 0 0 0 5 0
T 342 00000090 1 1 0 0 0 0 0 0 1 0 1 1 0 0
W 342 3 00000001 000000000
C 342 00000090 1 0 0 1 5 0
T 343 00000090 0 1 0 0 0 0 0 0 1 0 0 0 0 0
R 343 220 0000008c fe4101db
C 343 00000090 0 0 0 0 5 0
T 344 0000008c 1 1 0 0 0 0 0 0 1 0 0 1 0 0
R 344 221 00000090 ffdff06f
C 344 0000008c 1 0 0 0 5 0
SAMPLE 345 ai=0 ab=0 am=0 pc=0 mismatch=0 rf=0 mode=0
T 345 00000090 1 1 0 0 0 0 0 0 1 0 1 1 0 0
W 345 3 00000001 000000000
C 345 00000090 1 0 0 1 5 0
SAMPLE 346 ai=0 ab=0 am=0 pc=0 mismatch=0 rf=0 mode=0
T 346 00000090 0 1 0 0 0 0 0 0 1 0 0 0 0 0
R 346 222 0000008c fe4101db
C 346 00000090 0 0 0 0 5 0
SAMPLE 347 ai=0 ab=0 am=0 pc=0 mismatch=0 rf=0 mode=0
T 347 0000008c 1 1 0 0 0 0 0 0 1 0 0 1 0 0
R 347 223 00000090 ffdff06f
C 347 0000008c 1 0 0 0 5 0
SAMPLE 348 ai=0 ab=0 am=0 pc=0 mismatch=0 rf=0 mode=0
T 348 00000090 1 1 0 0 0 0 0 0 1 0 1 1 0 0
W 348 3 00000001 000000000
C 348 00000090 1 0 0 1 5 0
SAMPLE 349 ai=0 ab=0 am=0 pc=0 mismatch=0 rf=0 mode=0
T 349 00000090 0 1 0 0 0 0 0 0 1 0 0 0 0 0
R 349 224 0000008c fe4101db
C 349 00000090 0 0 0 0 5 0
SAMPLE 350 ai=0 ab=0 am=0 pc=0 mismatch=0 rf=0 mode=0
T 350 0000008c 1 1 0 0 0 0 0 0 1 0 0 1 0 0
R 350 225 00000090 ffdff06f
C 350 0000008c 1 0 0 0 5 0
SAMPLE 351 ai=0 ab=0 am=0 pc=0 mismatch=0 rf=0 mode=0
T 351 00000090 1 1 0 0 0 0 0 0 1 0 1 1 0 0
W 351 3 00000001 000000000
C 351 00000090 1 0 0 1 5 0
SAMPLE 352 ai=0 ab=0 am=0 pc=0 mismatch=0 rf=0 mode=0
T 352 00000090 0 1 0 0 0 0 0 0 1 0 0 0 0 0
R 352 226 0000008c fe4101db
C 352 00000090 0 0 0 0 5 0
SAMPLE 353 ai=0 ab=0 am=0 pc=0 mismatch=0 rf=0 mode=0
T 353 0000008c 1 1 0 0 0 0 0 0 1 0 0 1 0 0
R 353 227 00000090 ffdff06f
C 353 0000008c 1 0 0 0 5 0
SAMPLE 354 ai=0 ab=0 am=0 pc=0 mismatch=0 rf=0 mode=0
T 354 00000090 1 1 0 0 0 0 0 0 1 0 1 1 0 0
W 354 3 00000001 000000000
C 354 00000090 1 0 0 1 5 0
SAMPLE 355 ai=0 ab=0 am=0 pc=0 mismatch=0 rf=0 mode=0
T 355 00000090 0 1 0 0 0 0 0 0 1 0 0 0 0 0
R 355 228 0000008c fe4101db
C 355 00000090 0 0 0 0 5 0
SAMPLE 356 ai=0 ab=0 am=0 pc=0 mismatch=0 rf=0 mode=0
T 356 0000008c 1 1 0 0 0 0 0 0 1 0 0 1 0 0
R 356 229 00000090 ffdff06f
C 356 0000008c 1 0 0 0 5 0
SAMPLE 357 ai=0 ab=0 am=0 pc=0 mismatch=0 rf=0 mode=0
T 357 00000090 1 1 0 0 0 0 0 0 1 0 1 1 0 0
W 357 3 00000001 000000000
C 357 00000090 1 0 0 1 5 0
SAMPLE 358 ai=0 ab=0 am=0 pc=0 mismatch=0 rf=0 mode=0
T 358 00000090 0 1 0 0 0 0 0 0 1 0 0 0 0 0
R 358 230 0000008c fe4101db
C 358 00000090 0 0 0 0 5 0
SAMPLE 359 ai=0 ab=0 am=0 pc=0 mismatch=0 rf=0 mode=0
T 359 0000008c 1 1 0 0 0 0 0 0 1 0 0 1 0 0
R 359 231 00000090 ffdff06f
C 359 0000008c 1 0 0 0 5 0
SAMPLE 360 ai=0 ab=0 am=0 pc=0 mismatch=0 rf=0 mode=0
T 360 00000090 1 1 0 0 0 0 0 0 1 0 1 1 0 0
W 360 3 00000001 000000000
C 360 00000090 1 0 0 1 5 0
T 361 00000090 0 1 0 0 0 0 0 0 1 0 0 0 0 0
R 361 232 0000008c fe4101db
C 361 00000090 0 0 0 0 5 0
T 362 0000008c 1 1 0 0 0 0 0 0 1 0 0 1 0 0
R 362 233 00000090 ffdff06f
C 362 0000008c 1 0 0 0 5 0
T 363 00000090 1 1 0 0 0 0 0 0 1 0 1 1 0 0
W 363 3 00000001 000000000
C 363 00000090 1 0 0 1 5 0
T 364 00000090 0 1 0 0 0 0 0 0 1 0 0 0 0 0
R 364 234 0000008c fe4101db
C 364 00000090 0 0 0 0 5 0
T 365 0000008c 1 1 0 0 0 0 0 0 1 0 0 1 0 0
R 365 235 00000090 ffdff06f
C 365 0000008c 1 0 0 0 5 0
T 366 00000090 1 1 0 0 0 0 0 0 1 0 1 1 0 0
W 366 3 00000001 000000000
C 366 00000090 1 0 0 1 5 0
T 367 00000090 0 1 0 0 0 0 0 0 1 0 0 0 0 0
R 367 236 0000008c fe4101db
C 367 00000090 0 0 0 0 5 0
T 368 0000008c 1 1 0 0 0 0 0 0 1 0 0 1 0 0
R 368 237 00000090 ffdff06f
C 368 0000008c 1 0 0 0 5 0
T 369 00000090 1 1 0 0 0 0 0 0 1 0 1 1 0 0
W 369 3 00000001 000000000
C 369 00000090 1 0 0 1 5 0
T 370 00000090 0 1 0 0 0 0 0 0 1 0 0 0 0 0
R 370 238 0000008c fe4101db
C 370 00000090 0 0 0 0 5 0
T 371 0000008c 1 1 0 0 0 0 0 0 1 0 0 1 0 0
R 371 239 00000090 ffdff06f
C 371 0000008c 1 0 0 0 5 0
T 372 00000090 1 1 0 0 0 0 0 0 1 0 1 1 0 0
W 372 3 00000001 000000000
C 372 00000090 1 0 0 1 5 0
T 373 00000090 0 1 0 0 0 0 0 0 1 0 0 0 0 0
R 373 240 0000008c fe4101db
C 373 00000090 0 0 0 0 5 0
T 374 0000008c 1 1 0 0 0 0 0 0 1 0 0 1 0 0
R 374 241 00000090 ffdff06f
C 374 0000008c 1 0 0 0 5 0
T 375 00000090 1 1 0 0 0 0 0 0 1 0 1 1 0 0
W 375 3 00000001 000000000
C 375 00000090 1 0 0 1 5 0
T 376 00000090 0 1 0 0 0 0 0 0 1 0 0 0 0 0
R 376 242 0000008c fe4101db
C 376 00000090 0 0 0 0 5 0
T 377 0000008c 1 1 0 0 0 0 0 0 1 0 0 1 0 0
R 377 243 00000090 ffdff06f
C 377 0000008c 1 0 0 0 5 0
T 378 00000090 1 1 0 0 0 0 0 0 1 0 1 1 0 0
W 378 3 00000001 000000000
C 378 00000090 1 0 0 1 5 0
T 379 00000090 0 1 0 0 0 0 0 0 1 0 0 0 0 0
R 379 244 0000008c fe4101db
C 379 00000090 0 0 0 0 5 0
T 380 0000008c 1 1 0 0 0 0 0 0 1 0 0 1 0 0
R 380 245 00000090 ffdff06f
C 380 0000008c 1 0 0 0 5 0
T 381 00000090 1 1 0 0 0 0 0 0 1 0 1 1 0 0
W 381 3 00000001 000000000
C 381 00000090 1 0 0 1 5 0
T 382 00000090 0 1 0 0 0 0 0 0 1 0 0 0 0 0
R 382 246 0000008c fe4101db
C 382 00000090 0 0 0 0 5 0
T 383 0000008c 1 1 0 0 0 0 0 0 1 0 0 1 0 0
R 383 247 00000090 ffdff06f
C 383 0000008c 1 0 0 0 5 0
T 384 00000090 1 1 0 0 0 0 0 0 1 0 1 1 0 0
W 384 3 00000001 000000000
C 384 00000090 1 0 0 1 5 0
T 385 00000090 0 1 0 0 0 0 0 0 1 0 0 0 0 0
R 385 248 0000008c fe4101db
C 385 00000090 0 0 0 0 5 0
T 386 0000008c 1 1 0 0 0 0 0 0 1 0 0 1 0 0
R 386 249 00000090 ffdff06f
C 386 0000008c 1 0 0 0 5 0
T 387 00000090 1 1 0 0 0 0 0 0 1 0 1 1 0 0
W 387 3 00000001 000000000
C 387 00000090 1 0 0 1 5 0
T 388 00000090 0 1 0 0 0 0 0 0 1 0 0 0 0 0
R 388 250 0000008c fe4101db
C 388 00000090 0 0 0 0 5 0
T 389 0000008c 1 1 0 0 0 0 0 0 1 0 0 1 0 0
R 389 251 00000090 ffdff06f
C 389 0000008c 1 0 0 0 5 0
T 390 00000090 1 1 0 0 0 0 0 0 1 0 1 1 0 0
W 390 3 00000001 000000000
C 390 00000090 1 0 0 1 5 0
T 391 00000090 0 1 0 0 0 0 0 0 1 0 0 0 0 0
R 391 252 0000008c fe4101db
C 391 00000090 0 0 0 0 5 0
T 392 0000008c 1 1 0 0 0 0 0 0 1 0 0 1 0 0
R 392 253 00000090 ffdff06f
C 392 0000008c 1 0 0 0 5 0
T 393 00000090 1 1 0 0 0 0 0 0 1 0 1 1 0 0
W 393 3 00000001 000000000
C 393 00000090 1 0 0 1 5 0
T 394 00000090 0 1 0 0 0 0 0 0 1 0 0 0 0 0
R 394 254 0000008c fe4101db
C 394 00000090 0 0 0 0 5 0
T 395 0000008c 1 1 0 0 0 0 0 0 1 0 0 1 0 0
R 395 255 00000090 ffdff06f
C 395 0000008c 1 0 0 0 5 0
T 396 00000090 1 1 0 0 0 0 0 0 1 0 1 1 0 0
W 396 3 00000001 000000000
C 396 00000090 1 0 0 1 5 0
T 397 00000090 0 1 0 0 0 0 0 0 1 0 0 0 0 0
R 397 256 0000008c fe4101db
C 397 00000090 0 0 0 0 5 0
T 398 0000008c 1 1 0 0 0 0 0 0 1 0 0 1 0 0
R 398 257 00000090 ffdff06f
C 398 0000008c 1 0 0 0 5 0
T 399 00000090 1 1 0 0 0 0 0 0 1 0 1 1 0 0
W 399 3 00000001 000000000
C 399 00000090 1 0 0 1 5 0
T 400 00000090 0 1 0 0 0 0 0 0 1 0 0 0 0 0
R 400 258 0000008c fe4101db
C 400 00000090 0 0 0 0 5 0
T 401 0000008c 1 1 0 0 0 0 0 0 1 0 0 1 0 0
R 401 259 00000090 ffdff06f
C 401 0000008c 1 0 0 0 5 0
T 402 00000090 1 1 0 0 0 0 0 0 1 0 1 1 0 0
W 402 3 00000001 000000000
C 402 00000090 1 0 0 1 5 0
T 403 00000090 0 1 0 0 0 0 0 0 1 0 0 0 0 0
R 403 260 0000008c fe4101db
C 403 00000090 0 0 0 0 5 0
T 404 0000008c 1 1 0 0 0 0 0 0 1 0 0 1 0 0
R 404 261 00000090 ffdff06f
C 404 0000008c 1 0 0 0 5 0
T 405 00000090 1 1 0 0 0 0 0 0 1 0 1 1 0 0
W 405 3 00000001 000000000
C 405 00000090 1 0 0 1 5 0
T 406 00000090 0 1 0 0 0 0 0 0 1 0 0 0 0 0
R 406 262 0000008c fe4101db
C 406 00000090 0 0 0 0 5 0
T 407 0000008c 1 1 0 0 0 0 0 0 1 0 0 1 0 0
R 407 263 00000090 ffdff06f
C 407 0000008c 1 0 0 0 5 0
T 408 00000090 1 1 0 0 0 0 0 0 1 0 1 1 0 0
W 408 3 00000001 000000000
C 408 00000090 1 0 0 1 5 0
T 409 00000090 0 1 0 0 0 0 0 0 1 0 0 0 0 0
R 409 264 0000008c fe4101db
C 409 00000090 0 0 0 0 5 0
T 410 0000008c 1 1 0 0 0 0 0 0 1 0 0 1 0 0
R 410 265 00000090 ffdff06f
C 410 0000008c 1 0 0 0 5 0
T 411 00000090 1 1 0 0 0 0 0 0 1 0 1 1 0 0
W 411 3 00000001 000000000
C 411 00000090 1 0 0 1 5 0
T 412 00000090 0 1 0 0 0 0 0 0 1 0 0 0 0 0
R 412 266 0000008c fe4101db
C 412 00000090 0 0 0 0 5 0
T 413 0000008c 1 1 0 0 0 0 0 0 1 0 0 1 0 0
R 413 267 00000090 ffdff06f
C 413 0000008c 1 0 0 0 5 0
T 414 00000090 1 1 0 0 0 0 0 0 1 0 1 1 0 0
W 414 3 00000001 000000000
C 414 00000090 1 0 0 1 5 0
T 415 00000090 0 1 0 0 0 0 0 0 1 0 0 0 0 0
R 415 268 0000008c fe4101db
C 415 00000090 0 0 0 0 5 0
T 416 0000008c 1 1 0 0 0 0 0 0 1 0 0 1 0 0
R 416 269 00000090 ffdff06f
C 416 0000008c 1 0 0 0 5 0
T 417 00000090 1 1 0 0 0 0 0 0 1 0 1 1 0 0
W 417 3 00000001 000000000
C 417 00000090 1 0 0 1 5 0
T 418 00000090 0 1 0 0 0 0 0 0 1 0 0 0 0 0
R 418 270 0000008c fe4101db
C 418 00000090 0 0 0 0 5 0
T 419 0000008c 1 1 0 0 0 0 0 0 1 0 0 1 0 0
R 419 271 00000090 ffdff06f
C 419 0000008c 1 0 0 0 5 0
T 420 00000090 1 1 0 0 0 0 0 0 1 0 1 1 0 0
W 420 3 00000001 000000000
C 420 00000090 1 0 0 1 5 0
T 421 00000090 0 1 0 0 0 0 0 0 1 0 0 0 0 0
R 421 272 0000008c fe4101db
C 421 00000090 0 0 0 0 5 0
T 422 0000008c 1 1 0 0 0 0 0 0 1 0 0 1 0 0
R 422 273 00000090 ffdff06f
C 422 0000008c 1 0 0 0 5 0
T 423 00000090 1 1 0 0 0 0 0 0 1 0 1 1 0 0
W 423 3 00000001 000000000
C 423 00000090 1 0 0 1 5 0
T 424 00000090 0 1 0 0 0 0 0 0 1 0 0 0 0 0
R 424 274 0000008c fe4101db
C 424 00000090 0 0 0 0 5 0
T 425 0000008c 1 1 0 0 0 0 0 0 1 0 0 1 0 0
R 425 275 00000090 ffdff06f
C 425 0000008c 1 0 0 0 5 0
T 426 00000090 1 1 0 0 0 0 0 0 1 0 1 1 0 0
W 426 3 00000001 000000000
C 426 00000090 1 0 0 1 5 0
T 427 00000090 0 1 0 0 0 0 0 0 1 0 0 0 0 0
R 427 276 0000008c fe4101db
C 427 00000090 0 0 0 0 5 0
T 428 0000008c 1 1 0 0 0 0 0 0 1 0 0 1 0 0
R 428 277 00000090 ffdff06f
C 428 0000008c 1 0 0 0 5 0
T 429 00000090 1 1 0 0 0 0 0 0 1 0 1 1 0 0
W 429 3 00000001 000000000
C 429 00000090 1 0 0 1 5 0
T 430 00000090 0 1 0 0 0 0 0 0 1 0 0 0 0 0
R 430 278 0000008c fe4101db
C 430 00000090 0 0 0 0 5 0
T 431 0000008c 1 1 0 0 0 0 0 0 1 0 0 1 0 0
R 431 279 00000090 ffdff06f
C 431 0000008c 1 0 0 0 5 0
T 432 00000090 1 1 0 0 0 0 0 0 1 0 1 1 0 0
W 432 3 00000001 000000000
C 432 00000090 1 0 0 1 5 0
T 433 00000090 0 1 0 0 0 0 0 0 1 0 0 0 0 0
R 433 280 0000008c fe4101db
C 433 00000090 0 0 0 0 5 0
T 434 0000008c 1 1 0 0 0 0 0 0 1 0 0 1 0 0
R 434 281 00000090 ffdff06f
C 434 0000008c 1 0 0 0 5 0
T 435 00000090 1 1 0 0 0 0 0 0 1 0 1 1 0 0
W 435 3 00000001 000000000
C 435 00000090 1 0 0 1 5 0
T 436 00000090 0 1 0 0 0 0 0 0 1 0 0 0 0 0
R 436 282 0000008c fe4101db
C 436 00000090 0 0 0 0 5 0
T 437 0000008c 1 1 0 0 0 0 0 0 1 0 0 1 0 0
R 437 283 00000090 ffdff06f
C 437 0000008c 1 0 0 0 5 0
T 438 00000090 1 1 0 0 0 0 0 0 1 0 1 1 0 0
W 438 3 00000001 000000000
C 438 00000090 1 0 0 1 5 0
T 439 00000090 0 1 0 0 0 0 0 0 1 0 0 0 0 0
R 439 284 0000008c fe4101db
C 439 00000090 0 0 0 0 5 0
T 440 0000008c 1 1 0 0 0 0 0 0 1 0 0 1 0 0
R 440 285 00000090 ffdff06f
C 440 0000008c 1 0 0 0 5 0
T 441 00000090 1 1 0 0 0 0 0 0 1 0 1 1 0 0
W 441 3 00000001 000000000
C 441 00000090 1 0 0 1 5 0
T 442 00000090 0 1 0 0 0 0 0 0 1 0 0 0 0 0
R 442 286 0000008c fe4101db
C 442 00000090 0 0 0 0 5 0
T 443 0000008c 1 1 0 0 0 0 0 0 1 0 0 1 0 0
R 443 287 00000090 ffdff06f
C 443 0000008c 1 0 0 0 5 0
T 444 00000090 1 1 0 0 0 0 0 0 1 0 1 1 0 0
W 444 3 00000001 000000000
C 444 00000090 1 0 0 1 5 0
T 445 00000090 0 1 0 0 0 0 0 0 1 0 0 0 0 0
R 445 288 0000008c fe4101db
C 445 00000090 0 0 0 0 5 0
T 446 0000008c 1 1 0 0 0 0 0 0 1 0 0 1 0 0
R 446 289 00000090 ffdff06f
C 446 0000008c 1 0 0 0 5 0
T 447 00000090 1 1 0 0 0 0 0 0 1 0 1 1 0 0
W 447 3 00000001 000000000
C 447 00000090 1 0 0 1 5 0
T 448 00000090 0 1 0 0 0 0 0 0 1 0 0 0 0 0
R 448 290 0000008c fe4101db
C 448 00000090 0 0 0 0 5 0
T 449 0000008c 1 1 0 0 0 0 0 0 1 0 0 1 0 0
R 449 291 00000090 ffdff06f
C 449 0000008c 1 0 0 0 5 0
T 450 00000090 1 1 0 0 0 0 0 0 1 0 1 1 0 0
W 450 3 00000001 000000000
C 450 00000090 1 0 0 1 5 0
T 451 00000090 0 1 0 0 0 0 0 0 1 0 0 0 0 0
R 451 292 0000008c fe4101db
C 451 00000090 0 0 0 0 5 0
T 452 0000008c 1 1 0 0 0 0 0 0 1 0 0 1 0 0
R 452 293 00000090 ffdff06f
C 452 0000008c 1 0 0 0 5 0
T 453 00000090 1 1 0 0 0 0 0 0 1 0 1 1 0 0
W 453 3 00000001 000000000
C 453 00000090 1 0 0 1 5 0
T 454 00000090 0 1 0 0 0 0 0 0 1 0 0 0 0 0
R 454 294 0000008c fe4101db
C 454 00000090 0 0 0 0 5 0
T 455 0000008c 1 1 0 0 0 0 0 0 1 0 0 1 0 0
R 455 295 00000090 ffdff06f
C 455 0000008c 1 0 0 0 5 0
T 456 00000090 1 1 0 0 0 0 0 0 1 0 1 1 0 0
W 456 3 00000001 000000000
C 456 00000090 1 0 0 1 5 0
T 457 00000090 0 1 0 0 0 0 0 0 1 0 0 0 0 0
R 457 296 0000008c fe4101db
C 457 00000090 0 0 0 0 5 0
T 458 0000008c 1 1 0 0 0 0 0 0 1 0 0 1 0 0
R 458 297 00000090 ffdff06f
C 458 0000008c 1 0 0 0 5 0
T 459 00000090 1 1 0 0 0 0 0 0 1 0 1 1 0 0
W 459 3 00000001 000000000
C 459 00000090 1 0 0 1 5 0
T 460 00000090 0 1 0 0 0 0 0 0 1 0 0 0 0 0
R 460 298 0000008c fe4101db
C 460 00000090 0 0 0 0 5 0
T 461 0000008c 1 1 0 0 0 0 0 0 1 0 0 1 0 0
R 461 299 00000090 ffdff06f
C 461 0000008c 1 0 0 0 5 0
T 462 00000090 1 1 0 0 0 0 0 0 1 0 1 1 0 0
W 462 3 00000001 000000000
C 462 00000090 1 0 0 1 5 0
T 463 00000090 0 1 0 0 0 0 0 0 1 0 0 0 0 0
R 463 300 0000008c fe4101db
C 463 00000090 0 0 0 0 5 0
T 464 0000008c 1 1 0 0 0 0 0 0 1 0 0 1 0 0
R 464 301 00000090 ffdff06f
C 464 0000008c 1 0 0 0 5 0
T 465 00000090 1 1 0 0 0 0 0 0 1 0 1 1 0 0
W 465 3 00000001 000000000
C 465 00000090 1 0 0 1 5 0
T 466 00000090 0 1 0 0 0 0 0 0 1 0 0 0 0 0
R 466 302 0000008c fe4101db
C 466 00000090 0 0 0 0 5 0
T 467 0000008c 1 1 0 0 0 0 0 0 1 0 0 1 0 0
R 467 303 00000090 ffdff06f
C 467 0000008c 1 0 0 0 5 0
T 468 00000090 1 1 0 0 0 0 0 0 1 0 1 1 0 0
W 468 3 00000001 000000000
C 468 00000090 1 0 0 1 5 0
T 469 00000090 0 1 0 0 0 0 0 0 1 0 0 0 0 0
R 469 304 0000008c fe4101db
C 469 00000090 0 0 0 0 5 0
T 470 0000008c 1 1 0 0 0 0 0 0 1 0 0 1 0 0
R 470 305 00000090 ffdff06f
C 470 0000008c 1 0 0 0 5 0
T 471 00000090 1 1 0 0 0 0 0 0 1 0 1 1 0 0
W 471 3 00000001 000000000
C 471 00000090 1 0 0 1 5 0
T 472 00000090 0 1 0 0 0 0 0 0 1 0 0 0 0 0
R 472 306 0000008c fe4101db
C 472 00000090 0 0 0 0 5 0
T 473 0000008c 1 1 0 0 0 0 0 0 1 0 0 1 0 0
R 473 307 00000090 ffdff06f
C 473 0000008c 1 0 0 0 5 0
T 474 00000090 1 1 0 0 0 0 0 0 1 0 1 1 0 0
W 474 3 00000001 000000000
C 474 00000090 1 0 0 1 5 0
T 475 00000090 0 1 0 0 0 0 0 0 1 0 0 0 0 0
R 475 308 0000008c fe4101db
C 475 00000090 0 0 0 0 5 0
T 476 0000008c 1 1 0 0 0 0 0 0 1 0 0 1 0 0
R 476 309 00000090 ffdff06f
C 476 0000008c 1 0 0 0 5 0
T 477 00000090 1 1 0 0 0 0 0 0 1 0 1 1 0 0
W 477 3 00000001 000000000
C 477 00000090 1 0 0 1 5 0
T 478 00000090 0 1 0 0 0 0 0 0 1 0 0 0 0 0
R 478 310 0000008c fe4101db
C 478 00000090 0 0 0 0 5 0
T 479 0000008c 1 1 0 0 0 0 0 0 1 0 0 1 0 0
R 479 311 00000090 ffdff06f
C 479 0000008c 1 0 0 0 5 0
T 480 00000090 1 1 0 0 0 0 0 0 1 0 1 1 0 0
W 480 3 00000001 000000000
C 480 00000090 1 0 0 1 5 0
T 481 00000090 0 1 0 0 0 0 0 0 1 0 0 0 0 0
R 481 312 0000008c fe4101db
C 481 00000090 0 0 0 0 5 0
T 482 0000008c 1 1 0 0 0 0 0 0 1 0 0 1 0 0
R 482 313 00000090 ffdff06f
C 482 0000008c 1 0 0 0 5 0
T 483 00000090 1 1 0 0 0 0 0 0 1 0 1 1 0 0
W 483 3 00000001 000000000
C 483 00000090 1 0 0 1 5 0
T 484 00000090 0 1 0 0 0 0 0 0 1 0 0 0 0 0
R 484 314 0000008c fe4101db
C 484 00000090 0 0 0 0 5 0
T 485 0000008c 1 1 0 0 0 0 0 0 1 0 0 1 0 0
R 485 315 00000090 ffdff06f
C 485 0000008c 1 0 0 0 5 0
T 486 00000090 1 1 0 0 0 0 0 0 1 0 1 1 0 0
W 486 3 00000001 000000000
C 486 00000090 1 0 0 1 5 0
T 487 00000090 0 1 0 0 0 0 0 0 1 0 0 0 0 0
R 487 316 0000008c fe4101db
C 487 00000090 0 0 0 0 5 0
T 488 0000008c 1 1 0 0 0 0 0 0 1 0 0 1 0 0
R 488 317 00000090 ffdff06f
C 488 0000008c 1 0 0 0 5 0
T 489 00000090 1 1 0 0 0 0 0 0 1 0 1 1 0 0
W 489 3 00000001 000000000
C 489 00000090 1 0 0 1 5 0
T 490 00000090 0 1 0 0 0 0 0 0 1 0 0 0 0 0
R 490 318 0000008c fe4101db
C 490 00000090 0 0 0 0 5 0
T 491 0000008c 1 1 0 0 0 0 0 0 1 0 0 1 0 0
R 491 319 00000090 ffdff06f
C 491 0000008c 1 0 0 0 5 0
T 492 00000090 1 1 0 0 0 0 0 0 1 0 1 1 0 0
W 492 3 00000001 000000000
C 492 00000090 1 0 0 1 5 0
T 493 00000090 0 1 0 0 0 0 0 0 1 0 0 0 0 0
R 493 320 0000008c fe4101db
C 493 00000090 0 0 0 0 5 0
T 494 0000008c 1 1 0 0 0 0 0 0 1 0 0 1 0 0
R 494 321 00000090 ffdff06f
C 494 0000008c 1 0 0 0 5 0
T 495 00000090 1 1 0 0 0 0 0 0 1 0 1 1 0 0
W 495 3 00000001 000000000
C 495 00000090 1 0 0 1 5 0
T 496 00000090 0 1 0 0 0 0 0 0 1 0 0 0 0 0
R 496 322 0000008c fe4101db
C 496 00000090 0 0 0 0 5 0
T 497 0000008c 1 1 0 0 0 0 0 0 1 0 0 1 0 0
R 497 323 00000090 ffdff06f
C 497 0000008c 1 0 0 0 5 0
T 498 00000090 1 1 0 0 0 0 0 0 1 0 1 1 0 0
W 498 3 00000001 000000000
C 498 00000090 1 0 0 1 5 0
T 499 00000090 0 1 0 0 0 0 0 0 1 0 0 0 0 0
R 499 324 0000008c fe4101db
C 499 00000090 0 0 0 0 5 0
T 500 0000008c 1 1 0 0 0 0 0 0 1 0 0 1 0 0
R 500 325 00000090 ffdff06f
C 500 0000008c 1 0 0 0 5 0
T 501 00000090 1 1 0 0 0 0 0 0 1 0 1 1 0 0
W 501 3 00000001 000000000
C 501 00000090 1 0 0 1 5 0
T 502 00000090 0 1 0 0 0 0 0 0 1 0 0 0 0 0
R 502 326 0000008c fe4101db
C 502 00000090 0 0 0 0 5 0
T 503 0000008c 1 1 0 0 0 0 0 0 1 0 0 1 0 0
R 503 327 00000090 ffdff06f
C 503 0000008c 1 0 0 0 5 0
T 504 00000090 1 1 0 0 0 0 0 0 1 0 1 1 0 0
W 504 3 00000001 000000000
C 504 00000090 1 0 0 1 5 0
T 505 00000090 0 1 0 0 0 0 0 0 1 0 0 0 0 0
R 505 328 0000008c fe4101db
C 505 00000090 0 0 0 0 5 0
T 506 0000008c 1 1 0 0 0 0 0 0 1 0 0 1 0 0
R 506 329 00000090 ffdff06f
C 506 0000008c 1 0 0 0 5 0
T 507 00000090 1 1 0 0 0 0 0 0 1 0 1 1 0 0
W 507 3 00000001 000000000
C 507 00000090 1 0 0 1 5 0
T 508 00000090 0 1 0 0 0 0 0 0 1 0 0 0 0 0
R 508 330 0000008c fe4101db
C 508 00000090 0 0 0 0 5 0
T 509 0000008c 1 1 0 0 0 0 0 0 1 0 0 1 0 0
R 509 331 00000090 ffdff06f
C 509 0000008c 1 0 0 0 5 0
T 510 00000090 1 1 0 0 0 0 0 0 1 0 1 1 0 0
W 510 3 00000001 000000000
C 510 00000090 1 0 0 1 5 0
T 511 00000090 0 1 0 0 0 0 0 0 1 0 0 0 0 0
R 511 332 0000008c fe4101db
C 511 00000090 0 0 0 0 5 0
T 512 0000008c 1 1 0 0 0 0 0 0 1 0 0 1 0 0
R 512 333 00000090 ffdff06f
C 512 0000008c 1 0 0 0 5 0
T 513 00000090 1 1 0 0 0 0 0 0 1 0 1 1 0 0
W 513 3 00000001 000000000
C 513 00000090 1 0 0 1 5 0
T 514 00000090 0 1 0 0 0 0 0 0 1 0 0 0 0 0
R 514 334 0000008c fe4101db
C 514 00000090 0 0 0 0 5 0
T 515 0000008c 1 1 0 0 0 0 0 0 1 0 0 1 0 0
R 515 335 00000090 ffdff06f
C 515 0000008c 1 0 0 0 5 0
T 516 00000090 1 1 0 0 0 0 0 0 1 0 1 1 0 0
W 516 3 00000001 000000000
C 516 00000090 1 0 0 1 5 0
T 517 00000090 0 1 0 0 0 0 0 0 1 0 0 0 0 0
R 517 336 0000008c fe4101db
C 517 00000090 0 0 0 0 5 0
T 518 0000008c 1 1 0 0 0 0 0 0 1 0 0 1 0 0
R 518 337 00000090 ffdff06f
C 518 0000008c 1 0 0 0 5 0
T 519 00000090 1 1 0 0 0 0 0 0 1 0 1 1 0 0
W 519 3 00000001 000000000
C 519 00000090 1 0 0 1 5 0
T 520 00000090 0 1 0 0 0 0 0 0 1 0 0 0 0 0
R 520 338 0000008c fe4101db
C 520 00000090 0 0 0 0 5 0
T 521 0000008c 1 1 0 0 0 0 0 0 1 0 0 1 0 0
R 521 339 00000090 ffdff06f
C 521 0000008c 1 0 0 0 5 0
T 522 00000090 1 1 0 0 0 0 0 0 1 0 1 1 0 0
W 522 3 00000001 000000000
C 522 00000090 1 0 0 1 5 0
T 523 00000090 0 1 0 0 0 0 0 0 1 0 0 0 0 0
R 523 340 0000008c fe4101db
C 523 00000090 0 0 0 0 5 0
T 524 0000008c 1 1 0 0 0 0 0 0 1 0 0 1 0 0
R 524 341 00000090 ffdff06f
C 524 0000008c 1 0 0 0 5 0
T 525 00000090 1 1 0 0 0 0 0 0 1 0 1 1 0 0
W 525 3 00000001 000000000
C 525 00000090 1 0 0 1 5 0
T 526 00000090 0 1 0 0 0 0 0 0 1 0 0 0 0 0
R 526 342 0000008c fe4101db
C 526 00000090 0 0 0 0 5 0
T 527 0000008c 1 1 0 0 0 0 0 0 1 0 0 1 0 0
R 527 343 00000090 ffdff06f
C 527 0000008c 1 0 0 0 5 0
T 528 00000090 1 1 0 0 0 0 0 0 1 0 1 1 0 0
W 528 3 00000001 000000000
C 528 00000090 1 0 0 1 5 0
T 529 00000090 0 1 0 0 0 0 0 0 1 0 0 0 0 0
R 529 344 0000008c fe4101db
C 529 00000090 0 0 0 0 5 0
T 530 0000008c 1 1 0 0 0 0 0 0 1 0 0 1 0 0
R 530 345 00000090 ffdff06f
C 530 0000008c 1 0 0 0 5 0
T 531 00000090 1 1 0 0 0 0 0 0 1 0 1 1 0 0
W 531 3 00000001 000000000
C 531 00000090 1 0 0 1 5 0
T 532 00000090 0 1 0 0 0 0 0 0 1 0 0 0 0 0
R 532 346 0000008c fe4101db
C 532 00000090 0 0 0 0 5 0
T 533 0000008c 1 1 0 0 0 0 0 0 1 0 0 1 0 0
R 533 347 00000090 ffdff06f
C 533 0000008c 1 0 0 0 5 0
T 534 00000090 1 1 0 0 0 0 0 0 1 0 1 1 0 0
W 534 3 00000001 000000000
C 534 00000090 1 0 0 1 5 0
T 535 00000090 0 1 0 0 0 0 0 0 1 0 0 0 0 0
R 535 348 0000008c fe4101db
C 535 00000090 0 0 0 0 5 0
T 536 0000008c 1 1 0 0 0 0 0 0 1 0 0 1 0 0
R 536 349 00000090 ffdff06f
C 536 0000008c 1 0 0 0 5 0
T 537 00000090 1 1 0 0 0 0 0 0 1 0 1 1 0 0
W 537 3 00000001 000000000
C 537 00000090 1 0 0 1 5 0
T 538 00000090 0 1 0 0 0 0 0 0 1 0 0 0 0 0
R 538 350 0000008c fe4101db
C 538 00000090 0 0 0 0 5 0
T 539 0000008c 1 1 0 0 0 0 0 0 1 0 0 1 0 0
R 539 351 00000090 ffdff06f
C 539 0000008c 1 0 0 0 5 0
T 540 00000090 1 1 0 0 0 0 0 0 1 0 1 1 0 0
W 540 3 00000001 000000000
C 540 00000090 1 0 0 1 5 0
T 541 00000090 0 1 0 0 0 0 0 0 1 0 0 0 0 0
R 541 352 0000008c fe4101db
C 541 00000090 0 0 0 0 5 0
T 542 0000008c 1 1 0 0 0 0 0 0 1 0 0 1 0 0
R 542 353 00000090 ffdff06f
C 542 0000008c 1 0 0 0 5 0
T 543 00000090 1 1 0 0 0 0 0 0 1 0 1 1 0 0
W 543 3 00000001 000000000
C 543 00000090 1 0 0 1 5 0
T 544 00000090 0 1 0 0 0 0 0 0 1 0 0 0 0 0
R 544 354 0000008c fe4101db
C 544 00000090 0 0 0 0 5 0
T 545 0000008c 1 1 0 0 0 0 0 0 1 0 0 1 0 0
R 545 355 00000090 ffdff06f
C 545 0000008c 1 0 0 0 5 0
T 546 00000090 1 1 0 0 0 0 0 0 1 0 1 1 0 0
W 546 3 00000001 000000000
C 546 00000090 1 0 0 1 5 0
T 547 00000090 0 1 0 0 0 0 0 0 1 0 0 0 0 0
R 547 356 0000008c fe4101db
C 547 00000090 0 0 0 0 5 0
T 548 0000008c 1 1 0 0 0 0 0 0 1 0 0 1 0 0
R 548 357 00000090 ffdff06f
C 548 0000008c 1 0 0 0 5 0
T 549 00000090 1 1 0 0 0 0 0 0 1 0 1 1 0 0
W 549 3 00000001 000000000
C 549 00000090 1 0 0 1 5 0
T 550 00000090 0 1 0 0 0 0 0 0 1 0 0 0 0 0
R 550 358 0000008c fe4101db
C 550 00000090 0 0 0 0 5 0
T 551 0000008c 1 1 0 0 0 0 0 0 1 0 0 1 0 0
R 551 359 00000090 ffdff06f
C 551 0000008c 1 0 0 0 5 0
T 552 00000090 1 1 0 0 0 0 0 0 1 0 1 1 0 0
W 552 3 00000001 000000000
C 552 00000090 1 0 0 1 5 0
T 553 00000090 0 1 0 0 0 0 0 0 1 0 0 0 0 0
R 553 360 0000008c fe4101db
C 553 00000090 0 0 0 0 5 0
T 554 0000008c 1 1 0 0 0 0 0 0 1 0 0 1 0 0
R 554 361 00000090 ffdff06f
C 554 0000008c 1 0 0 0 5 0
T 555 00000090 1 1 0 0 0 0 0 0 1 0 1 1 0 0
W 555 3 00000001 000000000
C 555 00000090 1 0 0 1 5 0
T 556 00000090 0 1 0 0 0 0 0 0 1 0 0 0 0 0
R 556 362 0000008c fe4101db
C 556 00000090 0 0 0 0 5 0
T 557 0000008c 1 1 0 0 0 0 0 0 1 0 0 1 0 0
R 557 363 00000090 ffdff06f
C 557 0000008c 1 0 0 0 5 0
T 558 00000090 1 1 0 0 0 0 0 0 1 0 1 1 0 0
W 558 3 00000001 000000000
C 558 00000090 1 0 0 1 5 0
T 559 00000090 0 1 0 0 0 0 0 0 1 0 0 0 0 0
R 559 364 0000008c fe4101db
C 559 00000090 0 0 0 0 5 0
T 560 0000008c 1 1 0 0 0 0 0 0 1 0 0 1 0 0
R 560 365 00000090 ffdff06f
C 560 0000008c 1 0 0 0 5 0
T 561 00000090 1 1 0 0 0 0 0 0 1 0 1 1 0 0
W 561 3 00000001 000000000
C 561 00000090 1 0 0 1 5 0
T 562 00000090 0 1 0 0 0 0 0 0 1 0 0 0 0 0
R 562 366 0000008c fe4101db
C 562 00000090 0 0 0 0 5 0
T 563 0000008c 1 1 0 0 0 0 0 0 1 0 0 1 0 0
R 563 367 00000090 ffdff06f
C 563 0000008c 1 0 0 0 5 0
T 564 00000090 1 1 0 0 0 0 0 0 1 0 1 1 0 0
W 564 3 00000001 000000000
C 564 00000090 1 0 0 1 5 0
T 565 00000090 0 1 0 0 0 0 0 0 1 0 0 0 0 0
R 565 368 0000008c fe4101db
C 565 00000090 0 0 0 0 5 0
T 566 0000008c 1 1 0 0 0 0 0 0 1 0 0 1 0 0
R 566 369 00000090 ffdff06f
C 566 0000008c 1 0 0 0 5 0
T 567 00000090 1 1 0 0 0 0 0 0 1 0 1 1 0 0
W 567 3 00000001 000000000
C 567 00000090 1 0 0 1 5 0
T 568 00000090 0 1 0 0 0 0 0 0 1 0 0 0 0 0
R 568 370 0000008c fe4101db
C 568 00000090 0 0 0 0 5 0
T 569 0000008c 1 1 0 0 0 0 0 0 1 0 0 1 0 0
R 569 371 00000090 ffdff06f
C 569 0000008c 1 0 0 0 5 0
T 570 00000090 1 1 0 0 0 0 0 0 1 0 1 1 0 0
W 570 3 00000001 000000000
C 570 00000090 1 0 0 1 5 0
T 571 00000090 0 1 0 0 0 0 0 0 1 0 0 0 0 0
R 571 372 0000008c fe4101db
C 571 00000090 0 0 0 0 5 0
T 572 0000008c 1 1 0 0 0 0 0 0 1 0 0 1 0 0
R 572 373 00000090 ffdff06f
C 572 0000008c 1 0 0 0 5 0
T 573 00000090 1 1 0 0 0 0 0 0 1 0 1 1 0 0
W 573 3 00000001 000000000
C 573 00000090 1 0 0 1 5 0
T 574 00000090 0 1 0 0 0 0 0 0 1 0 0 0 0 0
R 574 374 0000008c fe4101db
C 574 00000090 0 0 0 0 5 0
T 575 0000008c 1 1 0 0 0 0 0 0 1 0 0 1 0 0
R 575 375 00000090 ffdff06f
C 575 0000008c 1 0 0 0 5 0
T 576 00000090 1 1 0 0 0 0 0 0 1 0 1 1 0 0
W 576 3 00000001 000000000
C 576 00000090 1 0 0 1 5 0
T 577 00000090 0 1 0 0 0 0 0 0 1 0 0 0 0 0
R 577 376 0000008c fe4101db
C 577 00000090 0 0 0 0 5 0
T 578 0000008c 1 1 0 0 0 0 0 0 1 0 0 1 0 0
R 578 377 00000090 ffdff06f
C 578 0000008c 1 0 0 0 5 0
T 579 00000090 1 1 0 0 0 0 0 0 1 0 1 1 0 0
W 579 3 00000001 000000000
C 579 00000090 1 0 0 1 5 0
T 580 00000090 0 1 0 0 0 0 0 0 1 0 0 0 0 0
R 580 378 0000008c fe4101db
C 580 00000090 0 0 0 0 5 0
T 581 0000008c 1 1 0 0 0 0 0 0 1 0 0 1 0 0
R 581 379 00000090 ffdff06f
C 581 0000008c 1 0 0 0 5 0
T 582 00000090 1 1 0 0 0 0 0 0 1 0 1 1 0 0
W 582 3 00000001 000000000
C 582 00000090 1 0 0 1 5 0
T 583 00000090 0 1 0 0 0 0 0 0 1 0 0 0 0 0
R 583 380 0000008c fe4101db
C 583 00000090 0 0 0 0 5 0
T 584 0000008c 1 1 0 0 0 0 0 0 1 0 0 1 0 0
R 584 381 00000090 ffdff06f
C 584 0000008c 1 0 0 0 5 0
T 585 00000090 1 1 0 0 0 0 0 0 1 0 1 1 0 0
W 585 3 00000001 000000000
C 585 00000090 1 0 0 1 5 0
T 586 00000090 0 1 0 0 0 0 0 0 1 0 0 0 0 0
R 586 382 0000008c fe4101db
C 586 00000090 0 0 0 0 5 0
T 587 0000008c 1 1 0 0 0 0 0 0 1 0 0 1 0 0
R 587 383 00000090 ffdff06f
C 587 0000008c 1 0 0 0 5 0
T 588 00000090 1 1 0 0 0 0 0 0 1 0 1 1 0 0
W 588 3 00000001 000000000
C 588 00000090 1 0 0 1 5 0
T 589 00000090 0 1 0 0 0 0 0 0 1 0 0 0 0 0
R 589 384 0000008c fe4101db
C 589 00000090 0 0 0 0 5 0
T 590 0000008c 1 1 0 0 0 0 0 0 1 0 0 1 0 0
R 590 385 00000090 ffdff06f
C 590 0000008c 1 0 0 0 5 0
T 591 00000090 1 1 0 0 0 0 0 0 1 0 1 1 0 0
W 591 3 00000001 000000000
C 591 00000090 1 0 0 1 5 0
T 592 00000090 0 1 0 0 0 0 0 0 1 0 0 0 0 0
R 592 386 0000008c fe4101db
C 592 00000090 0 0 0 0 5 0
T 593 0000008c 1 1 0 0 0 0 0 0 1 0 0 1 0 0
R 593 387 00000090 ffdff06f
C 593 0000008c 1 0 0 0 5 0
T 594 00000090 1 1 0 0 0 0 0 0 1 0 1 1 0 0
W 594 3 00000001 000000000
C 594 00000090 1 0 0 1 5 0
T 595 00000090 0 1 0 0 0 0 0 0 1 0 0 0 0 0
R 595 388 0000008c fe4101db
C 595 00000090 0 0 0 0 5 0
T 596 0000008c 1 1 0 0 0 0 0 0 1 0 0 1 0 0
R 596 389 00000090 ffdff06f
C 596 0000008c 1 0 0 0 5 0
T 597 00000090 1 1 0 0 0 0 0 0 1 0 1 1 0 0
W 597 3 00000001 000000000
C 597 00000090 1 0 0 1 5 0
T 598 00000090 0 1 0 0 0 0 0 0 1 0 0 0 0 0
R 598 390 0000008c fe4101db
C 598 00000090 0 0 0 0 5 0
T 599 0000008c 1 1 0 0 0 0 0 0 1 0 0 1 0 0
R 599 391 00000090 ffdff06f
C 599 0000008c 1 0 0 0 5 0
T 600 00000090 1 1 0 0 0 0 0 0 1 0 1 1 0 0
W 600 3 00000001 000000000
C 600 00000090 1 0 0 1 5 0
T 601 00000090 0 1 0 0 0 0 0 0 1 0 0 0 0 0
R 601 392 0000008c fe4101db
C 601 00000090 0 0 0 0 5 0
T 602 0000008c 1 1 0 0 0 0 0 0 1 0 0 1 0 0
R 602 393 00000090 ffdff06f
C 602 0000008c 1 0 0 0 5 0
T 603 00000090 1 1 0 0 0 0 0 0 1 0 1 1 0 0
W 603 3 00000001 000000000
C 603 00000090 1 0 0 1 5 0
T 604 00000090 0 1 0 0 0 0 0 0 1 0 0 0 0 0
R 604 394 0000008c fe4101db
C 604 00000090 0 0 0 0 5 0
T 605 0000008c 1 1 0 0 0 0 0 0 1 0 0 1 0 0
R 605 395 00000090 ffdff06f
C 605 0000008c 1 0 0 0 5 0
T 606 00000090 1 1 0 0 0 0 0 0 1 0 1 1 0 0
W 606 3 00000001 000000000
C 606 00000090 1 0 0 1 5 0
T 607 00000090 0 1 0 0 0 0 0 0 1 0 0 0 0 0
R 607 396 0000008c fe4101db
C 607 00000090 0 0 0 0 5 0
T 608 0000008c 1 1 0 0 0 0 0 0 1 0 0 1 0 0
R 608 397 00000090 ffdff06f
C 608 0000008c 1 0 0 0 5 0
T 609 00000090 1 1 0 0 0 0 0 0 1 0 1 1 0 0
W 609 3 00000001 000000000
C 609 00000090 1 0 0 1 5 0
T 610 00000090 0 1 0 0 0 0 0 0 1 0 0 0 0 0
R 610 398 0000008c fe4101db
C 610 00000090 0 0 0 0 5 0
T 611 0000008c 1 1 0 0 0 0 0 0 1 0 0 1 0 0
R 611 399 00000090 ffdff06f
C 611 0000008c 1 0 0 0 5 0
T 612 00000090 1 1 0 0 0 0 0 0 1 0 1 1 0 0
W 612 3 00000001 000000000
C 612 00000090 1 0 0 1 5 0
T 613 00000090 0 1 0 0 0 0 0 0 1 0 0 0 0 0
R 613 400 0000008c fe4101db
C 613 00000090 0 0 0 0 5 0
T 614 0000008c 1 1 0 0 0 0 0 0 1 0 0 1 0 0
R 614 401 00000090 ffdff06f
C 614 0000008c 1 0 0 0 5 0
T 615 00000090 1 1 0 0 0 0 0 0 1 0 1 1 0 0
W 615 3 00000001 000000000
C 615 00000090 1 0 0 1 5 0
T 616 00000090 0 1 0 0 0 0 0 0 1 0 0 0 0 0
R 616 402 0000008c fe4101db
C 616 00000090 0 0 0 0 5 0
T 617 0000008c 1 1 0 0 0 0 0 0 1 0 0 1 0 0
R 617 403 00000090 ffdff06f
C 617 0000008c 1 0 0 0 5 0
T 618 00000090 1 1 0 0 0 0 0 0 1 0 1 1 0 0
W 618 3 00000001 000000000
C 618 00000090 1 0 0 1 5 0
T 619 00000090 0 1 0 0 0 0 0 0 1 0 0 0 0 0
R 619 404 0000008c fe4101db
C 619 00000090 0 0 0 0 5 0
T 620 0000008c 1 1 0 0 0 0 0 0 1 0 0 1 0 0
R 620 405 00000090 ffdff06f
C 620 0000008c 1 0 0 0 5 0
T 621 00000090 1 1 0 0 0 0 0 0 1 0 1 1 0 0
W 621 3 00000001 000000000
C 621 00000090 1 0 0 1 5 0
T 622 00000090 0 1 0 0 0 0 0 0 1 0 0 0 0 0
R 622 406 0000008c fe4101db
C 622 00000090 0 0 0 0 5 0
T 623 0000008c 1 1 0 0 0 0 0 0 1 0 0 1 0 0
R 623 407 00000090 ffdff06f
C 623 0000008c 1 0 0 0 5 0
T 624 00000090 1 1 0 0 0 0 0 0 1 0 1 1 0 0
W 624 3 00000001 000000000
C 624 00000090 1 0 0 1 5 0
T 625 00000090 0 1 0 0 0 0 0 0 1 0 0 0 0 0
R 625 408 0000008c fe4101db
C 625 00000090 0 0 0 0 5 0
T 626 0000008c 1 1 0 0 0 0 0 0 1 0 0 1 0 0
R 626 409 00000090 ffdff06f
C 626 0000008c 1 0 0 0 5 0
T 627 00000090 1 1 0 0 0 0 0 0 1 0 1 1 0 0
W 627 3 00000001 000000000
C 627 00000090 1 0 0 1 5 0
T 628 00000090 0 1 0 0 0 0 0 0 1 0 0 0 0 0
R 628 410 0000008c fe4101db
C 628 00000090 0 0 0 0 5 0
T 629 0000008c 1 1 0 0 0 0 0 0 1 0 0 1 0 0
R 629 411 00000090 ffdff06f
C 629 0000008c 1 0 0 0 5 0
T 630 00000090 1 1 0 0 0 0 0 0 1 0 1 1 0 0
W 630 3 00000001 000000000
C 630 00000090 1 0 0 1 5 0
T 631 00000090 0 1 0 0 0 0 0 0 1 0 0 0 0 0
R 631 412 0000008c fe4101db
C 631 00000090 0 0 0 0 5 0
T 632 0000008c 1 1 0 0 0 0 0 0 1 0 0 1 0 0
R 632 413 00000090 ffdff06f
C 632 0000008c 1 0 0 0 5 0
T 633 00000090 1 1 0 0 0 0 0 0 1 0 1 1 0 0
W 633 3 00000001 000000000
C 633 00000090 1 0 0 1 5 0
T 634 00000090 0 1 0 0 0 0 0 0 1 0 0 0 0 0
R 634 414 0000008c fe4101db
C 634 00000090 0 0 0 0 5 0
T 635 0000008c 1 1 0 0 0 0 0 0 1 0 0 1 0 0
R 635 415 00000090 ffdff06f
C 635 0000008c 1 0 0 0 5 0
T 636 00000090 1 1 0 0 0 0 0 0 1 0 1 1 0 0
W 636 3 00000001 000000000
C 636 00000090 1 0 0 1 5 0
T 637 00000090 0 1 0 0 0 0 0 0 1 0 0 0 0 0
R 637 416 0000008c fe4101db
C 637 00000090 0 0 0 0 5 0
T 638 0000008c 1 1 0 0 0 0 0 0 1 0 0 1 0 0
R 638 417 00000090 ffdff06f
C 638 0000008c 1 0 0 0 5 0
T 639 00000090 1 1 0 0 0 0 0 0 1 0 1 1 0 0
W 639 3 00000001 000000000
C 639 00000090 1 0 0 1 5 0
T 640 00000090 0 1 0 0 0 0 0 0 1 0 0 0 0 0
R 640 418 0000008c fe4101db
C 640 00000090 0 0 0 0 5 0
T 641 0000008c 1 1 0 0 0 0 0 0 1 0 0 1 0 0
R 641 419 00000090 ffdff06f
C 641 0000008c 1 0 0 0 5 0
T 642 00000090 1 1 0 0 0 0 0 0 1 0 1 1 0 0
W 642 3 00000001 000000000
C 642 00000090 1 0 0 1 5 0
T 643 00000090 0 1 0 0 0 0 0 0 1 0 0 0 0 0
R 643 420 0000008c fe4101db
C 643 00000090 0 0 0 0 5 0
T 644 0000008c 1 1 0 0 0 0 0 0 1 0 0 1 0 0
R 644 421 00000090 ffdff06f
C 644 0000008c 1 0 0 0 5 0
T 645 00000090 1 1 0 0 0 0 0 0 1 0 1 1 0 0
W 645 3 00000001 000000000
C 645 00000090 1 0 0 1 5 0
T 646 00000090 0 1 0 0 0 0 0 0 1 0 0 0 0 0
R 646 422 0000008c fe4101db
C 646 00000090 0 0 0 0 5 0
T 647 0000008c 1 1 0 0 0 0 0 0 1 0 0 1 0 0
R 647 423 00000090 ffdff06f
C 647 0000008c 1 0 0 0 5 0
T 648 00000090 1 1 0 0 0 0 0 0 1 0 1 1 0 0
W 648 3 00000001 000000000
C 648 00000090 1 0 0 1 5 0
T 649 00000090 0 1 0 0 0 0 0 0 1 0 0 0 0 0
R 649 424 0000008c fe4101db
C 649 00000090 0 0 0 0 5 0
T 650 0000008c 1 1 0 0 0 0 0 0 1 0 0 1 0 0
R 650 425 00000090 ffdff06f
C 650 0000008c 1 0 0 0 5 0
T 651 00000090 1 1 0 0 0 0 0 0 1 0 1 1 0 0
W 651 3 00000001 000000000
C 651 00000090 1 0 0 1 5 0
T 652 00000090 0 1 0 0 0 0 0 0 1 0 0 0 0 0
R 652 426 0000008c fe4101db
C 652 00000090 0 0 0 0 5 0
T 653 0000008c 1 1 0 0 0 0 0 0 1 0 0 1 0 0
R 653 427 00000090 ffdff06f
C 653 0000008c 1 0 0 0 5 0
T 654 00000090 1 1 0 0 0 0 0 0 1 0 1 1 0 0
W 654 3 00000001 000000000
C 654 00000090 1 0 0 1 5 0
T 655 00000090 0 1 0 0 0 0 0 0 1 0 0 0 0 0
R 655 428 0000008c fe4101db
C 655 00000090 0 0 0 0 5 0
T 656 0000008c 1 1 0 0 0 0 0 0 1 0 0 1 0 0
R 656 429 00000090 ffdff06f
C 656 0000008c 1 0 0 0 5 0
T 657 00000090 1 1 0 0 0 0 0 0 1 0 1 1 0 0
W 657 3 00000001 000000000
C 657 00000090 1 0 0 1 5 0
T 658 00000090 0 1 0 0 0 0 0 0 1 0 0 0 0 0
R 658 430 0000008c fe4101db
C 658 00000090 0 0 0 0 5 0
T 659 0000008c 1 1 0 0 0 0 0 0 1 0 0 1 0 0
R 659 431 00000090 ffdff06f
C 659 0000008c 1 0 0 0 5 0
T 660 00000090 1 1 0 0 0 0 0 0 1 0 1 1 0 0
W 660 3 00000001 000000000
C 660 00000090 1 0 0 1 5 0
T 661 00000090 0 1 0 0 0 0 0 0 1 0 0 0 0 0
R 661 432 0000008c fe4101db
C 661 00000090 0 0 0 0 5 0
T 662 0000008c 1 1 0 0 0 0 0 0 1 0 0 1 0 0
R 662 433 00000090 ffdff06f
C 662 0000008c 1 0 0 0 5 0
T 663 00000090 1 1 0 0 0 0 0 0 1 0 1 1 0 0
W 663 3 00000001 000000000
C 663 00000090 1 0 0 1 5 0
T 664 00000090 0 1 0 0 0 0 0 0 1 0 0 0 0 0
R 664 434 0000008c fe4101db
C 664 00000090 0 0 0 0 5 0
T 665 0000008c 1 1 0 0 0 0 0 0 1 0 0 1 0 0
R 665 435 00000090 ffdff06f
C 665 0000008c 1 0 0 0 5 0
T 666 00000090 1 1 0 0 0 0 0 0 1 0 1 1 0 0
W 666 3 00000001 000000000
C 666 00000090 1 0 0 1 5 0
T 667 00000090 0 1 0 0 0 0 0 0 1 0 0 0 0 0
R 667 436 0000008c fe4101db
C 667 00000090 0 0 0 0 5 0
T 668 0000008c 1 1 0 0 0 0 0 0 1 0 0 1 0 0
R 668 437 00000090 ffdff06f
C 668 0000008c 1 0 0 0 5 0
T 669 00000090 1 1 0 0 0 0 0 0 1 0 1 1 0 0
W 669 3 00000001 000000000
C 669 00000090 1 0 0 1 5 0
T 670 00000090 0 1 0 0 0 0 0 0 1 0 0 0 0 0
R 670 438 0000008c fe4101db
C 670 00000090 0 0 0 0 5 0
T 671 0000008c 1 1 0 0 0 0 0 0 1 0 0 1 0 0
R 671 439 00000090 ffdff06f
C 671 0000008c 1 0 0 0 5 0
T 672 00000090 1 1 0 0 0 0 0 0 1 0 1 1 0 0
W 672 3 00000001 000000000
C 672 00000090 1 0 0 1 5 0
T 673 00000090 0 1 0 0 0 0 0 0 1 0 0 0 0 0
R 673 440 0000008c fe4101db
C 673 00000090 0 0 0 0 5 0
T 674 0000008c 1 1 0 0 0 0 0 0 1 0 0 1 0 0
R 674 441 00000090 ffdff06f
C 674 0000008c 1 0 0 0 5 0
T 675 00000090 1 1 0 0 0 0 0 0 1 0 1 1 0 0
W 675 3 00000001 000000000
C 675 00000090 1 0 0 1 5 0
T 676 00000090 0 1 0 0 0 0 0 0 1 0 0 0 0 0
R 676 442 0000008c fe4101db
C 676 00000090 0 0 0 0 5 0
T 677 0000008c 1 1 0 0 0 0 0 0 1 0 0 1 0 0
R 677 443 00000090 ffdff06f
C 677 0000008c 1 0 0 0 5 0
T 678 00000090 1 1 0 0 0 0 0 0 1 0 1 1 0 0
W 678 3 00000001 000000000
C 678 00000090 1 0 0 1 5 0
T 679 00000090 0 1 0 0 0 0 0 0 1 0 0 0 0 0
R 679 444 0000008c fe4101db
C 679 00000090 0 0 0 0 5 0
T 680 0000008c 1 1 0 0 0 0 0 0 1 0 0 1 0 0
R 680 445 00000090 ffdff06f
C 680 0000008c 1 0 0 0 5 0
T 681 00000090 1 1 0 0 0 0 0 0 1 0 1 1 0 0
W 681 3 00000001 000000000
C 681 00000090 1 0 0 1 5 0
T 682 00000090 0 1 0 0 0 0 0 0 1 0 0 0 0 0
R 682 446 0000008c fe4101db
C 682 00000090 0 0 0 0 5 0
T 683 0000008c 1 1 0 0 0 0 0 0 1 0 0 1 0 0
R 683 447 00000090 ffdff06f
C 683 0000008c 1 0 0 0 5 0
T 684 00000090 1 1 0 0 0 0 0 0 1 0 1 1 0 0
W 684 3 00000001 000000000
C 684 00000090 1 0 0 1 5 0
T 685 00000090 0 1 0 0 0 0 0 0 1 0 0 0 0 0
R 685 448 0000008c fe4101db
C 685 00000090 0 0 0 0 5 0
T 686 0000008c 1 1 0 0 0 0 0 0 1 0 0 1 0 0
R 686 449 00000090 ffdff06f
C 686 0000008c 1 0 0 0 5 0
T 687 00000090 1 1 0 0 0 0 0 0 1 0 1 1 0 0
W 687 3 00000001 000000000
C 687 00000090 1 0 0 1 5 0
T 688 00000090 0 1 0 0 0 0 0 0 1 0 0 0 0 0
R 688 450 0000008c fe4101db
C 688 00000090 0 0 0 0 5 0
T 689 0000008c 1 1 0 0 0 0 0 0 1 0 0 1 0 0
R 689 451 00000090 ffdff06f
C 689 0000008c 1 0 0 0 5 0
T 690 00000090 1 1 0 0 0 0 0 0 1 0 1 1 0 0
W 690 3 00000001 000000000
C 690 00000090 1 0 0 1 5 0
T 691 00000090 0 1 0 0 0 0 0 0 1 0 0 0 0 0
R 691 452 0000008c fe4101db
C 691 00000090 0 0 0 0 5 0
T 692 0000008c 1 1 0 0 0 0 0 0 1 0 0 1 0 0
R 692 453 00000090 ffdff06f
C 692 0000008c 1 0 0 0 5 0
T 693 00000090 1 1 0 0 0 0 0 0 1 0 1 1 0 0
W 693 3 00000001 000000000
C 693 00000090 1 0 0 1 5 0
T 694 00000090 0 1 0 0 0 0 0 0 1 0 0 0 0 0
R 694 454 0000008c fe4101db
C 694 00000090 0 0 0 0 5 0
T 695 0000008c 1 1 0 0 0 0 0 0 1 0 0 1 0 0
R 695 455 00000090 ffdff06f
C 695 0000008c 1 0 0 0 5 0
T 696 00000090 1 1 0 0 0 0 0 0 1 0 1 1 0 0
W 696 3 00000001 000000000
C 696 00000090 1 0 0 1 5 0
T 697 00000090 0 1 0 0 0 0 0 0 1 0 0 0 0 0
R 697 456 0000008c fe4101db
C 697 00000090 0 0 0 0 5 0
T 698 0000008c 1 1 0 0 0 0 0 0 1 0 0 1 0 0
R 698 457 00000090 ffdff06f
C 698 0000008c 1 0 0 0 5 0
T 699 00000090 1 1 0 0 0 0 0 0 1 0 1 1 0 0
W 699 3 00000001 000000000
C 699 00000090 1 0 0 1 5 0
T 700 00000090 0 1 0 0 0 0 0 0 1 0 0 0 0 0
R 700 458 0000008c fe4101db
C 700 00000090 0 0 0 0 5 0
T 701 0000008c 1 1 0 0 0 0 0 0 1 0 0 1 0 0
R 701 459 00000090 ffdff06f
C 701 0000008c 1 0 0 0 5 0
T 702 00000090 1 1 0 0 0 0 0 0 1 0 1 1 0 0
W 702 3 00000001 000000000
C 702 00000090 1 0 0 1 5 0
T 703 00000090 0 1 0 0 0 0 0 0 1 0 0 0 0 0
R 703 460 0000008c fe4101db
C 703 00000090 0 0 0 0 5 0
T 704 0000008c 1 1 0 0 0 0 0 0 1 0 0 1 0 0
R 704 461 00000090 ffdff06f
C 704 0000008c 1 0 0 0 5 0
T 705 00000090 1 1 0 0 0 0 0 0 1 0 1 1 0 0
W 705 3 00000001 000000000
C 705 00000090 1 0 0 1 5 0
T 706 00000090 0 1 0 0 0 0 0 0 1 0 0 0 0 0
R 706 462 0000008c fe4101db
C 706 00000090 0 0 0 0 5 0
T 707 0000008c 1 1 0 0 0 0 0 0 1 0 0 1 0 0
R 707 463 00000090 ffdff06f
C 707 0000008c 1 0 0 0 5 0
T 708 00000090 1 1 0 0 0 0 0 0 1 0 1 1 0 0
W 708 3 00000001 000000000
C 708 00000090 1 0 0 1 5 0
T 709 00000090 0 1 0 0 0 0 0 0 1 0 0 0 0 0
R 709 464 0000008c fe4101db
C 709 00000090 0 0 0 0 5 0
T 710 0000008c 1 1 0 0 0 0 0 0 1 0 0 1 0 0
R 710 465 00000090 ffdff06f
C 710 0000008c 1 0 0 0 5 0
T 711 00000090 1 1 0 0 0 0 0 0 1 0 1 1 0 0
W 711 3 00000001 000000000
C 711 00000090 1 0 0 1 5 0
T 712 00000090 0 1 0 0 0 0 0 0 1 0 0 0 0 0
R 712 466 0000008c fe4101db
C 712 00000090 0 0 0 0 5 0
T 713 0000008c 1 1 0 0 0 0 0 0 1 0 0 1 0 0
R 713 467 00000090 ffdff06f
C 713 0000008c 1 0 0 0 5 0
T 714 00000090 1 1 0 0 0 0 0 0 1 0 1 1 0 0
W 714 3 00000001 000000000
C 714 00000090 1 0 0 1 5 0
T 715 00000090 0 1 0 0 0 0 0 0 1 0 0 0 0 0
R 715 468 0000008c fe4101db
C 715 00000090 0 0 0 0 5 0
T 716 0000008c 1 1 0 0 0 0 0 0 1 0 0 1 0 0
R 716 469 00000090 ffdff06f
C 716 0000008c 1 0 0 0 5 0
T 717 00000090 1 1 0 0 0 0 0 0 1 0 1 1 0 0
W 717 3 00000001 000000000
C 717 00000090 1 0 0 1 5 0
T 718 00000090 0 1 0 0 0 0 0 0 1 0 0 0 0 0
R 718 470 0000008c fe4101db
C 718 00000090 0 0 0 0 5 0
T 719 0000008c 1 1 0 0 0 0 0 0 1 0 0 1 0 0
R 719 471 00000090 ffdff06f
C 719 0000008c 1 0 0 0 5 0
T 720 00000090 1 1 0 0 0 0 0 0 1 0 1 1 0 0
W 720 3 00000001 000000000
C 720 00000090 1 0 0 1 5 0
T 721 00000090 0 1 0 0 0 0 0 0 1 0 0 0 0 0
R 721 472 0000008c fe4101db
C 721 00000090 0 0 0 0 5 0
T 722 0000008c 1 1 0 0 0 0 0 0 1 0 0 1 0 0
R 722 473 00000090 ffdff06f
C 722 0000008c 1 0 0 0 5 0
T 723 00000090 1 1 0 0 0 0 0 0 1 0 1 1 0 0
W 723 3 00000001 000000000
C 723 00000090 1 0 0 1 5 0
T 724 00000090 0 1 0 0 0 0 0 0 1 0 0 0 0 0
R 724 474 0000008c fe4101db
C 724 00000090 0 0 0 0 5 0
T 725 0000008c 1 1 0 0 0 0 0 0 1 0 0 1 0 0
R 725 475 00000090 ffdff06f
C 725 0000008c 1 0 0 0 5 0
T 726 00000090 1 1 0 0 0 0 0 0 1 0 1 1 0 0
W 726 3 00000001 000000000
C 726 00000090 1 0 0 1 5 0
T 727 00000090 0 1 0 0 0 0 0 0 1 0 0 0 0 0
R 727 476 0000008c fe4101db
C 727 00000090 0 0 0 0 5 0
T 728 0000008c 1 1 0 0 0 0 0 0 1 0 0 1 0 0
R 728 477 00000090 ffdff06f
C 728 0000008c 1 0 0 0 5 0
T 729 00000090 1 1 0 0 0 0 0 0 1 0 1 1 0 0
W 729 3 00000001 000000000
C 729 00000090 1 0 0 1 5 0
T 730 00000090 0 1 0 0 0 0 0 0 1 0 0 0 0 0
R 730 478 0000008c fe4101db
C 730 00000090 0 0 0 0 5 0
T 731 0000008c 1 1 0 0 0 0 0 0 1 0 0 1 0 0
R 731 479 00000090 ffdff06f
C 731 0000008c 1 0 0 0 5 0
T 732 00000090 1 1 0 0 0 0 0 0 1 0 1 1 0 0
W 732 3 00000001 000000000
C 732 00000090 1 0 0 1 5 0
T 733 00000090 0 1 0 0 0 0 0 0 1 0 0 0 0 0
R 733 480 0000008c fe4101db
C 733 00000090 0 0 0 0 5 0
T 734 0000008c 1 1 0 0 0 0 0 0 1 0 0 1 0 0
R 734 481 00000090 ffdff06f
C 734 0000008c 1 0 0 0 5 0
T 735 00000090 1 1 0 0 0 0 0 0 1 0 1 1 0 0
W 735 3 00000001 000000000
C 735 00000090 1 0 0 1 5 0
T 736 00000090 0 1 0 0 0 0 0 0 1 0 0 0 0 0
R 736 482 0000008c fe4101db
C 736 00000090 0 0 0 0 5 0
T 737 0000008c 1 1 0 0 0 0 0 0 1 0 0 1 0 0
R 737 483 00000090 ffdff06f
C 737 0000008c 1 0 0 0 5 0
T 738 00000090 1 1 0 0 0 0 0 0 1 0 1 1 0 0
W 738 3 00000001 000000000
C 738 00000090 1 0 0 1 5 0
T 739 00000090 0 1 0 0 0 0 0 0 1 0 0 0 0 0
R 739 484 0000008c fe4101db
C 739 00000090 0 0 0 0 5 0
T 740 0000008c 1 1 0 0 0 0 0 0 1 0 0 1 0 0
R 740 485 00000090 ffdff06f
C 740 0000008c 1 0 0 0 5 0
T 741 00000090 1 1 0 0 0 0 0 0 1 0 1 1 0 0
W 741 3 00000001 000000000
C 741 00000090 1 0 0 1 5 0
T 742 00000090 0 1 0 0 0 0 0 0 1 0 0 0 0 0
R 742 486 0000008c fe4101db
C 742 00000090 0 0 0 0 5 0
T 743 0000008c 1 1 0 0 0 0 0 0 1 0 0 1 0 0
R 743 487 00000090 ffdff06f
C 743 0000008c 1 0 0 0 5 0
T 744 00000090 1 1 0 0 0 0 0 0 1 0 1 1 0 0
W 744 3 00000001 000000000
C 744 00000090 1 0 0 1 5 0
T 745 00000090 0 1 0 0 0 0 0 0 1 0 0 0 0 0
R 745 488 0000008c fe4101db
C 745 00000090 0 0 0 0 5 0
T 746 0000008c 1 1 0 0 0 0 0 0 1 0 0 1 0 0
R 746 489 00000090 ffdff06f
C 746 0000008c 1 0 0 0 5 0
T 747 00000090 1 1 0 0 0 0 0 0 1 0 1 1 0 0
W 747 3 00000001 000000000
C 747 00000090 1 0 0 1 5 0
T 748 00000090 0 1 0 0 0 0 0 0 1 0 0 0 0 0
R 748 490 0000008c fe4101db
C 748 00000090 0 0 0 0 5 0
T 749 0000008c 1 1 0 0 0 0 0 0 1 0 0 1 0 0
R 749 491 00000090 ffdff06f
C 749 0000008c 1 0 0 0 5 0
T 750 00000090 1 1 0 0 0 0 0 0 1 0 1 1 0 0
W 750 3 00000001 000000000
C 750 00000090 1 0 0 1 5 0
T 751 00000090 0 1 0 0 0 0 0 0 1 0 0 0 0 0
R 751 492 0000008c fe4101db
C 751 00000090 0 0 0 0 5 0
T 752 0000008c 1 1 0 0 0 0 0 0 1 0 0 1 0 0
R 752 493 00000090 ffdff06f
C 752 0000008c 1 0 0 0 5 0
T 753 00000090 1 1 0 0 0 0 0 0 1 0 1 1 0 0
W 753 3 00000001 000000000
C 753 00000090 1 0 0 1 5 0
T 754 00000090 0 1 0 0 0 0 0 0 1 0 0 0 0 0
R 754 494 0000008c fe4101db
C 754 00000090 0 0 0 0 5 0
T 755 0000008c 1 1 0 0 0 0 0 0 1 0 0 1 0 0
R 755 495 00000090 ffdff06f
C 755 0000008c 1 0 0 0 5 0
T 756 00000090 1 1 0 0 0 0 0 0 1 0 1 1 0 0
W 756 3 00000001 000000000
C 756 00000090 1 0 0 1 5 0
T 757 00000090 0 1 0 0 0 0 0 0 1 0 0 0 0 0
R 757 496 0000008c fe4101db
C 757 00000090 0 0 0 0 5 0
T 758 0000008c 1 1 0 0 0 0 0 0 1 0 0 1 0 0
R 758 497 00000090 ffdff06f
C 758 0000008c 1 0 0 0 5 0
T 759 00000090 1 1 0 0 0 0 0 0 1 0 1 1 0 0
W 759 3 00000001 000000000
C 759 00000090 1 0 0 1 5 0
T 760 00000090 0 1 0 0 0 0 0 0 1 0 0 0 0 0
R 760 498 0000008c fe4101db
C 760 00000090 0 0 0 0 5 0
T 761 0000008c 1 1 0 0 0 0 0 0 1 0 0 1 0 0
R 761 499 00000090 ffdff06f
C 761 0000008c 1 0 0 0 5 0
T 762 00000090 1 1 0 0 0 0 0 0 1 0 1 1 0 0
W 762 3 00000001 000000000
C 762 00000090 1 0 0 1 5 0
T 763 00000090 0 1 0 0 0 0 0 0 1 0 0 0 0 0
R 763 500 0000008c fe4101db
C 763 00000090 0 0 0 0 5 0
T 764 0000008c 1 1 0 0 0 0 0 0 1 0 0 1 0 0
R 764 501 00000090 ffdff06f
C 764 0000008c 1 0 0 0 5 0
T 765 00000090 1 1 0 0 0 0 0 0 1 0 1 1 0 0
W 765 3 00000001 000000000
C 765 00000090 1 0 0 1 5 0
T 766 00000090 0 1 0 0 0 0 0 0 1 0 0 0 0 0
R 766 502 0000008c fe4101db
C 766 00000090 0 0 0 0 5 0
T 767 0000008c 1 1 0 0 0 0 0 0 1 0 0 1 0 0
R 767 503 00000090 ffdff06f
C 767 0000008c 1 0 0 0 5 0
T 768 00000090 1 1 0 0 0 0 0 0 1 0 1 1 0 0
W 768 3 00000001 000000000
C 768 00000090 1 0 0 1 5 0
T 769 00000090 0 1 0 0 0 0 0 0 1 0 0 0 0 0
R 769 504 0000008c fe4101db
C 769 00000090 0 0 0 0 5 0
T 770 0000008c 1 1 0 0 0 0 0 0 1 0 0 1 0 0
R 770 505 00000090 ffdff06f
C 770 0000008c 1 0 0 0 5 0
T 771 00000090 1 1 0 0 0 0 0 0 1 0 1 1 0 0
W 771 3 00000001 000000000
C 771 00000090 1 0 0 1 5 0
T 772 00000090 0 1 0 0 0 0 0 0 1 0 0 0 0 0
R 772 506 0000008c fe4101db
C 772 00000090 0 0 0 0 5 0
T 773 0000008c 1 1 0 0 0 0 0 0 1 0 0 1 0 0
R 773 507 00000090 ffdff06f
C 773 0000008c 1 0 0 0 5 0
T 774 00000090 1 1 0 0 0 0 0 0 1 0 1 1 0 0
W 774 3 00000001 000000000
C 774 00000090 1 0 0 1 5 0
T 775 00000090 0 1 0 0 0 0 0 0 1 0 0 0 0 0
R 775 508 0000008c fe4101db
C 775 00000090 0 0 0 0 5 0
T 776 0000008c 1 1 0 0 0 0 0 0 1 0 0 1 0 0
R 776 509 00000090 ffdff06f
C 776 0000008c 1 0 0 0 5 0
T 777 00000090 1 1 0 0 0 0 0 0 1 0 1 1 0 0
W 777 3 00000001 000000000
C 777 00000090 1 0 0 1 5 0
T 778 00000090 0 1 0 0 0 0 0 0 1 0 0 0 0 0
R 778 510 0000008c fe4101db
C 778 00000090 0 0 0 0 5 0
T 779 0000008c 1 1 0 0 0 0 0 0 1 0 0 1 0 0
R 779 511 00000090 ffdff06f
C 779 0000008c 1 0 0 0 5 0
T 780 00000090 1 1 0 0 0 0 0 0 1 0 1 1 0 0
W 780 3 00000001 000000000
C 780 00000090 1 0 0 1 5 0
T 781 00000090 0 1 0 0 0 0 0 0 1 0 0 0 0 0
R 781 512 0000008c fe4101db
C 781 00000090 0 0 0 0 5 0
T 782 0000008c 1 1 0 0 0 0 0 0 1 0 0 1 0 0
R 782 513 00000090 ffdff06f
C 782 0000008c 1 0 0 0 5 0
T 783 00000090 1 1 0 0 0 0 0 0 1 0 1 1 0 0
W 783 3 00000001 000000000
C 783 00000090 1 0 0 1 5 0
T 784 00000090 0 1 0 0 0 0 0 0 1 0 0 0 0 0
R 784 514 0000008c fe4101db
C 784 00000090 0 0 0 0 5 0
T 785 0000008c 1 1 0 0 0 0 0 0 1 0 0 1 0 0
R 785 515 00000090 ffdff06f
C 785 0000008c 1 0 0 0 5 0
T 786 00000090 1 1 0 0 0 0 0 0 1 0 1 1 0 0
W 786 3 00000001 000000000
C 786 00000090 1 0 0 1 5 0
T 787 00000090 0 1 0 0 0 0 0 0 1 0 0 0 0 0
R 787 516 0000008c fe4101db
C 787 00000090 0 0 0 0 5 0
T 788 0000008c 1 1 0 0 0 0 0 0 1 0 0 1 0 0
R 788 517 00000090 ffdff06f
C 788 0000008c 1 0 0 0 5 0
T 789 00000090 1 1 0 0 0 0 0 0 1 0 1 1 0 0
W 789 3 00000001 000000000
C 789 00000090 1 0 0 1 5 0
T 790 00000090 0 1 0 0 0 0 0 0 1 0 0 0 0 0
R 790 518 0000008c fe4101db
C 790 00000090 0 0 0 0 5 0
T 791 0000008c 1 1 0 0 0 0 0 0 1 0 0 1 0 0
R 791 519 00000090 ffdff06f
C 791 0000008c 1 0 0 0 5 0
T 792 00000090 1 1 0 0 0 0 0 0 1 0 1 1 0 0
W 792 3 00000001 000000000
C 792 00000090 1 0 0 1 5 0
T 793 00000090 0 1 0 0 0 0 0 0 1 0 0 0 0 0
R 793 520 0000008c fe4101db
C 793 00000090 0 0 0 0 5 0
T 794 0000008c 1 1 0 0 0 0 0 0 1 0 0 1 0 0
R 794 521 00000090 ffdff06f
C 794 0000008c 1 0 0 0 5 0
T 795 00000090 1 1 0 0 0 0 0 0 1 0 1 1 0 0
W 795 3 00000001 000000000
C 795 00000090 1 0 0 1 5 0
T 796 00000090 0 1 0 0 0 0 0 0 1 0 0 0 0 0
R 796 522 0000008c fe4101db
C 796 00000090 0 0 0 0 5 0
T 797 0000008c 1 1 0 0 0 0 0 0 1 0 0 1 0 0
R 797 523 00000090 ffdff06f
C 797 0000008c 1 0 0 0 5 0
T 798 00000090 1 1 0 0 0 0 0 0 1 0 1 1 0 0
W 798 3 00000001 000000000
C 798 00000090 1 0 0 1 5 0
T 799 00000090 0 1 0 0 0 0 0 0 1 0 0 0 0 0
R 799 524 0000008c fe4101db
C 799 00000090 0 0 0 0 5 0
T 800 0000008c 1 1 0 0 0 0 0 0 1 0 0 1 0 0
R 800 525 00000090 ffdff06f
C 800 0000008c 1 0 0 0 5 0
T 801 00000090 1 1 0 0 0 0 0 0 1 0 1 1 0 0
W 801 3 00000001 000000000
C 801 00000090 1 0 0 1 5 0
T 802 00000090 0 1 0 0 0 0 0 0 1 0 0 0 0 0
R 802 526 0000008c fe4101db
C 802 00000090 0 0 0 0 5 0
T 803 0000008c 1 1 0 0 0 0 0 0 1 0 0 1 0 0
R 803 527 00000090 ffdff06f
C 803 0000008c 1 0 0 0 5 0
T 804 00000090 1 1 0 0 0 0 0 0 1 0 1 1 0 0
W 804 3 00000001 000000000
C 804 00000090 1 0 0 1 5 0
T 805 00000090 0 1 0 0 0 0 0 0 1 0 0 0 0 0
R 805 528 0000008c fe4101db
C 805 00000090 0 0 0 0 5 0
T 806 0000008c 1 1 0 0 0 0 0 0 1 0 0 1 0 0
R 806 529 00000090 ffdff06f
C 806 0000008c 1 0 0 0 5 0
T 807 00000090 1 1 0 0 0 0 0 0 1 0 1 1 0 0
W 807 3 00000001 000000000
C 807 00000090 1 0 0 1 5 0
T 808 00000090 0 1 0 0 0 0 0 0 1 0 0 0 0 0
R 808 530 0000008c fe4101db
C 808 00000090 0 0 0 0 5 0
T 809 0000008c 1 1 0 0 0 0 0 0 1 0 0 1 0 0
R 809 531 00000090 ffdff06f
C 809 0000008c 1 0 0 0 5 0
T 810 00000090 1 1 0 0 0 0 0 0 1 0 1 1 0 0
W 810 3 00000001 000000000
C 810 00000090 1 0 0 1 5 0
T 811 00000090 0 1 0 0 0 0 0 0 1 0 0 0 0 0
R 811 532 0000008c fe4101db
C 811 00000090 0 0 0 0 5 0
T 812 0000008c 1 1 0 0 0 0 0 0 1 0 0 1 0 0
R 812 533 00000090 ffdff06f
C 812 0000008c 1 0 0 0 5 0
T 813 00000090 1 1 0 0 0 0 0 0 1 0 1 1 0 0
W 813 3 00000001 000000000
C 813 00000090 1 0 0 1 5 0
T 814 00000090 0 1 0 0 0 0 0 0 1 0 0 0 0 0
R 814 534 0000008c fe4101db
C 814 00000090 0 0 0 0 5 0
T 815 0000008c 1 1 0 0 0 0 0 0 1 0 0 1 0 0
R 815 535 00000090 ffdff06f
C 815 0000008c 1 0 0 0 5 0
T 816 00000090 1 1 0 0 0 0 0 0 1 0 1 1 0 0
W 816 3 00000001 000000000
C 816 00000090 1 0 0 1 5 0
T 817 00000090 0 1 0 0 0 0 0 0 1 0 0 0 0 0
R 817 536 0000008c fe4101db
C 817 00000090 0 0 0 0 5 0
T 818 0000008c 1 1 0 0 0 0 0 0 1 0 0 1 0 0
R 818 537 00000090 ffdff06f
C 818 0000008c 1 0 0 0 5 0
T 819 00000090 1 1 0 0 0 0 0 0 1 0 1 1 0 0
W 819 3 00000001 000000000
C 819 00000090 1 0 0 1 5 0
T 820 00000090 0 1 0 0 0 0 0 0 1 0 0 0 0 0
R 820 538 0000008c fe4101db
C 820 00000090 0 0 0 0 5 0
T 821 0000008c 1 1 0 0 0 0 0 0 1 0 0 1 0 0
R 821 539 00000090 ffdff06f
C 821 0000008c 1 0 0 0 5 0
T 822 00000090 1 1 0 0 0 0 0 0 1 0 1 1 0 0
W 822 3 00000001 000000000
C 822 00000090 1 0 0 1 5 0
T 823 00000090 0 1 0 0 0 0 0 0 1 0 0 0 0 0
R 823 540 0000008c fe4101db
C 823 00000090 0 0 0 0 5 0
T 824 0000008c 1 1 0 0 0 0 0 0 1 0 0 1 0 0
R 824 541 00000090 ffdff06f
C 824 0000008c 1 0 0 0 5 0
T 825 00000090 1 1 0 0 0 0 0 0 1 0 1 1 0 0
W 825 3 00000001 000000000
C 825 00000090 1 0 0 1 5 0
T 826 00000090 0 1 0 0 0 0 0 0 1 0 0 0 0 0
R 826 542 0000008c fe4101db
C 826 00000090 0 0 0 0 5 0
T 827 0000008c 1 1 0 0 0 0 0 0 1 0 0 1 0 0
R 827 543 00000090 ffdff06f
C 827 0000008c 1 0 0 0 5 0
T 828 00000090 1 1 0 0 0 0 0 0 1 0 1 1 0 0
W 828 3 00000001 000000000
C 828 00000090 1 0 0 1 5 0
T 829 00000090 0 1 0 0 0 0 0 0 1 0 0 0 0 0
R 829 544 0000008c fe4101db
C 829 00000090 0 0 0 0 5 0
T 830 0000008c 1 1 0 0 0 0 0 0 1 0 0 1 0 0
R 830 545 00000090 ffdff06f
C 830 0000008c 1 0 0 0 5 0
T 831 00000090 1 1 0 0 0 0 0 0 1 0 1 1 0 0
W 831 3 00000001 000000000
C 831 00000090 1 0 0 1 5 0
T 832 00000090 0 1 0 0 0 0 0 0 1 0 0 0 0 0
R 832 546 0000008c fe4101db
C 832 00000090 0 0 0 0 5 0
T 833 0000008c 1 1 0 0 0 0 0 0 1 0 0 1 0 0
R 833 547 00000090 ffdff06f
C 833 0000008c 1 0 0 0 5 0
T 834 00000090 1 1 0 0 0 0 0 0 1 0 1 1 0 0
W 834 3 00000001 000000000
C 834 00000090 1 0 0 1 5 0
T 835 00000090 0 1 0 0 0 0 0 0 1 0 0 0 0 0
R 835 548 0000008c fe4101db
C 835 00000090 0 0 0 0 5 0
T 836 0000008c 1 1 0 0 0 0 0 0 1 0 0 1 0 0
R 836 549 00000090 ffdff06f
C 836 0000008c 1 0 0 0 5 0
T 837 00000090 1 1 0 0 0 0 0 0 1 0 1 1 0 0
W 837 3 00000001 000000000
C 837 00000090 1 0 0 1 5 0
T 838 00000090 0 1 0 0 0 0 0 0 1 0 0 0 0 0
R 838 550 0000008c fe4101db
C 838 00000090 0 0 0 0 5 0
T 839 0000008c 1 1 0 0 0 0 0 0 1 0 0 1 0 0
R 839 551 00000090 ffdff06f
C 839 0000008c 1 0 0 0 5 0
T 840 00000090 1 1 0 0 0 0 0 0 1 0 1 1 0 0
W 840 3 00000001 000000000
C 840 00000090 1 0 0 1 5 0
T 841 00000090 0 1 0 0 0 0 0 0 1 0 0 0 0 0
R 841 552 0000008c fe4101db
C 841 00000090 0 0 0 0 5 0
T 842 0000008c 1 1 0 0 0 0 0 0 1 0 0 1 0 0
R 842 553 00000090 ffdff06f
C 842 0000008c 1 0 0 0 5 0
T 843 00000090 1 1 0 0 0 0 0 0 1 0 1 1 0 0
W 843 3 00000001 000000000
C 843 00000090 1 0 0 1 5 0
T 844 00000090 0 1 0 0 0 0 0 0 1 0 0 0 0 0
R 844 554 0000008c fe4101db
C 844 00000090 0 0 0 0 5 0
T 845 0000008c 1 1 0 0 0 0 0 0 1 0 0 1 0 0
R 845 555 00000090 ffdff06f
C 845 0000008c 1 0 0 0 5 0
T 846 00000090 1 1 0 0 0 0 0 0 1 0 1 1 0 0
W 846 3 00000001 000000000
C 846 00000090 1 0 0 1 5 0
T 847 00000090 0 1 0 0 0 0 0 0 1 0 0 0 0 0
R 847 556 0000008c fe4101db
C 847 00000090 0 0 0 0 5 0
T 848 0000008c 1 1 0 0 0 0 0 0 1 0 0 1 0 0
R 848 557 00000090 ffdff06f
C 848 0000008c 1 0 0 0 5 0
T 849 00000090 1 1 0 0 0 0 0 0 1 0 1 1 0 0
W 849 3 00000001 000000000
C 849 00000090 1 0 0 1 5 0
T 850 00000090 0 1 0 0 0 0 0 0 1 0 0 0 0 0
R 850 558 0000008c fe4101db
C 850 00000090 0 0 0 0 5 0
T 851 0000008c 1 1 0 0 0 0 0 0 1 0 0 1 0 0
R 851 559 00000090 ffdff06f
C 851 0000008c 1 0 0 0 5 0
T 852 00000090 1 1 0 0 0 0 0 0 1 0 1 1 0 0
W 852 3 00000001 000000000
C 852 00000090 1 0 0 1 5 0
T 853 00000090 0 1 0 0 0 0 0 0 1 0 0 0 0 0
R 853 560 0000008c fe4101db
C 853 00000090 0 0 0 0 5 0
T 854 0000008c 1 1 0 0 0 0 0 0 1 0 0 1 0 0
R 854 561 00000090 ffdff06f
C 854 0000008c 1 0 0 0 5 0
T 855 00000090 1 1 0 0 0 0 0 0 1 0 1 1 0 0
W 855 3 00000001 000000000
C 855 00000090 1 0 0 1 5 0
T 856 00000090 0 1 0 0 0 0 0 0 1 0 0 0 0 0
R 856 562 0000008c fe4101db
C 856 00000090 0 0 0 0 5 0
T 857 0000008c 1 1 0 0 0 0 0 0 1 0 0 1 0 0
R 857 563 00000090 ffdff06f
C 857 0000008c 1 0 0 0 5 0
T 858 00000090 1 1 0 0 0 0 0 0 1 0 1 1 0 0
W 858 3 00000001 000000000
C 858 00000090 1 0 0 1 5 0
T 859 00000090 0 1 0 0 0 0 0 0 1 0 0 0 0 0
R 859 564 0000008c fe4101db
C 859 00000090 0 0 0 0 5 0
T 860 0000008c 1 1 0 0 0 0 0 0 1 0 0 1 0 0
R 860 565 00000090 ffdff06f
C 860 0000008c 1 0 0 0 5 0
T 861 00000090 1 1 0 0 0 0 0 0 1 0 1 1 0 0
W 861 3 00000001 000000000
C 861 00000090 1 0 0 1 5 0
T 862 00000090 0 1 0 0 0 0 0 0 1 0 0 0 0 0
R 862 566 0000008c fe4101db
C 862 00000090 0 0 0 0 5 0
T 863 0000008c 1 1 0 0 0 0 0 0 1 0 0 1 0 0
R 863 567 00000090 ffdff06f
C 863 0000008c 1 0 0 0 5 0
T 864 00000090 1 1 0 0 0 0 0 0 1 0 1 1 0 0
W 864 3 00000001 000000000
C 864 00000090 1 0 0 1 5 0
T 865 00000090 0 1 0 0 0 0 0 0 1 0 0 0 0 0
R 865 568 0000008c fe4101db
C 865 00000090 0 0 0 0 5 0
T 866 0000008c 1 1 0 0 0 0 0 0 1 0 0 1 0 0
R 866 569 00000090 ffdff06f
C 866 0000008c 1 0 0 0 5 0
T 867 00000090 1 1 0 0 0 0 0 0 1 0 1 1 0 0
W 867 3 00000001 000000000
C 867 00000090 1 0 0 1 5 0
T 868 00000090 0 1 0 0 0 0 0 0 1 0 0 0 0 0
R 868 570 0000008c fe4101db
C 868 00000090 0 0 0 0 5 0
T 869 0000008c 1 1 0 0 0 0 0 0 1 0 0 1 0 0
R 869 571 00000090 ffdff06f
C 869 0000008c 1 0 0 0 5 0
T 870 00000090 1 1 0 0 0 0 0 0 1 0 1 1 0 0
W 870 3 00000001 000000000
C 870 00000090 1 0 0 1 5 0
T 871 00000090 0 1 0 0 0 0 0 0 1 0 0 0 0 0
R 871 572 0000008c fe4101db
C 871 00000090 0 0 0 0 5 0
T 872 0000008c 1 1 0 0 0 0 0 0 1 0 0 1 0 0
R 872 573 00000090 ffdff06f
C 872 0000008c 1 0 0 0 5 0
T 873 00000090 1 1 0 0 0 0 0 0 1 0 1 1 0 0
W 873 3 00000001 000000000
C 873 00000090 1 0 0 1 5 0
T 874 00000090 0 1 0 0 0 0 0 0 1 0 0 0 0 0
R 874 574 0000008c fe4101db
C 874 00000090 0 0 0 0 5 0
T 875 0000008c 1 1 0 0 0 0 0 0 1 0 0 1 0 0
R 875 575 00000090 ffdff06f
C 875 0000008c 1 0 0 0 5 0
T 876 00000090 1 1 0 0 0 0 0 0 1 0 1 1 0 0
W 876 3 00000001 000000000
C 876 00000090 1 0 0 1 5 0
T 877 00000090 0 1 0 0 0 0 0 0 1 0 0 0 0 0
R 877 576 0000008c fe4101db
C 877 00000090 0 0 0 0 5 0
T 878 0000008c 1 1 0 0 0 0 0 0 1 0 0 1 0 0
R 878 577 00000090 ffdff06f
C 878 0000008c 1 0 0 0 5 0
T 879 00000090 1 1 0 0 0 0 0 0 1 0 1 1 0 0
W 879 3 00000001 000000000
C 879 00000090 1 0 0 1 5 0
T 880 00000090 0 1 0 0 0 0 0 0 1 0 0 0 0 0
R 880 578 0000008c fe4101db
C 880 00000090 0 0 0 0 5 0
T 881 0000008c 1 1 0 0 0 0 0 0 1 0 0 1 0 0
R 881 579 00000090 ffdff06f
C 881 0000008c 1 0 0 0 5 0
T 882 00000090 1 1 0 0 0 0 0 0 1 0 1 1 0 0
W 882 3 00000001 000000000
C 882 00000090 1 0 0 1 5 0
T 883 00000090 0 1 0 0 0 0 0 0 1 0 0 0 0 0
R 883 580 0000008c fe4101db
C 883 00000090 0 0 0 0 5 0
T 884 0000008c 1 1 0 0 0 0 0 0 1 0 0 1 0 0
R 884 581 00000090 ffdff06f
C 884 0000008c 1 0 0 0 5 0
T 885 00000090 1 1 0 0 0 0 0 0 1 0 1 1 0 0
W 885 3 00000001 000000000
C 885 00000090 1 0 0 1 5 0
T 886 00000090 0 1 0 0 0 0 0 0 1 0 0 0 0 0
R 886 582 0000008c fe4101db
C 886 00000090 0 0 0 0 5 0
T 887 0000008c 1 1 0 0 0 0 0 0 1 0 0 1 0 0
R 887 583 00000090 ffdff06f
C 887 0000008c 1 0 0 0 5 0
T 888 00000090 1 1 0 0 0 0 0 0 1 0 1 1 0 0
W 888 3 00000001 000000000
C 888 00000090 1 0 0 1 5 0
T 889 00000090 0 1 0 0 0 0 0 0 1 0 0 0 0 0
R 889 584 0000008c fe4101db
C 889 00000090 0 0 0 0 5 0
T 890 0000008c 1 1 0 0 0 0 0 0 1 0 0 1 0 0
R 890 585 00000090 ffdff06f
C 890 0000008c 1 0 0 0 5 0
T 891 00000090 1 1 0 0 0 0 0 0 1 0 1 1 0 0
W 891 3 00000001 000000000
C 891 00000090 1 0 0 1 5 0
T 892 00000090 0 1 0 0 0 0 0 0 1 0 0 0 0 0
R 892 586 0000008c fe4101db
C 892 00000090 0 0 0 0 5 0
T 893 0000008c 1 1 0 0 0 0 0 0 1 0 0 1 0 0
R 893 587 00000090 ffdff06f
C 893 0000008c 1 0 0 0 5 0
T 894 00000090 1 1 0 0 0 0 0 0 1 0 1 1 0 0
W 894 3 00000001 000000000
C 894 00000090 1 0 0 1 5 0
T 895 00000090 0 1 0 0 0 0 0 0 1 0 0 0 0 0
R 895 588 0000008c fe4101db
C 895 00000090 0 0 0 0 5 0
T 896 0000008c 1 1 0 0 0 0 0 0 1 0 0 1 0 0
R 896 589 00000090 ffdff06f
C 896 0000008c 1 0 0 0 5 0
T 897 00000090 1 1 0 0 0 0 0 0 1 0 1 1 0 0
W 897 3 00000001 000000000
C 897 00000090 1 0 0 1 5 0
T 898 00000090 0 1 0 0 0 0 0 0 1 0 0 0 0 0
R 898 590 0000008c fe4101db
C 898 00000090 0 0 0 0 5 0
T 899 0000008c 1 1 0 0 0 0 0 0 1 0 0 1 0 0
R 899 591 00000090 ffdff06f
C 899 0000008c 1 0 0 0 5 0
T 900 00000090 1 1 0 0 0 0 0 0 1 0 1 1 0 0
W 900 3 00000001 000000000
C 900 00000090 1 0 0 1 5 0
T 901 00000090 0 1 0 0 0 0 0 0 1 0 0 0 0 0
R 901 592 0000008c fe4101db
C 901 00000090 0 0 0 0 5 0
T 902 0000008c 1 1 0 0 0 0 0 0 1 0 0 1 0 0
R 902 593 00000090 ffdff06f
C 902 0000008c 1 0 0 0 5 0
T 903 00000090 1 1 0 0 0 0 0 0 1 0 1 1 0 0
W 903 3 00000001 000000000
C 903 00000090 1 0 0 1 5 0
T 904 00000090 0 1 0 0 0 0 0 0 1 0 0 0 0 0
R 904 594 0000008c fe4101db
C 904 00000090 0 0 0 0 5 0
T 905 0000008c 1 1 0 0 0 0 0 0 1 0 0 1 0 0
R 905 595 00000090 ffdff06f
C 905 0000008c 1 0 0 0 5 0
T 906 00000090 1 1 0 0 0 0 0 0 1 0 1 1 0 0
W 906 3 00000001 000000000
C 906 00000090 1 0 0 1 5 0
T 907 00000090 0 1 0 0 0 0 0 0 1 0 0 0 0 0
R 907 596 0000008c fe4101db
C 907 00000090 0 0 0 0 5 0
T 908 0000008c 1 1 0 0 0 0 0 0 1 0 0 1 0 0
R 908 597 00000090 ffdff06f
C 908 0000008c 1 0 0 0 5 0
T 909 00000090 1 1 0 0 0 0 0 0 1 0 1 1 0 0
W 909 3 00000001 000000000
C 909 00000090 1 0 0 1 5 0
T 910 00000090 0 1 0 0 0 0 0 0 1 0 0 0 0 0
R 910 598 0000008c fe4101db
C 910 00000090 0 0 0 0 5 0
T 911 0000008c 1 1 0 0 0 0 0 0 1 0 0 1 0 0
R 911 599 00000090 ffdff06f
C 911 0000008c 1 0 0 0 5 0
T 912 00000090 1 1 0 0 0 0 0 0 1 0 1 1 0 0
W 912 3 00000001 000000000
C 912 00000090 1 0 0 1 5 0
T 913 00000090 0 1 0 0 0 0 0 0 1 0 0 0 0 0
R 913 600 0000008c fe4101db
C 913 00000090 0 0 0 0 5 0
T 914 0000008c 1 1 0 0 0 0 0 0 1 0 0 1 0 0
R 914 601 00000090 ffdff06f
C 914 0000008c 1 0 0 0 5 0
T 915 00000090 1 1 0 0 0 0 0 0 1 0 1 1 0 0
W 915 3 00000001 000000000
C 915 00000090 1 0 0 1 5 0
T 916 00000090 0 1 0 0 0 0 0 0 1 0 0 0 0 0
R 916 602 0000008c fe4101db
C 916 00000090 0 0 0 0 5 0
T 917 0000008c 1 1 0 0 0 0 0 0 1 0 0 1 0 0
R 917 603 00000090 ffdff06f
C 917 0000008c 1 0 0 0 5 0
T 918 00000090 1 1 0 0 0 0 0 0 1 0 1 1 0 0
W 918 3 00000001 000000000
C 918 00000090 1 0 0 1 5 0
T 919 00000090 0 1 0 0 0 0 0 0 1 0 0 0 0 0
R 919 604 0000008c fe4101db
C 919 00000090 0 0 0 0 5 0
T 920 0000008c 1 1 0 0 0 0 0 0 1 0 0 1 0 0
R 920 605 00000090 ffdff06f
C 920 0000008c 1 0 0 0 5 0
T 921 00000090 1 1 0 0 0 0 0 0 1 0 1 1 0 0
W 921 3 00000001 000000000
C 921 00000090 1 0 0 1 5 0
T 922 00000090 0 1 0 0 0 0 0 0 1 0 0 0 0 0
R 922 606 0000008c fe4101db
C 922 00000090 0 0 0 0 5 0
T 923 0000008c 1 1 0 0 0 0 0 0 1 0 0 1 0 0
R 923 607 00000090 ffdff06f
C 923 0000008c 1 0 0 0 5 0
T 924 00000090 1 1 0 0 0 0 0 0 1 0 1 1 0 0
W 924 3 00000001 000000000
C 924 00000090 1 0 0 1 5 0
T 925 00000090 0 1 0 0 0 0 0 0 1 0 0 0 0 0
R 925 608 0000008c fe4101db
C 925 00000090 0 0 0 0 5 0
T 926 0000008c 1 1 0 0 0 0 0 0 1 0 0 1 0 0
R 926 609 00000090 ffdff06f
C 926 0000008c 1 0 0 0 5 0
T 927 00000090 1 1 0 0 0 0 0 0 1 0 1 1 0 0
W 927 3 00000001 000000000
C 927 00000090 1 0 0 1 5 0
T 928 00000090 0 1 0 0 0 0 0 0 1 0 0 0 0 0
R 928 610 0000008c fe4101db
C 928 00000090 0 0 0 0 5 0
T 929 0000008c 1 1 0 0 0 0 0 0 1 0 0 1 0 0
R 929 611 00000090 ffdff06f
C 929 0000008c 1 0 0 0 5 0
T 930 00000090 1 1 0 0 0 0 0 0 1 0 1 1 0 0
W 930 3 00000001 000000000
C 930 00000090 1 0 0 1 5 0
T 931 00000090 0 1 0 0 0 0 0 0 1 0 0 0 0 0
R 931 612 0000008c fe4101db
C 931 00000090 0 0 0 0 5 0
T 932 0000008c 1 1 0 0 0 0 0 0 1 0 0 1 0 0
R 932 613 00000090 ffdff06f
C 932 0000008c 1 0 0 0 5 0
T 933 00000090 1 1 0 0 0 0 0 0 1 0 1 1 0 0
W 933 3 00000001 000000000
C 933 00000090 1 0 0 1 5 0
T 934 00000090 0 1 0 0 0 0 0 0 1 0 0 0 0 0
R 934 614 0000008c fe4101db
C 934 00000090 0 0 0 0 5 0
T 935 0000008c 1 1 0 0 0 0 0 0 1 0 0 1 0 0
R 935 615 00000090 ffdff06f
C 935 0000008c 1 0 0 0 5 0
T 936 00000090 1 1 0 0 0 0 0 0 1 0 1 1 0 0
W 936 3 00000001 000000000
C 936 00000090 1 0 0 1 5 0
T 937 00000090 0 1 0 0 0 0 0 0 1 0 0 0 0 0
R 937 616 0000008c fe4101db
C 937 00000090 0 0 0 0 5 0
T 938 0000008c 1 1 0 0 0 0 0 0 1 0 0 1 0 0
R 938 617 00000090 ffdff06f
C 938 0000008c 1 0 0 0 5 0
T 939 00000090 1 1 0 0 0 0 0 0 1 0 1 1 0 0
W 939 3 00000001 000000000
C 939 00000090 1 0 0 1 5 0
T 940 00000090 0 1 0 0 0 0 0 0 1 0 0 0 0 0
R 940 618 0000008c fe4101db
C 940 00000090 0 0 0 0 5 0
T 941 0000008c 1 1 0 0 0 0 0 0 1 0 0 1 0 0
R 941 619 00000090 ffdff06f
C 941 0000008c 1 0 0 0 5 0
T 942 00000090 1 1 0 0 0 0 0 0 1 0 1 1 0 0
W 942 3 00000001 000000000
C 942 00000090 1 0 0 1 5 0
T 943 00000090 0 1 0 0 0 0 0 0 1 0 0 0 0 0
R 943 620 0000008c fe4101db
C 943 00000090 0 0 0 0 5 0
T 944 0000008c 1 1 0 0 0 0 0 0 1 0 0 1 0 0
R 944 621 00000090 ffdff06f
C 944 0000008c 1 0 0 0 5 0
T 945 00000090 1 1 0 0 0 0 0 0 1 0 1 1 0 0
W 945 3 00000001 000000000
C 945 00000090 1 0 0 1 5 0
T 946 00000090 0 1 0 0 0 0 0 0 1 0 0 0 0 0
R 946 622 0000008c fe4101db
C 946 00000090 0 0 0 0 5 0
T 947 0000008c 1 1 0 0 0 0 0 0 1 0 0 1 0 0
R 947 623 00000090 ffdff06f
C 947 0000008c 1 0 0 0 5 0
T 948 00000090 1 1 0 0 0 0 0 0 1 0 1 1 0 0
W 948 3 00000001 000000000
C 948 00000090 1 0 0 1 5 0
T 949 00000090 0 1 0 0 0 0 0 0 1 0 0 0 0 0
R 949 624 0000008c fe4101db
C 949 00000090 0 0 0 0 5 0
T 950 0000008c 1 1 0 0 0 0 0 0 1 0 0 1 0 0
R 950 625 00000090 ffdff06f
C 950 0000008c 1 0 0 0 5 0
T 951 00000090 1 1 0 0 0 0 0 0 1 0 1 1 0 0
W 951 3 00000001 000000000
C 951 00000090 1 0 0 1 5 0
T 952 00000090 0 1 0 0 0 0 0 0 1 0 0 0 0 0
R 952 626 0000008c fe4101db
C 952 00000090 0 0 0 0 5 0
T 953 0000008c 1 1 0 0 0 0 0 0 1 0 0 1 0 0
R 953 627 00000090 ffdff06f
C 953 0000008c 1 0 0 0 5 0
T 954 00000090 1 1 0 0 0 0 0 0 1 0 1 1 0 0
W 954 3 00000001 000000000
C 954 00000090 1 0 0 1 5 0
T 955 00000090 0 1 0 0 0 0 0 0 1 0 0 0 0 0
R 955 628 0000008c fe4101db
C 955 00000090 0 0 0 0 5 0
T 956 0000008c 1 1 0 0 0 0 0 0 1 0 0 1 0 0
R 956 629 00000090 ffdff06f
C 956 0000008c 1 0 0 0 5 0
T 957 00000090 1 1 0 0 0 0 0 0 1 0 1 1 0 0
W 957 3 00000001 000000000
C 957 00000090 1 0 0 1 5 0
T 958 00000090 0 1 0 0 0 0 0 0 1 0 0 0 0 0
R 958 630 0000008c fe4101db
C 958 00000090 0 0 0 0 5 0
T 959 0000008c 1 1 0 0 0 0 0 0 1 0 0 1 0 0
R 959 631 00000090 ffdff06f
C 959 0000008c 1 0 0 0 5 0
T 960 00000090 1 1 0 0 0 0 0 0 1 0 1 1 0 0
W 960 3 00000001 000000000
C 960 00000090 1 0 0 1 5 0
T 961 00000090 0 1 0 0 0 0 0 0 1 0 0 0 0 0
R 961 632 0000008c fe4101db
C 961 00000090 0 0 0 0 5 0
T 962 0000008c 1 1 0 0 0 0 0 0 1 0 0 1 0 0
R 962 633 00000090 ffdff06f
C 962 0000008c 1 0 0 0 5 0
T 963 00000090 1 1 0 0 0 0 0 0 1 0 1 1 0 0
W 963 3 00000001 000000000
C 963 00000090 1 0 0 1 5 0
T 964 00000090 0 1 0 0 0 0 0 0 1 0 0 0 0 0
R 964 634 0000008c fe4101db
C 964 00000090 0 0 0 0 5 0
T 965 0000008c 1 1 0 0 0 0 0 0 1 0 0 1 0 0
R 965 635 00000090 ffdff06f
C 965 0000008c 1 0 0 0 5 0
T 966 00000090 1 1 0 0 0 0 0 0 1 0 1 1 0 0
W 966 3 00000001 000000000
C 966 00000090 1 0 0 1 5 0
T 967 00000090 0 1 0 0 0 0 0 0 1 0 0 0 0 0
R 967 636 0000008c fe4101db
C 967 00000090 0 0 0 0 5 0
T 968 0000008c 1 1 0 0 0 0 0 0 1 0 0 1 0 0
R 968 637 00000090 ffdff06f
C 968 0000008c 1 0 0 0 5 0
T 969 00000090 1 1 0 0 0 0 0 0 1 0 1 1 0 0
W 969 3 00000001 000000000
C 969 00000090 1 0 0 1 5 0
T 970 00000090 0 1 0 0 0 0 0 0 1 0 0 0 0 0
R 970 638 0000008c fe4101db
C 970 00000090 0 0 0 0 5 0
T 971 0000008c 1 1 0 0 0 0 0 0 1 0 0 1 0 0
R 971 639 00000090 ffdff06f
C 971 0000008c 1 0 0 0 5 0
T 972 00000090 1 1 0 0 0 0 0 0 1 0 1 1 0 0
W 972 3 00000001 000000000
C 972 00000090 1 0 0 1 5 0
T 973 00000090 0 1 0 0 0 0 0 0 1 0 0 0 0 0
R 973 640 0000008c fe4101db
C 973 00000090 0 0 0 0 5 0
T 974 0000008c 1 1 0 0 0 0 0 0 1 0 0 1 0 0
R 974 641 00000090 ffdff06f
C 974 0000008c 1 0 0 0 5 0
T 975 00000090 1 1 0 0 0 0 0 0 1 0 1 1 0 0
W 975 3 00000001 000000000
C 975 00000090 1 0 0 1 5 0
T 976 00000090 0 1 0 0 0 0 0 0 1 0 0 0 0 0
R 976 642 0000008c fe4101db
C 976 00000090 0 0 0 0 5 0
T 977 0000008c 1 1 0 0 0 0 0 0 1 0 0 1 0 0
R 977 643 00000090 ffdff06f
C 977 0000008c 1 0 0 0 5 0
T 978 00000090 1 1 0 0 0 0 0 0 1 0 1 1 0 0
W 978 3 00000001 000000000
C 978 00000090 1 0 0 1 5 0
T 979 00000090 0 1 0 0 0 0 0 0 1 0 0 0 0 0
R 979 644 0000008c fe4101db
C 979 00000090 0 0 0 0 5 0
T 980 0000008c 1 1 0 0 0 0 0 0 1 0 0 1 0 0
R 980 645 00000090 ffdff06f
C 980 0000008c 1 0 0 0 5 0
T 981 00000090 1 1 0 0 0 0 0 0 1 0 1 1 0 0
W 981 3 00000001 000000000
C 981 00000090 1 0 0 1 5 0
T 982 00000090 0 1 0 0 0 0 0 0 1 0 0 0 0 0
R 982 646 0000008c fe4101db
C 982 00000090 0 0 0 0 5 0
T 983 0000008c 1 1 0 0 0 0 0 0 1 0 0 1 0 0
R 983 647 00000090 ffdff06f
C 983 0000008c 1 0 0 0 5 0
T 984 00000090 1 1 0 0 0 0 0 0 1 0 1 1 0 0
W 984 3 00000001 000000000
C 984 00000090 1 0 0 1 5 0
T 985 00000090 0 1 0 0 0 0 0 0 1 0 0 0 0 0
R 985 648 0000008c fe4101db
C 985 00000090 0 0 0 0 5 0
T 986 0000008c 1 1 0 0 0 0 0 0 1 0 0 1 0 0
R 986 649 00000090 ffdff06f
C 986 0000008c 1 0 0 0 5 0
T 987 00000090 1 1 0 0 0 0 0 0 1 0 1 1 0 0
W 987 3 00000001 000000000
C 987 00000090 1 0 0 1 5 0
T 988 00000090 0 1 0 0 0 0 0 0 1 0 0 0 0 0
R 988 650 0000008c fe4101db
C 988 00000090 0 0 0 0 5 0
T 989 0000008c 1 1 0 0 0 0 0 0 1 0 0 1 0 0
R 989 651 00000090 ffdff06f
C 989 0000008c 1 0 0 0 5 0
T 990 00000090 1 1 0 0 0 0 0 0 1 0 1 1 0 0
W 990 3 00000001 000000000
C 990 00000090 1 0 0 1 5 0
T 991 00000090 0 1 0 0 0 0 0 0 1 0 0 0 0 0
R 991 652 0000008c fe4101db
C 991 00000090 0 0 0 0 5 0
T 992 0000008c 1 1 0 0 0 0 0 0 1 0 0 1 0 0
R 992 653 00000090 ffdff06f
C 992 0000008c 1 0 0 0 5 0
T 993 00000090 1 1 0 0 0 0 0 0 1 0 1 1 0 0
W 993 3 00000001 000000000
C 993 00000090 1 0 0 1 5 0
T 994 00000090 0 1 0 0 0 0 0 0 1 0 0 0 0 0
R 994 654 0000008c fe4101db
C 994 00000090 0 0 0 0 5 0
T 995 0000008c 1 1 0 0 0 0 0 0 1 0 0 1 0 0
R 995 655 00000090 ffdff06f
C 995 0000008c 1 0 0 0 5 0
T 996 00000090 1 1 0 0 0 0 0 0 1 0 1 1 0 0
W 996 3 00000001 000000000
C 996 00000090 1 0 0 1 5 0
T 997 00000090 0 1 0 0 0 0 0 0 1 0 0 0 0 0
R 997 656 0000008c fe4101db
C 997 00000090 0 0 0 0 5 0
T 998 0000008c 1 1 0 0 0 0 0 0 1 0 0 1 0 0
R 998 657 00000090 ffdff06f
C 998 0000008c 1 0 0 0 5 0
T 999 00000090 1 1 0 0 0 0 0 0 1 0 1 1 0 0
W 999 3 00000001 000000000
C 999 00000090 1 0 0 1 5 0
T 1000 00000090 0 1 0 0 0 0 0 0 1 0 0 0 0 0
R 1000 658 0000008c fe4101db
C 1000 00000090 0 0 0 0 5 0
T 1001 0000008c 1 1 0 0 0 0 0 0 1 0 0 1 0 0
R 1001 659 00000090 ffdff06f
C 1001 0000008c 1 0 0 0 5 0
T 1002 00000090 1 1 0 0 0 0 0 0 1 0 1 1 0 0
W 1002 3 00000001 000000000
C 1002 00000090 1 0 0 1 5 0
T 1003 00000090 0 1 0 0 0 0 0 0 1 0 0 0 0 0
R 1003 660 0000008c fe4101db
C 1003 00000090 0 0 0 0 5 0
T 1004 0000008c 1 1 0 0 0 0 0 0 1 0 0 1 0 0
R 1004 661 00000090 ffdff06f
C 1004 0000008c 1 0 0 0 5 0
T 1005 00000090 1 1 0 0 0 0 0 0 1 0 1 1 0 0
W 1005 3 00000001 000000000
C 1005 00000090 1 0 0 1 5 0
T 1006 00000090 0 1 0 0 0 0 0 0 1 0 0 0 0 0
R 1006 662 0000008c fe4101db
C 1006 00000090 0 0 0 0 5 0
T 1007 0000008c 1 1 0 0 0 0 0 0 1 0 0 1 0 0
R 1007 663 00000090 ffdff06f
C 1007 0000008c 1 0 0 0 5 0
T 1008 00000090 1 1 0 0 0 0 0 0 1 0 1 1 0 0
W 1008 3 00000001 000000000
C 1008 00000090 1 0 0 1 5 0
T 1009 00000090 0 1 0 0 0 0 0 0 1 0 0 0 0 0
R 1009 664 0000008c fe4101db
C 1009 00000090 0 0 0 0 5 0
T 1010 0000008c 1 1 0 0 0 0 0 0 1 0 0 1 0 0
R 1010 665 00000090 ffdff06f
C 1010 0000008c 1 0 0 0 5 0
T 1011 00000090 1 1 0 0 0 0 0 0 1 0 1 1 0 0
W 1011 3 00000001 000000000
C 1011 00000090 1 0 0 1 5 0
T 1012 00000090 0 1 0 0 0 0 0 0 1 0 0 0 0 0
R 1012 666 0000008c fe4101db
C 1012 00000090 0 0 0 0 5 0
T 1013 0000008c 1 1 0 0 0 0 0 0 1 0 0 1 0 0
R 1013 667 00000090 ffdff06f
C 1013 0000008c 1 0 0 0 5 0
T 1014 00000090 1 1 0 0 0 0 0 0 1 0 1 1 0 0
W 1014 3 00000001 000000000
C 1014 00000090 1 0 0 1 5 0
T 1015 00000090 0 1 0 0 0 0 0 0 1 0 0 0 0 0
R 1015 668 0000008c fe4101db
C 1015 00000090 0 0 0 0 5 0
T 1016 0000008c 1 1 0 0 0 0 0 0 1 0 0 1 0 0
R 1016 669 00000090 ffdff06f
C 1016 0000008c 1 0 0 0 5 0
T 1017 00000090 1 1 0 0 0 0 0 0 1 0 1 1 0 0
W 1017 3 00000001 000000000
C 1017 00000090 1 0 0 1 5 0
T 1018 00000090 0 1 0 0 0 0 0 0 1 0 0 0 0 0
R 1018 670 0000008c fe4101db
C 1018 00000090 0 0 0 0 5 0
T 1019 0000008c 1 1 0 0 0 0 0 0 1 0 0 1 0 0
R 1019 671 00000090 ffdff06f
C 1019 0000008c 1 0 0 0 5 0
T 1020 00000090 1 1 0 0 0 0 0 0 1 0 1 1 0 0
W 1020 3 00000001 000000000
C 1020 00000090 1 0 0 1 5 0
T 1021 00000090 0 1 0 0 0 0 0 0 1 0 0 0 0 0
R 1021 672 0000008c fe4101db
C 1021 00000090 0 0 0 0 5 0
T 1022 0000008c 1 1 0 0 0 0 0 0 1 0 0 1 0 0
R 1022 673 00000090 ffdff06f
C 1022 0000008c 1 0 0 0 5 0
T 1023 00000090 1 1 0 0 0 0 0 0 1 0 1 1 0 0
W 1023 3 00000001 000000000
C 1023 00000090 1 0 0 1 5 0
T 1024 00000090 0 1 0 0 0 0 0 0 1 0 0 0 0 0
R 1024 674 0000008c fe4101db
C 1024 00000090 0 0 0 0 5 0
T 1025 0000008c 1 1 0 0 0 0 0 0 1 0 0 1 0 0
R 1025 675 00000090 ffdff06f
C 1025 0000008c 1 0 0 0 5 0
T 1026 00000090 1 1 0 0 0 0 0 0 1 0 1 1 0 0
W 1026 3 00000001 000000000
C 1026 00000090 1 0 0 1 5 0
T 1027 00000090 0 1 0 0 0 0 0 0 1 0 0 0 0 0
R 1027 676 0000008c fe4101db
C 1027 00000090 0 0 0 0 5 0
T 1028 0000008c 1 1 0 0 0 0 0 0 1 0 0 1 0 0
R 1028 677 00000090 ffdff06f
C 1028 0000008c 1 0 0 0 5 0
T 1029 00000090 1 1 0 0 0 0 0 0 1 0 1 1 0 0
W 1029 3 00000001 000000000
C 1029 00000090 1 0 0 1 5 0
T 1030 00000090 0 1 0 0 0 0 0 0 1 0 0 0 0 0
R 1030 678 0000008c fe4101db
C 1030 00000090 0 0 0 0 5 0
T 1031 0000008c 1 1 0 0 0 0 0 0 1 0 0 1 0 0
R 1031 679 00000090 ffdff06f
C 1031 0000008c 1 0 0 0 5 0
T 1032 00000090 1 1 0 0 0 0 0 0 1 0 1 1 0 0
W 1032 3 00000001 000000000
C 1032 00000090 1 0 0 1 5 0
T 1033 00000090 0 1 0 0 0 0 0 0 1 0 0 0 0 0
R 1033 680 0000008c fe4101db
C 1033 00000090 0 0 0 0 5 0
T 1034 0000008c 1 1 0 0 0 0 0 0 1 0 0 1 0 0
R 1034 681 00000090 ffdff06f
C 1034 0000008c 1 0 0 0 5 0
T 1035 00000090 1 1 0 0 0 0 0 0 1 0 1 1 0 0
W 1035 3 00000001 000000000
C 1035 00000090 1 0 0 1 5 0
T 1036 00000090 0 1 0 0 0 0 0 0 1 0 0 0 0 0
R 1036 682 0000008c fe4101db
C 1036 00000090 0 0 0 0 5 0
T 1037 0000008c 1 1 0 0 0 0 0 0 1 0 0 1 0 0
R 1037 683 00000090 ffdff06f
C 1037 0000008c 1 0 0 0 5 0
T 1038 00000090 1 1 0 0 0 0 0 0 1 0 1 1 0 0
W 1038 3 00000001 000000000
C 1038 00000090 1 0 0 1 5 0
T 1039 00000090 0 1 0 0 0 0 0 0 1 0 0 0 0 0
R 1039 684 0000008c fe4101db
C 1039 00000090 0 0 0 0 5 0
T 1040 0000008c 1 1 0 0 0 0 0 0 1 0 0 1 0 0
R 1040 685 00000090 ffdff06f
C 1040 0000008c 1 0 0 0 5 0
T 1041 00000090 1 1 0 0 0 0 0 0 1 0 1 1 0 0
W 1041 3 00000001 000000000
C 1041 00000090 1 0 0 1 5 0
T 1042 00000090 0 1 0 0 0 0 0 0 1 0 0 0 0 0
R 1042 686 0000008c fe4101db
C 1042 00000090 0 0 0 0 5 0
T 1043 0000008c 1 1 0 0 0 0 0 0 1 0 0 1 0 0
R 1043 687 00000090 ffdff06f
C 1043 0000008c 1 0 0 0 5 0
T 1044 00000090 1 1 0 0 0 0 0 0 1 0 1 1 0 0
W 1044 3 00000001 000000000
C 1044 00000090 1 0 0 1 5 0
T 1045 00000090 0 1 0 0 0 0 0 0 1 0 0 0 0 0
R 1045 688 0000008c fe4101db
C 1045 00000090 0 0 0 0 5 0
T 1046 0000008c 1 1 0 0 0 0 0 0 1 0 0 1 0 0
R 1046 689 00000090 ffdff06f
C 1046 0000008c 1 0 0 0 5 0
T 1047 00000090 1 1 0 0 0 0 0 0 1 0 1 1 0 0
W 1047 3 00000001 000000000
C 1047 00000090 1 0 0 1 5 0
T 1048 00000090 0 1 0 0 0 0 0 0 1 0 0 0 0 0
R 1048 690 0000008c fe4101db
C 1048 00000090 0 0 0 0 5 0
T 1049 0000008c 1 1 0 0 0 0 0 0 1 0 0 1 0 0
R 1049 691 00000090 ffdff06f
C 1049 0000008c 1 0 0 0 5 0
T 1050 00000090 1 1 0 0 0 0 0 0 1 0 1 1 0 0
W 1050 3 00000001 000000000
C 1050 00000090 1 0 0 1 5 0
T 1051 00000090 0 1 0 0 0 0 0 0 1 0 0 0 0 0
R 1051 692 0000008c fe4101db
C 1051 00000090 0 0 0 0 5 0
T 1052 0000008c 1 1 0 0 0 0 0 0 1 0 0 1 0 0
R 1052 693 00000090 ffdff06f
C 1052 0000008c 1 0 0 0 5 0
T 1053 00000090 1 1 0 0 0 0 0 0 1 0 1 1 0 0
W 1053 3 00000001 000000000
C 1053 00000090 1 0 0 1 5 0
T 1054 00000090 0 1 0 0 0 0 0 0 1 0 0 0 0 0
R 1054 694 0000008c fe4101db
C 1054 00000090 0 0 0 0 5 0
T 1055 0000008c 1 1 0 0 0 0 0 0 1 0 0 1 0 0
R 1055 695 00000090 ffdff06f
C 1055 0000008c 1 0 0 0 5 0
T 1056 00000090 1 1 0 0 0 0 0 0 1 0 1 1 0 0
W 1056 3 00000001 000000000
C 1056 00000090 1 0 0 1 5 0
T 1057 00000090 0 1 0 0 0 0 0 0 1 0 0 0 0 0
R 1057 696 0000008c fe4101db
C 1057 00000090 0 0 0 0 5 0
T 1058 0000008c 1 1 0 0 0 0 0 0 1 0 0 1 0 0
R 1058 697 00000090 ffdff06f
C 1058 0000008c 1 0 0 0 5 0
T 1059 00000090 1 1 0 0 0 0 0 0 1 0 1 1 0 0
W 1059 3 00000001 000000000
C 1059 00000090 1 0 0 1 5 0
T 1060 00000090 0 1 0 0 0 0 0 0 1 0 0 0 0 0
R 1060 698 0000008c fe4101db
C 1060 00000090 0 0 0 0 5 0
T 1061 0000008c 1 1 0 0 0 0 0 0 1 0 0 1 0 0
R 1061 699 00000090 ffdff06f
C 1061 0000008c 1 0 0 0 5 0
T 1062 00000090 1 1 0 0 0 0 0 0 1 0 1 1 0 0
W 1062 3 00000001 000000000
C 1062 00000090 1 0 0 1 5 0
T 1063 00000090 0 1 0 0 0 0 0 0 1 0 0 0 0 0
R 1063 700 0000008c fe4101db
C 1063 00000090 0 0 0 0 5 0
T 1064 0000008c 1 1 0 0 0 0 0 0 1 0 0 1 0 0
R 1064 701 00000090 ffdff06f
C 1064 0000008c 1 0 0 0 5 0
T 1065 00000090 1 1 0 0 0 0 0 0 1 0 1 1 0 0
W 1065 3 00000001 000000000
C 1065 00000090 1 0 0 1 5 0
T 1066 00000090 0 1 0 0 0 0 0 0 1 0 0 0 0 0
R 1066 702 0000008c fe4101db
C 1066 00000090 0 0 0 0 5 0
T 1067 0000008c 1 1 0 0 0 0 0 0 1 0 0 1 0 0
R 1067 703 00000090 ffdff06f
C 1067 0000008c 1 0 0 0 5 0
T 1068 00000090 1 1 0 0 0 0 0 0 1 0 1 1 0 0
W 1068 3 00000001 000000000
C 1068 00000090 1 0 0 1 5 0
T 1069 00000090 0 1 0 0 0 0 0 0 1 0 0 0 0 0
R 1069 704 0000008c fe4101db
C 1069 00000090 0 0 0 0 5 0
T 1070 0000008c 1 1 0 0 0 0 0 0 1 0 0 1 0 0
R 1070 705 00000090 ffdff06f
C 1070 0000008c 1 0 0 0 5 0
T 1071 00000090 1 1 0 0 0 0 0 0 1 0 1 1 0 0
W 1071 3 00000001 000000000
C 1071 00000090 1 0 0 1 5 0
T 1072 00000090 0 1 0 0 0 0 0 0 1 0 0 0 0 0
R 1072 706 0000008c fe4101db
C 1072 00000090 0 0 0 0 5 0
T 1073 0000008c 1 1 0 0 0 0 0 0 1 0 0 1 0 0
R 1073 707 00000090 ffdff06f
C 1073 0000008c 1 0 0 0 5 0
T 1074 00000090 1 1 0 0 0 0 0 0 1 0 1 1 0 0
W 1074 3 00000001 000000000
C 1074 00000090 1 0 0 1 5 0
T 1075 00000090 0 1 0 0 0 0 0 0 1 0 0 0 0 0
R 1075 708 0000008c fe4101db
C 1075 00000090 0 0 0 0 5 0
T 1076 0000008c 1 1 0 0 0 0 0 0 1 0 0 1 0 0
R 1076 709 00000090 ffdff06f
C 1076 0000008c 1 0 0 0 5 0
T 1077 00000090 1 1 0 0 0 0 0 0 1 0 1 1 0 0
W 1077 3 00000001 000000000
C 1077 00000090 1 0 0 1 5 0
T 1078 00000090 0 1 0 0 0 0 0 0 1 0 0 0 0 0
R 1078 710 0000008c fe4101db
C 1078 00000090 0 0 0 0 5 0
T 1079 0000008c 1 1 0 0 0 0 0 0 1 0 0 1 0 0
R 1079 711 00000090 ffdff06f
C 1079 0000008c 1 0 0 0 5 0
T 1080 00000090 1 1 0 0 0 0 0 0 1 0 1 1 0 0
W 1080 3 00000001 000000000
C 1080 00000090 1 0 0 1 5 0
T 1081 00000090 0 1 0 0 0 0 0 0 1 0 0 0 0 0
R 1081 712 0000008c fe4101db
C 1081 00000090 0 0 0 0 5 0
T 1082 0000008c 1 1 0 0 0 0 0 0 1 0 0 1 0 0
R 1082 713 00000090 ffdff06f
C 1082 0000008c 1 0 0 0 5 0
T 1083 00000090 1 1 0 0 0 0 0 0 1 0 1 1 0 0
W 1083 3 00000001 000000000
C 1083 00000090 1 0 0 1 5 0
T 1084 00000090 0 1 0 0 0 0 0 0 1 0 0 0 0 0
R 1084 714 0000008c fe4101db
C 1084 00000090 0 0 0 0 5 0
T 1085 0000008c 1 1 0 0 0 0 0 0 1 0 0 1 0 0
R 1085 715 00000090 ffdff06f
C 1085 0000008c 1 0 0 0 5 0
T 1086 00000090 1 1 0 0 0 0 0 0 1 0 1 1 0 0
W 1086 3 00000001 000000000
C 1086 00000090 1 0 0 1 5 0
T 1087 00000090 0 1 0 0 0 0 0 0 1 0 0 0 0 0
R 1087 716 0000008c fe4101db
C 1087 00000090 0 0 0 0 5 0
T 1088 0000008c 1 1 0 0 0 0 0 0 1 0 0 1 0 0
R 1088 717 00000090 ffdff06f
C 1088 0000008c 1 0 0 0 5 0
T 1089 00000090 1 1 0 0 0 0 0 0 1 0 1 1 0 0
W 1089 3 00000001 000000000
C 1089 00000090 1 0 0 1 5 0
T 1090 00000090 0 1 0 0 0 0 0 0 1 0 0 0 0 0
R 1090 718 0000008c fe4101db
C 1090 00000090 0 0 0 0 5 0
T 1091 0000008c 1 1 0 0 0 0 0 0 1 0 0 1 0 0
R 1091 719 00000090 ffdff06f
C 1091 0000008c 1 0 0 0 5 0
T 1092 00000090 1 1 0 0 0 0 0 0 1 0 1 1 0 0
W 1092 3 00000001 000000000
C 1092 00000090 1 0 0 1 5 0
T 1093 00000090 0 1 0 0 0 0 0 0 1 0 0 0 0 0
R 1093 720 0000008c fe4101db
C 1093 00000090 0 0 0 0 5 0
T 1094 0000008c 1 1 0 0 0 0 0 0 1 0 0 1 0 0
R 1094 721 00000090 ffdff06f
C 1094 0000008c 1 0 0 0 5 0
T 1095 00000090 1 1 0 0 0 0 0 0 1 0 1 1 0 0
W 1095 3 00000001 000000000
C 1095 00000090 1 0 0 1 5 0
T 1096 00000090 0 1 0 0 0 0 0 0 1 0 0 0 0 0
R 1096 722 0000008c fe4101db
C 1096 00000090 0 0 0 0 5 0
T 1097 0000008c 1 1 0 0 0 0 0 0 1 0 0 1 0 0
R 1097 723 00000090 ffdff06f
C 1097 0000008c 1 0 0 0 5 0
T 1098 00000090 1 1 0 0 0 0 0 0 1 0 1 1 0 0
W 1098 3 00000001 000000000
C 1098 00000090 1 0 0 1 5 0
T 1099 00000090 0 1 0 0 0 0 0 0 1 0 0 0 0 0
R 1099 724 0000008c fe4101db
C 1099 00000090 0 0 0 0 5 0
T 1100 0000008c 1 1 0 0 0 0 0 0 1 0 0 1 0 0
R 1100 725 00000090 ffdff06f
C 1100 0000008c 1 0 0 0 5 0
T 1101 00000090 1 1 0 0 0 0 0 0 1 0 1 1 0 0
W 1101 3 00000001 000000000
C 1101 00000090 1 0 0 1 5 0
T 1102 00000090 0 1 0 0 0 0 0 0 1 0 0 0 0 0
R 1102 726 0000008c fe4101db
C 1102 00000090 0 0 0 0 5 0
T 1103 0000008c 1 1 0 0 0 0 0 0 1 0 0 1 0 0
R 1103 727 00000090 ffdff06f
C 1103 0000008c 1 0 0 0 5 0
T 1104 00000090 1 1 0 0 0 0 0 0 1 0 1 1 0 0
W 1104 3 00000001 000000000
C 1104 00000090 1 0 0 1 5 0
T 1105 00000090 0 1 0 0 0 0 0 0 1 0 0 0 0 0
R 1105 728 0000008c fe4101db
C 1105 00000090 0 0 0 0 5 0
T 1106 0000008c 1 1 0 0 0 0 0 0 1 0 0 1 0 0
R 1106 729 00000090 ffdff06f
C 1106 0000008c 1 0 0 0 5 0
T 1107 00000090 1 1 0 0 0 0 0 0 1 0 1 1 0 0
W 1107 3 00000001 000000000
C 1107 00000090 1 0 0 1 5 0
T 1108 00000090 0 1 0 0 0 0 0 0 1 0 0 0 0 0
R 1108 730 0000008c fe4101db
C 1108 00000090 0 0 0 0 5 0
T 1109 0000008c 1 1 0 0 0 0 0 0 1 0 0 1 0 0
R 1109 731 00000090 ffdff06f
C 1109 0000008c 1 0 0 0 5 0
T 1110 00000090 1 1 0 0 0 0 0 0 1 0 1 1 0 0
W 1110 3 00000001 000000000
C 1110 00000090 1 0 0 1 5 0
T 1111 00000090 0 1 0 0 0 0 0 0 1 0 0 0 0 0
R 1111 732 0000008c fe4101db
C 1111 00000090 0 0 0 0 5 0
T 1112 0000008c 1 1 0 0 0 0 0 0 1 0 0 1 0 0
R 1112 733 00000090 ffdff06f
C 1112 0000008c 1 0 0 0 5 0
T 1113 00000090 1 1 0 0 0 0 0 0 1 0 1 1 0 0
W 1113 3 00000001 000000000
C 1113 00000090 1 0 0 1 5 0
T 1114 00000090 0 1 0 0 0 0 0 0 1 0 0 0 0 0
R 1114 734 0000008c fe4101db
C 1114 00000090 0 0 0 0 5 0
T 1115 0000008c 1 1 0 0 0 0 0 0 1 0 0 1 0 0
R 1115 735 00000090 ffdff06f
C 1115 0000008c 1 0 0 0 5 0
T 1116 00000090 1 1 0 0 0 0 0 0 1 0 1 1 0 0
W 1116 3 00000001 000000000
C 1116 00000090 1 0 0 1 5 0
T 1117 00000090 0 1 0 0 0 0 0 0 1 0 0 0 0 0
R 1117 736 0000008c fe4101db
C 1117 00000090 0 0 0 0 5 0
T 1118 0000008c 1 1 0 0 0 0 0 0 1 0 0 1 0 0
R 1118 737 00000090 ffdff06f
C 1118 0000008c 1 0 0 0 5 0
T 1119 00000090 1 1 0 0 0 0 0 0 1 0 1 1 0 0
W 1119 3 00000001 000000000
C 1119 00000090 1 0 0 1 5 0
T 1120 00000090 0 1 0 0 0 0 0 0 1 0 0 0 0 0
R 1120 738 0000008c fe4101db
C 1120 00000090 0 0 0 0 5 0
T 1121 0000008c 1 1 0 0 0 0 0 0 1 0 0 1 0 0
R 1121 739 00000090 ffdff06f
C 1121 0000008c 1 0 0 0 5 0
T 1122 00000090 1 1 0 0 0 0 0 0 1 0 1 1 0 0
W 1122 3 00000001 000000000
C 1122 00000090 1 0 0 1 5 0
T 1123 00000090 0 1 0 0 0 0 0 0 1 0 0 0 0 0
R 1123 740 0000008c fe4101db
C 1123 00000090 0 0 0 0 5 0
T 1124 0000008c 1 1 0 0 0 0 0 0 1 0 0 1 0 0
R 1124 741 00000090 ffdff06f
C 1124 0000008c 1 0 0 0 5 0
T 1125 00000090 1 1 0 0 0 0 0 0 1 0 1 1 0 0
W 1125 3 00000001 000000000
C 1125 00000090 1 0 0 1 5 0
T 1126 00000090 0 1 0 0 0 0 0 0 1 0 0 0 0 0
R 1126 742 0000008c fe4101db
C 1126 00000090 0 0 0 0 5 0
T 1127 0000008c 1 1 0 0 0 0 0 0 1 0 0 1 0 0
R 1127 743 00000090 ffdff06f
C 1127 0000008c 1 0 0 0 5 0
T 1128 00000090 1 1 0 0 0 0 0 0 1 0 1 1 0 0
W 1128 3 00000001 000000000
C 1128 00000090 1 0 0 1 5 0
T 1129 00000090 0 1 0 0 0 0 0 0 1 0 0 0 0 0
R 1129 744 0000008c fe4101db
C 1129 00000090 0 0 0 0 5 0
T 1130 0000008c 1 1 0 0 0 0 0 0 1 0 0 1 0 0
R 1130 745 00000090 ffdff06f
C 1130 0000008c 1 0 0 0 5 0
T 1131 00000090 1 1 0 0 0 0 0 0 1 0 1 1 0 0
W 1131 3 00000001 000000000
C 1131 00000090 1 0 0 1 5 0
T 1132 00000090 0 1 0 0 0 0 0 0 1 0 0 0 0 0
R 1132 746 0000008c fe4101db
C 1132 00000090 0 0 0 0 5 0
T 1133 0000008c 1 1 0 0 0 0 0 0 1 0 0 1 0 0
R 1133 747 00000090 ffdff06f
C 1133 0000008c 1 0 0 0 5 0
T 1134 00000090 1 1 0 0 0 0 0 0 1 0 1 1 0 0
W 1134 3 00000001 000000000
C 1134 00000090 1 0 0 1 5 0
T 1135 00000090 0 1 0 0 0 0 0 0 1 0 0 0 0 0
R 1135 748 0000008c fe4101db
C 1135 00000090 0 0 0 0 5 0
T 1136 0000008c 1 1 0 0 0 0 0 0 1 0 0 1 0 0
R 1136 749 00000090 ffdff06f
C 1136 0000008c 1 0 0 0 5 0
T 1137 00000090 1 1 0 0 0 0 0 0 1 0 1 1 0 0
W 1137 3 00000001 000000000
C 1137 00000090 1 0 0 1 5 0
T 1138 00000090 0 1 0 0 0 0 0 0 1 0 0 0 0 0
R 1138 750 0000008c fe4101db
C 1138 00000090 0 0 0 0 5 0
T 1139 0000008c 1 1 0 0 0 0 0 0 1 0 0 1 0 0
R 1139 751 00000090 ffdff06f
C 1139 0000008c 1 0 0 0 5 0
T 1140 00000090 1 1 0 0 0 0 0 0 1 0 1 1 0 0
W 1140 3 00000001 000000000
C 1140 00000090 1 0 0 1 5 0
T 1141 00000090 0 1 0 0 0 0 0 0 1 0 0 0 0 0
R 1141 752 0000008c fe4101db
C 1141 00000090 0 0 0 0 5 0
T 1142 0000008c 1 1 0 0 0 0 0 0 1 0 0 1 0 0
R 1142 753 00000090 ffdff06f
C 1142 0000008c 1 0 0 0 5 0
T 1143 00000090 1 1 0 0 0 0 0 0 1 0 1 1 0 0
W 1143 3 00000001 000000000
C 1143 00000090 1 0 0 1 5 0
T 1144 00000090 0 1 0 0 0 0 0 0 1 0 0 0 0 0
R 1144 754 0000008c fe4101db
C 1144 00000090 0 0 0 0 5 0
T 1145 0000008c 1 1 0 0 0 0 0 0 1 0 0 1 0 0
R 1145 755 00000090 ffdff06f
C 1145 0000008c 1 0 0 0 5 0
T 1146 00000090 1 1 0 0 0 0 0 0 1 0 1 1 0 0
W 1146 3 00000001 000000000
C 1146 00000090 1 0 0 1 5 0
T 1147 00000090 0 1 0 0 0 0 0 0 1 0 0 0 0 0
R 1147 756 0000008c fe4101db
C 1147 00000090 0 0 0 0 5 0
T 1148 0000008c 1 1 0 0 0 0 0 0 1 0 0 1 0 0
R 1148 757 00000090 ffdff06f
C 1148 0000008c 1 0 0 0 5 0
T 1149 00000090 1 1 0 0 0 0 0 0 1 0 1 1 0 0
W 1149 3 00000001 000000000
C 1149 00000090 1 0 0 1 5 0
T 1150 00000090 0 1 0 0 0 0 0 0 1 0 0 0 0 0
R 1150 758 0000008c fe4101db
C 1150 00000090 0 0 0 0 5 0
T 1151 0000008c 1 1 0 0 0 0 0 0 1 0 0 1 0 0
R 1151 759 00000090 ffdff06f
C 1151 0000008c 1 0 0 0 5 0
T 1152 00000090 1 1 0 0 0 0 0 0 1 0 1 1 0 0
W 1152 3 00000001 000000000
C 1152 00000090 1 0 0 1 5 0
T 1153 00000090 0 1 0 0 0 0 0 0 1 0 0 0 0 0
R 1153 760 0000008c fe4101db
C 1153 00000090 0 0 0 0 5 0
T 1154 0000008c 1 1 0 0 0 0 0 0 1 0 0 1 0 0
R 1154 761 00000090 ffdff06f
C 1154 0000008c 1 0 0 0 5 0
T 1155 00000090 1 1 0 0 0 0 0 0 1 0 1 1 0 0
W 1155 3 00000001 000000000
C 1155 00000090 1 0 0 1 5 0
T 1156 00000090 0 1 0 0 0 0 0 0 1 0 0 0 0 0
R 1156 762 0000008c fe4101db
C 1156 00000090 0 0 0 0 5 0
T 1157 0000008c 1 1 0 0 0 0 0 0 1 0 0 1 0 0
R 1157 763 00000090 ffdff06f
C 1157 0000008c 1 0 0 0 5 0
T 1158 00000090 1 1 0 0 0 0 0 0 1 0 1 1 0 0
W 1158 3 00000001 000000000
C 1158 00000090 1 0 0 1 5 0
T 1159 00000090 0 1 0 0 0 0 0 0 1 0 0 0 0 0
R 1159 764 0000008c fe4101db
C 1159 00000090 0 0 0 0 5 0
T 1160 0000008c 1 1 0 0 0 0 0 0 1 0 0 1 0 0
R 1160 765 00000090 ffdff06f
C 1160 0000008c 1 0 0 0 5 0
T 1161 00000090 1 1 0 0 0 0 0 0 1 0 1 1 0 0
W 1161 3 00000001 000000000
C 1161 00000090 1 0 0 1 5 0
T 1162 00000090 0 1 0 0 0 0 0 0 1 0 0 0 0 0
R 1162 766 0000008c fe4101db
C 1162 00000090 0 0 0 0 5 0
T 1163 0000008c 1 1 0 0 0 0 0 0 1 0 0 1 0 0
R 1163 767 00000090 ffdff06f
C 1163 0000008c 1 0 0 0 5 0
T 1164 00000090 1 1 0 0 0 0 0 0 1 0 1 1 0 0
W 1164 3 00000001 000000000
C 1164 00000090 1 0 0 1 5 0
T 1165 00000090 0 1 0 0 0 0 0 0 1 0 0 0 0 0
R 1165 768 0000008c fe4101db
C 1165 00000090 0 0 0 0 5 0
T 1166 0000008c 1 1 0 0 0 0 0 0 1 0 0 1 0 0
R 1166 769 00000090 ffdff06f
C 1166 0000008c 1 0 0 0 5 0
T 1167 00000090 1 1 0 0 0 0 0 0 1 0 1 1 0 0
W 1167 3 00000001 000000000
C 1167 00000090 1 0 0 1 5 0
T 1168 00000090 0 1 0 0 0 0 0 0 1 0 0 0 0 0
R 1168 770 0000008c fe4101db
C 1168 00000090 0 0 0 0 5 0
T 1169 0000008c 1 1 0 0 0 0 0 0 1 0 0 1 0 0
R 1169 771 00000090 ffdff06f
C 1169 0000008c 1 0 0 0 5 0
T 1170 00000090 1 1 0 0 0 0 0 0 1 0 1 1 0 0
W 1170 3 00000001 000000000
C 1170 00000090 1 0 0 1 5 0
T 1171 00000090 0 1 0 0 0 0 0 0 1 0 0 0 0 0
R 1171 772 0000008c fe4101db
C 1171 00000090 0 0 0 0 5 0
T 1172 0000008c 1 1 0 0 0 0 0 0 1 0 0 1 0 0
R 1172 773 00000090 ffdff06f
C 1172 0000008c 1 0 0 0 5 0
T 1173 00000090 1 1 0 0 0 0 0 0 1 0 1 1 0 0
W 1173 3 00000001 000000000
C 1173 00000090 1 0 0 1 5 0
T 1174 00000090 0 1 0 0 0 0 0 0 1 0 0 0 0 0
R 1174 774 0000008c fe4101db
C 1174 00000090 0 0 0 0 5 0
T 1175 0000008c 1 1 0 0 0 0 0 0 1 0 0 1 0 0
R 1175 775 00000090 ffdff06f
C 1175 0000008c 1 0 0 0 5 0
T 1176 00000090 1 1 0 0 0 0 0 0 1 0 1 1 0 0
W 1176 3 00000001 000000000
C 1176 00000090 1 0 0 1 5 0
T 1177 00000090 0 1 0 0 0 0 0 0 1 0 0 0 0 0
R 1177 776 0000008c fe4101db
C 1177 00000090 0 0 0 0 5 0
T 1178 0000008c 1 1 0 0 0 0 0 0 1 0 0 1 0 0
R 1178 777 00000090 ffdff06f
C 1178 0000008c 1 0 0 0 5 0
T 1179 00000090 1 1 0 0 0 0 0 0 1 0 1 1 0 0
W 1179 3 00000001 000000000
C 1179 00000090 1 0 0 1 5 0
T 1180 00000090 0 1 0 0 0 0 0 0 1 0 0 0 0 0
R 1180 778 0000008c fe4101db
C 1180 00000090 0 0 0 0 5 0
T 1181 0000008c 1 1 0 0 0 0 0 0 1 0 0 1 0 0
R 1181 779 00000090 ffdff06f
C 1181 0000008c 1 0 0 0 5 0
T 1182 00000090 1 1 0 0 0 0 0 0 1 0 1 1 0 0
W 1182 3 00000001 000000000
C 1182 00000090 1 0 0 1 5 0
T 1183 00000090 0 1 0 0 0 0 0 0 1 0 0 0 0 0
R 1183 780 0000008c fe4101db
C 1183 00000090 0 0 0 0 5 0
T 1184 0000008c 1 1 0 0 0 0 0 0 1 0 0 1 0 0
R 1184 781 00000090 ffdff06f
C 1184 0000008c 1 0 0 0 5 0
T 1185 00000090 1 1 0 0 0 0 0 0 1 0 1 1 0 0
W 1185 3 00000001 000000000
C 1185 00000090 1 0 0 1 5 0
T 1186 00000090 0 1 0 0 0 0 0 0 1 0 0 0 0 0
R 1186 782 0000008c fe4101db
C 1186 00000090 0 0 0 0 5 0
T 1187 0000008c 1 1 0 0 0 0 0 0 1 0 0 1 0 0
R 1187 783 00000090 ffdff06f
C 1187 0000008c 1 0 0 0 5 0
T 1188 00000090 1 1 0 0 0 0 0 0 1 0 1 1 0 0
W 1188 3 00000001 000000000
C 1188 00000090 1 0 0 1 5 0
T 1189 00000090 0 1 0 0 0 0 0 0 1 0 0 0 0 0
R 1189 784 0000008c fe4101db
C 1189 00000090 0 0 0 0 5 0
T 1190 0000008c 1 1 0 0 0 0 0 0 1 0 0 1 0 0
R 1190 785 00000090 ffdff06f
C 1190 0000008c 1 0 0 0 5 0
T 1191 00000090 1 1 0 0 0 0 0 0 1 0 1 1 0 0
W 1191 3 00000001 000000000
C 1191 00000090 1 0 0 1 5 0
T 1192 00000090 0 1 0 0 0 0 0 0 1 0 0 0 0 0
R 1192 786 0000008c fe4101db
C 1192 00000090 0 0 0 0 5 0
T 1193 0000008c 1 1 0 0 0 0 0 0 1 0 0 1 0 0
R 1193 787 00000090 ffdff06f
C 1193 0000008c 1 0 0 0 5 0
T 1194 00000090 1 1 0 0 0 0 0 0 1 0 1 1 0 0
W 1194 3 00000001 000000000
C 1194 00000090 1 0 0 1 5 0
T 1195 00000090 0 1 0 0 0 0 0 0 1 0 0 0 0 0
R 1195 788 0000008c fe4101db
C 1195 00000090 0 0 0 0 5 0
T 1196 0000008c 1 1 0 0 0 0 0 0 1 0 0 1 0 0
R 1196 789 00000090 ffdff06f
C 1196 0000008c 1 0 0 0 5 0
T 1197 00000090 1 1 0 0 0 0 0 0 1 0 1 1 0 0
W 1197 3 00000001 000000000
C 1197 00000090 1 0 0 1 5 0
T 1198 00000090 0 1 0 0 0 0 0 0 1 0 0 0 0 0
R 1198 790 0000008c fe4101db
C 1198 00000090 0 0 0 0 5 0
T 1199 0000008c 1 1 0 0 0 0 0 0 1 0 0 1 0 0
R 1199 791 00000090 ffdff06f
C 1199 0000008c 1 0 0 0 5 0
REG 0 00000000
REG 1 00000200
REG 2 00001000
REG 3 00000001
REG 4 00000000
REG 5 00000000
REG 6 00000000
REG 7 00000000
REG 8 00000000
REG 9 00000000
REG 10 00000000
REG 11 00000000
REG 12 00000000
REG 13 00000000
REG 14 00000000
REG 15 00000000
REG 16 00000000
REG 17 00000000
REG 18 00000000
REG 19 00000000
REG 20 00000000
REG 21 00000000
REG 22 00000000
REG 23 00000000
REG 24 00000000
REG 25 00000000
REG 26 00000000
REG 27 00000000
REG 28 00000000
REG 29 00000000
REG 30 00000000
REG 31 00000000
COUNTS sleep=1 clocks=1197 ai=3 ab=0 am=0 ifetch=1192 data=2 bitmap=1 hit=0 miss=0 dummy=0 expanded=0 predict=0 mispredict=0 keys=0
PROTOCOL_CHECKS 1197
FINISH
- /home/dungpc/ndmoney4porche/projects/ibex/doc/dungpc/opentitan/evidence/opentitan_tb.sv:253: Verilog $finish
