CONFIG SEC=1 CACHE=1 PRED=0 DUAL=1 MODE=0 ZC=3 SCR=1 ICECC=1 OFFSET=1 PMP=1
SAMPLE 3 ai=0 ab=0 am=0 pc=0 mismatch=0 rf=0 mode=0
T 3 00000000 0 1 0 0 0 0 0 0 1 0 1 0 0 0
SECDET 3 pc=0 rf=0 intg=0
C 3 00000000 0 0 0 1 0 0
LOCK 4 rst=0 cmp=a mismatch=0 rf=0 cap=0
SAMPLE 4 ai=0 ab=0 am=0 pc=0 mismatch=0 rf=0 mode=0
T 4 00000000 0 1 0 0 0 0 0 0 1 0 1 0 0 0
SECDET 4 pc=0 rf=0 intg=0
C 4 00000000 0 0 0 1 1 0
LOCK 5 rst=1 cmp=a mismatch=0 rf=0 cap=0
SAMPLE 5 ai=0 ab=0 am=0 pc=0 mismatch=0 rf=0 mode=0
T 5 00000000 0 1 0 0 0 0 0 0 1 0 0 0 0 0
SECDET 5 pc=0 rf=0 intg=0
C 5 00000000 0 0 0 0 4 0
LOCK 6 rst=1 cmp=5 mismatch=0 rf=0 cap=0
SAMPLE 6 ai=0 ab=0 am=0 pc=0 mismatch=0 rf=0 mode=0
T 6 00000080 1 1 0 0 0 0 0 0 1 0 0 1 0 0
CSRDBG 6 addr=001 priv=3 dec=0 csr=0 raw=1 pw=0 dbg=0 op=0
SECDET 6 pc=0 rf=0 intg=0
C 6 00000080 1 0 0 0 5 0
LOCK 7 rst=1 cmp=5 mismatch=0 rf=0 cap=0
SAMPLE 7 ai=0 ab=0 am=0 pc=0 mismatch=0 rf=0 mode=0
T 7 00000084 1 0 0 0 0 0 0 0 1 0 0 1 0 0
W 7 1 00000001 000000000
CSRDBG 7 addr=7c0 priv=3 dec=0 csr=0 raw=0 pw=0 dbg=0 op=1
SECDET 7 pc=0 rf=0 intg=0
C 7 00000084 1 0 0 0 5 0
LOCK 8 rst=1 cmp=5 mismatch=0 rf=0 cap=0
SAMPLE 8 ai=0 ab=0 am=0 pc=0 mismatch=0 rf=0 mode=0
T 8 00000084 1 0 0 0 0 0 0 0 1 0 0 0 0 0
CSRDBG 8 addr=7c0 priv=3 dec=0 csr=0 raw=0 pw=0 dbg=0 op=1
SECDET 8 pc=0 rf=0 intg=0
R 8 1 00000080 00100093
C 8 00000084 1 0 0 0 6 0
LOCK 9 rst=1 cmp=5 mismatch=0 rf=0 cap=0
SAMPLE 9 ai=0 ab=0 am=0 pc=0 mismatch=0 rf=0 mode=0
T 9 00000084 0 1 0 0 0 0 0 0 1 0 0 0 0 0
SECDET 9 pc=0 rf=0 intg=0
R 9 2 00000084 7c009073
C 9 00000084 0 0 0 0 5 0
LOCK 10 rst=1 cmp=5 mismatch=0 rf=0 cap=0
SAMPLE 10 ai=0 ab=0 am=0 pc=0 mismatch=0 rf=0 mode=0
T 10 00000088 1 1 0 0 0 0 0 0 1 0 0 1 0 0
CSRDBG 10 addr=0b4 priv=3 dec=0 csr=0 raw=1 pw=0 dbg=0 op=0
SECDET 10 pc=0 rf=0 intg=0
C 10 00000088 1 0 0 0 5 0
LOCK 11 rst=1 cmp=5 mismatch=0 rf=0 cap=0
SAMPLE 11 ai=0 ab=0 am=0 pc=0 mismatch=0 rf=0 mode=0
T 11 0000008c 1 1 0 0 0 0 0 0 1 0 0 1 0 0
W 11 2 000000b4 000000000
CSRDBG 11 addr=fff priv=3 dec=0 csr=0 raw=1 pw=0 dbg=0 op=0
SECDET 11 pc=0 rf=0 intg=0
C 11 0000008c 1 0 0 0 5 0
LOCK 12 rst=1 cmp=5 mismatch=0 rf=0 cap=0
SAMPLE 12 ai=0 ab=0 am=0 pc=0 mismatch=0 rf=0 mode=0
T 12 00000090 1 1 0 0 0 0 0 0 1 0 1 1 0 0
W 12 2 000000b3 000000000
CSRDBG 12 addr=fe0 priv=3 dec=0 csr=0 raw=1 pw=0 dbg=0 op=0
SECDET 12 pc=0 rf=0 intg=0
R 12 3 00000088 0b400113
C 12 00000090 1 0 0 1 5 0
LOCK 13 rst=1 cmp=5 mismatch=0 rf=0 cap=0
SAMPLE 13 ai=0 ab=0 am=0 pc=0 mismatch=0 rf=0 mode=0
T 13 00000090 0 1 0 0 0 0 0 0 1 0 0 0 0 0
SECDET 13 pc=0 rf=0 intg=0
R 13 4 0000008c fff10113
C 13 00000090 0 0 0 0 5 0
LOCK 14 rst=1 cmp=5 mismatch=0 rf=0 cap=0
SAMPLE 14 ai=0 ab=0 am=0 pc=0 mismatch=0 rf=0 mode=0
T 14 0000008c 1 1 0 0 0 0 0 0 1 0 0 1 0 0
CSRDBG 14 addr=fff priv=3 dec=0 csr=0 raw=1 pw=0 dbg=0 op=0
SECDET 14 pc=0 rf=0 intg=0
R 14 5 00000090 fe011ee3
C 14 0000008c 1 0 0 0 5 0
LOCK 15 rst=1 cmp=5 mismatch=0 rf=0 cap=0
SAMPLE 15 ai=0 ab=0 am=0 pc=0 mismatch=0 rf=0 mode=0
T 15 0000008c 0 1 0 0 0 0 0 0 1 0 0 0 0 0
W 15 2 000000b2 000000000
SECDET 15 pc=0 rf=0 intg=0
C 15 0000008c 0 0 0 0 5 0
LOCK 16 rst=1 cmp=5 mismatch=0 rf=0 cap=0
SAMPLE 16 ai=0 ab=0 am=0 pc=0 mismatch=0 rf=0 mode=0
T 16 00000090 1 1 0 0 0 0 0 0 1 0 1 1 0 0
CSRDBG 16 addr=fe0 priv=3 dec=0 csr=0 raw=1 pw=0 dbg=0 op=0
SECDET 16 pc=0 rf=0 intg=0
R 16 6 0000008c fff10113
C 16 00000090 1 0 0 1 5 0
LOCK 17 rst=1 cmp=5 mismatch=0 rf=0 cap=0
SAMPLE 17 ai=0 ab=0 am=0 pc=0 mismatch=0 rf=0 mode=0
T 17 00000090 0 1 0 0 0 0 0 0 1 0 0 0 0 0
SECDET 17 pc=0 rf=0 intg=0
C 17 00000090 0 0 0 0 5 0
LOCK 18 rst=1 cmp=5 mismatch=0 rf=0 cap=0
SAMPLE 18 ai=0 ab=0 am=0 pc=0 mismatch=0 rf=0 mode=0
T 18 0000008c 1 1 0 0 0 0 0 0 1 0 0 1 0 0
CSRDBG 18 addr=fff priv=3 dec=0 csr=0 raw=1 pw=0 dbg=0 op=0
SECDET 18 pc=0 rf=0 intg=0
R 18 7 00000090 fe011ee3
C 18 0000008c 1 0 0 0 5 0
LOCK 19 rst=1 cmp=5 mismatch=0 rf=0 cap=0
SAMPLE 19 ai=0 ab=0 am=0 pc=0 mismatch=0 rf=0 mode=0
T 19 0000008c 0 1 0 0 0 0 0 0 1 0 0 0 0 0
W 19 2 000000b1 000000000
SECDET 19 pc=0 rf=0 intg=0
C 19 0000008c 0 0 0 0 5 0
LOCK 20 rst=1 cmp=5 mismatch=0 rf=0 cap=0
SAMPLE 20 ai=0 ab=0 am=0 pc=0 mismatch=0 rf=0 mode=0
T 20 0000008c 0 1 0 0 0 0 0 0 1 0 0 0 0 0
SECDET 20 pc=0 rf=0 intg=0
R 20 8 0000008c fff10113
C 20 0000008c 0 0 0 0 5 0
LOCK 21 rst=1 cmp=5 mismatch=0 rf=0 cap=0
SAMPLE 21 ai=0 ab=0 am=0 pc=0 mismatch=0 rf=0 mode=0
T 21 00000090 1 1 0 0 0 0 0 0 1 0 1 1 0 0
CSRDBG 21 addr=fe0 priv=3 dec=0 csr=0 raw=1 pw=0 dbg=0 op=0
SECDET 21 pc=0 rf=0 intg=0
C 21 00000090 1 0 0 1 5 0
LOCK 22 rst=1 cmp=5 mismatch=0 rf=0 cap=0
SAMPLE 22 ai=0 ab=0 am=0 pc=0 mismatch=0 rf=0 mode=0
T 22 00000090 0 1 0 0 0 0 0 0 1 0 0 0 0 0
SECDET 22 pc=0 rf=0 intg=0
C 22 00000090 0 0 0 0 5 0
LOCK 23 rst=1 cmp=5 mismatch=0 rf=0 cap=0
SAMPLE 23 ai=0 ab=0 am=0 pc=0 mismatch=0 rf=0 mode=0
T 23 0000008c 1 1 0 0 0 0 0 0 1 0 0 1 0 0
CSRDBG 23 addr=fff priv=3 dec=0 csr=0 raw=1 pw=0 dbg=0 op=0
SECDET 23 pc=0 rf=0 intg=0
R 23 9 00000090 fe011ee3
C 23 0000008c 1 0 0 0 5 0
LOCK 24 rst=1 cmp=5 mismatch=0 rf=0 cap=0
SAMPLE 24 ai=0 ab=0 am=0 pc=0 mismatch=0 rf=0 mode=0
T 24 0000008c 0 1 0 0 0 0 0 0 1 0 0 0 0 0
W 24 2 000000b0 000000000
SECDET 24 pc=0 rf=0 intg=0
C 24 0000008c 0 0 0 0 5 0
LOCK 25 rst=1 cmp=5 mismatch=0 rf=0 cap=0
SAMPLE 25 ai=0 ab=0 am=0 pc=0 mismatch=0 rf=0 mode=0
T 25 0000008c 0 1 0 0 0 0 0 0 1 0 0 0 0 0
SECDET 25 pc=0 rf=0 intg=0
R 25 10 0000008c fff10113
C 25 0000008c 0 0 0 0 5 0
LOCK 26 rst=1 cmp=5 mismatch=0 rf=0 cap=0
SAMPLE 26 ai=0 ab=0 am=0 pc=0 mismatch=0 rf=0 mode=0
T 26 00000090 1 1 0 0 0 0 0 0 1 0 1 1 0 0
CSRDBG 26 addr=fe0 priv=3 dec=0 csr=0 raw=1 pw=0 dbg=0 op=0
SECDET 26 pc=0 rf=0 intg=0
C 26 00000090 1 0 0 1 5 0
LOCK 27 rst=1 cmp=5 mismatch=0 rf=0 cap=0
SAMPLE 27 ai=0 ab=0 am=0 pc=0 mismatch=0 rf=0 mode=0
T 27 00000090 0 1 0 0 0 0 0 0 1 0 0 0 0 0
SECDET 27 pc=0 rf=0 intg=0
C 27 00000090 0 0 0 0 5 0
LOCK 28 rst=1 cmp=5 mismatch=0 rf=0 cap=0
SAMPLE 28 ai=0 ab=0 am=0 pc=0 mismatch=0 rf=0 mode=0
T 28 0000008c 1 1 0 0 0 0 0 0 1 0 0 1 0 0
CSRDBG 28 addr=fff priv=3 dec=0 csr=0 raw=1 pw=0 dbg=0 op=0
SECDET 28 pc=0 rf=0 intg=0
R 28 11 00000090 fe011ee3
C 28 0000008c 1 0 0 0 5 0
LOCK 29 rst=1 cmp=5 mismatch=0 rf=0 cap=0
SAMPLE 29 ai=0 ab=0 am=0 pc=0 mismatch=0 rf=0 mode=0
T 29 0000008c 0 1 0 0 0 0 0 0 1 0 0 0 0 0
W 29 2 000000af 000000000
SECDET 29 pc=0 rf=0 intg=0
C 29 0000008c 0 0 0 0 5 0
LOCK 30 rst=1 cmp=5 mismatch=0 rf=0 cap=0
SAMPLE 30 ai=0 ab=0 am=0 pc=0 mismatch=0 rf=0 mode=0
T 30 0000008c 0 1 0 0 0 0 0 0 1 0 0 0 0 0
SECDET 30 pc=0 rf=0 intg=0
R 30 12 0000008c fff10113
C 30 0000008c 0 0 0 0 5 0
LOCK 31 rst=1 cmp=5 mismatch=0 rf=0 cap=0
SAMPLE 31 ai=0 ab=0 am=0 pc=0 mismatch=0 rf=0 mode=0
T 31 00000090 1 1 0 0 0 0 0 0 1 0 1 1 0 0
CSRDBG 31 addr=fe0 priv=3 dec=0 csr=0 raw=1 pw=0 dbg=0 op=0
SECDET 31 pc=0 rf=0 intg=0
C 31 00000090 1 0 0 1 5 0
LOCK 32 rst=1 cmp=5 mismatch=0 rf=0 cap=0
SAMPLE 32 ai=0 ab=0 am=0 pc=0 mismatch=0 rf=0 mode=0
T 32 00000090 0 1 0 0 0 0 0 0 1 0 0 0 0 0
SECDET 32 pc=0 rf=0 intg=0
C 32 00000090 0 0 0 0 5 0
LOCK 33 rst=1 cmp=5 mismatch=0 rf=0 cap=0
SAMPLE 33 ai=0 ab=0 am=0 pc=0 mismatch=0 rf=0 mode=0
T 33 0000008c 1 1 0 0 0 0 0 0 1 0 0 1 0 0
CSRDBG 33 addr=fff priv=3 dec=0 csr=0 raw=1 pw=0 dbg=0 op=0
SECDET 33 pc=0 rf=0 intg=0
R 33 13 00000090 fe011ee3
C 33 0000008c 1 0 0 0 5 0
LOCK 34 rst=1 cmp=5 mismatch=0 rf=0 cap=0
SAMPLE 34 ai=0 ab=0 am=0 pc=0 mismatch=0 rf=0 mode=0
T 34 0000008c 0 1 0 0 0 0 0 0 1 0 0 0 0 0
W 34 2 000000ae 000000000
SECDET 34 pc=0 rf=0 intg=0
C 34 0000008c 0 0 0 0 5 0
LOCK 35 rst=1 cmp=5 mismatch=0 rf=0 cap=0
SAMPLE 35 ai=0 ab=0 am=0 pc=0 mismatch=0 rf=0 mode=0
T 35 0000008c 0 1 0 0 0 0 0 0 1 0 0 0 0 0
SECDET 35 pc=0 rf=0 intg=0
R 35 14 0000008c fff10113
C 35 0000008c 0 0 0 0 5 0
LOCK 36 rst=1 cmp=5 mismatch=0 rf=0 cap=0
SAMPLE 36 ai=0 ab=0 am=0 pc=0 mismatch=0 rf=0 mode=0
T 36 00000090 1 1 0 0 0 0 0 0 1 0 1 1 0 0
CSRDBG 36 addr=fe0 priv=3 dec=0 csr=0 raw=1 pw=0 dbg=0 op=0
SECDET 36 pc=0 rf=0 intg=0
C 36 00000090 1 0 0 1 5 0
LOCK 37 rst=1 cmp=5 mismatch=0 rf=0 cap=0
SAMPLE 37 ai=0 ab=0 am=0 pc=0 mismatch=0 rf=0 mode=0
T 37 00000090 0 1 0 0 0 0 0 0 1 0 0 0 0 0
SECDET 37 pc=0 rf=0 intg=0
C 37 00000090 0 0 0 0 5 0
LOCK 38 rst=1 cmp=5 mismatch=0 rf=0 cap=0
SAMPLE 38 ai=0 ab=0 am=0 pc=0 mismatch=0 rf=0 mode=0
T 38 0000008c 1 1 0 0 0 0 0 0 1 0 0 1 0 0
CSRDBG 38 addr=fff priv=3 dec=0 csr=0 raw=1 pw=0 dbg=0 op=0
SECDET 38 pc=0 rf=0 intg=0
R 38 15 00000090 fe011ee3
C 38 0000008c 1 0 0 0 5 0
LOCK 39 rst=1 cmp=5 mismatch=0 rf=0 cap=0
SAMPLE 39 ai=0 ab=0 am=0 pc=0 mismatch=0 rf=0 mode=0
T 39 0000008c 0 1 0 0 0 0 0 0 1 0 0 0 0 0
W 39 2 000000ad 000000000
SECDET 39 pc=0 rf=0 intg=0
C 39 0000008c 0 0 0 0 5 0
LOCK 40 rst=1 cmp=5 mismatch=0 rf=0 cap=0
SAMPLE 40 ai=0 ab=0 am=0 pc=0 mismatch=0 rf=0 mode=0
T 40 0000008c 0 1 0 0 0 0 0 0 1 0 0 0 0 0
SECDET 40 pc=0 rf=0 intg=0
R 40 16 0000008c fff10113
C 40 0000008c 0 0 0 0 5 0
LOCK 41 rst=1 cmp=5 mismatch=0 rf=0 cap=0
SAMPLE 41 ai=0 ab=0 am=0 pc=0 mismatch=0 rf=0 mode=0
T 41 00000090 1 1 0 0 0 0 0 0 1 0 1 1 0 0
CSRDBG 41 addr=fe0 priv=3 dec=0 csr=0 raw=1 pw=0 dbg=0 op=0
SECDET 41 pc=0 rf=0 intg=0
C 41 00000090 1 0 0 1 5 0
LOCK 42 rst=1 cmp=5 mismatch=0 rf=0 cap=0
SAMPLE 42 ai=0 ab=0 am=0 pc=0 mismatch=0 rf=0 mode=0
T 42 00000090 0 1 0 0 0 0 0 0 1 0 0 0 0 0
SECDET 42 pc=0 rf=0 intg=0
C 42 00000090 0 0 0 0 5 0
LOCK 43 rst=1 cmp=5 mismatch=0 rf=0 cap=0
SAMPLE 43 ai=0 ab=0 am=0 pc=0 mismatch=0 rf=0 mode=0
T 43 0000008c 1 1 0 0 0 0 0 0 1 0 0 1 0 0
CSRDBG 43 addr=fff priv=3 dec=0 csr=0 raw=1 pw=0 dbg=0 op=0
SECDET 43 pc=0 rf=0 intg=0
R 43 17 00000090 fe011ee3
C 43 0000008c 1 0 0 0 5 0
LOCK 44 rst=1 cmp=5 mismatch=0 rf=0 cap=0
SAMPLE 44 ai=0 ab=0 am=0 pc=0 mismatch=0 rf=0 mode=0
T 44 0000008c 0 1 0 0 0 0 0 0 1 0 0 0 0 0
W 44 2 000000ac 000000000
SECDET 44 pc=0 rf=0 intg=0
C 44 0000008c 0 0 0 0 5 0
LOCK 45 rst=1 cmp=5 mismatch=0 rf=0 cap=0
SAMPLE 45 ai=0 ab=0 am=0 pc=0 mismatch=0 rf=0 mode=0
T 45 0000008c 0 1 0 0 0 0 0 0 1 0 0 0 0 0
SECDET 45 pc=0 rf=0 intg=0
R 45 18 0000008c fff10113
C 45 0000008c 0 0 0 0 5 0
LOCK 46 rst=1 cmp=5 mismatch=0 rf=0 cap=0
SAMPLE 46 ai=0 ab=0 am=0 pc=0 mismatch=0 rf=0 mode=0
T 46 00000090 1 1 0 0 0 0 0 0 1 0 1 1 0 0
CSRDBG 46 addr=fe0 priv=3 dec=0 csr=0 raw=1 pw=0 dbg=0 op=0
SECDET 46 pc=0 rf=0 intg=0
C 46 00000090 1 0 0 1 5 0
LOCK 47 rst=1 cmp=5 mismatch=0 rf=0 cap=0
SAMPLE 47 ai=0 ab=0 am=0 pc=0 mismatch=0 rf=0 mode=0
T 47 00000090 0 1 0 0 0 0 0 0 1 0 0 0 0 0
SECDET 47 pc=0 rf=0 intg=0
C 47 00000090 0 0 0 0 5 0
LOCK 48 rst=1 cmp=5 mismatch=0 rf=0 cap=0
SAMPLE 48 ai=0 ab=0 am=0 pc=0 mismatch=0 rf=0 mode=0
T 48 0000008c 1 1 0 0 0 0 0 0 1 0 0 1 0 0
CSRDBG 48 addr=fff priv=3 dec=0 csr=0 raw=1 pw=0 dbg=0 op=0
SECDET 48 pc=0 rf=0 intg=0
R 48 19 00000090 fe011ee3
C 48 0000008c 1 0 0 0 5 0
LOCK 49 rst=1 cmp=5 mismatch=0 rf=0 cap=0
SAMPLE 49 ai=0 ab=0 am=0 pc=0 mismatch=0 rf=0 mode=0
T 49 0000008c 0 1 0 0 0 0 0 0 1 0 0 0 0 0
W 49 2 000000ab 000000000
SECDET 49 pc=0 rf=0 intg=0
C 49 0000008c 0 0 0 0 5 0
LOCK 50 rst=1 cmp=5 mismatch=0 rf=0 cap=0
SAMPLE 50 ai=0 ab=0 am=0 pc=0 mismatch=0 rf=0 mode=0
T 50 0000008c 0 1 0 0 0 0 0 0 1 0 0 0 0 0
SECDET 50 pc=0 rf=0 intg=0
R 50 20 0000008c fff10113
C 50 0000008c 0 0 0 0 5 0
LOCK 51 rst=1 cmp=5 mismatch=0 rf=0 cap=0
SAMPLE 51 ai=0 ab=0 am=0 pc=0 mismatch=0 rf=0 mode=0
T 51 00000090 1 1 0 0 0 0 0 0 1 0 1 1 0 0
CSRDBG 51 addr=fe0 priv=3 dec=0 csr=0 raw=1 pw=0 dbg=0 op=0
SECDET 51 pc=0 rf=0 intg=0
C 51 00000090 1 0 0 1 5 0
LOCK 52 rst=1 cmp=5 mismatch=0 rf=0 cap=0
SAMPLE 52 ai=0 ab=0 am=0 pc=0 mismatch=0 rf=0 mode=0
T 52 00000090 0 1 0 0 0 0 0 0 1 0 0 0 0 0
SECDET 52 pc=0 rf=0 intg=0
C 52 00000090 0 0 0 0 5 0
LOCK 53 rst=1 cmp=5 mismatch=0 rf=0 cap=0
SAMPLE 53 ai=0 ab=0 am=0 pc=0 mismatch=0 rf=0 mode=0
T 53 0000008c 1 1 0 0 0 0 0 0 1 0 0 1 0 0
CSRDBG 53 addr=fff priv=3 dec=0 csr=0 raw=1 pw=0 dbg=0 op=0
SECDET 53 pc=0 rf=0 intg=0
R 53 21 00000090 fe011ee3
C 53 0000008c 1 0 0 0 5 0
LOCK 54 rst=1 cmp=5 mismatch=0 rf=0 cap=0
SAMPLE 54 ai=0 ab=0 am=0 pc=0 mismatch=0 rf=0 mode=0
T 54 0000008c 0 1 0 0 0 0 0 0 1 0 0 0 0 0
W 54 2 000000aa 000000000
SECDET 54 pc=0 rf=0 intg=0
C 54 0000008c 0 0 0 0 5 0
LOCK 55 rst=1 cmp=5 mismatch=0 rf=0 cap=0
SAMPLE 55 ai=0 ab=0 am=0 pc=0 mismatch=0 rf=0 mode=0
T 55 0000008c 0 1 0 0 0 0 0 0 1 0 0 0 0 0
SECDET 55 pc=0 rf=0 intg=0
R 55 22 0000008c fff10113
C 55 0000008c 0 0 0 0 5 0
LOCK 56 rst=1 cmp=5 mismatch=0 rf=0 cap=0
SAMPLE 56 ai=0 ab=0 am=0 pc=0 mismatch=0 rf=0 mode=0
T 56 00000090 1 1 0 0 0 0 0 0 1 0 1 1 0 0
CSRDBG 56 addr=fe0 priv=3 dec=0 csr=0 raw=1 pw=0 dbg=0 op=0
SECDET 56 pc=0 rf=0 intg=0
C 56 00000090 1 0 0 1 5 0
LOCK 57 rst=1 cmp=5 mismatch=0 rf=0 cap=0
SAMPLE 57 ai=0 ab=0 am=0 pc=0 mismatch=0 rf=0 mode=0
T 57 00000090 0 1 0 0 0 0 0 0 1 0 0 0 0 0
SECDET 57 pc=0 rf=0 intg=0
C 57 00000090 0 0 0 0 5 0
LOCK 58 rst=1 cmp=5 mismatch=0 rf=0 cap=0
SAMPLE 58 ai=0 ab=0 am=0 pc=0 mismatch=0 rf=0 mode=0
T 58 0000008c 1 1 0 0 0 0 0 0 1 0 0 1 0 0
CSRDBG 58 addr=fff priv=3 dec=0 csr=0 raw=1 pw=0 dbg=0 op=0
SECDET 58 pc=0 rf=0 intg=0
R 58 23 00000090 fe011ee3
C 58 0000008c 1 0 0 0 5 0
LOCK 59 rst=1 cmp=5 mismatch=0 rf=0 cap=0
SAMPLE 59 ai=0 ab=0 am=0 pc=0 mismatch=0 rf=0 mode=0
T 59 0000008c 0 1 0 0 0 0 0 0 1 0 0 0 0 0
W 59 2 000000a9 000000000
SECDET 59 pc=0 rf=0 intg=0
C 59 0000008c 0 0 0 0 5 0
LOCK 60 rst=1 cmp=5 mismatch=0 rf=0 cap=0
SAMPLE 60 ai=0 ab=0 am=0 pc=0 mismatch=0 rf=0 mode=0
T 60 0000008c 0 1 0 0 0 0 0 0 1 0 0 0 0 0
SECDET 60 pc=0 rf=0 intg=0
R 60 24 0000008c fff10113
C 60 0000008c 0 0 0 0 5 0
LOCK 61 rst=1 cmp=5 mismatch=0 rf=0 cap=0
SAMPLE 61 ai=0 ab=0 am=0 pc=0 mismatch=0 rf=0 mode=0
T 61 00000090 1 1 0 0 0 0 0 0 1 0 1 1 0 0
CSRDBG 61 addr=fe0 priv=3 dec=0 csr=0 raw=1 pw=0 dbg=0 op=0
SECDET 61 pc=0 rf=0 intg=0
C 61 00000090 1 0 0 1 5 0
LOCK 62 rst=1 cmp=5 mismatch=0 rf=0 cap=0
SAMPLE 62 ai=0 ab=0 am=0 pc=0 mismatch=0 rf=0 mode=0
T 62 00000090 0 1 0 0 0 0 0 0 1 0 0 0 0 0
SECDET 62 pc=0 rf=0 intg=0
C 62 00000090 0 0 0 0 5 0
LOCK 63 rst=1 cmp=5 mismatch=0 rf=0 cap=0
SAMPLE 63 ai=0 ab=0 am=0 pc=0 mismatch=0 rf=0 mode=0
T 63 0000008c 1 1 0 0 0 0 0 0 1 0 0 1 0 0
CSRDBG 63 addr=fff priv=3 dec=0 csr=0 raw=1 pw=0 dbg=0 op=0
SECDET 63 pc=0 rf=0 intg=0
R 63 25 00000090 fe011ee3
C 63 0000008c 1 0 0 0 5 0
LOCK 64 rst=1 cmp=5 mismatch=0 rf=0 cap=0
SAMPLE 64 ai=0 ab=0 am=0 pc=0 mismatch=0 rf=0 mode=0
T 64 0000008c 0 1 0 0 0 0 0 0 1 0 0 0 0 0
W 64 2 000000a8 000000000
SECDET 64 pc=0 rf=0 intg=0
C 64 0000008c 0 0 0 0 5 0
LOCK 65 rst=1 cmp=5 mismatch=0 rf=0 cap=0
SAMPLE 65 ai=0 ab=0 am=0 pc=0 mismatch=0 rf=0 mode=0
T 65 0000008c 0 1 0 0 0 0 0 0 1 0 0 0 0 0
SECDET 65 pc=0 rf=0 intg=0
R 65 26 0000008c fff10113
C 65 0000008c 0 0 0 0 5 0
LOCK 66 rst=1 cmp=5 mismatch=0 rf=0 cap=0
SAMPLE 66 ai=0 ab=0 am=0 pc=0 mismatch=0 rf=0 mode=0
T 66 00000090 1 1 0 0 0 0 0 0 1 0 1 1 0 0
CSRDBG 66 addr=fe0 priv=3 dec=0 csr=0 raw=1 pw=0 dbg=0 op=0
SECDET 66 pc=0 rf=0 intg=0
C 66 00000090 1 0 0 1 5 0
LOCK 67 rst=1 cmp=5 mismatch=0 rf=0 cap=0
SAMPLE 67 ai=0 ab=0 am=0 pc=0 mismatch=0 rf=0 mode=0
T 67 00000090 0 1 0 0 0 0 0 0 1 0 0 0 0 0
SECDET 67 pc=0 rf=0 intg=0
C 67 00000090 0 0 0 0 5 0
LOCK 68 rst=1 cmp=5 mismatch=0 rf=0 cap=0
SAMPLE 68 ai=0 ab=0 am=0 pc=0 mismatch=0 rf=0 mode=0
T 68 0000008c 1 1 0 0 0 0 0 0 1 0 0 1 0 0
CSRDBG 68 addr=fff priv=3 dec=0 csr=0 raw=1 pw=0 dbg=0 op=0
SECDET 68 pc=0 rf=0 intg=0
R 68 27 00000090 fe011ee3
C 68 0000008c 1 0 0 0 5 0
LOCK 69 rst=1 cmp=5 mismatch=0 rf=0 cap=0
SAMPLE 69 ai=0 ab=0 am=0 pc=0 mismatch=0 rf=0 mode=0
T 69 0000008c 0 1 0 0 0 0 0 0 1 0 0 0 0 0
W 69 2 000000a7 000000000
SECDET 69 pc=0 rf=0 intg=0
C 69 0000008c 0 0 0 0 5 0
LOCK 70 rst=1 cmp=5 mismatch=0 rf=0 cap=0
SAMPLE 70 ai=0 ab=0 am=0 pc=0 mismatch=0 rf=0 mode=0
T 70 0000008c 0 1 0 0 0 0 0 0 1 0 0 0 0 0
SECDET 70 pc=0 rf=0 intg=0
R 70 28 0000008c fff10113
C 70 0000008c 0 0 0 0 5 0
LOCK 71 rst=1 cmp=5 mismatch=0 rf=0 cap=0
SAMPLE 71 ai=0 ab=0 am=0 pc=0 mismatch=0 rf=0 mode=0
T 71 00000090 1 1 0 0 0 0 0 0 1 0 1 1 0 0
CSRDBG 71 addr=fe0 priv=3 dec=0 csr=0 raw=1 pw=0 dbg=0 op=0
SECDET 71 pc=0 rf=0 intg=0
C 71 00000090 1 0 0 1 5 0
LOCK 72 rst=1 cmp=5 mismatch=0 rf=0 cap=0
SAMPLE 72 ai=0 ab=0 am=0 pc=0 mismatch=0 rf=0 mode=0
T 72 00000090 0 1 0 0 0 0 0 0 1 0 0 0 0 0
SECDET 72 pc=0 rf=0 intg=0
C 72 00000090 0 0 0 0 5 0
LOCK 73 rst=1 cmp=5 mismatch=0 rf=0 cap=0
SAMPLE 73 ai=0 ab=0 am=0 pc=0 mismatch=0 rf=0 mode=0
T 73 0000008c 1 1 0 0 0 0 0 0 1 0 0 1 0 0
CSRDBG 73 addr=fff priv=3 dec=0 csr=0 raw=1 pw=0 dbg=0 op=0
SECDET 73 pc=0 rf=0 intg=0
R 73 29 00000090 fe011ee3
C 73 0000008c 1 0 0 0 5 0
LOCK 74 rst=1 cmp=5 mismatch=0 rf=0 cap=0
SAMPLE 74 ai=0 ab=0 am=0 pc=0 mismatch=0 rf=0 mode=0
T 74 0000008c 0 1 0 0 0 0 0 0 1 0 0 0 0 0
W 74 2 000000a6 000000000
SECDET 74 pc=0 rf=0 intg=0
C 74 0000008c 0 0 0 0 5 0
LOCK 75 rst=1 cmp=5 mismatch=0 rf=0 cap=0
SAMPLE 75 ai=0 ab=0 am=0 pc=0 mismatch=0 rf=0 mode=0
T 75 0000008c 0 1 0 0 0 0 0 0 1 0 0 0 0 0
SECDET 75 pc=0 rf=0 intg=0
R 75 30 0000008c fff10113
C 75 0000008c 0 0 0 0 5 0
LOCK 76 rst=1 cmp=5 mismatch=0 rf=0 cap=0
SAMPLE 76 ai=0 ab=0 am=0 pc=0 mismatch=0 rf=0 mode=0
T 76 00000090 1 1 0 0 0 0 0 0 1 0 1 1 0 0
CSRDBG 76 addr=fe0 priv=3 dec=0 csr=0 raw=1 pw=0 dbg=0 op=0
SECDET 76 pc=0 rf=0 intg=0
C 76 00000090 1 0 0 1 5 0
LOCK 77 rst=1 cmp=5 mismatch=0 rf=0 cap=0
SAMPLE 77 ai=0 ab=0 am=0 pc=0 mismatch=0 rf=0 mode=0
T 77 00000090 0 1 0 0 0 0 0 0 1 0 0 0 0 0
SECDET 77 pc=0 rf=0 intg=0
C 77 00000090 0 0 0 0 5 0
LOCK 78 rst=1 cmp=5 mismatch=0 rf=0 cap=0
SAMPLE 78 ai=0 ab=0 am=0 pc=0 mismatch=0 rf=0 mode=0
T 78 0000008c 1 1 0 0 0 0 0 0 1 0 0 1 0 0
CSRDBG 78 addr=fff priv=3 dec=0 csr=0 raw=1 pw=0 dbg=0 op=0
SECDET 78 pc=0 rf=0 intg=0
R 78 31 00000090 fe011ee3
C 78 0000008c 1 0 0 0 5 0
LOCK 79 rst=1 cmp=5 mismatch=0 rf=0 cap=0
SAMPLE 79 ai=0 ab=0 am=0 pc=0 mismatch=0 rf=0 mode=0
T 79 0000008c 0 1 0 0 0 0 0 0 1 0 0 0 0 0
W 79 2 000000a5 000000000
SECDET 79 pc=0 rf=0 intg=0
C 79 0000008c 0 0 0 0 5 0
LOCK 80 rst=1 cmp=5 mismatch=0 rf=0 cap=0
SAMPLE 80 ai=0 ab=0 am=0 pc=0 mismatch=0 rf=0 mode=0
T 80 0000008c 0 1 0 0 0 0 0 0 1 0 0 0 0 0
SECDET 80 pc=0 rf=0 intg=0
R 80 32 0000008c fff10113
C 80 0000008c 0 0 0 0 5 0
LOCK 81 rst=1 cmp=5 mismatch=0 rf=0 cap=0
SAMPLE 81 ai=0 ab=0 am=0 pc=0 mismatch=0 rf=0 mode=0
T 81 00000090 1 1 0 0 0 0 0 0 1 0 1 1 0 0
SECDET 81 pc=0 rf=0 intg=0
C 81 00000090 1 0 0 1 5 0
LOCK 82 rst=1 cmp=5 mismatch=0 rf=0 cap=0
SAMPLE 82 ai=0 ab=0 am=0 pc=0 mismatch=0 rf=0 mode=0
T 82 00000090 0 1 0 0 0 0 0 0 1 0 0 0 0 0
SECDET 82 pc=0 rf=0 intg=0
C 82 00000090 0 0 0 0 5 0
LOCK 83 rst=1 cmp=5 mismatch=0 rf=0 cap=0
SAMPLE 83 ai=0 ab=0 am=0 pc=0 mismatch=0 rf=0 mode=0
T 83 0000008c 1 1 0 0 0 0 0 0 1 0 0 1 0 0
SECDET 83 pc=0 rf=0 intg=0
R 83 33 00000090 fe011ee3
C 83 0000008c 1 0 0 0 5 0
LOCK 84 rst=1 cmp=5 mismatch=0 rf=0 cap=0
SAMPLE 84 ai=0 ab=0 am=0 pc=0 mismatch=0 rf=0 mode=0
T 84 0000008c 0 1 0 0 0 0 0 0 1 0 0 0 0 0
W 84 2 000000a4 000000000
SECDET 84 pc=0 rf=0 intg=0
C 84 0000008c 0 0 0 0 5 0
LOCK 85 rst=1 cmp=5 mismatch=0 rf=0 cap=0
SAMPLE 85 ai=0 ab=0 am=0 pc=0 mismatch=0 rf=0 mode=0
T 85 0000008c 0 1 0 0 0 0 0 0 1 0 0 0 0 0
SECDET 85 pc=0 rf=0 intg=0
R 85 34 0000008c fff10113
C 85 0000008c 0 0 0 0 5 0
LOCK 86 rst=1 cmp=5 mismatch=0 rf=0 cap=0
SAMPLE 86 ai=0 ab=0 am=0 pc=0 mismatch=0 rf=0 mode=0
T 86 00000090 1 1 0 0 0 0 0 0 1 0 1 1 0 0
SECDET 86 pc=0 rf=0 intg=0
C 86 00000090 1 0 0 1 5 0
LOCK 87 rst=1 cmp=5 mismatch=0 rf=0 cap=0
SAMPLE 87 ai=0 ab=0 am=0 pc=0 mismatch=0 rf=0 mode=0
T 87 00000090 0 1 0 0 0 0 0 0 1 0 0 0 0 0
SECDET 87 pc=0 rf=0 intg=0
C 87 00000090 0 0 0 0 5 0
LOCK 88 rst=1 cmp=5 mismatch=0 rf=0 cap=0
SAMPLE 88 ai=0 ab=0 am=0 pc=0 mismatch=0 rf=0 mode=0
T 88 0000008c 1 1 0 0 0 0 0 0 1 0 0 1 0 0
SECDET 88 pc=0 rf=0 intg=0
R 88 35 00000090 fe011ee3
C 88 0000008c 1 0 0 0 5 0
LOCK 89 rst=1 cmp=5 mismatch=0 rf=0 cap=0
SAMPLE 89 ai=0 ab=0 am=0 pc=0 mismatch=0 rf=0 mode=0
T 89 0000008c 0 1 0 0 0 0 0 0 1 0 0 0 0 0
W 89 2 000000a3 000000000
SECDET 89 pc=0 rf=0 intg=0
C 89 0000008c 0 0 0 0 5 0
LOCK 90 rst=1 cmp=5 mismatch=0 rf=0 cap=0
SAMPLE 90 ai=0 ab=0 am=0 pc=0 mismatch=0 rf=0 mode=0
T 90 0000008c 0 1 0 0 0 0 0 0 1 0 0 0 0 0
SECDET 90 pc=0 rf=0 intg=0
R 90 36 0000008c fff10113
C 90 0000008c 0 0 0 0 5 0
LOCK 91 rst=1 cmp=5 mismatch=0 rf=0 cap=0
SAMPLE 91 ai=0 ab=0 am=0 pc=0 mismatch=0 rf=0 mode=0
T 91 00000090 1 1 0 0 0 0 0 0 1 0 1 1 0 0
SECDET 91 pc=0 rf=0 intg=0
C 91 00000090 1 0 0 1 5 0
LOCK 92 rst=1 cmp=5 mismatch=0 rf=0 cap=0
SAMPLE 92 ai=0 ab=0 am=0 pc=0 mismatch=0 rf=0 mode=0
T 92 00000090 0 1 0 0 0 0 0 0 1 0 0 0 0 0
SECDET 92 pc=0 rf=0 intg=0
C 92 00000090 0 0 0 0 5 0
LOCK 93 rst=1 cmp=5 mismatch=0 rf=0 cap=0
SAMPLE 93 ai=0 ab=0 am=0 pc=0 mismatch=0 rf=0 mode=0
T 93 0000008c 1 1 0 0 0 0 0 0 1 0 0 1 0 0
SECDET 93 pc=0 rf=0 intg=0
R 93 37 00000090 fe011ee3
C 93 0000008c 1 0 0 0 5 0
LOCK 94 rst=1 cmp=5 mismatch=0 rf=0 cap=0
SAMPLE 94 ai=0 ab=0 am=0 pc=0 mismatch=0 rf=0 mode=0
T 94 0000008c 0 1 0 0 0 0 0 0 1 0 0 0 0 0
W 94 2 000000a2 000000000
SECDET 94 pc=0 rf=0 intg=0
C 94 0000008c 0 0 0 0 5 0
LOCK 95 rst=1 cmp=5 mismatch=0 rf=0 cap=0
SAMPLE 95 ai=0 ab=0 am=0 pc=0 mismatch=0 rf=0 mode=0
T 95 0000008c 0 1 0 0 0 0 0 0 1 0 0 0 0 0
SECDET 95 pc=0 rf=0 intg=0
R 95 38 0000008c fff10113
C 95 0000008c 0 0 0 0 5 0
LOCK 96 rst=1 cmp=5 mismatch=0 rf=0 cap=0
SAMPLE 96 ai=0 ab=0 am=0 pc=0 mismatch=0 rf=0 mode=0
T 96 00000090 1 1 0 0 0 0 0 0 1 0 1 1 0 0
SECDET 96 pc=0 rf=0 intg=0
C 96 00000090 1 0 0 1 5 0
LOCK 97 rst=1 cmp=5 mismatch=0 rf=0 cap=0
SAMPLE 97 ai=0 ab=0 am=0 pc=0 mismatch=0 rf=0 mode=0
T 97 00000090 0 1 0 0 0 0 0 0 1 0 0 0 0 0
SECDET 97 pc=0 rf=0 intg=0
C 97 00000090 0 0 0 0 5 0
LOCK 98 rst=1 cmp=5 mismatch=0 rf=0 cap=0
SAMPLE 98 ai=0 ab=0 am=0 pc=0 mismatch=0 rf=0 mode=0
T 98 0000008c 1 1 0 0 0 0 0 0 1 0 0 1 0 0
SECDET 98 pc=0 rf=0 intg=0
R 98 39 00000090 fe011ee3
C 98 0000008c 1 0 0 0 5 0
LOCK 99 rst=1 cmp=5 mismatch=0 rf=0 cap=0
SAMPLE 99 ai=0 ab=0 am=0 pc=0 mismatch=0 rf=0 mode=0
T 99 0000008c 0 1 0 0 0 0 0 0 1 0 0 0 0 0
W 99 2 000000a1 000000000
SECDET 99 pc=0 rf=0 intg=0
C 99 0000008c 0 0 0 0 5 0
LOCK 100 rst=1 cmp=5 mismatch=0 rf=0 cap=0
SAMPLE 100 ai=0 ab=0 am=0 pc=0 mismatch=0 rf=0 mode=0
T 100 0000008c 0 1 0 0 0 0 0 0 1 0 0 0 0 0
SECDET 100 pc=0 rf=0 intg=0
R 100 40 0000008c fff10113
C 100 0000008c 0 0 0 0 5 0
LOCK 101 rst=1 cmp=5 mismatch=0 rf=0 cap=0
SAMPLE 101 ai=0 ab=0 am=0 pc=0 mismatch=0 rf=0 mode=0
T 101 00000090 1 1 0 0 0 0 0 0 1 0 1 1 0 0
SECDET 101 pc=0 rf=0 intg=0
C 101 00000090 1 0 0 1 5 0
LOCK 102 rst=1 cmp=5 mismatch=0 rf=0 cap=0
SAMPLE 102 ai=0 ab=0 am=0 pc=0 mismatch=0 rf=0 mode=0
T 102 00000090 0 1 0 0 0 0 0 0 1 0 0 0 0 0
SECDET 102 pc=0 rf=0 intg=0
C 102 00000090 0 0 0 0 5 0
LOCK 103 rst=1 cmp=5 mismatch=0 rf=0 cap=0
SAMPLE 103 ai=0 ab=0 am=0 pc=0 mismatch=0 rf=0 mode=0
T 103 0000008c 1 1 0 0 0 0 0 0 1 0 0 1 0 0
SECDET 103 pc=0 rf=0 intg=0
R 103 41 00000090 fe011ee3
C 103 0000008c 1 0 0 0 5 0
LOCK 104 rst=1 cmp=5 mismatch=0 rf=0 cap=0
SAMPLE 104 ai=0 ab=0 am=0 pc=0 mismatch=0 rf=0 mode=0
T 104 0000008c 0 1 0 0 0 0 0 0 1 0 0 0 0 0
W 104 2 000000a0 000000000
SECDET 104 pc=0 rf=0 intg=0
C 104 0000008c 0 0 0 0 5 0
LOCK 105 rst=1 cmp=5 mismatch=0 rf=0 cap=0
SAMPLE 105 ai=0 ab=0 am=0 pc=0 mismatch=0 rf=0 mode=0
T 105 0000008c 0 1 0 0 0 0 0 0 1 0 0 0 0 0
SECDET 105 pc=0 rf=0 intg=0
R 105 42 0000008c fff10113
C 105 0000008c 0 0 0 0 5 0
LOCK 106 rst=1 cmp=5 mismatch=0 rf=0 cap=0
SAMPLE 106 ai=0 ab=0 am=0 pc=0 mismatch=0 rf=0 mode=0
T 106 00000090 1 1 0 0 0 0 0 0 1 0 1 1 0 0
SECDET 106 pc=0 rf=0 intg=0
C 106 00000090 1 0 0 1 5 0
LOCK 107 rst=1 cmp=5 mismatch=0 rf=0 cap=0
SAMPLE 107 ai=0 ab=0 am=0 pc=0 mismatch=0 rf=0 mode=0
T 107 00000090 0 1 0 0 0 0 0 0 1 0 0 0 0 0
SECDET 107 pc=0 rf=0 intg=0
C 107 00000090 0 0 0 0 5 0
LOCK 108 rst=1 cmp=5 mismatch=0 rf=0 cap=0
SAMPLE 108 ai=0 ab=0 am=0 pc=0 mismatch=0 rf=0 mode=0
T 108 0000008c 1 1 0 0 0 0 0 0 1 0 0 1 0 0
SECDET 108 pc=0 rf=0 intg=0
R 108 43 00000090 fe011ee3
C 108 0000008c 1 0 0 0 5 0
LOCK 109 rst=1 cmp=5 mismatch=0 rf=0 cap=0
SAMPLE 109 ai=0 ab=0 am=0 pc=0 mismatch=0 rf=0 mode=0
T 109 0000008c 0 1 0 0 0 0 0 0 1 0 0 0 0 0
W 109 2 0000009f 000000000
SECDET 109 pc=0 rf=0 intg=0
C 109 0000008c 0 0 0 0 5 0
LOCK 110 rst=1 cmp=5 mismatch=0 rf=0 cap=0
SAMPLE 110 ai=0 ab=0 am=0 pc=0 mismatch=0 rf=0 mode=0
T 110 0000008c 0 1 0 0 0 0 0 0 1 0 0 0 0 0
SECDET 110 pc=0 rf=0 intg=0
R 110 44 0000008c fff10113
C 110 0000008c 0 0 0 0 5 0
LOCK 111 rst=1 cmp=5 mismatch=0 rf=0 cap=0
SAMPLE 111 ai=0 ab=0 am=0 pc=0 mismatch=0 rf=0 mode=0
T 111 00000090 1 1 0 0 0 0 0 0 1 0 1 1 0 0
SECDET 111 pc=0 rf=0 intg=0
C 111 00000090 1 0 0 1 5 0
LOCK 112 rst=1 cmp=5 mismatch=0 rf=0 cap=0
SAMPLE 112 ai=0 ab=0 am=0 pc=0 mismatch=0 rf=0 mode=0
T 112 00000090 0 1 0 0 0 0 0 0 1 0 0 0 0 0
SECDET 112 pc=0 rf=0 intg=0
C 112 00000090 0 0 0 0 5 0
LOCK 113 rst=1 cmp=5 mismatch=0 rf=0 cap=0
SAMPLE 113 ai=0 ab=0 am=0 pc=0 mismatch=0 rf=0 mode=0
T 113 0000008c 1 1 0 0 0 0 0 0 1 0 0 1 0 0
SECDET 113 pc=0 rf=0 intg=0
R 113 45 00000090 fe011ee3
C 113 0000008c 1 0 0 0 5 0
LOCK 114 rst=1 cmp=5 mismatch=0 rf=0 cap=0
SAMPLE 114 ai=0 ab=0 am=0 pc=0 mismatch=0 rf=0 mode=0
T 114 0000008c 0 1 0 0 0 0 0 0 1 0 0 0 0 0
W 114 2 0000009e 000000000
SECDET 114 pc=0 rf=0 intg=0
C 114 0000008c 0 0 0 0 5 0
LOCK 115 rst=1 cmp=5 mismatch=0 rf=0 cap=0
SAMPLE 115 ai=0 ab=0 am=0 pc=0 mismatch=0 rf=0 mode=0
T 115 0000008c 0 1 0 0 0 0 0 0 1 0 0 0 0 0
SECDET 115 pc=0 rf=0 intg=0
R 115 46 0000008c fff10113
C 115 0000008c 0 0 0 0 5 0
LOCK 116 rst=1 cmp=5 mismatch=0 rf=0 cap=0
SAMPLE 116 ai=0 ab=0 am=0 pc=0 mismatch=0 rf=0 mode=0
T 116 00000090 1 1 0 0 0 0 0 0 1 0 1 1 0 0
SECDET 116 pc=0 rf=0 intg=0
C 116 00000090 1 0 0 1 5 0
LOCK 117 rst=1 cmp=5 mismatch=0 rf=0 cap=0
SAMPLE 117 ai=0 ab=0 am=0 pc=0 mismatch=0 rf=0 mode=0
T 117 00000090 0 1 0 0 0 0 0 0 1 0 0 0 0 0
SECDET 117 pc=0 rf=0 intg=0
C 117 00000090 0 0 0 0 5 0
LOCK 118 rst=1 cmp=5 mismatch=0 rf=0 cap=0
SAMPLE 118 ai=0 ab=0 am=0 pc=0 mismatch=0 rf=0 mode=0
T 118 0000008c 1 1 0 0 0 0 0 0 1 0 0 1 0 0
SECDET 118 pc=0 rf=0 intg=0
R 118 47 00000090 fe011ee3
C 118 0000008c 1 0 0 0 5 0
LOCK 119 rst=1 cmp=5 mismatch=0 rf=0 cap=0
SAMPLE 119 ai=0 ab=0 am=0 pc=0 mismatch=0 rf=0 mode=0
T 119 0000008c 0 1 0 0 0 0 0 0 1 0 0 0 0 0
W 119 2 0000009d 000000000
SECDET 119 pc=0 rf=0 intg=0
C 119 0000008c 0 0 0 0 5 0
T 120 0000008c 0 1 0 0 0 0 0 0 1 0 0 0 0 0
R 120 48 0000008c fff10113
C 120 0000008c 0 0 0 0 5 0
T 121 00000090 1 1 0 0 0 0 0 0 1 0 1 1 0 0
C 121 00000090 1 0 0 1 5 0
T 122 00000090 0 1 0 0 0 0 0 0 1 0 0 0 0 0
C 122 00000090 0 0 0 0 5 0
T 123 0000008c 1 1 0 0 0 0 0 0 1 0 0 1 0 0
R 123 49 00000090 fe011ee3
C 123 0000008c 1 0 0 0 5 0
T 124 0000008c 0 1 0 0 0 0 0 0 1 0 0 0 0 0
W 124 2 0000009c 000000000
C 124 0000008c 0 0 0 0 5 0
T 125 0000008c 0 1 0 0 0 0 0 0 1 0 0 0 0 0
R 125 50 0000008c fff10113
C 125 0000008c 0 0 0 0 5 0
T 126 00000090 1 1 0 0 0 0 0 0 1 0 1 1 0 0
C 126 00000090 1 0 0 1 5 0
T 127 00000090 0 1 0 0 0 0 0 0 1 0 0 0 0 0
C 127 00000090 0 0 0 0 5 0
T 128 0000008c 1 1 0 0 0 0 0 0 1 0 0 1 0 0
R 128 51 00000090 fe011ee3
C 128 0000008c 1 0 0 0 5 0
T 129 0000008c 0 1 0 0 0 0 0 0 1 0 0 0 0 0
W 129 2 0000009b 000000000
C 129 0000008c 0 0 0 0 5 0
T 130 0000008c 0 1 0 0 0 0 0 0 1 0 0 0 0 0
R 130 52 0000008c fff10113
C 130 0000008c 0 0 0 0 5 0
T 131 00000090 1 1 0 0 0 0 0 0 1 0 1 1 0 0
C 131 00000090 1 0 0 1 5 0
T 132 00000090 0 1 0 0 0 0 0 0 1 0 0 0 0 0
C 132 00000090 0 0 0 0 5 0
T 133 0000008c 1 1 0 0 0 0 0 0 1 0 0 1 0 0
R 133 53 00000090 fe011ee3
C 133 0000008c 1 0 0 0 5 0
T 134 0000008c 0 1 0 0 0 0 0 0 1 0 0 0 0 0
W 134 2 0000009a 000000000
C 134 0000008c 0 0 0 0 5 0
T 135 0000008c 0 1 0 0 0 0 0 0 1 0 0 0 0 0
R 135 54 0000008c fff10113
C 135 0000008c 0 0 0 0 5 0
T 136 00000090 1 1 0 0 0 0 0 0 1 0 1 1 0 0
C 136 00000090 1 0 0 1 5 0
T 137 00000090 0 1 0 0 0 0 0 0 1 0 0 0 0 0
C 137 00000090 0 0 0 0 5 0
T 138 0000008c 1 1 0 0 0 0 0 0 1 0 0 1 0 0
R 138 55 00000090 fe011ee3
C 138 0000008c 1 0 0 0 5 0
T 139 0000008c 0 1 0 0 0 0 0 0 1 0 0 0 0 0
W 139 2 00000099 000000000
C 139 0000008c 0 0 0 0 5 0
T 140 0000008c 0 1 0 0 0 0 0 0 1 0 0 0 0 0
R 140 56 0000008c fff10113
C 140 0000008c 0 0 0 0 5 0
T 141 00000090 1 1 0 0 0 0 0 0 1 0 1 1 0 0
C 141 00000090 1 0 0 1 5 0
T 142 00000090 0 1 0 0 0 0 0 0 1 0 0 0 0 0
C 142 00000090 0 0 0 0 5 0
T 143 0000008c 1 1 0 0 0 0 0 0 1 0 0 1 0 0
R 143 57 00000090 fe011ee3
C 143 0000008c 1 0 0 0 5 0
T 144 0000008c 0 1 0 0 0 0 0 0 1 0 0 0 0 0
W 144 2 00000098 000000000
C 144 0000008c 0 0 0 0 5 0
T 145 0000008c 0 1 0 0 0 0 0 0 1 0 0 0 0 0
R 145 58 0000008c fff10113
C 145 0000008c 0 0 0 0 5 0
T 146 00000090 1 1 0 0 0 0 0 0 1 0 1 1 0 0
C 146 00000090 1 0 0 1 5 0
T 147 00000090 0 1 0 0 0 0 0 0 1 0 0 0 0 0
C 147 00000090 0 0 0 0 5 0
T 148 0000008c 1 1 0 0 0 0 0 0 1 0 0 1 0 0
R 148 59 00000090 fe011ee3
C 148 0000008c 1 0 0 0 5 0
T 149 0000008c 0 1 0 0 0 0 0 0 1 0 0 0 0 0
W 149 2 00000097 000000000
C 149 0000008c 0 0 0 0 5 0
T 150 0000008c 0 1 0 0 0 0 0 0 1 0 0 0 0 0
R 150 60 0000008c fff10113
C 150 0000008c 0 0 0 0 5 0
T 151 00000090 1 1 0 0 0 0 0 0 1 0 1 1 0 0
C 151 00000090 1 0 0 1 5 0
T 152 00000090 0 1 0 0 0 0 0 0 1 0 0 0 0 0
C 152 00000090 0 0 0 0 5 0
T 153 0000008c 1 1 0 0 0 0 0 0 1 0 0 1 0 0
R 153 61 00000090 fe011ee3
C 153 0000008c 1 0 0 0 5 0
T 154 0000008c 0 1 0 0 0 0 0 0 1 0 0 0 0 0
W 154 2 00000096 000000000
C 154 0000008c 0 0 0 0 5 0
T 155 0000008c 0 1 0 0 0 0 0 0 1 0 0 0 0 0
R 155 62 0000008c fff10113
C 155 0000008c 0 0 0 0 5 0
T 156 00000090 1 1 0 0 0 0 0 0 1 0 1 1 0 0
C 156 00000090 1 0 0 1 5 0
T 157 00000090 0 1 0 0 0 0 0 0 1 0 0 0 0 0
C 157 00000090 0 0 0 0 5 0
T 158 0000008c 1 1 0 0 0 0 0 0 1 0 0 1 0 0
R 158 63 00000090 fe011ee3
C 158 0000008c 1 0 0 0 5 0
T 159 0000008c 0 1 0 0 0 0 0 0 1 0 0 0 0 0
W 159 2 00000095 000000000
C 159 0000008c 0 0 0 0 5 0
T 160 0000008c 0 1 0 0 0 0 0 0 1 0 0 0 0 0
R 160 64 0000008c fff10113
C 160 0000008c 0 0 0 0 5 0
T 161 00000090 1 1 0 0 0 0 0 0 1 0 1 1 0 0
C 161 00000090 1 0 0 1 5 0
T 162 00000090 0 1 0 0 0 0 0 0 1 0 0 0 0 0
C 162 00000090 0 0 0 0 5 0
T 163 0000008c 1 1 0 0 0 0 0 0 1 0 0 1 0 0
R 163 65 00000090 fe011ee3
C 163 0000008c 1 0 0 0 5 0
T 164 0000008c 0 1 0 0 0 0 0 0 1 0 0 0 0 0
W 164 2 00000094 000000000
C 164 0000008c 0 0 0 0 5 0
T 165 0000008c 0 1 0 0 0 0 0 0 1 0 0 0 0 0
R 165 66 0000008c fff10113
C 165 0000008c 0 0 0 0 5 0
T 166 00000090 1 1 0 0 0 0 0 0 1 0 1 1 0 0
C 166 00000090 1 0 0 1 5 0
T 167 00000090 0 1 0 0 0 0 0 0 1 0 0 0 0 0
C 167 00000090 0 0 0 0 5 0
T 168 0000008c 1 1 0 0 0 0 0 0 1 0 0 1 0 0
R 168 67 00000090 fe011ee3
C 168 0000008c 1 0 0 0 5 0
T 169 0000008c 0 1 0 0 0 0 0 0 1 0 0 0 0 0
W 169 2 00000093 000000000
C 169 0000008c 0 0 0 0 5 0
T 170 0000008c 0 1 0 0 0 0 0 0 1 0 0 0 0 0
R 170 68 0000008c fff10113
C 170 0000008c 0 0 0 0 5 0
T 171 00000090 1 1 0 0 0 0 0 0 1 0 1 1 0 0
C 171 00000090 1 0 0 1 5 0
T 172 00000090 0 1 0 0 0 0 0 0 1 0 0 0 0 0
C 172 00000090 0 0 0 0 5 0
T 173 0000008c 1 1 0 0 0 0 0 0 1 0 0 1 0 0
R 173 69 00000090 fe011ee3
C 173 0000008c 1 0 0 0 5 0
T 174 0000008c 0 1 0 0 0 0 0 0 1 0 0 0 0 0
W 174 2 00000092 000000000
C 174 0000008c 0 0 0 0 5 0
T 175 0000008c 0 1 0 0 0 0 0 0 1 0 0 0 0 0
R 175 70 0000008c fff10113
C 175 0000008c 0 0 0 0 5 0
T 176 00000090 1 1 0 0 0 0 0 0 1 0 1 1 0 0
C 176 00000090 1 0 0 1 5 0
T 177 00000090 0 1 0 0 0 0 0 0 1 0 0 0 0 0
C 177 00000090 0 0 0 0 5 0
T 178 0000008c 1 1 0 0 0 0 0 0 1 0 0 1 0 0
R 178 71 00000090 fe011ee3
C 178 0000008c 1 0 0 0 5 0
T 179 0000008c 0 1 0 0 0 0 0 0 1 0 0 0 0 0
W 179 2 00000091 000000000
C 179 0000008c 0 0 0 0 5 0
T 180 0000008c 0 1 0 0 0 0 0 0 1 0 0 0 0 0
R 180 72 0000008c fff10113
C 180 0000008c 0 0 0 0 5 0
T 181 00000090 1 1 0 0 0 0 0 0 1 0 1 1 0 0
C 181 00000090 1 0 0 1 5 0
T 182 00000090 0 1 0 0 0 0 0 0 1 0 0 0 0 0
C 182 00000090 0 0 0 0 5 0
T 183 0000008c 1 1 0 0 0 0 0 0 1 0 0 1 0 0
R 183 73 00000090 fe011ee3
C 183 0000008c 1 0 0 0 5 0
T 184 0000008c 0 1 0 0 0 0 0 0 1 0 0 0 0 0
W 184 2 00000090 000000000
C 184 0000008c 0 0 0 0 5 0
T 185 0000008c 0 1 0 0 0 0 0 0 1 0 0 0 0 0
R 185 74 0000008c fff10113
C 185 0000008c 0 0 0 0 5 0
T 186 00000090 1 1 0 0 0 0 0 0 1 0 1 1 0 0
C 186 00000090 1 0 0 1 5 0
T 187 00000090 0 1 0 0 0 0 0 0 1 0 0 0 0 0
C 187 00000090 0 0 0 0 5 0
T 188 0000008c 1 1 0 0 0 0 0 0 1 0 0 1 0 0
R 188 75 00000090 fe011ee3
C 188 0000008c 1 0 0 0 5 0
T 189 0000008c 0 1 0 0 0 0 0 0 1 0 0 0 0 0
W 189 2 0000008f 000000000
C 189 0000008c 0 0 0 0 5 0
T 190 0000008c 0 1 0 0 0 0 0 0 1 0 0 0 0 0
R 190 76 0000008c fff10113
C 190 0000008c 0 0 0 0 5 0
T 191 00000090 1 1 0 0 0 0 0 0 1 0 1 1 0 0
C 191 00000090 1 0 0 1 5 0
T 192 00000090 0 1 0 0 0 0 0 0 1 0 0 0 0 0
C 192 00000090 0 0 0 0 5 0
T 193 0000008c 1 1 0 0 0 0 0 0 1 0 0 1 0 0
R 193 77 00000090 fe011ee3
C 193 0000008c 1 0 0 0 5 0
T 194 0000008c 0 1 0 0 0 0 0 0 1 0 0 0 0 0
W 194 2 0000008e 000000000
C 194 0000008c 0 0 0 0 5 0
T 195 0000008c 0 1 0 0 0 0 0 0 1 0 0 0 0 0
R 195 78 0000008c fff10113
C 195 0000008c 0 0 0 0 5 0
T 196 00000090 1 1 0 0 0 0 0 0 1 0 1 1 0 0
C 196 00000090 1 0 0 1 5 0
T 197 00000090 0 1 0 0 0 0 0 0 1 0 0 0 0 0
C 197 00000090 0 0 0 0 5 0
T 198 0000008c 1 1 0 0 0 0 0 0 1 0 0 1 0 0
R 198 79 00000090 fe011ee3
C 198 0000008c 1 0 0 0 5 0
T 199 0000008c 0 1 0 0 0 0 0 0 1 0 0 0 0 0
W 199 2 0000008d 000000000
C 199 0000008c 0 0 0 0 5 0
T 200 0000008c 0 1 0 0 0 0 0 0 1 0 0 0 0 0
R 200 80 0000008c fff10113
C 200 0000008c 0 0 0 0 5 0
T 201 00000090 1 1 0 0 0 0 0 0 1 0 1 1 0 0
C 201 00000090 1 0 0 1 5 0
T 202 00000090 0 1 0 0 0 0 0 0 1 0 0 0 0 0
C 202 00000090 0 0 0 0 5 0
T 203 0000008c 1 1 0 0 0 0 0 0 1 0 0 1 0 0
R 203 81 00000090 fe011ee3
C 203 0000008c 1 0 0 0 5 0
T 204 0000008c 0 1 0 0 0 0 0 0 1 0 0 0 0 0
W 204 2 0000008c 000000000
C 204 0000008c 0 0 0 0 5 0
T 205 0000008c 0 1 0 0 0 0 0 0 1 0 0 0 0 0
R 205 82 0000008c fff10113
C 205 0000008c 0 0 0 0 5 0
T 206 00000090 1 1 0 0 0 0 0 0 1 0 1 1 0 0
C 206 00000090 1 0 0 1 5 0
T 207 00000090 0 1 0 0 0 0 0 0 1 0 0 0 0 0
C 207 00000090 0 0 0 0 5 0
T 208 0000008c 1 1 0 0 0 0 0 0 1 0 0 1 0 0
R 208 83 00000090 fe011ee3
C 208 0000008c 1 0 0 0 5 0
T 209 0000008c 0 1 0 0 0 0 0 0 1 0 0 0 0 0
W 209 2 0000008b 000000000
C 209 0000008c 0 0 0 0 5 0
T 210 0000008c 0 1 0 0 0 0 0 0 1 0 0 0 0 0
R 210 84 0000008c fff10113
C 210 0000008c 0 0 0 0 5 0
T 211 00000090 1 1 0 0 0 0 0 0 1 0 1 1 0 0
C 211 00000090 1 0 0 1 5 0
T 212 00000090 0 1 0 0 0 0 0 0 1 0 0 0 0 0
C 212 00000090 0 0 0 0 5 0
T 213 0000008c 1 1 0 0 0 0 0 0 1 0 0 1 0 0
R 213 85 00000090 fe011ee3
C 213 0000008c 1 0 0 0 5 0
T 214 0000008c 0 1 0 0 0 0 0 0 1 0 0 0 0 0
W 214 2 0000008a 000000000
C 214 0000008c 0 0 0 0 5 0
T 215 0000008c 0 1 0 0 0 0 0 0 1 0 0 0 0 0
R 215 86 0000008c fff10113
C 215 0000008c 0 0 0 0 5 0
T 216 00000090 1 1 0 0 0 0 0 0 1 0 1 1 0 0
C 216 00000090 1 0 0 1 5 0
T 217 00000090 0 1 0 0 0 0 0 0 1 0 0 0 0 0
C 217 00000090 0 0 0 0 5 0
T 218 0000008c 1 1 0 0 0 0 0 0 1 0 0 1 0 0
R 218 87 00000090 fe011ee3
C 218 0000008c 1 0 0 0 5 0
T 219 0000008c 0 1 0 0 0 0 0 0 1 0 0 0 0 0
W 219 2 00000089 000000000
C 219 0000008c 0 0 0 0 5 0
T 220 0000008c 0 1 0 0 0 0 0 0 1 0 0 0 0 0
R 220 88 0000008c fff10113
C 220 0000008c 0 0 0 0 5 0
T 221 00000090 1 1 0 0 0 0 0 0 1 0 1 1 0 0
C 221 00000090 1 0 0 1 5 0
T 222 00000090 0 1 0 0 0 0 0 0 1 0 0 0 0 0
C 222 00000090 0 0 0 0 5 0
T 223 0000008c 1 1 0 0 0 0 0 0 1 0 0 1 0 0
R 223 89 00000090 fe011ee3
C 223 0000008c 1 0 0 0 5 0
T 224 0000008c 0 1 0 0 0 0 0 0 1 0 0 0 0 0
W 224 2 00000088 000000000
C 224 0000008c 0 0 0 0 5 0
T 225 0000008c 0 1 0 0 0 0 0 0 1 0 0 0 0 0
R 225 90 0000008c fff10113
C 225 0000008c 0 0 0 0 5 0
T 226 00000090 1 1 0 0 0 0 0 0 1 0 1 1 0 0
C 226 00000090 1 0 0 1 5 0
T 227 00000090 0 1 0 0 0 0 0 0 1 0 0 0 0 0
C 227 00000090 0 0 0 0 5 0
T 228 0000008c 1 1 0 0 0 0 0 0 1 0 0 1 0 0
R 228 91 00000090 fe011ee3
C 228 0000008c 1 0 0 0 5 0
T 229 0000008c 0 1 0 0 0 0 0 0 1 0 0 0 0 0
W 229 2 00000087 000000000
C 229 0000008c 0 0 0 0 5 0
T 230 0000008c 0 1 0 0 0 0 0 0 1 0 0 0 0 0
R 230 92 0000008c fff10113
C 230 0000008c 0 0 0 0 5 0
T 231 00000090 1 1 0 0 0 0 0 0 1 0 1 1 0 0
C 231 00000090 1 0 0 1 5 0
T 232 00000090 0 1 0 0 0 0 0 0 1 0 0 0 0 0
C 232 00000090 0 0 0 0 5 0
T 233 0000008c 1 1 0 0 0 0 0 0 1 0 0 1 0 0
R 233 93 00000090 fe011ee3
C 233 0000008c 1 0 0 0 5 0
T 234 0000008c 0 1 0 0 0 0 0 0 1 0 0 0 0 0
W 234 2 00000086 000000000
C 234 0000008c 0 0 0 0 5 0
T 235 0000008c 0 1 0 0 0 0 0 0 1 0 0 0 0 0
R 235 94 0000008c fff10113
C 235 0000008c 0 0 0 0 5 0
T 236 00000090 1 1 0 0 0 0 0 0 1 0 1 1 0 0
C 236 00000090 1 0 0 1 5 0
T 237 00000090 0 1 0 0 0 0 0 0 1 0 0 0 0 0
C 237 00000090 0 0 0 0 5 0
T 238 0000008c 1 1 0 0 0 0 0 0 1 0 0 1 0 0
R 238 95 00000090 fe011ee3
C 238 0000008c 1 0 0 0 5 0
T 239 0000008c 0 1 0 0 0 0 0 0 1 0 0 0 0 0
W 239 2 00000085 000000000
C 239 0000008c 0 0 0 0 5 0
T 240 0000008c 0 1 0 0 0 0 0 0 1 0 0 0 0 0
R 240 96 0000008c fff10113
C 240 0000008c 0 0 0 0 5 0
T 241 00000090 1 1 0 0 0 0 0 0 1 0 1 1 0 0
C 241 00000090 1 0 0 1 5 0
T 242 00000090 0 1 0 0 0 0 0 0 1 0 0 0 0 0
C 242 00000090 0 0 0 0 5 0
T 243 0000008c 1 1 0 0 0 0 0 0 1 0 0 1 0 0
R 243 97 00000090 fe011ee3
C 243 0000008c 1 0 0 0 5 0
T 244 0000008c 0 1 0 0 0 0 0 0 1 0 0 0 0 0
W 244 2 00000084 000000000
C 244 0000008c 0 0 0 0 5 0
T 245 0000008c 0 1 0 0 0 0 0 0 1 0 0 0 0 0
R 245 98 0000008c fff10113
C 245 0000008c 0 0 0 0 5 0
T 246 00000090 1 1 0 0 0 0 0 0 1 0 1 1 0 0
C 246 00000090 1 0 0 1 5 0
T 247 00000090 0 1 0 0 0 0 0 0 1 0 0 0 0 0
C 247 00000090 0 0 0 0 5 0
T 248 0000008c 1 1 0 0 0 0 0 0 1 0 0 1 0 0
R 248 99 00000090 fe011ee3
C 248 0000008c 1 0 0 0 5 0
T 249 0000008c 0 1 0 0 0 0 0 0 1 0 0 0 0 0
W 249 2 00000083 000000000
C 249 0000008c 0 0 0 0 5 0
T 250 0000008c 0 1 0 0 0 0 0 0 1 0 0 0 0 0
R 250 100 0000008c fff10113
C 250 0000008c 0 0 0 0 5 0
T 251 00000090 1 1 0 0 0 0 0 0 1 0 1 1 0 0
C 251 00000090 1 0 0 1 5 0
T 252 00000090 0 1 0 0 0 0 0 0 1 0 0 0 0 0
C 252 00000090 0 0 0 0 5 0
T 253 0000008c 1 1 0 0 0 0 0 0 1 0 0 1 0 0
R 253 101 00000090 fe011ee3
C 253 0000008c 1 0 0 0 5 0
T 254 0000008c 0 1 0 0 0 0 0 0 1 0 0 0 0 0
W 254 2 00000082 000000000
C 254 0000008c 0 0 0 0 5 0
T 255 0000008c 0 1 0 0 0 0 0 0 1 0 0 0 0 0
R 255 102 0000008c fff10113
C 255 0000008c 0 0 0 0 5 0
T 256 00000090 1 1 0 0 0 0 0 0 1 0 1 1 0 0
C 256 00000090 1 0 0 1 5 0
T 257 00000090 0 1 0 0 0 0 0 0 1 0 0 0 0 0
C 257 00000090 0 0 0 0 5 0
T 258 0000008c 1 1 0 0 0 0 0 0 1 0 0 1 0 0
R 258 103 00000090 fe011ee3
C 258 0000008c 1 0 0 0 5 0
T 259 0000008c 0 1 0 0 0 0 0 0 1 0 0 0 0 0
W 259 2 00000081 000000000
C 259 0000008c 0 0 0 0 5 0
T 260 0000008c 0 1 0 0 0 0 0 0 1 0 0 0 0 0
R 260 104 0000008c fff10113
C 260 0000008c 0 0 0 0 5 0
T 261 00000090 1 1 0 0 0 0 0 0 1 0 1 1 0 0
C 261 00000090 1 0 0 1 5 0
T 262 00000090 0 1 0 0 0 0 0 0 1 0 0 0 0 0
C 262 00000090 0 0 0 0 5 0
T 263 0000008c 1 1 0 0 0 0 0 0 1 0 0 1 0 0
R 263 105 00000090 fe011ee3
C 263 0000008c 1 0 0 0 5 0
T 264 0000008c 0 1 0 0 0 0 0 0 1 0 0 0 0 0
W 264 2 00000080 000000000
C 264 0000008c 0 0 0 0 5 0
T 265 0000008c 0 1 0 0 0 0 0 0 1 0 0 0 0 0
R 265 106 0000008c fff10113
C 265 0000008c 0 0 0 0 5 0
T 266 00000090 1 1 0 0 0 0 0 0 1 0 1 1 0 0
C 266 00000090 1 0 0 1 5 0
T 267 00000090 0 1 0 0 0 0 0 0 1 0 0 0 0 0
C 267 00000090 0 0 0 0 5 0
T 268 0000008c 1 1 0 0 0 0 0 0 1 0 0 1 0 0
R 268 107 00000090 fe011ee3
C 268 0000008c 1 0 0 0 5 0
T 269 0000008c 0 1 0 0 0 0 0 0 1 0 0 0 0 0
W 269 2 0000007f 000000000
C 269 0000008c 0 0 0 0 5 0
T 270 00000090 1 1 0 0 0 0 0 0 1 0 1 1 0 0
R 270 108 0000008c fff10113
C 270 00000090 1 0 0 1 5 0
T 271 00000090 0 1 0 0 0 0 0 0 1 0 0 0 0 0
C 271 00000090 0 0 0 0 5 0
T 272 0000008c 1 1 0 0 0 0 0 0 1 0 0 1 0 0
R 272 109 00000090 fe011ee3
C 272 0000008c 1 0 0 0 5 0
T 273 0000008c 0 1 0 0 0 0 0 0 1 0 0 0 0 0
W 273 2 0000007e 000000000
C 273 0000008c 0 0 0 0 5 0
T 274 0000008c 0 1 0 0 0 0 0 0 1 0 0 0 0 0
R 274 110 0000008c fff10113
C 274 0000008c 0 0 0 0 5 0
T 275 00000090 1 1 0 0 0 0 0 0 1 0 1 1 0 0
C 275 00000090 1 0 0 1 5 0
T 276 00000090 0 1 0 0 0 0 0 0 1 0 0 0 0 0
C 276 00000090 0 0 0 0 5 0
T 277 0000008c 1 1 0 0 0 0 0 0 1 0 0 1 0 0
R 277 111 00000090 fe011ee3
C 277 0000008c 1 0 0 0 5 0
T 278 00000090 1 1 0 0 0 0 0 0 1 0 1 1 0 0
W 278 2 0000007d 000000000
C 278 00000090 1 0 0 1 5 0
T 279 00000090 0 1 0 0 0 0 0 0 1 0 0 0 0 0
R 279 112 0000008c fff10113
C 279 00000090 0 0 0 0 5 0
T 280 0000008c 1 1 0 0 0 0 0 0 1 0 0 1 0 0
R 280 113 00000090 fe011ee3
C 280 0000008c 1 0 0 0 5 0
T 281 00000090 1 1 0 0 0 0 0 0 1 0 1 1 0 0
W 281 2 0000007c 000000000
C 281 00000090 1 0 0 1 5 0
T 282 00000090 0 1 0 0 0 0 0 0 1 0 0 0 0 0
R 282 114 0000008c fff10113
C 282 00000090 0 0 0 0 5 0
T 283 0000008c 1 1 0 0 0 0 0 0 1 0 0 1 0 0
R 283 115 00000090 fe011ee3
C 283 0000008c 1 0 0 0 5 0
T 284 00000090 1 1 0 0 0 0 0 0 1 0 1 1 0 0
W 284 2 0000007b 000000000
C 284 00000090 1 0 0 1 5 0
T 285 00000090 0 1 0 0 0 0 0 0 1 0 0 0 0 0
R 285 116 0000008c fff10113
C 285 00000090 0 0 0 0 5 0
T 286 0000008c 1 1 0 0 0 0 0 0 1 0 0 1 0 0
R 286 117 00000090 fe011ee3
C 286 0000008c 1 0 0 0 5 0
T 287 00000090 1 1 0 0 0 0 0 0 1 0 1 1 0 0
W 287 2 0000007a 000000000
C 287 00000090 1 0 0 1 5 0
T 288 00000090 0 1 0 0 0 0 0 0 1 0 0 0 0 0
R 288 118 0000008c fff10113
C 288 00000090 0 0 0 0 5 0
T 289 0000008c 1 1 0 0 0 0 0 0 1 0 0 1 0 0
R 289 119 00000090 fe011ee3
C 289 0000008c 1 0 0 0 5 0
T 290 00000090 1 1 0 0 0 0 0 0 1 0 1 1 0 0
W 290 2 00000079 000000000
C 290 00000090 1 0 0 1 5 0
T 291 00000090 0 1 0 0 0 0 0 0 1 0 0 0 0 0
R 291 120 0000008c fff10113
C 291 00000090 0 0 0 0 5 0
T 292 0000008c 1 1 0 0 0 0 0 0 1 0 0 1 0 0
R 292 121 00000090 fe011ee3
C 292 0000008c 1 0 0 0 5 0
T 293 00000090 1 1 0 0 0 0 0 0 1 0 1 1 0 0
W 293 2 00000078 000000000
C 293 00000090 1 0 0 1 5 0
T 294 00000090 0 1 0 0 0 0 0 0 1 0 0 0 0 0
R 294 122 0000008c fff10113
C 294 00000090 0 0 0 0 5 0
T 295 0000008c 1 1 0 0 0 0 0 0 1 0 0 1 0 0
R 295 123 00000090 fe011ee3
C 295 0000008c 1 0 0 0 5 0
T 296 00000090 1 1 0 0 0 0 0 0 1 0 1 1 0 0
W 296 2 00000077 000000000
C 296 00000090 1 0 0 1 5 0
T 297 00000090 0 1 0 0 0 0 0 0 1 0 0 0 0 0
R 297 124 0000008c fff10113
C 297 00000090 0 0 0 0 5 0
T 298 0000008c 1 1 0 0 0 0 0 0 1 0 0 1 0 0
R 298 125 00000090 fe011ee3
C 298 0000008c 1 0 0 0 5 0
T 299 00000090 1 1 0 0 0 0 0 0 1 0 1 1 0 0
W 299 2 00000076 000000000
C 299 00000090 1 0 0 1 5 0
T 300 00000090 0 1 0 0 0 0 0 0 1 0 0 0 0 0
R 300 126 0000008c fff10113
C 300 00000090 0 0 0 0 5 0
T 301 0000008c 1 1 0 0 0 0 0 0 1 0 0 1 0 0
R 301 127 00000090 fe011ee3
C 301 0000008c 1 0 0 0 5 0
T 302 00000090 1 1 0 0 0 0 0 0 1 0 1 1 0 0
W 302 2 00000075 000000000
C 302 00000090 1 0 0 1 5 0
T 303 00000090 0 1 0 0 0 0 0 0 1 0 0 0 0 0
R 303 128 0000008c fff10113
C 303 00000090 0 0 0 0 5 0
T 304 0000008c 1 1 0 0 0 0 0 0 1 0 0 1 0 0
R 304 129 00000090 fe011ee3
C 304 0000008c 1 0 0 0 5 0
T 305 00000090 1 1 0 0 0 0 0 0 1 0 1 1 0 0
W 305 2 00000074 000000000
C 305 00000090 1 0 0 1 5 0
T 306 00000090 0 1 0 0 0 0 0 0 1 0 0 0 0 0
R 306 130 0000008c fff10113
C 306 00000090 0 0 0 0 5 0
T 307 0000008c 1 1 0 0 0 0 0 0 1 0 0 1 0 0
R 307 131 00000090 fe011ee3
C 307 0000008c 1 0 0 0 5 0
T 308 00000090 1 1 0 0 0 0 0 0 1 0 1 1 0 0
W 308 2 00000073 000000000
C 308 00000090 1 0 0 1 5 0
T 309 00000090 0 1 0 0 0 0 0 0 1 0 0 0 0 0
R 309 132 0000008c fff10113
C 309 00000090 0 0 0 0 5 0
T 310 0000008c 1 1 0 0 0 0 0 0 1 0 0 1 0 0
R 310 133 00000090 fe011ee3
C 310 0000008c 1 0 0 0 5 0
T 311 00000090 1 1 0 0 0 0 0 0 1 0 1 1 0 0
W 311 2 00000072 000000000
C 311 00000090 1 0 0 1 5 0
T 312 00000090 0 1 0 0 0 0 0 0 1 0 0 0 0 0
R 312 134 0000008c fff10113
C 312 00000090 0 0 0 0 5 0
T 313 0000008c 1 1 0 0 0 0 0 0 1 0 0 1 0 0
R 313 135 00000090 fe011ee3
C 313 0000008c 1 0 0 0 5 0
T 314 00000090 1 1 0 0 0 0 0 0 1 0 1 1 0 0
W 314 2 00000071 000000000
C 314 00000090 1 0 0 1 5 0
T 315 00000090 0 1 0 0 0 0 0 0 1 0 0 0 0 0
R 315 136 0000008c fff10113
C 315 00000090 0 0 0 0 5 0
T 316 0000008c 1 1 0 0 0 0 0 0 1 0 0 1 0 0
R 316 137 00000090 fe011ee3
C 316 0000008c 1 0 0 0 5 0
T 317 00000090 1 1 0 0 0 0 0 0 1 0 1 1 0 0
W 317 2 00000070 000000000
C 317 00000090 1 0 0 1 5 0
T 318 00000090 0 1 0 0 0 0 0 0 1 0 0 0 0 0
R 318 138 0000008c fff10113
C 318 00000090 0 0 0 0 5 0
T 319 0000008c 1 1 0 0 0 0 0 0 1 0 0 1 0 0
R 319 139 00000090 fe011ee3
C 319 0000008c 1 0 0 0 5 0
T 320 00000090 1 1 0 0 0 0 0 0 1 0 1 1 0 0
W 320 2 0000006f 000000000
C 320 00000090 1 0 0 1 5 0
T 321 00000090 0 1 0 0 0 0 0 0 1 0 0 0 0 0
R 321 140 0000008c fff10113
C 321 00000090 0 0 0 0 5 0
T 322 0000008c 1 1 0 0 0 0 0 0 1 0 0 1 0 0
R 322 141 00000090 fe011ee3
C 322 0000008c 1 0 0 0 5 0
T 323 00000090 1 1 0 0 0 0 0 0 1 0 1 1 0 0
W 323 2 0000006e 000000000
C 323 00000090 1 0 0 1 5 0
T 324 00000090 0 1 0 0 0 0 0 0 1 0 0 0 0 0
R 324 142 0000008c fff10113
C 324 00000090 0 0 0 0 5 0
T 325 0000008c 1 1 0 0 0 0 0 0 1 0 0 1 0 0
R 325 143 00000090 fe011ee3
C 325 0000008c 1 0 0 0 5 0
T 326 00000090 1 1 0 0 0 0 0 0 1 0 1 1 0 0
W 326 2 0000006d 000000000
C 326 00000090 1 0 0 1 5 0
T 327 00000090 0 1 0 0 0 0 0 0 1 0 0 0 0 0
R 327 144 0000008c fff10113
C 327 00000090 0 0 0 0 5 0
T 328 0000008c 1 1 0 0 0 0 0 0 1 0 0 1 0 0
R 328 145 00000090 fe011ee3
C 328 0000008c 1 0 0 0 5 0
T 329 00000090 1 1 0 0 0 0 0 0 1 0 1 1 0 0
W 329 2 0000006c 000000000
C 329 00000090 1 0 0 1 5 0
T 330 00000090 0 1 0 0 0 0 0 0 1 0 0 0 0 0
R 330 146 0000008c fff10113
C 330 00000090 0 0 0 0 5 0
T 331 0000008c 1 1 0 0 0 0 0 0 1 0 0 1 0 0
R 331 147 00000090 fe011ee3
C 331 0000008c 1 0 0 0 5 0
T 332 00000090 1 1 0 0 0 0 0 0 1 0 1 1 0 0
W 332 2 0000006b 000000000
C 332 00000090 1 0 0 1 5 0
T 333 00000090 0 1 0 0 0 0 0 0 1 0 0 0 0 0
R 333 148 0000008c fff10113
C 333 00000090 0 0 0 0 5 0
T 334 0000008c 1 1 0 0 0 0 0 0 1 0 0 1 0 0
R 334 149 00000090 fe011ee3
C 334 0000008c 1 0 0 0 5 0
T 335 00000090 1 1 0 0 0 0 0 0 1 0 1 1 0 0
W 335 2 0000006a 000000000
C 335 00000090 1 0 0 1 5 0
T 336 00000090 0 1 0 0 0 0 0 0 1 0 0 0 0 0
R 336 150 0000008c fff10113
C 336 00000090 0 0 0 0 5 0
T 337 0000008c 1 1 0 0 0 0 0 0 1 0 0 1 0 0
R 337 151 00000090 fe011ee3
C 337 0000008c 1 0 0 0 5 0
T 338 00000090 1 1 0 0 0 0 0 0 1 0 1 1 0 0
W 338 2 00000069 000000000
C 338 00000090 1 0 0 1 5 0
T 339 00000090 0 1 0 0 0 0 0 0 1 0 0 0 0 0
R 339 152 0000008c fff10113
C 339 00000090 0 0 0 0 5 0
T 340 0000008c 1 1 0 0 0 0 0 0 1 0 0 1 0 0
R 340 153 00000090 fe011ee3
C 340 0000008c 1 0 0 0 5 0
T 341 00000090 1 1 0 0 0 0 0 0 1 0 1 1 0 0
W 341 2 00000068 000000000
C 341 00000090 1 0 0 1 5 0
T 342 00000090 0 1 0 0 0 0 0 0 1 0 0 0 0 0
R 342 154 0000008c fff10113
C 342 00000090 0 0 0 0 5 0
T 343 0000008c 1 1 0 0 0 0 0 0 1 0 0 1 0 0
R 343 155 00000090 fe011ee3
C 343 0000008c 1 0 0 0 5 0
T 344 00000090 1 1 0 0 0 0 0 0 1 0 1 1 0 0
W 344 2 00000067 000000000
C 344 00000090 1 0 0 1 5 0
SAMPLE 345 ai=0 ab=0 am=0 pc=0 mismatch=0 rf=0 mode=0
T 345 00000090 0 1 0 0 0 0 0 0 1 0 0 0 0 0
R 345 156 0000008c fff10113
C 345 00000090 0 0 0 0 5 0
SAMPLE 346 ai=0 ab=0 am=0 pc=0 mismatch=0 rf=0 mode=0
T 346 0000008c 1 1 0 0 0 0 0 0 1 0 0 1 0 0
R 346 157 00000090 fe011ee3
C 346 0000008c 1 0 0 0 5 0
SAMPLE 347 ai=0 ab=0 am=0 pc=0 mismatch=0 rf=0 mode=0
T 347 00000090 1 1 0 0 0 0 0 0 1 0 1 1 0 0
W 347 2 00000066 000000000
C 347 00000090 1 0 0 1 5 0
SAMPLE 348 ai=0 ab=0 am=0 pc=0 mismatch=0 rf=0 mode=0
T 348 00000090 0 1 0 0 0 0 0 0 1 0 0 0 0 0
R 348 158 0000008c fff10113
C 348 00000090 0 0 0 0 5 0
SAMPLE 349 ai=0 ab=0 am=0 pc=0 mismatch=0 rf=0 mode=0
T 349 0000008c 1 1 0 0 0 0 0 0 1 0 0 1 0 0
R 349 159 00000090 fe011ee3
C 349 0000008c 1 0 0 0 5 0
SAMPLE 350 ai=0 ab=0 am=0 pc=0 mismatch=0 rf=0 mode=0
T 350 00000090 1 1 0 0 0 0 0 0 1 0 1 1 0 0
W 350 2 00000065 000000000
C 350 00000090 1 0 0 1 5 0
SAMPLE 351 ai=0 ab=0 am=0 pc=0 mismatch=0 rf=0 mode=0
T 351 00000090 0 1 0 0 0 0 0 0 1 0 0 0 0 0
R 351 160 0000008c fff10113
C 351 00000090 0 0 0 0 5 0
SAMPLE 352 ai=0 ab=0 am=0 pc=0 mismatch=0 rf=0 mode=0
T 352 0000008c 1 1 0 0 0 0 0 0 1 0 0 1 0 0
R 352 161 00000090 fe011ee3
C 352 0000008c 1 0 0 0 5 0
SAMPLE 353 ai=0 ab=0 am=0 pc=0 mismatch=0 rf=0 mode=0
T 353 00000090 1 1 0 0 0 0 0 0 1 0 1 1 0 0
W 353 2 00000064 000000000
C 353 00000090 1 0 0 1 5 0
SAMPLE 354 ai=0 ab=0 am=0 pc=0 mismatch=0 rf=0 mode=0
T 354 00000090 0 1 0 0 0 0 0 0 1 0 0 0 0 0
R 354 162 0000008c fff10113
C 354 00000090 0 0 0 0 5 0
SAMPLE 355 ai=0 ab=0 am=0 pc=0 mismatch=0 rf=0 mode=0
T 355 0000008c 1 1 0 0 0 0 0 0 1 0 0 1 0 0
R 355 163 00000090 fe011ee3
C 355 0000008c 1 0 0 0 5 0
SAMPLE 356 ai=0 ab=0 am=0 pc=0 mismatch=0 rf=0 mode=0
T 356 00000090 1 1 0 0 0 0 0 0 1 0 1 1 0 0
W 356 2 00000063 000000000
C 356 00000090 1 0 0 1 5 0
SAMPLE 357 ai=0 ab=0 am=0 pc=0 mismatch=0 rf=0 mode=0
T 357 00000090 0 1 0 0 0 0 0 0 1 0 0 0 0 0
R 357 164 0000008c fff10113
C 357 00000090 0 0 0 0 5 0
SAMPLE 358 ai=0 ab=0 am=0 pc=0 mismatch=0 rf=0 mode=0
T 358 0000008c 1 1 0 0 0 0 0 0 1 0 0 1 0 0
R 358 165 00000090 fe011ee3
C 358 0000008c 1 0 0 0 5 0
SAMPLE 359 ai=0 ab=0 am=0 pc=0 mismatch=0 rf=0 mode=0
T 359 00000090 1 1 0 0 0 0 0 0 1 0 1 1 0 0
W 359 2 00000062 000000000
C 359 00000090 1 0 0 1 5 0
SAMPLE 360 ai=0 ab=0 am=0 pc=0 mismatch=0 rf=0 mode=0
T 360 00000090 0 1 0 0 0 0 0 0 1 0 0 0 0 0
R 360 166 0000008c fff10113
C 360 00000090 0 0 0 0 5 0
T 361 0000008c 1 1 0 0 0 0 0 0 1 0 0 1 0 0
R 361 167 00000090 fe011ee3
C 361 0000008c 1 0 0 0 5 0
T 362 00000090 1 1 0 0 0 0 0 0 1 0 1 1 0 0
W 362 2 00000061 000000000
C 362 00000090 1 0 0 1 5 0
T 363 00000090 0 1 0 0 0 0 0 0 1 0 0 0 0 0
R 363 168 0000008c fff10113
C 363 00000090 0 0 0 0 5 0
T 364 0000008c 1 1 0 0 0 0 0 0 1 0 0 1 0 0
R 364 169 00000090 fe011ee3
C 364 0000008c 1 0 0 0 5 0
T 365 00000090 1 1 0 0 0 0 0 0 1 0 1 1 0 0
W 365 2 00000060 000000000
C 365 00000090 1 0 0 1 5 0
T 366 00000090 0 1 0 0 0 0 0 0 1 0 0 0 0 0
R 366 170 0000008c fff10113
C 366 00000090 0 0 0 0 5 0
T 367 0000008c 1 1 0 0 0 0 0 0 1 0 0 1 0 0
R 367 171 00000090 fe011ee3
C 367 0000008c 1 0 0 0 5 0
T 368 00000090 1 1 0 0 0 0 0 0 1 0 1 1 0 0
W 368 2 0000005f 000000000
C 368 00000090 1 0 0 1 5 0
T 369 00000090 0 1 0 0 0 0 0 0 1 0 0 0 0 0
R 369 172 0000008c fff10113
C 369 00000090 0 0 0 0 5 0
T 370 0000008c 1 1 0 0 0 0 0 0 1 0 0 1 0 0
R 370 173 00000090 fe011ee3
C 370 0000008c 1 0 0 0 5 0
T 371 00000090 1 1 0 0 0 0 0 0 1 0 1 1 0 0
W 371 2 0000005e 000000000
C 371 00000090 1 0 0 1 5 0
T 372 00000090 0 1 0 0 0 0 0 0 1 0 0 0 0 0
R 372 174 0000008c fff10113
C 372 00000090 0 0 0 0 5 0
T 373 0000008c 1 1 0 0 0 0 0 0 1 0 0 1 0 0
R 373 175 00000090 fe011ee3
C 373 0000008c 1 0 0 0 5 0
T 374 00000090 1 1 0 0 0 0 0 0 1 0 1 1 0 0
W 374 2 0000005d 000000000
C 374 00000090 1 0 0 1 5 0
T 375 00000090 0 1 0 0 0 0 0 0 1 0 0 0 0 0
R 375 176 0000008c fff10113
C 375 00000090 0 0 0 0 5 0
T 376 0000008c 1 1 0 0 0 0 0 0 1 0 0 1 0 0
R 376 177 00000090 fe011ee3
C 376 0000008c 1 0 0 0 5 0
T 377 00000090 1 1 0 0 0 0 0 0 1 0 1 1 0 0
W 377 2 0000005c 000000000
C 377 00000090 1 0 0 1 5 0
T 378 00000090 0 1 0 0 0 0 0 0 1 0 0 0 0 0
R 378 178 0000008c fff10113
C 378 00000090 0 0 0 0 5 0
T 379 0000008c 1 1 0 0 0 0 0 0 1 0 0 1 0 0
R 379 179 00000090 fe011ee3
C 379 0000008c 1 0 0 0 5 0
T 380 00000090 1 1 0 0 0 0 0 0 1 0 1 1 0 0
W 380 2 0000005b 000000000
C 380 00000090 1 0 0 1 5 0
T 381 00000090 0 1 0 0 0 0 0 0 1 0 0 0 0 0
R 381 180 0000008c fff10113
C 381 00000090 0 0 0 0 5 0
T 382 0000008c 1 1 0 0 0 0 0 0 1 0 0 1 0 0
R 382 181 00000090 fe011ee3
C 382 0000008c 1 0 0 0 5 0
T 383 00000090 1 1 0 0 0 0 0 0 1 0 1 1 0 0
W 383 2 0000005a 000000000
C 383 00000090 1 0 0 1 5 0
T 384 00000090 0 1 0 0 0 0 0 0 1 0 0 0 0 0
R 384 182 0000008c fff10113
C 384 00000090 0 0 0 0 5 0
T 385 0000008c 1 1 0 0 0 0 0 0 1 0 0 1 0 0
R 385 183 00000090 fe011ee3
C 385 0000008c 1 0 0 0 5 0
T 386 00000090 1 1 0 0 0 0 0 0 1 0 1 1 0 0
W 386 2 00000059 000000000
C 386 00000090 1 0 0 1 5 0
T 387 00000090 0 1 0 0 0 0 0 0 1 0 0 0 0 0
R 387 184 0000008c fff10113
C 387 00000090 0 0 0 0 5 0
T 388 0000008c 1 1 0 0 0 0 0 0 1 0 0 1 0 0
R 388 185 00000090 fe011ee3
C 388 0000008c 1 0 0 0 5 0
T 389 00000090 1 1 0 0 0 0 0 0 1 0 1 1 0 0
W 389 2 00000058 000000000
C 389 00000090 1 0 0 1 5 0
T 390 00000090 0 1 0 0 0 0 0 0 1 0 0 0 0 0
R 390 186 0000008c fff10113
C 390 00000090 0 0 0 0 5 0
T 391 0000008c 1 1 0 0 0 0 0 0 1 0 0 1 0 0
R 391 187 00000090 fe011ee3
C 391 0000008c 1 0 0 0 5 0
T 392 00000090 1 1 0 0 0 0 0 0 1 0 1 1 0 0
W 392 2 00000057 000000000
C 392 00000090 1 0 0 1 5 0
T 393 00000090 0 1 0 0 0 0 0 0 1 0 0 0 0 0
R 393 188 0000008c fff10113
C 393 00000090 0 0 0 0 5 0
T 394 0000008c 1 1 0 0 0 0 0 0 1 0 0 1 0 0
R 394 189 00000090 fe011ee3
C 394 0000008c 1 0 0 0 5 0
T 395 00000090 1 1 0 0 0 0 0 0 1 0 1 1 0 0
W 395 2 00000056 000000000
C 395 00000090 1 0 0 1 5 0
T 396 00000090 0 1 0 0 0 0 0 0 1 0 0 0 0 0
R 396 190 0000008c fff10113
C 396 00000090 0 0 0 0 5 0
T 397 0000008c 1 1 0 0 0 0 0 0 1 0 0 1 0 0
R 397 191 00000090 fe011ee3
C 397 0000008c 1 0 0 0 5 0
T 398 00000090 1 1 0 0 0 0 0 0 1 0 1 1 0 0
W 398 2 00000055 000000000
C 398 00000090 1 0 0 1 5 0
T 399 00000090 0 1 0 0 0 0 0 0 1 0 0 0 0 0
R 399 192 0000008c fff10113
C 399 00000090 0 0 0 0 5 0
T 400 0000008c 1 1 0 0 0 0 0 0 1 0 0 1 0 0
R 400 193 00000090 fe011ee3
C 400 0000008c 1 0 0 0 5 0
T 401 00000090 1 1 0 0 0 0 0 0 1 0 1 1 0 0
W 401 2 00000054 000000000
C 401 00000090 1 0 0 1 5 0
T 402 00000090 0 1 0 0 0 0 0 0 1 0 0 0 0 0
R 402 194 0000008c fff10113
C 402 00000090 0 0 0 0 5 0
T 403 0000008c 1 1 0 0 0 0 0 0 1 0 0 1 0 0
R 403 195 00000090 fe011ee3
C 403 0000008c 1 0 0 0 5 0
T 404 00000090 1 1 0 0 0 0 0 0 1 0 1 1 0 0
W 404 2 00000053 000000000
C 404 00000090 1 0 0 1 5 0
T 405 00000090 0 1 0 0 0 0 0 0 1 0 0 0 0 0
R 405 196 0000008c fff10113
C 405 00000090 0 0 0 0 5 0
T 406 0000008c 1 1 0 0 0 0 0 0 1 0 0 1 0 0
R 406 197 00000090 fe011ee3
C 406 0000008c 1 0 0 0 5 0
T 407 00000090 1 1 0 0 0 0 0 0 1 0 1 1 0 0
W 407 2 00000052 000000000
C 407 00000090 1 0 0 1 5 0
T 408 00000090 0 1 0 0 0 0 0 0 1 0 0 0 0 0
R 408 198 0000008c fff10113
C 408 00000090 0 0 0 0 5 0
T 409 0000008c 1 1 0 0 0 0 0 0 1 0 0 1 0 0
R 409 199 00000090 fe011ee3
C 409 0000008c 1 0 0 0 5 0
T 410 00000090 1 1 0 0 0 0 0 0 1 0 1 1 0 0
W 410 2 00000051 000000000
C 410 00000090 1 0 0 1 5 0
T 411 00000090 0 1 0 0 0 0 0 0 1 0 0 0 0 0
R 411 200 0000008c fff10113
C 411 00000090 0 0 0 0 5 0
T 412 0000008c 1 1 0 0 0 0 0 0 1 0 0 1 0 0
R 412 201 00000090 fe011ee3
C 412 0000008c 1 0 0 0 5 0
T 413 00000090 1 1 0 0 0 0 0 0 1 0 1 1 0 0
W 413 2 00000050 000000000
C 413 00000090 1 0 0 1 5 0
T 414 00000090 0 1 0 0 0 0 0 0 1 0 0 0 0 0
R 414 202 0000008c fff10113
C 414 00000090 0 0 0 0 5 0
T 415 0000008c 1 1 0 0 0 0 0 0 1 0 0 1 0 0
R 415 203 00000090 fe011ee3
C 415 0000008c 1 0 0 0 5 0
T 416 00000090 1 1 0 0 0 0 0 0 1 0 1 1 0 0
W 416 2 0000004f 000000000
C 416 00000090 1 0 0 1 5 0
T 417 00000090 0 1 0 0 0 0 0 0 1 0 0 0 0 0
R 417 204 0000008c fff10113
C 417 00000090 0 0 0 0 5 0
T 418 0000008c 1 1 0 0 0 0 0 0 1 0 0 1 0 0
R 418 205 00000090 fe011ee3
C 418 0000008c 1 0 0 0 5 0
T 419 00000090 1 1 0 0 0 0 0 0 1 0 1 1 0 0
W 419 2 0000004e 000000000
C 419 00000090 1 0 0 1 5 0
T 420 00000090 0 1 0 0 0 0 0 0 1 0 0 0 0 0
R 420 206 0000008c fff10113
C 420 00000090 0 0 0 0 5 0
T 421 0000008c 1 1 0 0 0 0 0 0 1 0 0 1 0 0
R 421 207 00000090 fe011ee3
C 421 0000008c 1 0 0 0 5 0
T 422 00000090 1 1 0 0 0 0 0 0 1 0 1 1 0 0
W 422 2 0000004d 000000000
C 422 00000090 1 0 0 1 5 0
T 423 00000090 0 1 0 0 0 0 0 0 1 0 0 0 0 0
R 423 208 0000008c fff10113
C 423 00000090 0 0 0 0 5 0
T 424 0000008c 1 1 0 0 0 0 0 0 1 0 0 1 0 0
R 424 209 00000090 fe011ee3
C 424 0000008c 1 0 0 0 5 0
T 425 00000090 1 1 0 0 0 0 0 0 1 0 1 1 0 0
W 425 2 0000004c 000000000
C 425 00000090 1 0 0 1 5 0
T 426 00000090 0 1 0 0 0 0 0 0 1 0 0 0 0 0
R 426 210 0000008c fff10113
C 426 00000090 0 0 0 0 5 0
T 427 0000008c 1 1 0 0 0 0 0 0 1 0 0 1 0 0
R 427 211 00000090 fe011ee3
C 427 0000008c 1 0 0 0 5 0
T 428 00000090 1 1 0 0 0 0 0 0 1 0 1 1 0 0
W 428 2 0000004b 000000000
C 428 00000090 1 0 0 1 5 0
T 429 00000090 0 1 0 0 0 0 0 0 1 0 0 0 0 0
R 429 212 0000008c fff10113
C 429 00000090 0 0 0 0 5 0
T 430 0000008c 1 1 0 0 0 0 0 0 1 0 0 1 0 0
R 430 213 00000090 fe011ee3
C 430 0000008c 1 0 0 0 5 0
T 431 00000090 1 1 0 0 0 0 0 0 1 0 1 1 0 0
W 431 2 0000004a 000000000
C 431 00000090 1 0 0 1 5 0
T 432 00000090 0 1 0 0 0 0 0 0 1 0 0 0 0 0
R 432 214 0000008c fff10113
C 432 00000090 0 0 0 0 5 0
T 433 0000008c 1 1 0 0 0 0 0 0 1 0 0 1 0 0
R 433 215 00000090 fe011ee3
C 433 0000008c 1 0 0 0 5 0
T 434 00000090 1 1 0 0 0 0 0 0 1 0 1 1 0 0
W 434 2 00000049 000000000
C 434 00000090 1 0 0 1 5 0
T 435 00000090 0 1 0 0 0 0 0 0 1 0 0 0 0 0
R 435 216 0000008c fff10113
C 435 00000090 0 0 0 0 5 0
T 436 0000008c 1 1 0 0 0 0 0 0 1 0 0 1 0 0
R 436 217 00000090 fe011ee3
C 436 0000008c 1 0 0 0 5 0
T 437 00000090 1 1 0 0 0 0 0 0 1 0 1 1 0 0
W 437 2 00000048 000000000
C 437 00000090 1 0 0 1 5 0
T 438 00000090 0 1 0 0 0 0 0 0 1 0 0 0 0 0
R 438 218 0000008c fff10113
C 438 00000090 0 0 0 0 5 0
T 439 0000008c 1 1 0 0 0 0 0 0 1 0 0 1 0 0
R 439 219 00000090 fe011ee3
C 439 0000008c 1 0 0 0 5 0
T 440 00000090 1 1 0 0 0 0 0 0 1 0 1 1 0 0
W 440 2 00000047 000000000
C 440 00000090 1 0 0 1 5 0
T 441 00000090 0 1 0 0 0 0 0 0 1 0 0 0 0 0
R 441 220 0000008c fff10113
C 441 00000090 0 0 0 0 5 0
T 442 0000008c 1 1 0 0 0 0 0 0 1 0 0 1 0 0
R 442 221 00000090 fe011ee3
C 442 0000008c 1 0 0 0 5 0
T 443 00000090 1 1 0 0 0 0 0 0 1 0 1 1 0 0
W 443 2 00000046 000000000
C 443 00000090 1 0 0 1 5 0
T 444 00000090 0 1 0 0 0 0 0 0 1 0 0 0 0 0
R 444 222 0000008c fff10113
C 444 00000090 0 0 0 0 5 0
T 445 0000008c 1 1 0 0 0 0 0 0 1 0 0 1 0 0
R 445 223 00000090 fe011ee3
C 445 0000008c 1 0 0 0 5 0
T 446 00000090 1 1 0 0 0 0 0 0 1 0 1 1 0 0
W 446 2 00000045 000000000
C 446 00000090 1 0 0 1 5 0
T 447 00000090 0 1 0 0 0 0 0 0 1 0 0 0 0 0
R 447 224 0000008c fff10113
C 447 00000090 0 0 0 0 5 0
T 448 0000008c 1 1 0 0 0 0 0 0 1 0 0 1 0 0
R 448 225 00000090 fe011ee3
C 448 0000008c 1 0 0 0 5 0
T 449 00000090 1 1 0 0 0 0 0 0 1 0 1 1 0 0
W 449 2 00000044 000000000
C 449 00000090 1 0 0 1 5 0
T 450 00000090 0 1 0 0 0 0 0 0 1 0 0 0 0 0
R 450 226 0000008c fff10113
C 450 00000090 0 0 0 0 5 0
T 451 0000008c 1 1 0 0 0 0 0 0 1 0 0 1 0 0
R 451 227 00000090 fe011ee3
C 451 0000008c 1 0 0 0 5 0
T 452 00000090 1 1 0 0 0 0 0 0 1 0 1 1 0 0
W 452 2 00000043 000000000
C 452 00000090 1 0 0 1 5 0
T 453 00000090 0 1 0 0 0 0 0 0 1 0 0 0 0 0
R 453 228 0000008c fff10113
C 453 00000090 0 0 0 0 5 0
T 454 0000008c 1 1 0 0 0 0 0 0 1 0 0 1 0 0
R 454 229 00000090 fe011ee3
C 454 0000008c 1 0 0 0 5 0
T 455 00000090 1 1 0 0 0 0 0 0 1 0 1 1 0 0
W 455 2 00000042 000000000
C 455 00000090 1 0 0 1 5 0
T 456 00000090 0 1 0 0 0 0 0 0 1 0 0 0 0 0
R 456 230 0000008c fff10113
C 456 00000090 0 0 0 0 5 0
T 457 0000008c 1 1 0 0 0 0 0 0 1 0 0 1 0 0
R 457 231 00000090 fe011ee3
C 457 0000008c 1 0 0 0 5 0
T 458 00000090 1 1 0 0 0 0 0 0 1 0 1 1 0 0
W 458 2 00000041 000000000
C 458 00000090 1 0 0 1 5 0
T 459 00000090 0 1 0 0 0 0 0 0 1 0 0 0 0 0
R 459 232 0000008c fff10113
C 459 00000090 0 0 0 0 5 0
T 460 0000008c 1 1 0 0 0 0 0 0 1 0 0 1 0 0
R 460 233 00000090 fe011ee3
C 460 0000008c 1 0 0 0 5 0
T 461 00000090 1 1 0 0 0 0 0 0 1 0 1 1 0 0
W 461 2 00000040 000000000
C 461 00000090 1 0 0 1 5 0
T 462 00000090 0 1 0 0 0 0 0 0 1 0 0 0 0 0
R 462 234 0000008c fff10113
C 462 00000090 0 0 0 0 5 0
T 463 0000008c 1 1 0 0 0 0 0 0 1 0 0 1 0 0
R 463 235 00000090 fe011ee3
C 463 0000008c 1 0 0 0 5 0
T 464 00000090 1 1 0 0 0 0 0 0 1 0 1 1 0 0
W 464 2 0000003f 000000000
C 464 00000090 1 0 0 1 5 0
T 465 00000090 0 1 0 0 0 0 0 0 1 0 0 0 0 0
R 465 236 0000008c fff10113
C 465 00000090 0 0 0 0 5 0
T 466 0000008c 1 1 0 0 0 0 0 0 1 0 0 1 0 0
R 466 237 00000090 fe011ee3
C 466 0000008c 1 0 0 0 5 0
T 467 00000090 1 1 0 0 0 0 0 0 1 0 1 1 0 0
W 467 2 0000003e 000000000
C 467 00000090 1 0 0 1 5 0
T 468 00000090 0 1 0 0 0 0 0 0 1 0 0 0 0 0
R 468 238 0000008c fff10113
C 468 00000090 0 0 0 0 5 0
T 469 0000008c 1 1 0 0 0 0 0 0 1 0 0 1 0 0
R 469 239 00000090 fe011ee3
C 469 0000008c 1 0 0 0 5 0
T 470 00000090 1 1 0 0 0 0 0 0 1 0 1 1 0 0
W 470 2 0000003d 000000000
C 470 00000090 1 0 0 1 5 0
T 471 00000090 0 1 0 0 0 0 0 0 1 0 0 0 0 0
R 471 240 0000008c fff10113
C 471 00000090 0 0 0 0 5 0
T 472 0000008c 1 1 0 0 0 0 0 0 1 0 0 1 0 0
R 472 241 00000090 fe011ee3
C 472 0000008c 1 0 0 0 5 0
T 473 00000090 1 1 0 0 0 0 0 0 1 0 1 1 0 0
W 473 2 0000003c 000000000
C 473 00000090 1 0 0 1 5 0
T 474 00000090 0 1 0 0 0 0 0 0 1 0 0 0 0 0
R 474 242 0000008c fff10113
C 474 00000090 0 0 0 0 5 0
T 475 0000008c 1 1 0 0 0 0 0 0 1 0 0 1 0 0
R 475 243 00000090 fe011ee3
C 475 0000008c 1 0 0 0 5 0
T 476 00000090 1 1 0 0 0 0 0 0 1 0 1 1 0 0
W 476 2 0000003b 000000000
C 476 00000090 1 0 0 1 5 0
T 477 00000090 0 1 0 0 0 0 0 0 1 0 0 0 0 0
R 477 244 0000008c fff10113
C 477 00000090 0 0 0 0 5 0
T 478 0000008c 1 1 0 0 0 0 0 0 1 0 0 1 0 0
R 478 245 00000090 fe011ee3
C 478 0000008c 1 0 0 0 5 0
T 479 00000090 1 1 0 0 0 0 0 0 1 0 1 1 0 0
W 479 2 0000003a 000000000
C 479 00000090 1 0 0 1 5 0
T 480 00000090 0 1 0 0 0 0 0 0 1 0 0 0 0 0
R 480 246 0000008c fff10113
C 480 00000090 0 0 0 0 5 0
T 481 0000008c 1 1 0 0 0 0 0 0 1 0 0 1 0 0
R 481 247 00000090 fe011ee3
C 481 0000008c 1 0 0 0 5 0
T 482 00000090 1 1 0 0 0 0 0 0 1 0 1 1 0 0
W 482 2 00000039 000000000
C 482 00000090 1 0 0 1 5 0
T 483 00000090 0 1 0 0 0 0 0 0 1 0 0 0 0 0
R 483 248 0000008c fff10113
C 483 00000090 0 0 0 0 5 0
T 484 0000008c 1 1 0 0 0 0 0 0 1 0 0 1 0 0
R 484 249 00000090 fe011ee3
C 484 0000008c 1 0 0 0 5 0
T 485 00000090 1 1 0 0 0 0 0 0 1 0 1 1 0 0
W 485 2 00000038 000000000
C 485 00000090 1 0 0 1 5 0
T 486 00000090 0 1 0 0 0 0 0 0 1 0 0 0 0 0
R 486 250 0000008c fff10113
C 486 00000090 0 0 0 0 5 0
T 487 0000008c 1 1 0 0 0 0 0 0 1 0 0 1 0 0
R 487 251 00000090 fe011ee3
C 487 0000008c 1 0 0 0 5 0
T 488 00000090 1 1 0 0 0 0 0 0 1 0 1 1 0 0
W 488 2 00000037 000000000
C 488 00000090 1 0 0 1 5 0
T 489 00000090 0 1 0 0 0 0 0 0 1 0 0 0 0 0
R 489 252 0000008c fff10113
C 489 00000090 0 0 0 0 5 0
T 490 0000008c 1 1 0 0 0 0 0 0 1 0 0 1 0 0
R 490 253 00000090 fe011ee3
C 490 0000008c 1 0 0 0 5 0
T 491 00000090 1 1 0 0 0 0 0 0 1 0 1 1 0 0
W 491 2 00000036 000000000
C 491 00000090 1 0 0 1 5 0
T 492 00000090 0 1 0 0 0 0 0 0 1 0 0 0 0 0
R 492 254 0000008c fff10113
C 492 00000090 0 0 0 0 5 0
T 493 0000008c 1 1 0 0 0 0 0 0 1 0 0 1 0 0
R 493 255 00000090 fe011ee3
C 493 0000008c 1 0 0 0 5 0
T 494 00000090 1 1 0 0 0 0 0 0 1 0 1 1 0 0
W 494 2 00000035 000000000
C 494 00000090 1 0 0 1 5 0
T 495 00000090 0 1 0 0 0 0 0 0 1 0 0 0 0 0
R 495 256 0000008c fff10113
C 495 00000090 0 0 0 0 5 0
T 496 0000008c 1 1 0 0 0 0 0 0 1 0 0 1 0 0
R 496 257 00000090 fe011ee3
C 496 0000008c 1 0 0 0 5 0
T 497 00000090 1 1 0 0 0 0 0 0 1 0 1 1 0 0
W 497 2 00000034 000000000
C 497 00000090 1 0 0 1 5 0
T 498 00000090 0 1 0 0 0 0 0 0 1 0 0 0 0 0
R 498 258 0000008c fff10113
C 498 00000090 0 0 0 0 5 0
T 499 0000008c 1 1 0 0 0 0 0 0 1 0 0 1 0 0
R 499 259 00000090 fe011ee3
C 499 0000008c 1 0 0 0 5 0
T 500 00000090 1 1 0 0 0 0 0 0 1 0 1 1 0 0
W 500 2 00000033 000000000
C 500 00000090 1 0 0 1 5 0
T 501 00000090 0 1 0 0 0 0 0 0 1 0 0 0 0 0
R 501 260 0000008c fff10113
C 501 00000090 0 0 0 0 5 0
T 502 0000008c 1 1 0 0 0 0 0 0 1 0 0 1 0 0
R 502 261 00000090 fe011ee3
C 502 0000008c 1 0 0 0 5 0
T 503 00000090 1 1 0 0 0 0 0 0 1 0 1 1 0 0
W 503 2 00000032 000000000
C 503 00000090 1 0 0 1 5 0
T 504 00000090 0 1 0 0 0 0 0 0 1 0 0 0 0 0
R 504 262 0000008c fff10113
C 504 00000090 0 0 0 0 5 0
T 505 0000008c 1 1 0 0 0 0 0 0 1 0 0 1 0 0
R 505 263 00000090 fe011ee3
C 505 0000008c 1 0 0 0 5 0
T 506 00000090 1 1 0 0 0 0 0 0 1 0 1 1 0 0
W 506 2 00000031 000000000
C 506 00000090 1 0 0 1 5 0
T 507 00000090 0 1 0 0 0 0 0 0 1 0 0 0 0 0
R 507 264 0000008c fff10113
C 507 00000090 0 0 0 0 5 0
T 508 0000008c 1 1 0 0 0 0 0 0 1 0 0 1 0 0
R 508 265 00000090 fe011ee3
C 508 0000008c 1 0 0 0 5 0
T 509 00000090 1 1 0 0 0 0 0 0 1 0 1 1 0 0
W 509 2 00000030 000000000
C 509 00000090 1 0 0 1 5 0
T 510 00000090 0 1 0 0 0 0 0 0 1 0 0 0 0 0
R 510 266 0000008c fff10113
C 510 00000090 0 0 0 0 5 0
T 511 0000008c 1 1 0 0 0 0 0 0 1 0 0 1 0 0
R 511 267 00000090 fe011ee3
C 511 0000008c 1 0 0 0 5 0
T 512 00000090 1 1 0 0 0 0 0 0 1 0 1 1 0 0
W 512 2 0000002f 000000000
C 512 00000090 1 0 0 1 5 0
T 513 00000090 0 1 0 0 0 0 0 0 1 0 0 0 0 0
R 513 268 0000008c fff10113
C 513 00000090 0 0 0 0 5 0
T 514 0000008c 1 1 0 0 0 0 0 0 1 0 0 1 0 0
R 514 269 00000090 fe011ee3
C 514 0000008c 1 0 0 0 5 0
T 515 00000090 1 1 0 0 0 0 0 0 1 0 1 1 0 0
W 515 2 0000002e 000000000
C 515 00000090 1 0 0 1 5 0
T 516 00000090 0 1 0 0 0 0 0 0 1 0 0 0 0 0
R 516 270 0000008c fff10113
C 516 00000090 0 0 0 0 5 0
T 517 0000008c 1 1 0 0 0 0 0 0 1 0 0 1 0 0
R 517 271 00000090 fe011ee3
C 517 0000008c 1 0 0 0 5 0
T 518 00000090 1 1 0 0 0 0 0 0 1 0 1 1 0 0
W 518 2 0000002d 000000000
C 518 00000090 1 0 0 1 5 0
T 519 00000090 0 1 0 0 0 0 0 0 1 0 0 0 0 0
R 519 272 0000008c fff10113
C 519 00000090 0 0 0 0 5 0
T 520 0000008c 1 1 0 0 0 0 0 0 1 0 0 1 0 0
R 520 273 00000090 fe011ee3
C 520 0000008c 1 0 0 0 5 0
T 521 00000090 1 1 0 0 0 0 0 0 1 0 1 1 0 0
W 521 2 0000002c 000000000
C 521 00000090 1 0 0 1 5 0
T 522 00000090 0 1 0 0 0 0 0 0 1 0 0 0 0 0
R 522 274 0000008c fff10113
C 522 00000090 0 0 0 0 5 0
T 523 0000008c 1 1 0 0 0 0 0 0 1 0 0 1 0 0
R 523 275 00000090 fe011ee3
C 523 0000008c 1 0 0 0 5 0
T 524 00000090 1 1 0 0 0 0 0 0 1 0 1 1 0 0
W 524 2 0000002b 000000000
C 524 00000090 1 0 0 1 5 0
T 525 00000090 0 1 0 0 0 0 0 0 1 0 0 0 0 0
R 525 276 0000008c fff10113
C 525 00000090 0 0 0 0 5 0
T 526 0000008c 1 1 0 0 0 0 0 0 1 0 0 1 0 0
R 526 277 00000090 fe011ee3
C 526 0000008c 1 0 0 0 5 0
T 527 00000090 1 1 0 0 0 0 0 0 1 0 1 1 0 0
W 527 2 0000002a 000000000
C 527 00000090 1 0 0 1 5 0
T 528 00000090 0 1 0 0 0 0 0 0 1 0 0 0 0 0
R 528 278 0000008c fff10113
C 528 00000090 0 0 0 0 5 0
T 529 0000008c 1 1 0 0 0 0 0 0 1 0 0 1 0 0
R 529 279 00000090 fe011ee3
C 529 0000008c 1 0 0 0 5 0
T 530 00000090 1 1 0 0 0 0 0 0 1 0 1 1 0 0
W 530 2 00000029 000000000
C 530 00000090 1 0 0 1 5 0
T 531 00000090 0 1 0 0 0 0 0 0 1 0 0 0 0 0
R 531 280 0000008c fff10113
C 531 00000090 0 0 0 0 5 0
T 532 0000008c 1 1 0 0 0 0 0 0 1 0 0 1 0 0
R 532 281 00000090 fe011ee3
C 532 0000008c 1 0 0 0 5 0
T 533 00000090 1 1 0 0 0 0 0 0 1 0 1 1 0 0
W 533 2 00000028 000000000
C 533 00000090 1 0 0 1 5 0
T 534 00000090 0 1 0 0 0 0 0 0 1 0 0 0 0 0
R 534 282 0000008c fff10113
C 534 00000090 0 0 0 0 5 0
T 535 0000008c 1 1 0 0 0 0 0 0 1 0 0 1 0 0
R 535 283 00000090 fe011ee3
C 535 0000008c 1 0 0 0 5 0
T 536 00000090 1 1 0 0 0 0 0 0 1 0 1 1 0 0
W 536 2 00000027 000000000
C 536 00000090 1 0 0 1 5 0
T 537 00000090 0 1 0 0 0 0 0 0 1 0 0 0 0 0
R 537 284 0000008c fff10113
C 537 00000090 0 0 0 0 5 0
T 538 0000008c 1 1 0 0 0 0 0 0 1 0 0 1 0 0
R 538 285 00000090 fe011ee3
C 538 0000008c 1 0 0 0 5 0
T 539 00000090 1 1 0 0 0 0 0 0 1 0 1 1 0 0
W 539 2 00000026 000000000
C 539 00000090 1 0 0 1 5 0
T 540 00000090 0 1 0 0 0 0 0 0 1 0 0 0 0 0
R 540 286 0000008c fff10113
C 540 00000090 0 0 0 0 5 0
T 541 0000008c 1 1 0 0 0 0 0 0 1 0 0 1 0 0
R 541 287 00000090 fe011ee3
C 541 0000008c 1 0 0 0 5 0
T 542 00000090 1 1 0 0 0 0 0 0 1 0 1 1 0 0
W 542 2 00000025 000000000
C 542 00000090 1 0 0 1 5 0
T 543 00000090 0 1 0 0 0 0 0 0 1 0 0 0 0 0
R 543 288 0000008c fff10113
C 543 00000090 0 0 0 0 5 0
T 544 0000008c 1 1 0 0 0 0 0 0 1 0 0 1 0 0
R 544 289 00000090 fe011ee3
C 544 0000008c 1 0 0 0 5 0
T 545 00000090 1 1 0 0 0 0 0 0 1 0 1 1 0 0
W 545 2 00000024 000000000
C 545 00000090 1 0 0 1 5 0
T 546 00000090 0 1 0 0 0 0 0 0 1 0 0 0 0 0
R 546 290 0000008c fff10113
C 546 00000090 0 0 0 0 5 0
T 547 0000008c 1 1 0 0 0 0 0 0 1 0 0 1 0 0
R 547 291 00000090 fe011ee3
C 547 0000008c 1 0 0 0 5 0
T 548 00000090 1 1 0 0 0 0 0 0 1 0 1 1 0 0
W 548 2 00000023 000000000
C 548 00000090 1 0 0 1 5 0
T 549 00000090 0 1 0 0 0 0 0 0 1 0 0 0 0 0
R 549 292 0000008c fff10113
C 549 00000090 0 0 0 0 5 0
T 550 0000008c 1 1 0 0 0 0 0 0 1 0 0 1 0 0
R 550 293 00000090 fe011ee3
C 550 0000008c 1 0 0 0 5 0
T 551 00000090 1 1 0 0 0 0 0 0 1 0 1 1 0 0
W 551 2 00000022 000000000
C 551 00000090 1 0 0 1 5 0
T 552 00000090 0 1 0 0 0 0 0 0 1 0 0 0 0 0
R 552 294 0000008c fff10113
C 552 00000090 0 0 0 0 5 0
T 553 0000008c 1 1 0 0 0 0 0 0 1 0 0 1 0 0
R 553 295 00000090 fe011ee3
C 553 0000008c 1 0 0 0 5 0
T 554 00000090 1 1 0 0 0 0 0 0 1 0 1 1 0 0
W 554 2 00000021 000000000
C 554 00000090 1 0 0 1 5 0
T 555 00000090 0 1 0 0 0 0 0 0 1 0 0 0 0 0
R 555 296 0000008c fff10113
C 555 00000090 0 0 0 0 5 0
T 556 0000008c 1 1 0 0 0 0 0 0 1 0 0 1 0 0
R 556 297 00000090 fe011ee3
C 556 0000008c 1 0 0 0 5 0
T 557 00000090 1 1 0 0 0 0 0 0 1 0 1 1 0 0
W 557 2 00000020 000000000
C 557 00000090 1 0 0 1 5 0
T 558 00000090 0 1 0 0 0 0 0 0 1 0 0 0 0 0
R 558 298 0000008c fff10113
C 558 00000090 0 0 0 0 5 0
T 559 0000008c 1 1 0 0 0 0 0 0 1 0 0 1 0 0
R 559 299 00000090 fe011ee3
C 559 0000008c 1 0 0 0 5 0
T 560 00000090 1 1 0 0 0 0 0 0 1 0 1 1 0 0
W 560 2 0000001f 000000000
C 560 00000090 1 0 0 1 5 0
T 561 00000090 0 1 0 0 0 0 0 0 1 0 0 0 0 0
R 561 300 0000008c fff10113
C 561 00000090 0 0 0 0 5 0
T 562 0000008c 1 1 0 0 0 0 0 0 1 0 0 1 0 0
R 562 301 00000090 fe011ee3
C 562 0000008c 1 0 0 0 5 0
T 563 00000090 1 1 0 0 0 0 0 0 1 0 1 1 0 0
W 563 2 0000001e 000000000
C 563 00000090 1 0 0 1 5 0
T 564 00000090 0 1 0 0 0 0 0 0 1 0 0 0 0 0
R 564 302 0000008c fff10113
C 564 00000090 0 0 0 0 5 0
T 565 0000008c 1 1 0 0 0 0 0 0 1 0 0 1 0 0
R 565 303 00000090 fe011ee3
C 565 0000008c 1 0 0 0 5 0
T 566 00000090 1 1 0 0 0 0 0 0 1 0 1 1 0 0
W 566 2 0000001d 000000000
C 566 00000090 1 0 0 1 5 0
T 567 00000090 0 1 0 0 0 0 0 0 1 0 0 0 0 0
R 567 304 0000008c fff10113
C 567 00000090 0 0 0 0 5 0
T 568 0000008c 1 1 0 0 0 0 0 0 1 0 0 1 0 0
R 568 305 00000090 fe011ee3
C 568 0000008c 1 0 0 0 5 0
T 569 00000090 1 1 0 0 0 0 0 0 1 0 1 1 0 0
W 569 2 0000001c 000000000
C 569 00000090 1 0 0 1 5 0
T 570 00000090 0 1 0 0 0 0 0 0 1 0 0 0 0 0
R 570 306 0000008c fff10113
C 570 00000090 0 0 0 0 5 0
T 571 0000008c 1 1 0 0 0 0 0 0 1 0 0 1 0 0
R 571 307 00000090 fe011ee3
C 571 0000008c 1 0 0 0 5 0
T 572 00000090 1 1 0 0 0 0 0 0 1 0 1 1 0 0
W 572 2 0000001b 000000000
C 572 00000090 1 0 0 1 5 0
T 573 00000090 0 1 0 0 0 0 0 0 1 0 0 0 0 0
R 573 308 0000008c fff10113
C 573 00000090 0 0 0 0 5 0
T 574 0000008c 1 1 0 0 0 0 0 0 1 0 0 1 0 0
R 574 309 00000090 fe011ee3
C 574 0000008c 1 0 0 0 5 0
T 575 00000090 1 1 0 0 0 0 0 0 1 0 1 1 0 0
W 575 2 0000001a 000000000
C 575 00000090 1 0 0 1 5 0
T 576 00000090 0 1 0 0 0 0 0 0 1 0 0 0 0 0
R 576 310 0000008c fff10113
C 576 00000090 0 0 0 0 5 0
T 577 0000008c 1 1 0 0 0 0 0 0 1 0 0 1 0 0
R 577 311 00000090 fe011ee3
C 577 0000008c 1 0 0 0 5 0
T 578 00000090 1 1 0 0 0 0 0 0 1 0 1 1 0 0
W 578 2 00000019 000000000
C 578 00000090 1 0 0 1 5 0
T 579 00000090 0 1 0 0 0 0 0 0 1 0 0 0 0 0
R 579 312 0000008c fff10113
C 579 00000090 0 0 0 0 5 0
T 580 0000008c 1 1 0 0 0 0 0 0 1 0 0 1 0 0
R 580 313 00000090 fe011ee3
C 580 0000008c 1 0 0 0 5 0
T 581 00000090 1 1 0 0 0 0 0 0 1 0 1 1 0 0
W 581 2 00000018 000000000
C 581 00000090 1 0 0 1 5 0
T 582 00000090 0 1 0 0 0 0 0 0 1 0 0 0 0 0
R 582 314 0000008c fff10113
C 582 00000090 0 0 0 0 5 0
T 583 0000008c 1 1 0 0 0 0 0 0 1 0 0 1 0 0
R 583 315 00000090 fe011ee3
C 583 0000008c 1 0 0 0 5 0
T 584 00000090 1 1 0 0 0 0 0 0 1 0 1 1 0 0
W 584 2 00000017 000000000
C 584 00000090 1 0 0 1 5 0
T 585 00000090 0 1 0 0 0 0 0 0 1 0 0 0 0 0
R 585 316 0000008c fff10113
C 585 00000090 0 0 0 0 5 0
T 586 0000008c 1 1 0 0 0 0 0 0 1 0 0 1 0 0
R 586 317 00000090 fe011ee3
C 586 0000008c 1 0 0 0 5 0
T 587 00000090 1 1 0 0 0 0 0 0 1 0 1 1 0 0
W 587 2 00000016 000000000
C 587 00000090 1 0 0 1 5 0
T 588 00000090 0 1 0 0 0 0 0 0 1 0 0 0 0 0
R 588 318 0000008c fff10113
C 588 00000090 0 0 0 0 5 0
T 589 0000008c 1 1 0 0 0 0 0 0 1 0 0 1 0 0
R 589 319 00000090 fe011ee3
C 589 0000008c 1 0 0 0 5 0
T 590 00000090 1 1 0 0 0 0 0 0 1 0 1 1 0 0
W 590 2 00000015 000000000
C 590 00000090 1 0 0 1 5 0
T 591 00000090 0 1 0 0 0 0 0 0 1 0 0 0 0 0
R 591 320 0000008c fff10113
C 591 00000090 0 0 0 0 5 0
T 592 0000008c 1 1 0 0 0 0 0 0 1 0 0 1 0 0
R 592 321 00000090 fe011ee3
C 592 0000008c 1 0 0 0 5 0
T 593 00000090 1 1 0 0 0 0 0 0 1 0 1 1 0 0
W 593 2 00000014 000000000
C 593 00000090 1 0 0 1 5 0
T 594 00000090 0 1 0 0 0 0 0 0 1 0 0 0 0 0
R 594 322 0000008c fff10113
C 594 00000090 0 0 0 0 5 0
T 595 0000008c 1 1 0 0 0 0 0 0 1 0 0 1 0 0
R 595 323 00000090 fe011ee3
C 595 0000008c 1 0 0 0 5 0
T 596 00000090 1 1 0 0 0 0 0 0 1 0 1 1 0 0
W 596 2 00000013 000000000
C 596 00000090 1 0 0 1 5 0
T 597 00000090 0 1 0 0 0 0 0 0 1 0 0 0 0 0
R 597 324 0000008c fff10113
C 597 00000090 0 0 0 0 5 0
T 598 0000008c 1 1 0 0 0 0 0 0 1 0 0 1 0 0
R 598 325 00000090 fe011ee3
C 598 0000008c 1 0 0 0 5 0
T 599 00000090 1 1 0 0 0 0 0 0 1 0 1 1 0 0
W 599 2 00000012 000000000
C 599 00000090 1 0 0 1 5 0
T 600 00000090 0 1 0 0 0 0 0 0 1 0 0 0 0 0
R 600 326 0000008c fff10113
C 600 00000090 0 0 0 0 5 0
T 601 0000008c 1 1 0 0 0 0 0 0 1 0 0 1 0 0
R 601 327 00000090 fe011ee3
C 601 0000008c 1 0 0 0 5 0
T 602 00000090 1 1 0 0 0 0 0 0 1 0 1 1 0 0
W 602 2 00000011 000000000
C 602 00000090 1 0 0 1 5 0
T 603 00000090 0 1 0 0 0 0 0 0 1 0 0 0 0 0
R 603 328 0000008c fff10113
C 603 00000090 0 0 0 0 5 0
T 604 0000008c 1 1 0 0 0 0 0 0 1 0 0 1 0 0
R 604 329 00000090 fe011ee3
C 604 0000008c 1 0 0 0 5 0
T 605 00000090 1 1 0 0 0 0 0 0 1 0 1 1 0 0
W 605 2 00000010 000000000
C 605 00000090 1 0 0 1 5 0
T 606 00000090 0 1 0 0 0 0 0 0 1 0 0 0 0 0
R 606 330 0000008c fff10113
C 606 00000090 0 0 0 0 5 0
T 607 0000008c 1 1 0 0 0 0 0 0 1 0 0 1 0 0
R 607 331 00000090 fe011ee3
C 607 0000008c 1 0 0 0 5 0
T 608 00000090 1 1 0 0 0 0 0 0 1 0 1 1 0 0
W 608 2 0000000f 000000000
C 608 00000090 1 0 0 1 5 0
T 609 00000090 0 1 0 0 0 0 0 0 1 0 0 0 0 0
R 609 332 0000008c fff10113
C 609 00000090 0 0 0 0 5 0
T 610 0000008c 1 1 0 0 0 0 0 0 1 0 0 1 0 0
R 610 333 00000090 fe011ee3
C 610 0000008c 1 0 0 0 5 0
T 611 00000090 1 1 0 0 0 0 0 0 1 0 1 1 0 0
W 611 2 0000000e 000000000
C 611 00000090 1 0 0 1 5 0
T 612 00000090 0 1 0 0 0 0 0 0 1 0 0 0 0 0
R 612 334 0000008c fff10113
C 612 00000090 0 0 0 0 5 0
T 613 0000008c 1 1 0 0 0 0 0 0 1 0 0 1 0 0
R 613 335 00000090 fe011ee3
C 613 0000008c 1 0 0 0 5 0
T 614 00000090 1 1 0 0 0 0 0 0 1 0 1 1 0 0
W 614 2 0000000d 000000000
C 614 00000090 1 0 0 1 5 0
T 615 00000090 0 1 0 0 0 0 0 0 1 0 0 0 0 0
R 615 336 0000008c fff10113
C 615 00000090 0 0 0 0 5 0
T 616 0000008c 1 1 0 0 0 0 0 0 1 0 0 1 0 0
R 616 337 00000090 fe011ee3
C 616 0000008c 1 0 0 0 5 0
T 617 00000090 1 1 0 0 0 0 0 0 1 0 1 1 0 0
W 617 2 0000000c 000000000
C 617 00000090 1 0 0 1 5 0
T 618 00000090 0 1 0 0 0 0 0 0 1 0 0 0 0 0
R 618 338 0000008c fff10113
C 618 00000090 0 0 0 0 5 0
T 619 0000008c 1 1 0 0 0 0 0 0 1 0 0 1 0 0
R 619 339 00000090 fe011ee3
C 619 0000008c 1 0 0 0 5 0
T 620 00000090 1 1 0 0 0 0 0 0 1 0 1 1 0 0
W 620 2 0000000b 000000000
C 620 00000090 1 0 0 1 5 0
T 621 00000090 0 1 0 0 0 0 0 0 1 0 0 0 0 0
R 621 340 0000008c fff10113
C 621 00000090 0 0 0 0 5 0
T 622 0000008c 1 1 0 0 0 0 0 0 1 0 0 1 0 0
R 622 341 00000090 fe011ee3
C 622 0000008c 1 0 0 0 5 0
T 623 00000090 1 1 0 0 0 0 0 0 1 0 1 1 0 0
W 623 2 0000000a 000000000
C 623 00000090 1 0 0 1 5 0
T 624 00000090 0 1 0 0 0 0 0 0 1 0 0 0 0 0
R 624 342 0000008c fff10113
C 624 00000090 0 0 0 0 5 0
T 625 0000008c 1 1 0 0 0 0 0 0 1 0 0 1 0 0
R 625 343 00000090 fe011ee3
C 625 0000008c 1 0 0 0 5 0
T 626 00000090 1 1 0 0 0 0 0 0 1 0 1 1 0 0
W 626 2 00000009 000000000
C 626 00000090 1 0 0 1 5 0
T 627 00000090 0 1 0 0 0 0 0 0 1 0 0 0 0 0
R 627 344 0000008c fff10113
C 627 00000090 0 0 0 0 5 0
T 628 0000008c 1 1 0 0 0 0 0 0 1 0 0 1 0 0
R 628 345 00000090 fe011ee3
C 628 0000008c 1 0 0 0 5 0
T 629 00000090 1 1 0 0 0 0 0 0 1 0 1 1 0 0
W 629 2 00000008 000000000
C 629 00000090 1 0 0 1 5 0
T 630 00000090 0 1 0 0 0 0 0 0 1 0 0 0 0 0
R 630 346 0000008c fff10113
C 630 00000090 0 0 0 0 5 0
T 631 0000008c 1 1 0 0 0 0 0 0 1 0 0 1 0 0
R 631 347 00000090 fe011ee3
C 631 0000008c 1 0 0 0 5 0
T 632 00000090 1 1 0 0 0 0 0 0 1 0 1 1 0 0
W 632 2 00000007 000000000
C 632 00000090 1 0 0 1 5 0
T 633 00000090 0 1 0 0 0 0 0 0 1 0 0 0 0 0
R 633 348 0000008c fff10113
C 633 00000090 0 0 0 0 5 0
T 634 0000008c 1 1 0 0 0 0 0 0 1 0 0 1 0 0
R 634 349 00000090 fe011ee3
C 634 0000008c 1 0 0 0 5 0
T 635 00000090 1 1 0 0 0 0 0 0 1 0 1 1 0 0
W 635 2 00000006 000000000
C 635 00000090 1 0 0 1 5 0
T 636 00000090 0 1 0 0 0 0 0 0 1 0 0 0 0 0
R 636 350 0000008c fff10113
C 636 00000090 0 0 0 0 5 0
T 637 0000008c 1 1 0 0 0 0 0 0 1 0 0 1 0 0
R 637 351 00000090 fe011ee3
C 637 0000008c 1 0 0 0 5 0
T 638 00000090 1 1 0 0 0 0 0 0 1 0 1 1 0 0
W 638 2 00000005 000000000
C 638 00000090 1 0 0 1 5 0
T 639 00000090 0 1 0 0 0 0 0 0 1 0 0 0 0 0
R 639 352 0000008c fff10113
C 639 00000090 0 0 0 0 5 0
T 640 0000008c 1 1 0 0 0 0 0 0 1 0 0 1 0 0
R 640 353 00000090 fe011ee3
C 640 0000008c 1 0 0 0 5 0
T 641 00000090 1 1 0 0 0 0 0 0 1 0 1 1 0 0
W 641 2 00000004 000000000
C 641 00000090 1 0 0 1 5 0
T 642 00000090 0 1 0 0 0 0 0 0 1 0 0 0 0 0
R 642 354 0000008c fff10113
C 642 00000090 0 0 0 0 5 0
T 643 0000008c 1 1 0 0 0 0 0 0 1 0 0 1 0 0
R 643 355 00000090 fe011ee3
C 643 0000008c 1 0 0 0 5 0
T 644 00000090 1 1 0 0 0 0 0 0 1 0 1 1 0 0
W 644 2 00000003 000000000
C 644 00000090 1 0 0 1 5 0
T 645 00000090 0 1 0 0 0 0 0 0 1 0 0 0 0 0
R 645 356 0000008c fff10113
C 645 00000090 0 0 0 0 5 0
T 646 0000008c 1 1 0 0 0 0 0 0 1 0 0 1 0 0
R 646 357 00000090 fe011ee3
C 646 0000008c 1 0 0 0 5 0
T 647 00000090 1 1 0 0 0 0 0 0 1 0 1 1 0 0
W 647 2 00000002 000000000
C 647 00000090 1 0 0 1 5 0
T 648 00000090 0 1 0 0 0 0 0 0 1 0 0 0 0 0
R 648 358 0000008c fff10113
C 648 00000090 0 0 0 0 5 0
T 649 0000008c 1 1 0 0 0 0 0 0 1 0 0 1 0 0
R 649 359 00000090 fe011ee3
C 649 0000008c 1 0 0 0 5 0
T 650 00000090 1 1 0 0 0 0 0 0 1 0 1 1 0 0
W 650 2 00000001 000000000
C 650 00000090 1 0 0 1 5 0
T 651 00000090 0 1 0 0 0 0 0 0 1 0 0 0 0 0
R 651 360 0000008c fff10113
C 651 00000090 0 0 0 0 5 0
T 652 0000008c 1 1 0 0 0 0 0 0 1 0 0 1 0 0
R 652 361 00000090 fe011ee3
C 652 0000008c 1 0 0 0 5 0
T 653 00000090 1 1 0 0 0 0 0 0 1 0 0 1 0 0
W 653 2 00000000 000000000
C 653 00000090 1 0 0 0 5 0
T 654 00000094 1 1 0 0 0 0 0 0 1 0 1 1 0 0
R 654 362 0000008c fff10113
C 654 00000094 1 0 0 1 5 0
EVENT 655 8
T 655 00000094 0 0 0 0 0 0 0 0 1 0 0 0 0 0
R 655 363 00000090 fe011ee3
C 655 00000094 0 0 0 0 5 0
T 656 00000094 0 1 0 0 0 0 0 0 1 0 1 0 0 0
R 656 364 00000094 0000100f
C 656 00000094 0 0 0 1 8 0
T 657 00000094 0 1 0 0 0 0 0 0 1 0 0 0 0 0
C 657 00000094 0 0 0 0 5 1
T 658 1a110800 1 1 0 0 0 0 0 0 1 0 0 1 0 0
C 658 1a110800 1 0 0 0 5 1
KEY 659 response
T 659 1a110804 1 0 0 0 0 0 0 0 1 0 0 1 0 0
W 659 13 00000076 000000000
C 659 1a110804 1 0 0 0 5 1
T 660 1a110804 1 0 0 0 0 0 0 0 1 0 1 0 0 0
R 660 365 1a110800 07600693
C 660 1a110804 1 0 0 1 6 1
T 661 1a110804 0 1 0 0 0 0 0 0 1 0 0 0 0 0
R 661 366 1a110804 7b200073
C 661 1a110804 0 0 0 0 5 0
T 662 00000098 1 1 0 0 0 0 0 0 1 0 0 1 0 0
C 662 00000098 1 0 0 0 5 0
T 663 0000009c 1 1 0 0 0 0 0 0 1 0 1 1 0 0
W 663 15 0000007b 000000000
C 663 0000009c 1 0 0 1 5 0
T 664 0000009c 0 1 0 0 0 0 0 0 1 0 0 0 0 0
R 664 367 00000098 07b00793
C 664 0000009c 0 0 0 0 5 0
T 665 0000009c 1 1 0 0 0 0 0 0 1 0 1 1 0 0
R 665 368 0000009c 0000006f
C 665 0000009c 1 0 0 1 5 0
T 666 0000009c 0 1 0 0 0 0 0 0 1 0 0 0 0 0
C 666 0000009c 0 0 0 0 5 0
T 667 0000009c 1 1 0 0 0 0 0 0 1 0 1 1 0 0
R 667 369 0000009c 0000006f
C 667 0000009c 1 0 0 1 5 0
T 668 0000009c 0 1 0 0 0 0 0 0 1 0 0 0 0 0
C 668 0000009c 0 0 0 0 5 0
T 669 0000009c 1 1 0 0 0 0 0 0 1 0 1 1 0 0
R 669 370 0000009c 0000006f
C 669 0000009c 1 0 0 1 5 0
T 670 0000009c 0 1 0 0 0 0 0 0 1 0 0 0 0 0
C 670 0000009c 0 0 0 0 5 0
T 671 0000009c 1 1 0 0 0 0 0 0 1 0 1 1 0 0
R 671 371 0000009c 0000006f
C 671 0000009c 1 0 0 1 5 0
T 672 0000009c 0 1 0 0 0 0 0 0 1 0 0 0 0 0
C 672 0000009c 0 0 0 0 5 0
T 673 0000009c 1 1 0 0 0 0 0 0 1 0 1 1 0 0
R 673 372 0000009c 0000006f
C 673 0000009c 1 0 0 1 5 0
T 674 0000009c 0 1 0 0 0 0 0 0 1 0 0 0 0 0
C 674 0000009c 0 0 0 0 5 0
T 675 0000009c 1 1 0 0 0 0 0 0 1 0 1 1 0 0
R 675 373 0000009c 0000006f
C 675 0000009c 1 0 0 1 5 0
T 676 0000009c 0 1 0 0 0 0 0 0 1 0 0 0 0 0
C 676 0000009c 0 0 0 0 5 0
T 677 0000009c 1 1 0 0 0 0 0 0 1 0 1 1 0 0
R 677 374 0000009c 0000006f
C 677 0000009c 1 0 0 1 5 0
T 678 0000009c 0 1 0 0 0 0 0 0 1 0 0 0 0 0
C 678 0000009c 0 0 0 0 5 0
T 679 0000009c 1 1 0 0 0 0 0 0 1 0 1 1 0 0
R 679 375 0000009c 0000006f
C 679 0000009c 1 0 0 1 5 0
T 680 0000009c 0 1 0 0 0 0 0 0 1 0 0 0 0 0
C 680 0000009c 0 0 0 0 5 0
T 681 0000009c 1 1 0 0 0 0 0 0 1 0 1 1 0 0
R 681 376 0000009c 0000006f
C 681 0000009c 1 0 0 1 5 0
T 682 0000009c 0 1 0 0 0 0 0 0 1 0 0 0 0 0
C 682 0000009c 0 0 0 0 5 0
T 683 0000009c 1 1 0 0 0 0 0 0 1 0 1 1 0 0
R 683 377 0000009c 0000006f
C 683 0000009c 1 0 0 1 5 0
T 684 0000009c 0 1 0 0 0 0 0 0 1 0 0 0 0 0
C 684 0000009c 0 0 0 0 5 0
T 685 0000009c 1 1 0 0 0 0 0 0 1 0 1 1 0 0
R 685 378 0000009c 0000006f
C 685 0000009c 1 0 0 1 5 0
T 686 0000009c 0 1 0 0 0 0 0 0 1 0 0 0 0 0
C 686 0000009c 0 0 0 0 5 0
T 687 0000009c 1 1 0 0 0 0 0 0 1 0 1 1 0 0
R 687 379 0000009c 0000006f
C 687 0000009c 1 0 0 1 5 0
T 688 0000009c 0 1 0 0 0 0 0 0 1 0 0 0 0 0
C 688 0000009c 0 0 0 0 5 0
T 689 0000009c 1 1 0 0 0 0 0 0 1 0 1 1 0 0
R 689 380 0000009c 0000006f
C 689 0000009c 1 0 0 1 5 0
T 690 0000009c 0 1 0 0 0 0 0 0 1 0 0 0 0 0
C 690 0000009c 0 0 0 0 5 0
T 691 0000009c 1 1 0 0 0 0 0 0 1 0 1 1 0 0
R 691 381 0000009c 0000006f
C 691 0000009c 1 0 0 1 5 0
T 692 0000009c 0 1 0 0 0 0 0 0 1 0 0 0 0 0
C 692 0000009c 0 0 0 0 5 0
T 693 0000009c 1 1 0 0 0 0 0 0 1 0 1 1 0 0
R 693 382 0000009c 0000006f
C 693 0000009c 1 0 0 1 5 0
T 694 0000009c 0 1 0 0 0 0 0 0 1 0 0 0 0 0
C 694 0000009c 0 0 0 0 5 0
T 695 0000009c 1 1 0 0 0 0 0 0 1 0 1 1 0 0
R 695 383 0000009c 0000006f
C 695 0000009c 1 0 0 1 5 0
T 696 0000009c 0 1 0 0 0 0 0 0 1 0 0 0 0 0
C 696 0000009c 0 0 0 0 5 0
T 697 0000009c 1 1 0 0 0 0 0 0 1 0 1 1 0 0
R 697 384 0000009c 0000006f
C 697 0000009c 1 0 0 1 5 0
T 698 0000009c 0 1 0 0 0 0 0 0 1 0 0 0 0 0
C 698 0000009c 0 0 0 0 5 0
T 699 0000009c 1 1 0 0 0 0 0 0 1 0 1 1 0 0
R 699 385 0000009c 0000006f
C 699 0000009c 1 0 0 1 5 0
T 700 0000009c 0 1 0 0 0 0 0 0 1 0 0 0 0 0
C 700 0000009c 0 0 0 0 5 0
T 701 0000009c 1 1 0 0 0 0 0 0 1 0 1 1 0 0
R 701 386 0000009c 0000006f
C 701 0000009c 1 0 0 1 5 0
T 702 0000009c 0 1 0 0 0 0 0 0 1 0 0 0 0 0
C 702 0000009c 0 0 0 0 5 0
T 703 0000009c 1 1 0 0 0 0 0 0 1 0 1 1 0 0
R 703 387 0000009c 0000006f
C 703 0000009c 1 0 0 1 5 0
T 704 0000009c 0 1 0 0 0 0 0 0 1 0 0 0 0 0
C 704 0000009c 0 0 0 0 5 0
T 705 0000009c 1 1 0 0 0 0 0 0 1 0 1 1 0 0
R 705 388 0000009c 0000006f
C 705 0000009c 1 0 0 1 5 0
T 706 0000009c 0 1 0 0 0 0 0 0 1 0 0 0 0 0
C 706 0000009c 0 0 0 0 5 0
T 707 0000009c 1 1 0 0 0 0 0 0 1 0 1 1 0 0
R 707 389 0000009c 0000006f
C 707 0000009c 1 0 0 1 5 0
T 708 0000009c 0 1 0 0 0 0 0 0 1 0 0 0 0 0
C 708 0000009c 0 0 0 0 5 0
T 709 0000009c 1 1 0 0 0 0 0 0 1 0 1 1 0 0
R 709 390 0000009c 0000006f
C 709 0000009c 1 0 0 1 5 0
T 710 0000009c 0 1 0 0 0 0 0 0 1 0 0 0 0 0
C 710 0000009c 0 0 0 0 5 0
T 711 0000009c 1 1 0 0 0 0 0 0 1 0 1 1 0 0
R 711 391 0000009c 0000006f
C 711 0000009c 1 0 0 1 5 0
T 712 0000009c 0 1 0 0 0 0 0 0 1 0 0 0 0 0
C 712 0000009c 0 0 0 0 5 0
T 713 0000009c 1 1 0 0 0 0 0 0 1 0 1 1 0 0
R 713 392 0000009c 0000006f
C 713 0000009c 1 0 0 1 5 0
T 714 0000009c 0 1 0 0 0 0 0 0 1 0 0 0 0 0
C 714 0000009c 0 0 0 0 5 0
T 715 0000009c 1 1 0 0 0 0 0 0 1 0 1 1 0 0
R 715 393 0000009c 0000006f
C 715 0000009c 1 0 0 1 5 0
T 716 0000009c 0 1 0 0 0 0 0 0 1 0 0 0 0 0
C 716 0000009c 0 0 0 0 5 0
T 717 0000009c 1 1 0 0 0 0 0 0 1 0 1 1 0 0
R 717 394 0000009c 0000006f
C 717 0000009c 1 0 0 1 5 0
T 718 0000009c 0 1 0 0 0 0 0 0 1 0 0 0 0 0
C 718 0000009c 0 0 0 0 5 0
T 719 0000009c 1 1 0 0 0 0 0 0 1 0 1 1 0 0
R 719 395 0000009c 0000006f
C 719 0000009c 1 0 0 1 5 0
T 720 0000009c 0 1 0 0 0 0 0 0 1 0 0 0 0 0
C 720 0000009c 0 0 0 0 5 0
T 721 0000009c 1 1 0 0 0 0 0 0 1 0 1 1 0 0
R 721 396 0000009c 0000006f
C 721 0000009c 1 0 0 1 5 0
T 722 0000009c 0 1 0 0 0 0 0 0 1 0 0 0 0 0
C 722 0000009c 0 0 0 0 5 0
T 723 0000009c 1 1 0 0 0 0 0 0 1 0 1 1 0 0
R 723 397 0000009c 0000006f
C 723 0000009c 1 0 0 1 5 0
T 724 0000009c 0 1 0 0 0 0 0 0 1 0 0 0 0 0
C 724 0000009c 0 0 0 0 5 0
T 725 0000009c 1 1 0 0 0 0 0 0 1 0 1 1 0 0
R 725 398 0000009c 0000006f
C 725 0000009c 1 0 0 1 5 0
T 726 0000009c 0 1 0 0 0 0 0 0 1 0 0 0 0 0
C 726 0000009c 0 0 0 0 5 0
T 727 0000009c 1 1 0 0 0 0 0 0 1 0 1 1 0 0
R 727 399 0000009c 0000006f
C 727 0000009c 1 0 0 1 5 0
T 728 0000009c 0 1 0 0 0 0 0 0 1 0 0 0 0 0
C 728 0000009c 0 0 0 0 5 0
T 729 0000009c 1 1 0 0 0 0 0 0 1 0 1 1 0 0
R 729 400 0000009c 0000006f
C 729 0000009c 1 0 0 1 5 0
T 730 0000009c 0 1 0 0 0 0 0 0 1 0 0 0 0 0
C 730 0000009c 0 0 0 0 5 0
T 731 0000009c 1 1 0 0 0 0 0 0 1 0 1 1 0 0
R 731 401 0000009c 0000006f
C 731 0000009c 1 0 0 1 5 0
T 732 0000009c 0 1 0 0 0 0 0 0 1 0 0 0 0 0
C 732 0000009c 0 0 0 0 5 0
T 733 0000009c 1 1 0 0 0 0 0 0 1 0 1 1 0 0
R 733 402 0000009c 0000006f
C 733 0000009c 1 0 0 1 5 0
T 734 0000009c 0 1 0 0 0 0 0 0 1 0 0 0 0 0
C 734 0000009c 0 0 0 0 5 0
T 735 0000009c 1 1 0 0 0 0 0 0 1 0 1 1 0 0
R 735 403 0000009c 0000006f
C 735 0000009c 1 0 0 1 5 0
T 736 0000009c 0 1 0 0 0 0 0 0 1 0 0 0 0 0
C 736 0000009c 0 0 0 0 5 0
T 737 0000009c 1 1 0 0 0 0 0 0 1 0 1 1 0 0
R 737 404 0000009c 0000006f
C 737 0000009c 1 0 0 1 5 0
T 738 0000009c 0 1 0 0 0 0 0 0 1 0 0 0 0 0
C 738 0000009c 0 0 0 0 5 0
T 739 0000009c 1 1 0 0 0 0 0 0 1 0 1 1 0 0
R 739 405 0000009c 0000006f
C 739 0000009c 1 0 0 1 5 0
T 740 0000009c 0 1 0 0 0 0 0 0 1 0 0 0 0 0
C 740 0000009c 0 0 0 0 5 0
T 741 0000009c 1 1 0 0 0 0 0 0 1 0 1 1 0 0
R 741 406 0000009c 0000006f
C 741 0000009c 1 0 0 1 5 0
T 742 0000009c 0 1 0 0 0 0 0 0 1 0 0 0 0 0
C 742 0000009c 0 0 0 0 5 0
T 743 0000009c 1 1 0 0 0 0 0 0 1 0 1 1 0 0
R 743 407 0000009c 0000006f
C 743 0000009c 1 0 0 1 5 0
T 744 0000009c 0 1 0 0 0 0 0 0 1 0 0 0 0 0
C 744 0000009c 0 0 0 0 5 0
T 745 0000009c 1 1 0 0 0 0 0 0 1 0 1 1 0 0
R 745 408 0000009c 0000006f
C 745 0000009c 1 0 0 1 5 0
T 746 0000009c 0 1 0 0 0 0 0 0 1 0 0 0 0 0
C 746 0000009c 0 0 0 0 5 0
T 747 0000009c 1 1 0 0 0 0 0 0 1 0 1 1 0 0
R 747 409 0000009c 0000006f
C 747 0000009c 1 0 0 1 5 0
T 748 0000009c 0 1 0 0 0 0 0 0 1 0 0 0 0 0
C 748 0000009c 0 0 0 0 5 0
T 749 0000009c 1 1 0 0 0 0 0 0 1 0 1 1 0 0
R 749 410 0000009c 0000006f
C 749 0000009c 1 0 0 1 5 0
T 750 0000009c 0 1 0 0 0 0 0 0 1 0 0 0 0 0
C 750 0000009c 0 0 0 0 5 0
T 751 0000009c 1 1 0 0 0 0 0 0 1 0 1 1 0 0
R 751 411 0000009c 0000006f
C 751 0000009c 1 0 0 1 5 0
T 752 0000009c 0 1 0 0 0 0 0 0 1 0 0 0 0 0
C 752 0000009c 0 0 0 0 5 0
T 753 0000009c 1 1 0 0 0 0 0 0 1 0 1 1 0 0
R 753 412 0000009c 0000006f
C 753 0000009c 1 0 0 1 5 0
T 754 0000009c 0 1 0 0 0 0 0 0 1 0 0 0 0 0
C 754 0000009c 0 0 0 0 5 0
T 755 0000009c 1 1 0 0 0 0 0 0 1 0 1 1 0 0
R 755 413 0000009c 0000006f
C 755 0000009c 1 0 0 1 5 0
T 756 0000009c 0 1 0 0 0 0 0 0 1 0 0 0 0 0
C 756 0000009c 0 0 0 0 5 0
T 757 0000009c 1 1 0 0 0 0 0 0 1 0 1 1 0 0
R 757 414 0000009c 0000006f
C 757 0000009c 1 0 0 1 5 0
T 758 0000009c 0 1 0 0 0 0 0 0 1 0 0 0 0 0
C 758 0000009c 0 0 0 0 5 0
T 759 0000009c 1 1 0 0 0 0 0 0 1 0 1 1 0 0
R 759 415 0000009c 0000006f
C 759 0000009c 1 0 0 1 5 0
T 760 0000009c 0 1 0 0 0 0 0 0 1 0 0 0 0 0
C 760 0000009c 0 0 0 0 5 0
T 761 0000009c 1 1 0 0 0 0 0 0 1 0 1 1 0 0
R 761 416 0000009c 0000006f
C 761 0000009c 1 0 0 1 5 0
T 762 0000009c 0 1 0 0 0 0 0 0 1 0 0 0 0 0
C 762 0000009c 0 0 0 0 5 0
T 763 0000009c 1 1 0 0 0 0 0 0 1 0 1 1 0 0
R 763 417 0000009c 0000006f
C 763 0000009c 1 0 0 1 5 0
T 764 0000009c 0 1 0 0 0 0 0 0 1 0 0 0 0 0
C 764 0000009c 0 0 0 0 5 0
T 765 0000009c 1 1 0 0 0 0 0 0 1 0 1 1 0 0
R 765 418 0000009c 0000006f
C 765 0000009c 1 0 0 1 5 0
T 766 0000009c 0 1 0 0 0 0 0 0 1 0 0 0 0 0
C 766 0000009c 0 0 0 0 5 0
T 767 0000009c 1 1 0 0 0 0 0 0 1 0 1 1 0 0
R 767 419 0000009c 0000006f
C 767 0000009c 1 0 0 1 5 0
T 768 0000009c 0 1 0 0 0 0 0 0 1 0 0 0 0 0
C 768 0000009c 0 0 0 0 5 0
T 769 0000009c 1 1 0 0 0 0 0 0 1 0 1 1 0 0
R 769 420 0000009c 0000006f
C 769 0000009c 1 0 0 1 5 0
T 770 0000009c 0 1 0 0 0 0 0 0 1 0 0 0 0 0
C 770 0000009c 0 0 0 0 5 0
T 771 0000009c 1 1 0 0 0 0 0 0 1 0 1 1 0 0
R 771 421 0000009c 0000006f
C 771 0000009c 1 0 0 1 5 0
T 772 0000009c 0 1 0 0 0 0 0 0 1 0 0 0 0 0
C 772 0000009c 0 0 0 0 5 0
T 773 0000009c 1 1 0 0 0 0 0 0 1 0 1 1 0 0
R 773 422 0000009c 0000006f
C 773 0000009c 1 0 0 1 5 0
T 774 0000009c 0 1 0 0 0 0 0 0 1 0 0 0 0 0
C 774 0000009c 0 0 0 0 5 0
T 775 0000009c 1 1 0 0 0 0 0 0 1 0 1 1 0 0
R 775 423 0000009c 0000006f
C 775 0000009c 1 0 0 1 5 0
T 776 0000009c 0 1 0 0 0 0 0 0 1 0 0 0 0 0
C 776 0000009c 0 0 0 0 5 0
T 777 0000009c 1 1 0 0 0 0 0 0 1 0 1 1 0 0
R 777 424 0000009c 0000006f
C 777 0000009c 1 0 0 1 5 0
T 778 0000009c 0 1 0 0 0 0 0 0 1 0 0 0 0 0
C 778 0000009c 0 0 0 0 5 0
T 779 0000009c 1 1 0 0 0 0 0 0 1 0 1 1 0 0
R 779 425 0000009c 0000006f
C 779 0000009c 1 0 0 1 5 0
T 780 0000009c 0 1 0 0 0 0 0 0 1 0 0 0 0 0
C 780 0000009c 0 0 0 0 5 0
T 781 0000009c 1 1 0 0 0 0 0 0 1 0 1 1 0 0
R 781 426 0000009c 0000006f
C 781 0000009c 1 0 0 1 5 0
T 782 0000009c 0 1 0 0 0 0 0 0 1 0 0 0 0 0
C 782 0000009c 0 0 0 0 5 0
T 783 0000009c 1 1 0 0 0 0 0 0 1 0 1 1 0 0
R 783 427 0000009c 0000006f
C 783 0000009c 1 0 0 1 5 0
T 784 0000009c 0 1 0 0 0 0 0 0 1 0 0 0 0 0
C 784 0000009c 0 0 0 0 5 0
T 785 0000009c 1 1 0 0 0 0 0 0 1 0 1 1 0 0
R 785 428 0000009c 0000006f
C 785 0000009c 1 0 0 1 5 0
T 786 0000009c 0 1 0 0 0 0 0 0 1 0 0 0 0 0
C 786 0000009c 0 0 0 0 5 0
T 787 0000009c 1 1 0 0 0 0 0 0 1 0 1 1 0 0
R 787 429 0000009c 0000006f
C 787 0000009c 1 0 0 1 5 0
T 788 0000009c 0 1 0 0 0 0 0 0 1 0 0 0 0 0
C 788 0000009c 0 0 0 0 5 0
T 789 0000009c 1 1 0 0 0 0 0 0 1 0 1 1 0 0
R 789 430 0000009c 0000006f
C 789 0000009c 1 0 0 1 5 0
T 790 0000009c 0 1 0 0 0 0 0 0 1 0 0 0 0 0
C 790 0000009c 0 0 0 0 5 0
T 791 0000009c 1 1 0 0 0 0 0 0 1 0 1 1 0 0
R 791 431 0000009c 0000006f
C 791 0000009c 1 0 0 1 5 0
T 792 0000009c 0 1 0 0 0 0 0 0 1 0 0 0 0 0
C 792 0000009c 0 0 0 0 5 0
T 793 0000009c 1 1 0 0 0 0 0 0 1 0 1 1 0 0
R 793 432 0000009c 0000006f
C 793 0000009c 1 0 0 1 5 0
T 794 0000009c 0 1 0 0 0 0 0 0 1 0 0 0 0 0
C 794 0000009c 0 0 0 0 5 0
T 795 0000009c 1 1 0 0 0 0 0 0 1 0 1 1 0 0
R 795 433 0000009c 0000006f
C 795 0000009c 1 0 0 1 5 0
T 796 0000009c 0 1 0 0 0 0 0 0 1 0 0 0 0 0
C 796 0000009c 0 0 0 0 5 0
T 797 0000009c 1 1 0 0 0 0 0 0 1 0 1 1 0 0
R 797 434 0000009c 0000006f
C 797 0000009c 1 0 0 1 5 0
T 798 0000009c 0 1 0 0 0 0 0 0 1 0 0 0 0 0
C 798 0000009c 0 0 0 0 5 0
T 799 0000009c 1 1 0 0 0 0 0 0 1 0 1 1 0 0
R 799 435 0000009c 0000006f
C 799 0000009c 1 0 0 1 5 0
T 800 0000009c 0 1 0 0 0 0 0 0 1 0 0 0 0 0
C 800 0000009c 0 0 0 0 5 0
T 801 0000009c 1 1 0 0 0 0 0 0 1 0 1 1 0 0
R 801 436 0000009c 0000006f
C 801 0000009c 1 0 0 1 5 0
T 802 0000009c 0 1 0 0 0 0 0 0 1 0 0 0 0 0
C 802 0000009c 0 0 0 0 5 0
T 803 0000009c 1 1 0 0 0 0 0 0 1 0 1 1 0 0
R 803 437 0000009c 0000006f
C 803 0000009c 1 0 0 1 5 0
T 804 0000009c 0 1 0 0 0 0 0 0 1 0 0 0 0 0
C 804 0000009c 0 0 0 0 5 0
T 805 0000009c 1 1 0 0 0 0 0 0 1 0 1 1 0 0
R 805 438 0000009c 0000006f
C 805 0000009c 1 0 0 1 5 0
T 806 0000009c 0 1 0 0 0 0 0 0 1 0 0 0 0 0
C 806 0000009c 0 0 0 0 5 0
T 807 0000009c 1 1 0 0 0 0 0 0 1 0 1 1 0 0
R 807 439 0000009c 0000006f
C 807 0000009c 1 0 0 1 5 0
T 808 0000009c 0 1 0 0 0 0 0 0 1 0 0 0 0 0
C 808 0000009c 0 0 0 0 5 0
T 809 0000009c 1 1 0 0 0 0 0 0 1 0 1 1 0 0
R 809 440 0000009c 0000006f
C 809 0000009c 1 0 0 1 5 0
T 810 0000009c 0 1 0 0 0 0 0 0 1 0 0 0 0 0
C 810 0000009c 0 0 0 0 5 0
T 811 0000009c 1 1 0 0 0 0 0 0 1 0 1 1 0 0
R 811 441 0000009c 0000006f
C 811 0000009c 1 0 0 1 5 0
T 812 0000009c 0 1 0 0 0 0 0 0 1 0 0 0 0 0
C 812 0000009c 0 0 0 0 5 0
T 813 0000009c 1 1 0 0 0 0 0 0 1 0 1 1 0 0
R 813 442 0000009c 0000006f
C 813 0000009c 1 0 0 1 5 0
T 814 0000009c 0 1 0 0 0 0 0 0 1 0 0 0 0 0
C 814 0000009c 0 0 0 0 5 0
T 815 0000009c 1 1 0 0 0 0 0 0 1 0 1 1 0 0
R 815 443 0000009c 0000006f
C 815 0000009c 1 0 0 1 5 0
T 816 0000009c 0 1 0 0 0 0 0 0 1 0 0 0 0 0
C 816 0000009c 0 0 0 0 5 0
T 817 0000009c 1 1 0 0 0 0 0 0 1 0 1 1 0 0
R 817 444 0000009c 0000006f
C 817 0000009c 1 0 0 1 5 0
T 818 0000009c 0 1 0 0 0 0 0 0 1 0 0 0 0 0
C 818 0000009c 0 0 0 0 5 0
T 819 0000009c 1 1 0 0 0 0 0 0 1 0 1 1 0 0
R 819 445 0000009c 0000006f
C 819 0000009c 1 0 0 1 5 0
T 820 0000009c 0 1 0 0 0 0 0 0 1 0 0 0 0 0
C 820 0000009c 0 0 0 0 5 0
T 821 0000009c 1 1 0 0 0 0 0 0 1 0 1 1 0 0
R 821 446 0000009c 0000006f
C 821 0000009c 1 0 0 1 5 0
T 822 0000009c 0 1 0 0 0 0 0 0 1 0 0 0 0 0
C 822 0000009c 0 0 0 0 5 0
T 823 0000009c 1 1 0 0 0 0 0 0 1 0 1 1 0 0
R 823 447 0000009c 0000006f
C 823 0000009c 1 0 0 1 5 0
T 824 0000009c 0 1 0 0 0 0 0 0 1 0 0 0 0 0
C 824 0000009c 0 0 0 0 5 0
T 825 0000009c 1 1 0 0 0 0 0 0 1 0 1 1 0 0
R 825 448 0000009c 0000006f
C 825 0000009c 1 0 0 1 5 0
T 826 0000009c 0 1 0 0 0 0 0 0 1 0 0 0 0 0
C 826 0000009c 0 0 0 0 5 0
T 827 0000009c 1 1 0 0 0 0 0 0 1 0 1 1 0 0
R 827 449 0000009c 0000006f
C 827 0000009c 1 0 0 1 5 0
T 828 0000009c 0 1 0 0 0 0 0 0 1 0 0 0 0 0
C 828 0000009c 0 0 0 0 5 0
T 829 0000009c 1 1 0 0 0 0 0 0 1 0 1 1 0 0
R 829 450 0000009c 0000006f
C 829 0000009c 1 0 0 1 5 0
T 830 0000009c 0 1 0 0 0 0 0 0 1 0 0 0 0 0
C 830 0000009c 0 0 0 0 5 0
T 831 0000009c 1 1 0 0 0 0 0 0 1 0 1 1 0 0
R 831 451 0000009c 0000006f
C 831 0000009c 1 0 0 1 5 0
T 832 0000009c 0 1 0 0 0 0 0 0 1 0 0 0 0 0
C 832 0000009c 0 0 0 0 5 0
T 833 0000009c 1 1 0 0 0 0 0 0 1 0 1 1 0 0
R 833 452 0000009c 0000006f
C 833 0000009c 1 0 0 1 5 0
T 834 0000009c 0 1 0 0 0 0 0 0 1 0 0 0 0 0
C 834 0000009c 0 0 0 0 5 0
T 835 0000009c 1 1 0 0 0 0 0 0 1 0 1 1 0 0
R 835 453 0000009c 0000006f
C 835 0000009c 1 0 0 1 5 0
T 836 0000009c 0 1 0 0 0 0 0 0 1 0 0 0 0 0
C 836 0000009c 0 0 0 0 5 0
T 837 0000009c 1 1 0 0 0 0 0 0 1 0 1 1 0 0
R 837 454 0000009c 0000006f
C 837 0000009c 1 0 0 1 5 0
T 838 0000009c 0 1 0 0 0 0 0 0 1 0 0 0 0 0
C 838 0000009c 0 0 0 0 5 0
T 839 0000009c 1 1 0 0 0 0 0 0 1 0 1 1 0 0
R 839 455 0000009c 0000006f
C 839 0000009c 1 0 0 1 5 0
T 840 0000009c 0 1 0 0 0 0 0 0 1 0 0 0 0 0
C 840 0000009c 0 0 0 0 5 0
T 841 0000009c 1 1 0 0 0 0 0 0 1 0 1 1 0 0
R 841 456 0000009c 0000006f
C 841 0000009c 1 0 0 1 5 0
T 842 0000009c 0 1 0 0 0 0 0 0 1 0 0 0 0 0
C 842 0000009c 0 0 0 0 5 0
T 843 0000009c 1 1 0 0 0 0 0 0 1 0 1 1 0 0
R 843 457 0000009c 0000006f
C 843 0000009c 1 0 0 1 5 0
T 844 0000009c 0 1 0 0 0 0 0 0 1 0 0 0 0 0
C 844 0000009c 0 0 0 0 5 0
T 845 0000009c 1 1 0 0 0 0 0 0 1 0 1 1 0 0
R 845 458 0000009c 0000006f
C 845 0000009c 1 0 0 1 5 0
T 846 0000009c 0 1 0 0 0 0 0 0 1 0 0 0 0 0
C 846 0000009c 0 0 0 0 5 0
T 847 0000009c 1 1 0 0 0 0 0 0 1 0 1 1 0 0
R 847 459 0000009c 0000006f
C 847 0000009c 1 0 0 1 5 0
T 848 0000009c 0 1 0 0 0 0 0 0 1 0 0 0 0 0
C 848 0000009c 0 0 0 0 5 0
T 849 0000009c 1 1 0 0 0 0 0 0 1 0 1 1 0 0
R 849 460 0000009c 0000006f
C 849 0000009c 1 0 0 1 5 0
T 850 0000009c 0 1 0 0 0 0 0 0 1 0 0 0 0 0
C 850 0000009c 0 0 0 0 5 0
T 851 0000009c 1 1 0 0 0 0 0 0 1 0 1 1 0 0
R 851 461 0000009c 0000006f
C 851 0000009c 1 0 0 1 5 0
T 852 0000009c 0 1 0 0 0 0 0 0 1 0 0 0 0 0
C 852 0000009c 0 0 0 0 5 0
T 853 0000009c 1 1 0 0 0 0 0 0 1 0 1 1 0 0
R 853 462 0000009c 0000006f
C 853 0000009c 1 0 0 1 5 0
T 854 0000009c 0 1 0 0 0 0 0 0 1 0 0 0 0 0
C 854 0000009c 0 0 0 0 5 0
T 855 0000009c 1 1 0 0 0 0 0 0 1 0 1 1 0 0
R 855 463 0000009c 0000006f
C 855 0000009c 1 0 0 1 5 0
T 856 0000009c 0 1 0 0 0 0 0 0 1 0 0 0 0 0
C 856 0000009c 0 0 0 0 5 0
T 857 0000009c 1 1 0 0 0 0 0 0 1 0 1 1 0 0
R 857 464 0000009c 0000006f
C 857 0000009c 1 0 0 1 5 0
T 858 0000009c 0 1 0 0 0 0 0 0 1 0 0 0 0 0
C 858 0000009c 0 0 0 0 5 0
T 859 0000009c 1 1 0 0 0 0 0 0 1 0 1 1 0 0
R 859 465 0000009c 0000006f
C 859 0000009c 1 0 0 1 5 0
T 860 0000009c 0 1 0 0 0 0 0 0 1 0 0 0 0 0
C 860 0000009c 0 0 0 0 5 0
T 861 0000009c 1 1 0 0 0 0 0 0 1 0 1 1 0 0
R 861 466 0000009c 0000006f
C 861 0000009c 1 0 0 1 5 0
T 862 0000009c 0 1 0 0 0 0 0 0 1 0 0 0 0 0
C 862 0000009c 0 0 0 0 5 0
T 863 0000009c 1 1 0 0 0 0 0 0 1 0 1 1 0 0
R 863 467 0000009c 0000006f
C 863 0000009c 1 0 0 1 5 0
T 864 0000009c 0 1 0 0 0 0 0 0 1 0 0 0 0 0
C 864 0000009c 0 0 0 0 5 0
T 865 0000009c 1 1 0 0 0 0 0 0 1 0 1 1 0 0
R 865 468 0000009c 0000006f
C 865 0000009c 1 0 0 1 5 0
T 866 0000009c 0 1 0 0 0 0 0 0 1 0 0 0 0 0
C 866 0000009c 0 0 0 0 5 0
T 867 0000009c 1 1 0 0 0 0 0 0 1 0 1 1 0 0
R 867 469 0000009c 0000006f
C 867 0000009c 1 0 0 1 5 0
T 868 0000009c 0 1 0 0 0 0 0 0 1 0 0 0 0 0
C 868 0000009c 0 0 0 0 5 0
T 869 0000009c 1 1 0 0 0 0 0 0 1 0 1 1 0 0
R 869 470 0000009c 0000006f
C 869 0000009c 1 0 0 1 5 0
T 870 0000009c 0 1 0 0 0 0 0 0 1 0 0 0 0 0
C 870 0000009c 0 0 0 0 5 0
T 871 0000009c 1 1 0 0 0 0 0 0 1 0 1 1 0 0
R 871 471 0000009c 0000006f
C 871 0000009c 1 0 0 1 5 0
T 872 0000009c 0 1 0 0 0 0 0 0 1 0 0 0 0 0
C 872 0000009c 0 0 0 0 5 0
T 873 0000009c 1 1 0 0 0 0 0 0 1 0 1 1 0 0
R 873 472 0000009c 0000006f
C 873 0000009c 1 0 0 1 5 0
T 874 0000009c 0 1 0 0 0 0 0 0 1 0 0 0 0 0
C 874 0000009c 0 0 0 0 5 0
T 875 0000009c 1 1 0 0 0 0 0 0 1 0 1 1 0 0
R 875 473 0000009c 0000006f
C 875 0000009c 1 0 0 1 5 0
T 876 0000009c 0 1 0 0 0 0 0 0 1 0 0 0 0 0
C 876 0000009c 0 0 0 0 5 0
T 877 0000009c 1 1 0 0 0 0 0 0 1 0 1 1 0 0
R 877 474 0000009c 0000006f
C 877 0000009c 1 0 0 1 5 0
T 878 0000009c 0 1 0 0 0 0 0 0 1 0 0 0 0 0
C 878 0000009c 0 0 0 0 5 0
T 879 0000009c 1 1 0 0 0 0 0 0 1 0 1 1 0 0
R 879 475 0000009c 0000006f
C 879 0000009c 1 0 0 1 5 0
T 880 0000009c 0 1 0 0 0 0 0 0 1 0 0 0 0 0
C 880 0000009c 0 0 0 0 5 0
T 881 0000009c 1 1 0 0 0 0 0 0 1 0 1 1 0 0
R 881 476 0000009c 0000006f
C 881 0000009c 1 0 0 1 5 0
T 882 0000009c 0 1 0 0 0 0 0 0 1 0 0 0 0 0
C 882 0000009c 0 0 0 0 5 0
T 883 0000009c 1 1 0 0 0 0 0 0 1 0 1 1 0 0
R 883 477 0000009c 0000006f
C 883 0000009c 1 0 0 1 5 0
T 884 0000009c 0 1 0 0 0 0 0 0 1 0 0 0 0 0
C 884 0000009c 0 0 0 0 5 0
T 885 0000009c 1 1 0 0 0 0 0 0 1 0 1 1 0 0
R 885 478 0000009c 0000006f
C 885 0000009c 1 0 0 1 5 0
T 886 0000009c 0 1 0 0 0 0 0 0 1 0 0 0 0 0
C 886 0000009c 0 0 0 0 5 0
T 887 0000009c 1 1 0 0 0 0 0 0 1 0 1 1 0 0
R 887 479 0000009c 0000006f
C 887 0000009c 1 0 0 1 5 0
T 888 0000009c 0 1 0 0 0 0 0 0 1 0 0 0 0 0
C 888 0000009c 0 0 0 0 5 0
T 889 0000009c 1 1 0 0 0 0 0 0 1 0 1 1 0 0
R 889 480 0000009c 0000006f
C 889 0000009c 1 0 0 1 5 0
T 890 0000009c 0 1 0 0 0 0 0 0 1 0 0 0 0 0
C 890 0000009c 0 0 0 0 5 0
T 891 0000009c 1 1 0 0 0 0 0 0 1 0 1 1 0 0
R 891 481 0000009c 0000006f
C 891 0000009c 1 0 0 1 5 0
T 892 0000009c 0 1 0 0 0 0 0 0 1 0 0 0 0 0
C 892 0000009c 0 0 0 0 5 0
T 893 0000009c 1 1 0 0 0 0 0 0 1 0 1 1 0 0
R 893 482 0000009c 0000006f
C 893 0000009c 1 0 0 1 5 0
T 894 0000009c 0 1 0 0 0 0 0 0 1 0 0 0 0 0
C 894 0000009c 0 0 0 0 5 0
T 895 0000009c 1 1 0 0 0 0 0 0 1 0 1 1 0 0
R 895 483 0000009c 0000006f
C 895 0000009c 1 0 0 1 5 0
T 896 0000009c 0 1 0 0 0 0 0 0 1 0 0 0 0 0
C 896 0000009c 0 0 0 0 5 0
T 897 0000009c 1 1 0 0 0 0 0 0 1 0 1 1 0 0
R 897 484 0000009c 0000006f
C 897 0000009c 1 0 0 1 5 0
T 898 0000009c 0 1 0 0 0 0 0 0 1 0 0 0 0 0
C 898 0000009c 0 0 0 0 5 0
T 899 0000009c 1 1 0 0 0 0 0 0 1 0 1 1 0 0
R 899 485 0000009c 0000006f
C 899 0000009c 1 0 0 1 5 0
T 900 0000009c 0 1 0 0 0 0 0 0 1 0 0 0 0 0
C 900 0000009c 0 0 0 0 5 0
T 901 0000009c 1 1 0 0 0 0 0 0 1 0 1 1 0 0
R 901 486 0000009c 0000006f
C 901 0000009c 1 0 0 1 5 0
T 902 0000009c 0 1 0 0 0 0 0 0 1 0 0 0 0 0
C 902 0000009c 0 0 0 0 5 0
T 903 0000009c 1 1 0 0 0 0 0 0 1 0 1 1 0 0
R 903 487 0000009c 0000006f
C 903 0000009c 1 0 0 1 5 0
T 904 0000009c 0 1 0 0 0 0 0 0 1 0 0 0 0 0
C 904 0000009c 0 0 0 0 5 0
T 905 0000009c 1 1 0 0 0 0 0 0 1 0 1 1 0 0
R 905 488 0000009c 0000006f
C 905 0000009c 1 0 0 1 5 0
T 906 0000009c 0 1 0 0 0 0 0 0 1 0 0 0 0 0
C 906 0000009c 0 0 0 0 5 0
T 907 0000009c 1 1 0 0 0 0 0 0 1 0 1 1 0 0
R 907 489 0000009c 0000006f
C 907 0000009c 1 0 0 1 5 0
T 908 0000009c 0 1 0 0 0 0 0 0 1 0 0 0 0 0
C 908 0000009c 0 0 0 0 5 0
T 909 0000009c 1 1 0 0 0 0 0 0 1 0 1 1 0 0
R 909 490 0000009c 0000006f
C 909 0000009c 1 0 0 1 5 0
T 910 0000009c 0 1 0 0 0 0 0 0 1 0 0 0 0 0
C 910 0000009c 0 0 0 0 5 0
T 911 0000009c 1 1 0 0 0 0 0 0 1 0 1 1 0 0
R 911 491 0000009c 0000006f
C 911 0000009c 1 0 0 1 5 0
T 912 0000009c 0 1 0 0 0 0 0 0 1 0 0 0 0 0
C 912 0000009c 0 0 0 0 5 0
T 913 0000009c 1 1 0 0 0 0 0 0 1 0 1 1 0 0
R 913 492 0000009c 0000006f
C 913 0000009c 1 0 0 1 5 0
T 914 0000009c 0 1 0 0 0 0 0 0 1 0 0 0 0 0
C 914 0000009c 0 0 0 0 5 0
T 915 0000009c 1 1 0 0 0 0 0 0 1 0 1 1 0 0
R 915 493 0000009c 0000006f
C 915 0000009c 1 0 0 1 5 0
T 916 0000009c 0 1 0 0 0 0 0 0 1 0 0 0 0 0
C 916 0000009c 0 0 0 0 5 0
T 917 0000009c 1 1 0 0 0 0 0 0 1 0 1 1 0 0
R 917 494 0000009c 0000006f
C 917 0000009c 1 0 0 1 5 0
T 918 0000009c 0 1 0 0 0 0 0 0 1 0 0 0 0 0
C 918 0000009c 0 0 0 0 5 0
T 919 0000009c 1 1 0 0 0 0 0 0 1 0 1 1 0 0
R 919 495 0000009c 0000006f
C 919 0000009c 1 0 0 1 5 0
T 920 0000009c 0 1 0 0 0 0 0 0 1 0 0 0 0 0
C 920 0000009c 0 0 0 0 5 0
T 921 0000009c 0 1 0 0 0 0 0 0 1 0 0 0 0 0
R 921 496 0000009c 0000006f
C 921 0000009c 0 0 0 0 5 0
T 922 0000009c 0 1 0 0 0 0 0 0 1 0 0 0 0 0
C 922 0000009c 0 0 0 0 5 0
T 923 0000009c 1 1 0 0 0 0 0 0 1 0 1 1 0 0
C 923 0000009c 1 0 0 1 5 0
T 924 0000009c 0 1 0 0 0 0 0 0 1 0 0 0 0 0
C 924 0000009c 0 0 0 0 5 0
T 925 0000009c 1 1 0 0 0 0 0 0 1 0 1 1 0 0
R 925 497 0000009c 0000006f
C 925 0000009c 1 0 0 1 5 0
T 926 0000009c 0 1 0 0 0 0 0 0 1 0 0 0 0 0
C 926 0000009c 0 0 0 0 5 0
T 927 0000009c 0 1 0 0 0 0 0 0 1 0 0 0 0 0
R 927 498 0000009c 0000006f
C 927 0000009c 0 0 0 0 5 0
T 928 0000009c 1 1 0 0 0 0 0 0 1 0 1 1 0 0
C 928 0000009c 1 0 0 1 5 0
T 929 0000009c 0 1 0 0 0 0 0 0 1 0 0 0 0 0
C 929 0000009c 0 0 0 0 5 0
T 930 0000009c 1 1 0 0 0 0 0 0 1 0 1 1 0 0
R 930 499 0000009c 0000006f
C 930 0000009c 1 0 0 1 5 0
T 931 0000009c 0 1 0 0 0 0 0 0 1 0 0 0 0 0
C 931 0000009c 0 0 0 0 5 0
T 932 0000009c 1 1 0 0 0 0 0 0 1 0 1 1 0 0
R 932 500 0000009c 0000006f
C 932 0000009c 1 0 0 1 5 0
T 933 0000009c 0 1 0 0 0 0 0 0 1 0 0 0 0 0
C 933 0000009c 0 0 0 0 5 0
T 934 0000009c 1 1 0 0 0 0 0 0 1 0 1 1 0 0
R 934 501 0000009c 0000006f
C 934 0000009c 1 0 0 1 5 0
T 935 0000009c 0 1 0 0 0 0 0 0 1 0 0 0 0 0
C 935 0000009c 0 0 0 0 5 0
T 936 0000009c 1 1 0 0 0 0 0 0 1 0 1 1 0 0
R 936 502 0000009c 0000006f
C 936 0000009c 1 0 0 1 5 0
T 937 0000009c 0 1 0 0 0 0 0 0 1 0 0 0 0 0
C 937 0000009c 0 0 0 0 5 0
T 938 0000009c 1 1 0 0 0 0 0 0 1 0 1 1 0 0
R 938 503 0000009c 0000006f
C 938 0000009c 1 0 0 1 5 0
T 939 0000009c 0 1 0 0 0 0 0 0 1 0 0 0 0 0
C 939 0000009c 0 0 0 0 5 0
T 940 0000009c 1 1 0 0 0 0 0 0 1 0 1 1 0 0
R 940 504 0000009c 0000006f
C 940 0000009c 1 0 0 1 5 0
T 941 0000009c 0 1 0 0 0 0 0 0 1 0 0 0 0 0
C 941 0000009c 0 0 0 0 5 0
T 942 0000009c 1 1 0 0 0 0 0 0 1 0 1 1 0 0
R 942 505 0000009c 0000006f
C 942 0000009c 1 0 0 1 5 0
T 943 0000009c 0 1 0 0 0 0 0 0 1 0 0 0 0 0
C 943 0000009c 0 0 0 0 5 0
T 944 0000009c 1 1 0 0 0 0 0 0 1 0 1 1 0 0
R 944 506 0000009c 0000006f
C 944 0000009c 1 0 0 1 5 0
T 945 0000009c 0 1 0 0 0 0 0 0 1 0 0 0 0 0
C 945 0000009c 0 0 0 0 5 0
T 946 0000009c 1 1 0 0 0 0 0 0 1 0 1 1 0 0
R 946 507 0000009c 0000006f
C 946 0000009c 1 0 0 1 5 0
T 947 0000009c 0 1 0 0 0 0 0 0 1 0 0 0 0 0
C 947 0000009c 0 0 0 0 5 0
T 948 0000009c 1 1 0 0 0 0 0 0 1 0 1 1 0 0
R 948 508 0000009c 0000006f
C 948 0000009c 1 0 0 1 5 0
T 949 0000009c 0 1 0 0 0 0 0 0 1 0 0 0 0 0
C 949 0000009c 0 0 0 0 5 0
T 950 0000009c 1 1 0 0 0 0 0 0 1 0 1 1 0 0
R 950 509 0000009c 0000006f
C 950 0000009c 1 0 0 1 5 0
T 951 0000009c 0 1 0 0 0 0 0 0 1 0 0 0 0 0
C 951 0000009c 0 0 0 0 5 0
T 952 0000009c 1 1 0 0 0 0 0 0 1 0 1 1 0 0
R 952 510 0000009c 0000006f
C 952 0000009c 1 0 0 1 5 0
T 953 0000009c 0 1 0 0 0 0 0 0 1 0 0 0 0 0
C 953 0000009c 0 0 0 0 5 0
T 954 0000009c 1 1 0 0 0 0 0 0 1 0 1 1 0 0
R 954 511 0000009c 0000006f
C 954 0000009c 1 0 0 1 5 0
T 955 0000009c 0 1 0 0 0 0 0 0 1 0 0 0 0 0
C 955 0000009c 0 0 0 0 5 0
T 956 0000009c 1 1 0 0 0 0 0 0 1 0 1 1 0 0
R 956 512 0000009c 0000006f
C 956 0000009c 1 0 0 1 5 0
T 957 0000009c 0 1 0 0 0 0 0 0 1 0 0 0 0 0
C 957 0000009c 0 0 0 0 5 0
T 958 0000009c 1 1 0 0 0 0 0 0 1 0 1 1 0 0
R 958 513 0000009c 0000006f
C 958 0000009c 1 0 0 1 5 0
T 959 0000009c 0 1 0 0 0 0 0 0 1 0 0 0 0 0
C 959 0000009c 0 0 0 0 5 0
T 960 0000009c 1 1 0 0 0 0 0 0 1 0 1 1 0 0
R 960 514 0000009c 0000006f
C 960 0000009c 1 0 0 1 5 0
T 961 0000009c 0 1 0 0 0 0 0 0 1 0 0 0 0 0
C 961 0000009c 0 0 0 0 5 0
T 962 0000009c 1 1 0 0 0 0 0 0 1 0 1 1 0 0
R 962 515 0000009c 0000006f
C 962 0000009c 1 0 0 1 5 0
T 963 0000009c 0 1 0 0 0 0 0 0 1 0 0 0 0 0
C 963 0000009c 0 0 0 0 5 0
T 964 0000009c 1 1 0 0 0 0 0 0 1 0 1 1 0 0
R 964 516 0000009c 0000006f
C 964 0000009c 1 0 0 1 5 0
T 965 0000009c 0 1 0 0 0 0 0 0 1 0 0 0 0 0
C 965 0000009c 0 0 0 0 5 0
T 966 0000009c 1 1 0 0 0 0 0 0 1 0 1 1 0 0
R 966 517 0000009c 0000006f
C 966 0000009c 1 0 0 1 5 0
T 967 0000009c 0 1 0 0 0 0 0 0 1 0 0 0 0 0
C 967 0000009c 0 0 0 0 5 0
T 968 0000009c 1 1 0 0 0 0 0 0 1 0 1 1 0 0
R 968 518 0000009c 0000006f
C 968 0000009c 1 0 0 1 5 0
T 969 0000009c 0 1 0 0 0 0 0 0 1 0 0 0 0 0
C 969 0000009c 0 0 0 0 5 0
T 970 0000009c 1 1 0 0 0 0 0 0 1 0 1 1 0 0
R 970 519 0000009c 0000006f
C 970 0000009c 1 0 0 1 5 0
T 971 0000009c 0 1 0 0 0 0 0 0 1 0 0 0 0 0
C 971 0000009c 0 0 0 0 5 0
T 972 0000009c 1 1 0 0 0 0 0 0 1 0 1 1 0 0
R 972 520 0000009c 0000006f
C 972 0000009c 1 0 0 1 5 0
T 973 0000009c 0 1 0 0 0 0 0 0 1 0 0 0 0 0
C 973 0000009c 0 0 0 0 5 0
T 974 0000009c 1 1 0 0 0 0 0 0 1 0 1 1 0 0
R 974 521 0000009c 0000006f
C 974 0000009c 1 0 0 1 5 0
T 975 0000009c 0 1 0 0 0 0 0 0 1 0 0 0 0 0
C 975 0000009c 0 0 0 0 5 0
T 976 0000009c 1 1 0 0 0 0 0 0 1 0 1 1 0 0
R 976 522 0000009c 0000006f
C 976 0000009c 1 0 0 1 5 0
T 977 0000009c 0 1 0 0 0 0 0 0 1 0 0 0 0 0
C 977 0000009c 0 0 0 0 5 0
T 978 0000009c 1 1 0 0 0 0 0 0 1 0 1 1 0 0
R 978 523 0000009c 0000006f
C 978 0000009c 1 0 0 1 5 0
T 979 0000009c 0 1 0 0 0 0 0 0 1 0 0 0 0 0
C 979 0000009c 0 0 0 0 5 0
T 980 0000009c 1 1 0 0 0 0 0 0 1 0 1 1 0 0
R 980 524 0000009c 0000006f
C 980 0000009c 1 0 0 1 5 0
T 981 0000009c 0 1 0 0 0 0 0 0 1 0 0 0 0 0
C 981 0000009c 0 0 0 0 5 0
T 982 0000009c 1 1 0 0 0 0 0 0 1 0 1 1 0 0
R 982 525 0000009c 0000006f
C 982 0000009c 1 0 0 1 5 0
T 983 0000009c 0 1 0 0 0 0 0 0 1 0 0 0 0 0
C 983 0000009c 0 0 0 0 5 0
T 984 0000009c 1 1 0 0 0 0 0 0 1 0 1 1 0 0
R 984 526 0000009c 0000006f
C 984 0000009c 1 0 0 1 5 0
T 985 0000009c 0 1 0 0 0 0 0 0 1 0 0 0 0 0
C 985 0000009c 0 0 0 0 5 0
T 986 0000009c 1 1 0 0 0 0 0 0 1 0 1 1 0 0
R 986 527 0000009c 0000006f
C 986 0000009c 1 0 0 1 5 0
T 987 0000009c 0 1 0 0 0 0 0 0 1 0 0 0 0 0
C 987 0000009c 0 0 0 0 5 0
T 988 0000009c 1 1 0 0 0 0 0 0 1 0 1 1 0 0
R 988 528 0000009c 0000006f
C 988 0000009c 1 0 0 1 5 0
T 989 0000009c 0 1 0 0 0 0 0 0 1 0 0 0 0 0
C 989 0000009c 0 0 0 0 5 0
T 990 0000009c 1 1 0 0 0 0 0 0 1 0 1 1 0 0
R 990 529 0000009c 0000006f
C 990 0000009c 1 0 0 1 5 0
T 991 0000009c 0 1 0 0 0 0 0 0 1 0 0 0 0 0
C 991 0000009c 0 0 0 0 5 0
T 992 0000009c 1 1 0 0 0 0 0 0 1 0 1 1 0 0
R 992 530 0000009c 0000006f
C 992 0000009c 1 0 0 1 5 0
T 993 0000009c 0 1 0 0 0 0 0 0 1 0 0 0 0 0
C 993 0000009c 0 0 0 0 5 0
T 994 0000009c 1 1 0 0 0 0 0 0 1 0 1 1 0 0
R 994 531 0000009c 0000006f
C 994 0000009c 1 0 0 1 5 0
T 995 0000009c 0 1 0 0 0 0 0 0 1 0 0 0 0 0
C 995 0000009c 0 0 0 0 5 0
T 996 0000009c 1 1 0 0 0 0 0 0 1 0 1 1 0 0
R 996 532 0000009c 0000006f
C 996 0000009c 1 0 0 1 5 0
T 997 0000009c 0 1 0 0 0 0 0 0 1 0 0 0 0 0
C 997 0000009c 0 0 0 0 5 0
T 998 0000009c 1 1 0 0 0 0 0 0 1 0 1 1 0 0
R 998 533 0000009c 0000006f
C 998 0000009c 1 0 0 1 5 0
T 999 0000009c 0 1 0 0 0 0 0 0 1 0 0 0 0 0
C 999 0000009c 0 0 0 0 5 0
T 1000 0000009c 1 1 0 0 0 0 0 0 1 0 1 1 0 0
R 1000 534 0000009c 0000006f
C 1000 0000009c 1 0 0 1 5 0
T 1001 0000009c 0 1 0 0 0 0 0 0 1 0 0 0 0 0
C 1001 0000009c 0 0 0 0 5 0
T 1002 0000009c 1 1 0 0 0 0 0 0 1 0 1 1 0 0
R 1002 535 0000009c 0000006f
C 1002 0000009c 1 0 0 1 5 0
T 1003 0000009c 0 1 0 0 0 0 0 0 1 0 0 0 0 0
C 1003 0000009c 0 0 0 0 5 0
T 1004 0000009c 1 1 0 0 0 0 0 0 1 0 1 1 0 0
R 1004 536 0000009c 0000006f
C 1004 0000009c 1 0 0 1 5 0
T 1005 0000009c 0 1 0 0 0 0 0 0 1 0 0 0 0 0
C 1005 0000009c 0 0 0 0 5 0
T 1006 0000009c 1 1 0 0 0 0 0 0 1 0 1 1 0 0
R 1006 537 0000009c 0000006f
C 1006 0000009c 1 0 0 1 5 0
T 1007 0000009c 0 1 0 0 0 0 0 0 1 0 0 0 0 0
C 1007 0000009c 0 0 0 0 5 0
T 1008 0000009c 1 1 0 0 0 0 0 0 1 0 1 1 0 0
R 1008 538 0000009c 0000006f
C 1008 0000009c 1 0 0 1 5 0
T 1009 0000009c 0 1 0 0 0 0 0 0 1 0 0 0 0 0
C 1009 0000009c 0 0 0 0 5 0
T 1010 0000009c 1 1 0 0 0 0 0 0 1 0 1 1 0 0
R 1010 539 0000009c 0000006f
C 1010 0000009c 1 0 0 1 5 0
T 1011 0000009c 0 1 0 0 0 0 0 0 1 0 0 0 0 0
C 1011 0000009c 0 0 0 0 5 0
T 1012 0000009c 1 1 0 0 0 0 0 0 1 0 1 1 0 0
R 1012 540 0000009c 0000006f
C 1012 0000009c 1 0 0 1 5 0
T 1013 0000009c 0 1 0 0 0 0 0 0 1 0 0 0 0 0
C 1013 0000009c 0 0 0 0 5 0
T 1014 0000009c 1 1 0 0 0 0 0 0 1 0 1 1 0 0
R 1014 541 0000009c 0000006f
C 1014 0000009c 1 0 0 1 5 0
T 1015 0000009c 0 1 0 0 0 0 0 0 1 0 0 0 0 0
C 1015 0000009c 0 0 0 0 5 0
T 1016 0000009c 1 1 0 0 0 0 0 0 1 0 1 1 0 0
R 1016 542 0000009c 0000006f
C 1016 0000009c 1 0 0 1 5 0
T 1017 0000009c 0 1 0 0 0 0 0 0 1 0 0 0 0 0
C 1017 0000009c 0 0 0 0 5 0
T 1018 0000009c 1 1 0 0 0 0 0 0 1 0 1 1 0 0
R 1018 543 0000009c 0000006f
C 1018 0000009c 1 0 0 1 5 0
T 1019 0000009c 0 1 0 0 0 0 0 0 1 0 0 0 0 0
C 1019 0000009c 0 0 0 0 5 0
T 1020 0000009c 1 1 0 0 0 0 0 0 1 0 1 1 0 0
R 1020 544 0000009c 0000006f
C 1020 0000009c 1 0 0 1 5 0
T 1021 0000009c 0 1 0 0 0 0 0 0 1 0 0 0 0 0
C 1021 0000009c 0 0 0 0 5 0
T 1022 0000009c 1 1 0 0 0 0 0 0 1 0 1 1 0 0
R 1022 545 0000009c 0000006f
C 1022 0000009c 1 0 0 1 5 0
T 1023 0000009c 0 1 0 0 0 0 0 0 1 0 0 0 0 0
C 1023 0000009c 0 0 0 0 5 0
T 1024 0000009c 1 1 0 0 0 0 0 0 1 0 1 1 0 0
R 1024 546 0000009c 0000006f
C 1024 0000009c 1 0 0 1 5 0
T 1025 0000009c 0 1 0 0 0 0 0 0 1 0 0 0 0 0
C 1025 0000009c 0 0 0 0 5 0
T 1026 0000009c 1 1 0 0 0 0 0 0 1 0 1 1 0 0
R 1026 547 0000009c 0000006f
C 1026 0000009c 1 0 0 1 5 0
T 1027 0000009c 0 1 0 0 0 0 0 0 1 0 0 0 0 0
C 1027 0000009c 0 0 0 0 5 0
T 1028 0000009c 1 1 0 0 0 0 0 0 1 0 1 1 0 0
R 1028 548 0000009c 0000006f
C 1028 0000009c 1 0 0 1 5 0
T 1029 0000009c 0 1 0 0 0 0 0 0 1 0 0 0 0 0
C 1029 0000009c 0 0 0 0 5 0
T 1030 0000009c 1 1 0 0 0 0 0 0 1 0 1 1 0 0
R 1030 549 0000009c 0000006f
C 1030 0000009c 1 0 0 1 5 0
T 1031 0000009c 0 1 0 0 0 0 0 0 1 0 0 0 0 0
C 1031 0000009c 0 0 0 0 5 0
T 1032 0000009c 1 1 0 0 0 0 0 0 1 0 1 1 0 0
R 1032 550 0000009c 0000006f
C 1032 0000009c 1 0 0 1 5 0
T 1033 0000009c 0 1 0 0 0 0 0 0 1 0 0 0 0 0
C 1033 0000009c 0 0 0 0 5 0
T 1034 0000009c 1 1 0 0 0 0 0 0 1 0 1 1 0 0
R 1034 551 0000009c 0000006f
C 1034 0000009c 1 0 0 1 5 0
T 1035 0000009c 0 1 0 0 0 0 0 0 1 0 0 0 0 0
C 1035 0000009c 0 0 0 0 5 0
T 1036 0000009c 1 1 0 0 0 0 0 0 1 0 1 1 0 0
R 1036 552 0000009c 0000006f
C 1036 0000009c 1 0 0 1 5 0
T 1037 0000009c 0 1 0 0 0 0 0 0 1 0 0 0 0 0
C 1037 0000009c 0 0 0 0 5 0
T 1038 0000009c 1 1 0 0 0 0 0 0 1 0 1 1 0 0
R 1038 553 0000009c 0000006f
C 1038 0000009c 1 0 0 1 5 0
T 1039 0000009c 0 1 0 0 0 0 0 0 1 0 0 0 0 0
C 1039 0000009c 0 0 0 0 5 0
T 1040 0000009c 1 1 0 0 0 0 0 0 1 0 1 1 0 0
R 1040 554 0000009c 0000006f
C 1040 0000009c 1 0 0 1 5 0
T 1041 0000009c 0 1 0 0 0 0 0 0 1 0 0 0 0 0
C 1041 0000009c 0 0 0 0 5 0
T 1042 0000009c 1 1 0 0 0 0 0 0 1 0 1 1 0 0
R 1042 555 0000009c 0000006f
C 1042 0000009c 1 0 0 1 5 0
T 1043 0000009c 0 1 0 0 0 0 0 0 1 0 0 0 0 0
C 1043 0000009c 0 0 0 0 5 0
T 1044 0000009c 1 1 0 0 0 0 0 0 1 0 1 1 0 0
R 1044 556 0000009c 0000006f
C 1044 0000009c 1 0 0 1 5 0
T 1045 0000009c 0 1 0 0 0 0 0 0 1 0 0 0 0 0
C 1045 0000009c 0 0 0 0 5 0
T 1046 0000009c 1 1 0 0 0 0 0 0 1 0 1 1 0 0
R 1046 557 0000009c 0000006f
C 1046 0000009c 1 0 0 1 5 0
T 1047 0000009c 0 1 0 0 0 0 0 0 1 0 0 0 0 0
C 1047 0000009c 0 0 0 0 5 0
T 1048 0000009c 1 1 0 0 0 0 0 0 1 0 1 1 0 0
R 1048 558 0000009c 0000006f
C 1048 0000009c 1 0 0 1 5 0
T 1049 0000009c 0 1 0 0 0 0 0 0 1 0 0 0 0 0
C 1049 0000009c 0 0 0 0 5 0
T 1050 0000009c 1 1 0 0 0 0 0 0 1 0 1 1 0 0
R 1050 559 0000009c 0000006f
C 1050 0000009c 1 0 0 1 5 0
T 1051 0000009c 0 1 0 0 0 0 0 0 1 0 0 0 0 0
C 1051 0000009c 0 0 0 0 5 0
T 1052 0000009c 1 1 0 0 0 0 0 0 1 0 1 1 0 0
R 1052 560 0000009c 0000006f
C 1052 0000009c 1 0 0 1 5 0
T 1053 0000009c 0 1 0 0 0 0 0 0 1 0 0 0 0 0
C 1053 0000009c 0 0 0 0 5 0
T 1054 0000009c 1 1 0 0 0 0 0 0 1 0 1 1 0 0
R 1054 561 0000009c 0000006f
C 1054 0000009c 1 0 0 1 5 0
T 1055 0000009c 0 1 0 0 0 0 0 0 1 0 0 0 0 0
C 1055 0000009c 0 0 0 0 5 0
T 1056 0000009c 1 1 0 0 0 0 0 0 1 0 1 1 0 0
R 1056 562 0000009c 0000006f
C 1056 0000009c 1 0 0 1 5 0
T 1057 0000009c 0 1 0 0 0 0 0 0 1 0 0 0 0 0
C 1057 0000009c 0 0 0 0 5 0
T 1058 0000009c 1 1 0 0 0 0 0 0 1 0 1 1 0 0
R 1058 563 0000009c 0000006f
C 1058 0000009c 1 0 0 1 5 0
T 1059 0000009c 0 1 0 0 0 0 0 0 1 0 0 0 0 0
C 1059 0000009c 0 0 0 0 5 0
T 1060 0000009c 1 1 0 0 0 0 0 0 1 0 1 1 0 0
R 1060 564 0000009c 0000006f
C 1060 0000009c 1 0 0 1 5 0
T 1061 0000009c 0 1 0 0 0 0 0 0 1 0 0 0 0 0
C 1061 0000009c 0 0 0 0 5 0
T 1062 0000009c 1 1 0 0 0 0 0 0 1 0 1 1 0 0
R 1062 565 0000009c 0000006f
C 1062 0000009c 1 0 0 1 5 0
T 1063 0000009c 0 1 0 0 0 0 0 0 1 0 0 0 0 0
C 1063 0000009c 0 0 0 0 5 0
T 1064 0000009c 1 1 0 0 0 0 0 0 1 0 1 1 0 0
R 1064 566 0000009c 0000006f
C 1064 0000009c 1 0 0 1 5 0
T 1065 0000009c 0 1 0 0 0 0 0 0 1 0 0 0 0 0
C 1065 0000009c 0 0 0 0 5 0
T 1066 0000009c 1 1 0 0 0 0 0 0 1 0 1 1 0 0
R 1066 567 0000009c 0000006f
C 1066 0000009c 1 0 0 1 5 0
T 1067 0000009c 0 1 0 0 0 0 0 0 1 0 0 0 0 0
C 1067 0000009c 0 0 0 0 5 0
T 1068 0000009c 1 1 0 0 0 0 0 0 1 0 1 1 0 0
R 1068 568 0000009c 0000006f
C 1068 0000009c 1 0 0 1 5 0
T 1069 0000009c 0 1 0 0 0 0 0 0 1 0 0 0 0 0
C 1069 0000009c 0 0 0 0 5 0
T 1070 0000009c 1 1 0 0 0 0 0 0 1 0 1 1 0 0
R 1070 569 0000009c 0000006f
C 1070 0000009c 1 0 0 1 5 0
T 1071 0000009c 0 1 0 0 0 0 0 0 1 0 0 0 0 0
C 1071 0000009c 0 0 0 0 5 0
T 1072 0000009c 1 1 0 0 0 0 0 0 1 0 1 1 0 0
R 1072 570 0000009c 0000006f
C 1072 0000009c 1 0 0 1 5 0
T 1073 0000009c 0 1 0 0 0 0 0 0 1 0 0 0 0 0
C 1073 0000009c 0 0 0 0 5 0
T 1074 0000009c 1 1 0 0 0 0 0 0 1 0 1 1 0 0
R 1074 571 0000009c 0000006f
C 1074 0000009c 1 0 0 1 5 0
T 1075 0000009c 0 1 0 0 0 0 0 0 1 0 0 0 0 0
C 1075 0000009c 0 0 0 0 5 0
T 1076 0000009c 1 1 0 0 0 0 0 0 1 0 1 1 0 0
R 1076 572 0000009c 0000006f
C 1076 0000009c 1 0 0 1 5 0
T 1077 0000009c 0 1 0 0 0 0 0 0 1 0 0 0 0 0
C 1077 0000009c 0 0 0 0 5 0
T 1078 0000009c 1 1 0 0 0 0 0 0 1 0 1 1 0 0
R 1078 573 0000009c 0000006f
C 1078 0000009c 1 0 0 1 5 0
T 1079 0000009c 0 1 0 0 0 0 0 0 1 0 0 0 0 0
C 1079 0000009c 0 0 0 0 5 0
T 1080 0000009c 1 1 0 0 0 0 0 0 1 0 1 1 0 0
R 1080 574 0000009c 0000006f
C 1080 0000009c 1 0 0 1 5 0
T 1081 0000009c 0 1 0 0 0 0 0 0 1 0 0 0 0 0
C 1081 0000009c 0 0 0 0 5 0
T 1082 0000009c 1 1 0 0 0 0 0 0 1 0 1 1 0 0
R 1082 575 0000009c 0000006f
C 1082 0000009c 1 0 0 1 5 0
T 1083 0000009c 0 1 0 0 0 0 0 0 1 0 0 0 0 0
C 1083 0000009c 0 0 0 0 5 0
T 1084 0000009c 1 1 0 0 0 0 0 0 1 0 1 1 0 0
R 1084 576 0000009c 0000006f
C 1084 0000009c 1 0 0 1 5 0
T 1085 0000009c 0 1 0 0 0 0 0 0 1 0 0 0 0 0
C 1085 0000009c 0 0 0 0 5 0
T 1086 0000009c 1 1 0 0 0 0 0 0 1 0 1 1 0 0
R 1086 577 0000009c 0000006f
C 1086 0000009c 1 0 0 1 5 0
T 1087 0000009c 0 1 0 0 0 0 0 0 1 0 0 0 0 0
C 1087 0000009c 0 0 0 0 5 0
T 1088 0000009c 1 1 0 0 0 0 0 0 1 0 1 1 0 0
R 1088 578 0000009c 0000006f
C 1088 0000009c 1 0 0 1 5 0
T 1089 0000009c 0 1 0 0 0 0 0 0 1 0 0 0 0 0
C 1089 0000009c 0 0 0 0 5 0
T 1090 0000009c 1 1 0 0 0 0 0 0 1 0 1 1 0 0
R 1090 579 0000009c 0000006f
C 1090 0000009c 1 0 0 1 5 0
T 1091 0000009c 0 1 0 0 0 0 0 0 1 0 0 0 0 0
C 1091 0000009c 0 0 0 0 5 0
T 1092 0000009c 1 1 0 0 0 0 0 0 1 0 1 1 0 0
R 1092 580 0000009c 0000006f
C 1092 0000009c 1 0 0 1 5 0
T 1093 0000009c 0 1 0 0 0 0 0 0 1 0 0 0 0 0
C 1093 0000009c 0 0 0 0 5 0
T 1094 0000009c 1 1 0 0 0 0 0 0 1 0 1 1 0 0
R 1094 581 0000009c 0000006f
C 1094 0000009c 1 0 0 1 5 0
T 1095 0000009c 0 1 0 0 0 0 0 0 1 0 0 0 0 0
C 1095 0000009c 0 0 0 0 5 0
T 1096 0000009c 1 1 0 0 0 0 0 0 1 0 1 1 0 0
R 1096 582 0000009c 0000006f
C 1096 0000009c 1 0 0 1 5 0
T 1097 0000009c 0 1 0 0 0 0 0 0 1 0 0 0 0 0
C 1097 0000009c 0 0 0 0 5 0
T 1098 0000009c 1 1 0 0 0 0 0 0 1 0 1 1 0 0
R 1098 583 0000009c 0000006f
C 1098 0000009c 1 0 0 1 5 0
T 1099 0000009c 0 1 0 0 0 0 0 0 1 0 0 0 0 0
C 1099 0000009c 0 0 0 0 5 0
T 1100 0000009c 1 1 0 0 0 0 0 0 1 0 1 1 0 0
R 1100 584 0000009c 0000006f
C 1100 0000009c 1 0 0 1 5 0
T 1101 0000009c 0 1 0 0 0 0 0 0 1 0 0 0 0 0
C 1101 0000009c 0 0 0 0 5 0
T 1102 0000009c 1 1 0 0 0 0 0 0 1 0 1 1 0 0
R 1102 585 0000009c 0000006f
C 1102 0000009c 1 0 0 1 5 0
T 1103 0000009c 0 1 0 0 0 0 0 0 1 0 0 0 0 0
C 1103 0000009c 0 0 0 0 5 0
T 1104 0000009c 1 1 0 0 0 0 0 0 1 0 1 1 0 0
R 1104 586 0000009c 0000006f
C 1104 0000009c 1 0 0 1 5 0
T 1105 0000009c 0 1 0 0 0 0 0 0 1 0 0 0 0 0
C 1105 0000009c 0 0 0 0 5 0
T 1106 0000009c 1 1 0 0 0 0 0 0 1 0 1 1 0 0
R 1106 587 0000009c 0000006f
C 1106 0000009c 1 0 0 1 5 0
T 1107 0000009c 0 1 0 0 0 0 0 0 1 0 0 0 0 0
C 1107 0000009c 0 0 0 0 5 0
T 1108 0000009c 1 1 0 0 0 0 0 0 1 0 1 1 0 0
R 1108 588 0000009c 0000006f
C 1108 0000009c 1 0 0 1 5 0
T 1109 0000009c 0 1 0 0 0 0 0 0 1 0 0 0 0 0
C 1109 0000009c 0 0 0 0 5 0
T 1110 0000009c 1 1 0 0 0 0 0 0 1 0 1 1 0 0
R 1110 589 0000009c 0000006f
C 1110 0000009c 1 0 0 1 5 0
T 1111 0000009c 0 1 0 0 0 0 0 0 1 0 0 0 0 0
C 1111 0000009c 0 0 0 0 5 0
T 1112 0000009c 1 1 0 0 0 0 0 0 1 0 1 1 0 0
R 1112 590 0000009c 0000006f
C 1112 0000009c 1 0 0 1 5 0
T 1113 0000009c 0 1 0 0 0 0 0 0 1 0 0 0 0 0
C 1113 0000009c 0 0 0 0 5 0
T 1114 0000009c 1 1 0 0 0 0 0 0 1 0 1 1 0 0
R 1114 591 0000009c 0000006f
C 1114 0000009c 1 0 0 1 5 0
T 1115 0000009c 0 1 0 0 0 0 0 0 1 0 0 0 0 0
C 1115 0000009c 0 0 0 0 5 0
T 1116 0000009c 1 1 0 0 0 0 0 0 1 0 1 1 0 0
R 1116 592 0000009c 0000006f
C 1116 0000009c 1 0 0 1 5 0
T 1117 0000009c 0 1 0 0 0 0 0 0 1 0 0 0 0 0
C 1117 0000009c 0 0 0 0 5 0
T 1118 0000009c 1 1 0 0 0 0 0 0 1 0 1 1 0 0
R 1118 593 0000009c 0000006f
C 1118 0000009c 1 0 0 1 5 0
T 1119 0000009c 0 1 0 0 0 0 0 0 1 0 0 0 0 0
C 1119 0000009c 0 0 0 0 5 0
T 1120 0000009c 1 1 0 0 0 0 0 0 1 0 1 1 0 0
R 1120 594 0000009c 0000006f
C 1120 0000009c 1 0 0 1 5 0
T 1121 0000009c 0 1 0 0 0 0 0 0 1 0 0 0 0 0
C 1121 0000009c 0 0 0 0 5 0
T 1122 0000009c 1 1 0 0 0 0 0 0 1 0 1 1 0 0
R 1122 595 0000009c 0000006f
C 1122 0000009c 1 0 0 1 5 0
T 1123 0000009c 0 1 0 0 0 0 0 0 1 0 0 0 0 0
C 1123 0000009c 0 0 0 0 5 0
T 1124 0000009c 1 1 0 0 0 0 0 0 1 0 1 1 0 0
R 1124 596 0000009c 0000006f
C 1124 0000009c 1 0 0 1 5 0
T 1125 0000009c 0 1 0 0 0 0 0 0 1 0 0 0 0 0
C 1125 0000009c 0 0 0 0 5 0
T 1126 0000009c 1 1 0 0 0 0 0 0 1 0 1 1 0 0
R 1126 597 0000009c 0000006f
C 1126 0000009c 1 0 0 1 5 0
T 1127 0000009c 0 1 0 0 0 0 0 0 1 0 0 0 0 0
C 1127 0000009c 0 0 0 0 5 0
T 1128 0000009c 1 1 0 0 0 0 0 0 1 0 1 1 0 0
R 1128 598 0000009c 0000006f
C 1128 0000009c 1 0 0 1 5 0
T 1129 0000009c 0 1 0 0 0 0 0 0 1 0 0 0 0 0
C 1129 0000009c 0 0 0 0 5 0
T 1130 0000009c 1 1 0 0 0 0 0 0 1 0 1 1 0 0
R 1130 599 0000009c 0000006f
C 1130 0000009c 1 0 0 1 5 0
T 1131 0000009c 0 1 0 0 0 0 0 0 1 0 0 0 0 0
C 1131 0000009c 0 0 0 0 5 0
T 1132 0000009c 1 1 0 0 0 0 0 0 1 0 1 1 0 0
R 1132 600 0000009c 0000006f
C 1132 0000009c 1 0 0 1 5 0
T 1133 0000009c 0 1 0 0 0 0 0 0 1 0 0 0 0 0
C 1133 0000009c 0 0 0 0 5 0
T 1134 0000009c 1 1 0 0 0 0 0 0 1 0 1 1 0 0
R 1134 601 0000009c 0000006f
C 1134 0000009c 1 0 0 1 5 0
T 1135 0000009c 0 1 0 0 0 0 0 0 1 0 0 0 0 0
C 1135 0000009c 0 0 0 0 5 0
T 1136 0000009c 1 1 0 0 0 0 0 0 1 0 1 1 0 0
R 1136 602 0000009c 0000006f
C 1136 0000009c 1 0 0 1 5 0
T 1137 0000009c 0 1 0 0 0 0 0 0 1 0 0 0 0 0
C 1137 0000009c 0 0 0 0 5 0
T 1138 0000009c 1 1 0 0 0 0 0 0 1 0 1 1 0 0
R 1138 603 0000009c 0000006f
C 1138 0000009c 1 0 0 1 5 0
T 1139 0000009c 0 1 0 0 0 0 0 0 1 0 0 0 0 0
C 1139 0000009c 0 0 0 0 5 0
T 1140 0000009c 1 1 0 0 0 0 0 0 1 0 1 1 0 0
R 1140 604 0000009c 0000006f
C 1140 0000009c 1 0 0 1 5 0
T 1141 0000009c 0 1 0 0 0 0 0 0 1 0 0 0 0 0
C 1141 0000009c 0 0 0 0 5 0
T 1142 0000009c 1 1 0 0 0 0 0 0 1 0 1 1 0 0
R 1142 605 0000009c 0000006f
C 1142 0000009c 1 0 0 1 5 0
T 1143 0000009c 0 1 0 0 0 0 0 0 1 0 0 0 0 0
C 1143 0000009c 0 0 0 0 5 0
T 1144 0000009c 1 1 0 0 0 0 0 0 1 0 1 1 0 0
R 1144 606 0000009c 0000006f
C 1144 0000009c 1 0 0 1 5 0
T 1145 0000009c 0 1 0 0 0 0 0 0 1 0 0 0 0 0
C 1145 0000009c 0 0 0 0 5 0
T 1146 0000009c 1 1 0 0 0 0 0 0 1 0 1 1 0 0
R 1146 607 0000009c 0000006f
C 1146 0000009c 1 0 0 1 5 0
T 1147 0000009c 0 1 0 0 0 0 0 0 1 0 0 0 0 0
C 1147 0000009c 0 0 0 0 5 0
T 1148 0000009c 1 1 0 0 0 0 0 0 1 0 1 1 0 0
R 1148 608 0000009c 0000006f
C 1148 0000009c 1 0 0 1 5 0
T 1149 0000009c 0 1 0 0 0 0 0 0 1 0 0 0 0 0
C 1149 0000009c 0 0 0 0 5 0
T 1150 0000009c 1 1 0 0 0 0 0 0 1 0 1 1 0 0
R 1150 609 0000009c 0000006f
C 1150 0000009c 1 0 0 1 5 0
T 1151 0000009c 0 1 0 0 0 0 0 0 1 0 0 0 0 0
C 1151 0000009c 0 0 0 0 5 0
T 1152 0000009c 1 1 0 0 0 0 0 0 1 0 1 1 0 0
R 1152 610 0000009c 0000006f
C 1152 0000009c 1 0 0 1 5 0
T 1153 0000009c 0 1 0 0 0 0 0 0 1 0 0 0 0 0
C 1153 0000009c 0 0 0 0 5 0
T 1154 0000009c 1 1 0 0 0 0 0 0 1 0 1 1 0 0
R 1154 611 0000009c 0000006f
C 1154 0000009c 1 0 0 1 5 0
T 1155 0000009c 0 1 0 0 0 0 0 0 1 0 0 0 0 0
C 1155 0000009c 0 0 0 0 5 0
T 1156 0000009c 1 1 0 0 0 0 0 0 1 0 1 1 0 0
R 1156 612 0000009c 0000006f
C 1156 0000009c 1 0 0 1 5 0
T 1157 0000009c 0 1 0 0 0 0 0 0 1 0 0 0 0 0
C 1157 0000009c 0 0 0 0 5 0
T 1158 0000009c 1 1 0 0 0 0 0 0 1 0 1 1 0 0
R 1158 613 0000009c 0000006f
C 1158 0000009c 1 0 0 1 5 0
T 1159 0000009c 0 1 0 0 0 0 0 0 1 0 0 0 0 0
C 1159 0000009c 0 0 0 0 5 0
T 1160 0000009c 1 1 0 0 0 0 0 0 1 0 1 1 0 0
R 1160 614 0000009c 0000006f
C 1160 0000009c 1 0 0 1 5 0
T 1161 0000009c 0 1 0 0 0 0 0 0 1 0 0 0 0 0
C 1161 0000009c 0 0 0 0 5 0
T 1162 0000009c 1 1 0 0 0 0 0 0 1 0 1 1 0 0
R 1162 615 0000009c 0000006f
C 1162 0000009c 1 0 0 1 5 0
T 1163 0000009c 0 1 0 0 0 0 0 0 1 0 0 0 0 0
C 1163 0000009c 0 0 0 0 5 0
T 1164 0000009c 1 1 0 0 0 0 0 0 1 0 1 1 0 0
R 1164 616 0000009c 0000006f
C 1164 0000009c 1 0 0 1 5 0
T 1165 0000009c 0 1 0 0 0 0 0 0 1 0 0 0 0 0
C 1165 0000009c 0 0 0 0 5 0
T 1166 0000009c 1 1 0 0 0 0 0 0 1 0 1 1 0 0
R 1166 617 0000009c 0000006f
C 1166 0000009c 1 0 0 1 5 0
T 1167 0000009c 0 1 0 0 0 0 0 0 1 0 0 0 0 0
C 1167 0000009c 0 0 0 0 5 0
T 1168 0000009c 1 1 0 0 0 0 0 0 1 0 1 1 0 0
R 1168 618 0000009c 0000006f
C 1168 0000009c 1 0 0 1 5 0
T 1169 0000009c 0 1 0 0 0 0 0 0 1 0 0 0 0 0
C 1169 0000009c 0 0 0 0 5 0
T 1170 0000009c 1 1 0 0 0 0 0 0 1 0 1 1 0 0
R 1170 619 0000009c 0000006f
C 1170 0000009c 1 0 0 1 5 0
T 1171 0000009c 0 1 0 0 0 0 0 0 1 0 0 0 0 0
C 1171 0000009c 0 0 0 0 5 0
T 1172 0000009c 1 1 0 0 0 0 0 0 1 0 1 1 0 0
R 1172 620 0000009c 0000006f
C 1172 0000009c 1 0 0 1 5 0
T 1173 0000009c 0 1 0 0 0 0 0 0 1 0 0 0 0 0
C 1173 0000009c 0 0 0 0 5 0
T 1174 0000009c 1 1 0 0 0 0 0 0 1 0 1 1 0 0
R 1174 621 0000009c 0000006f
C 1174 0000009c 1 0 0 1 5 0
T 1175 0000009c 0 1 0 0 0 0 0 0 1 0 0 0 0 0
C 1175 0000009c 0 0 0 0 5 0
T 1176 0000009c 1 1 0 0 0 0 0 0 1 0 1 1 0 0
R 1176 622 0000009c 0000006f
C 1176 0000009c 1 0 0 1 5 0
T 1177 0000009c 0 1 0 0 0 0 0 0 1 0 0 0 0 0
C 1177 0000009c 0 0 0 0 5 0
T 1178 0000009c 1 1 0 0 0 0 0 0 1 0 1 1 0 0
R 1178 623 0000009c 0000006f
C 1178 0000009c 1 0 0 1 5 0
T 1179 0000009c 0 1 0 0 0 0 0 0 1 0 0 0 0 0
C 1179 0000009c 0 0 0 0 5 0
T 1180 0000009c 1 1 0 0 0 0 0 0 1 0 1 1 0 0
R 1180 624 0000009c 0000006f
C 1180 0000009c 1 0 0 1 5 0
T 1181 0000009c 0 1 0 0 0 0 0 0 1 0 0 0 0 0
C 1181 0000009c 0 0 0 0 5 0
T 1182 0000009c 1 1 0 0 0 0 0 0 1 0 1 1 0 0
R 1182 625 0000009c 0000006f
C 1182 0000009c 1 0 0 1 5 0
T 1183 0000009c 0 1 0 0 0 0 0 0 1 0 0 0 0 0
C 1183 0000009c 0 0 0 0 5 0
T 1184 0000009c 1 1 0 0 0 0 0 0 1 0 1 1 0 0
R 1184 626 0000009c 0000006f
C 1184 0000009c 1 0 0 1 5 0
T 1185 0000009c 0 1 0 0 0 0 0 0 1 0 0 0 0 0
C 1185 0000009c 0 0 0 0 5 0
T 1186 0000009c 1 1 0 0 0 0 0 0 1 0 1 1 0 0
R 1186 627 0000009c 0000006f
C 1186 0000009c 1 0 0 1 5 0
T 1187 0000009c 0 1 0 0 0 0 0 0 1 0 0 0 0 0
C 1187 0000009c 0 0 0 0 5 0
T 1188 0000009c 1 1 0 0 0 0 0 0 1 0 1 1 0 0
R 1188 628 0000009c 0000006f
C 1188 0000009c 1 0 0 1 5 0
T 1189 0000009c 0 1 0 0 0 0 0 0 1 0 0 0 0 0
C 1189 0000009c 0 0 0 0 5 0
T 1190 0000009c 1 1 0 0 0 0 0 0 1 0 1 1 0 0
R 1190 629 0000009c 0000006f
C 1190 0000009c 1 0 0 1 5 0
T 1191 0000009c 0 1 0 0 0 0 0 0 1 0 0 0 0 0
C 1191 0000009c 0 0 0 0 5 0
T 1192 0000009c 1 1 0 0 0 0 0 0 1 0 1 1 0 0
R 1192 630 0000009c 0000006f
C 1192 0000009c 1 0 0 1 5 0
T 1193 0000009c 0 1 0 0 0 0 0 0 1 0 0 0 0 0
C 1193 0000009c 0 0 0 0 5 0
T 1194 0000009c 1 1 0 0 0 0 0 0 1 0 1 1 0 0
R 1194 631 0000009c 0000006f
C 1194 0000009c 1 0 0 1 5 0
T 1195 0000009c 0 1 0 0 0 0 0 0 1 0 0 0 0 0
C 1195 0000009c 0 0 0 0 5 0
T 1196 0000009c 1 1 0 0 0 0 0 0 1 0 1 1 0 0
R 1196 632 0000009c 0000006f
C 1196 0000009c 1 0 0 1 5 0
T 1197 0000009c 0 1 0 0 0 0 0 0 1 0 0 0 0 0
C 1197 0000009c 0 0 0 0 5 0
T 1198 0000009c 1 1 0 0 0 0 0 0 1 0 1 1 0 0
R 1198 633 0000009c 0000006f
C 1198 0000009c 1 0 0 1 5 0
T 1199 0000009c 0 1 0 0 0 0 0 0 1 0 0 0 0 0
C 1199 0000009c 0 0 0 0 5 0
REG 0 00000000
REG 1 00000001
REG 2 00000000
REG 3 00000000
REG 4 00000000
REG 5 00000000
REG 6 00000000
REG 7 00000000
REG 8 00000000
REG 9 00000000
REG 10 00000000
REG 11 00000000
REG 12 00000000
REG 13 00000076
REG 14 00000000
REG 15 0000007b
REG 16 00000000
REG 17 00000000
REG 18 00000000
REG 19 00000000
REG 20 00000000
REG 21 00000000
REG 22 00000000
REG 23 00000000
REG 24 00000000
REG 25 00000000
REG 26 00000000
REG 27 00000000
REG 28 00000000
REG 29 00000000
REG 30 00000000
REG 31 00000000
COUNTS sleep=1 clocks=1197 ai=0 ab=0 am=0 ifetch=573 data=0 bitmap=0 hit=656 miss=10 dummy=0 expanded=0 predict=0 mispredict=0 keys=1
PROTOCOL_CHECKS 1197
FINISH
- /home/dungpc/ndmoney4porche/projects/ibex/doc/dungpc/opentitan/evidence/opentitan_tb.sv:253: Verilog $finish
