CONFIG SEC=1 CACHE=1 PRED=0 DUAL=1 MODE=0 ZC=3 SCR=1 ICECC=1 OFFSET=1 PMP=1
SAMPLE 3 ai=0 ab=0 am=0 pc=0 mismatch=0 rf=0 mode=0
T 3 00000000 0 1 0 0 0 0 0 0 1 0 1 0 0 0
SECDET 3 pc=0 rf=0 intg=0
C 3 00000000 0 0 0 1 0 0
LOCK 4 rst=0 cmp=a mismatch=0 rf=0 cap=0
SAMPLE 4 ai=0 ab=0 am=0 pc=0 mismatch=0 rf=0 mode=0
T 4 00000000 0 1 0 0 0 0 0 0 1 0 1 0 0 0
SECDET 4 pc=0 rf=0 intg=0
C 4 00000000 0 0 0 1 1 0
LOCK 5 rst=1 cmp=a mismatch=0 rf=0 cap=0
SAMPLE 5 ai=0 ab=0 am=0 pc=0 mismatch=0 rf=0 mode=0
T 5 00000000 0 1 0 0 0 0 0 0 1 0 0 0 0 0
SECDET 5 pc=0 rf=0 intg=0
C 5 00000000 0 0 0 0 4 0
LOCK 6 rst=1 cmp=5 mismatch=0 rf=0 cap=0
SAMPLE 6 ai=0 ab=0 am=0 pc=0 mismatch=0 rf=0 mode=0
T 6 00000080 1 1 0 0 0 0 0 0 1 0 0 1 0 0
CSRDBG 6 addr=208 priv=3 dec=0 csr=0 raw=1 pw=0 dbg=0 op=0
SECDET 6 pc=0 rf=0 intg=0
C 6 00000080 1 0 0 0 5 0
LOCK 7 rst=1 cmp=5 mismatch=0 rf=0 cap=0
SAMPLE 7 ai=0 ab=0 am=0 pc=0 mismatch=0 rf=0 mode=0
T 7 00000084 1 1 0 0 0 0 0 0 1 0 0 1 0 0
W 7 1 00000208 000000000
CSRDBG 7 addr=000 priv=3 dec=0 csr=0 raw=1 pw=0 dbg=0 op=0
SECDET 7 pc=0 rf=0 intg=0
C 7 00000084 1 0 0 0 5 0
D 7 0 00000208 f 00000000 tag=0
LOCK 8 rst=1 cmp=5 mismatch=0 rf=0 cap=0
SAMPLE 8 ai=0 ab=0 am=0 pc=0 mismatch=0 rf=0 mode=0
T 8 00000088 1 1 0 0 0 0 0 0 1 1 0 1 0 0
W 8 2 44332211 000000000
CSRDBG 8 addr=b05 priv=3 dec=0 csr=0 raw=0 pw=0 dbg=0 op=0
SECDET 8 pc=0 rf=0 intg=0
R 8 1 00000080 20800093
C 8 00000088 1 0 0 0 5 0
LOCK 9 rst=1 cmp=5 mismatch=0 rf=0 cap=0
SAMPLE 9 ai=0 ab=0 am=0 pc=0 mismatch=0 rf=0 mode=0
T 9 0000008c 1 1 0 0 0 0 0 0 1 0 0 1 0 0
W 9 3 00000001 000000000
CSRDBG 9 addr=b85 priv=3 dec=0 csr=0 raw=0 pw=0 dbg=0 op=0
SECDET 9 pc=0 rf=0 intg=0
R 9 2 00000084 0000a103
C 9 0000008c 1 0 0 0 5 0
LOCK 10 rst=1 cmp=5 mismatch=0 rf=0 cap=0
SAMPLE 10 ai=0 ab=0 am=0 pc=0 mismatch=0 rf=0 mode=0
T 10 00000090 1 1 0 0 0 0 0 0 1 0 0 1 0 0
W 10 4 00000000 000000000
CSRDBG 10 addr=b0c priv=3 dec=0 csr=0 raw=0 pw=0 dbg=0 op=0
SECDET 10 pc=0 rf=0 intg=0
R 10 3 00000088 b05021f3
C 10 00000090 1 0 0 0 5 0
LOCK 11 rst=1 cmp=5 mismatch=0 rf=0 cap=0
SAMPLE 11 ai=0 ab=0 am=0 pc=0 mismatch=0 rf=0 mode=0
T 11 00000094 1 1 0 0 0 0 0 0 1 0 0 1 0 0
W 11 5 00000000 000000000
CSRDBG 11 addr=007 priv=3 dec=0 csr=0 raw=1 pw=0 dbg=0 op=0
SECDET 11 pc=0 rf=0 intg=0
R 11 4 0000008c b8502273
C 11 00000094 1 0 0 0 5 0
LOCK 12 rst=1 cmp=5 mismatch=0 rf=0 cap=0
SAMPLE 12 ai=0 ab=0 am=0 pc=0 mismatch=0 rf=0 mode=0
T 12 00000098 1 0 0 0 1 0 0 0 1 0 0 1 0 0
W 12 6 00000007 000000000
CSRDBG 12 addr=026 priv=3 dec=0 csr=0 raw=1 pw=0 dbg=0 op=0
SECDET 12 pc=0 rf=0 intg=0
R 12 5 00000090 b0c022f3
C 12 00000098 1 0 1 0 5 0
LOCK 13 rst=1 cmp=5 mismatch=0 rf=0 cap=0
SAMPLE 13 ai=0 ab=0 am=0 pc=0 mismatch=0 rf=0 mode=0
T 13 00000098 1 0 0 0 1 0 0 0 1 0 0 0 0 0
CSRDBG 13 addr=026 priv=3 dec=0 csr=0 raw=1 pw=0 dbg=0 op=0
SECDET 13 pc=0 rf=0 intg=0
R 13 6 00000094 00700313
C 13 00000098 1 0 1 0 5 0
LOCK 14 rst=1 cmp=5 mismatch=0 rf=0 cap=0
SAMPLE 14 ai=0 ab=0 am=0 pc=0 mismatch=0 rf=0 mode=0
T 14 00000098 1 0 0 0 1 0 0 0 1 0 0 0 0 0
CSRDBG 14 addr=026 priv=3 dec=0 csr=0 raw=1 pw=0 dbg=0 op=0
SECDET 14 pc=0 rf=0 intg=0
C 14 00000098 1 0 1 0 5 0
LOCK 15 rst=1 cmp=5 mismatch=0 rf=0 cap=0
SAMPLE 15 ai=0 ab=0 am=0 pc=0 mismatch=0 rf=0 mode=0
T 15 00000098 1 0 0 0 1 0 0 0 1 0 0 0 0 0
CSRDBG 15 addr=026 priv=3 dec=0 csr=0 raw=1 pw=0 dbg=0 op=0
SECDET 15 pc=0 rf=0 intg=0
C 15 00000098 1 0 1 0 5 0
LOCK 16 rst=1 cmp=5 mismatch=0 rf=0 cap=0
SAMPLE 16 ai=0 ab=0 am=0 pc=0 mismatch=0 rf=0 mode=0
T 16 00000098 1 0 0 0 1 0 0 0 1 0 0 0 0 0
CSRDBG 16 addr=026 priv=3 dec=0 csr=0 raw=1 pw=0 dbg=0 op=0
SECDET 16 pc=0 rf=0 intg=0
C 16 00000098 1 0 1 0 5 0
LOCK 17 rst=1 cmp=5 mismatch=0 rf=0 cap=0
SAMPLE 17 ai=0 ab=0 am=0 pc=0 mismatch=0 rf=0 mode=0
T 17 00000098 1 0 0 0 1 0 0 0 1 0 0 0 0 0
CSRDBG 17 addr=026 priv=3 dec=0 csr=0 raw=1 pw=0 dbg=0 op=0
SECDET 17 pc=0 rf=0 intg=0
C 17 00000098 1 0 1 0 5 0
LOCK 18 rst=1 cmp=5 mismatch=0 rf=0 cap=0
SAMPLE 18 ai=0 ab=0 am=0 pc=0 mismatch=0 rf=0 mode=0
T 18 00000098 1 0 0 0 1 0 0 0 1 0 0 0 0 0
CSRDBG 18 addr=026 priv=3 dec=0 csr=0 raw=1 pw=0 dbg=0 op=0
SECDET 18 pc=0 rf=0 intg=0
C 18 00000098 1 0 1 0 5 0
LOCK 19 rst=1 cmp=5 mismatch=0 rf=0 cap=0
SAMPLE 19 ai=0 ab=0 am=0 pc=0 mismatch=0 rf=0 mode=0
T 19 00000098 1 0 0 0 1 0 0 0 1 0 0 0 0 0
CSRDBG 19 addr=026 priv=3 dec=0 csr=0 raw=1 pw=0 dbg=0 op=0
SECDET 19 pc=0 rf=0 intg=0
C 19 00000098 1 0 1 0 5 0
LOCK 20 rst=1 cmp=5 mismatch=0 rf=0 cap=0
SAMPLE 20 ai=0 ab=0 am=0 pc=0 mismatch=0 rf=0 mode=0
T 20 00000098 1 0 0 0 1 0 0 0 1 0 0 0 0 0
CSRDBG 20 addr=026 priv=3 dec=0 csr=0 raw=1 pw=0 dbg=0 op=0
SECDET 20 pc=0 rf=0 intg=0
C 20 00000098 1 0 1 0 5 0
LOCK 21 rst=1 cmp=5 mismatch=0 rf=0 cap=0
SAMPLE 21 ai=0 ab=0 am=0 pc=0 mismatch=0 rf=0 mode=0
T 21 00000098 1 0 0 0 1 0 0 0 1 0 0 0 0 0
CSRDBG 21 addr=026 priv=3 dec=0 csr=0 raw=1 pw=0 dbg=0 op=0
SECDET 21 pc=0 rf=0 intg=0
C 21 00000098 1 0 1 0 5 0
LOCK 22 rst=1 cmp=5 mismatch=0 rf=0 cap=0
SAMPLE 22 ai=0 ab=0 am=0 pc=0 mismatch=0 rf=0 mode=0
T 22 00000098 1 0 0 0 1 0 0 0 1 0 0 0 0 0
CSRDBG 22 addr=026 priv=3 dec=0 csr=0 raw=1 pw=0 dbg=0 op=0
SECDET 22 pc=0 rf=0 intg=0
C 22 00000098 1 0 1 0 5 0
LOCK 23 rst=1 cmp=5 mismatch=0 rf=0 cap=0
SAMPLE 23 ai=0 ab=0 am=0 pc=0 mismatch=0 rf=0 mode=0
T 23 00000098 1 0 0 0 1 0 0 0 1 0 0 0 0 0
CSRDBG 23 addr=026 priv=3 dec=0 csr=0 raw=1 pw=0 dbg=0 op=0
SECDET 23 pc=0 rf=0 intg=0
C 23 00000098 1 0 1 0 5 0
LOCK 24 rst=1 cmp=5 mismatch=0 rf=0 cap=0
SAMPLE 24 ai=0 ab=0 am=0 pc=0 mismatch=0 rf=0 mode=0
T 24 00000098 1 0 0 0 1 0 0 0 1 0 0 0 0 0
CSRDBG 24 addr=026 priv=3 dec=0 csr=0 raw=1 pw=0 dbg=0 op=0
SECDET 24 pc=0 rf=0 intg=0
C 24 00000098 1 0 1 0 5 0
LOCK 25 rst=1 cmp=5 mismatch=0 rf=0 cap=0
SAMPLE 25 ai=0 ab=0 am=0 pc=0 mismatch=0 rf=0 mode=0
T 25 00000098 1 0 0 0 1 0 0 0 1 0 0 0 0 0
CSRDBG 25 addr=026 priv=3 dec=0 csr=0 raw=1 pw=0 dbg=0 op=0
SECDET 25 pc=0 rf=0 intg=0
C 25 00000098 1 0 1 0 5 0
LOCK 26 rst=1 cmp=5 mismatch=0 rf=0 cap=0
SAMPLE 26 ai=0 ab=0 am=0 pc=0 mismatch=0 rf=0 mode=0
T 26 00000098 1 0 0 0 1 0 0 0 1 0 0 0 0 0
CSRDBG 26 addr=026 priv=3 dec=0 csr=0 raw=1 pw=0 dbg=0 op=0
SECDET 26 pc=0 rf=0 intg=0
C 26 00000098 1 0 1 0 5 0
LOCK 27 rst=1 cmp=5 mismatch=0 rf=0 cap=0
SAMPLE 27 ai=0 ab=0 am=0 pc=0 mismatch=0 rf=0 mode=0
T 27 00000098 1 0 0 0 1 0 0 0 1 0 0 0 0 0
CSRDBG 27 addr=026 priv=3 dec=0 csr=0 raw=1 pw=0 dbg=0 op=0
SECDET 27 pc=0 rf=0 intg=0
C 27 00000098 1 0 1 0 5 0
LOCK 28 rst=1 cmp=5 mismatch=0 rf=0 cap=0
SAMPLE 28 ai=0 ab=0 am=0 pc=0 mismatch=0 rf=0 mode=0
T 28 00000098 1 0 0 0 1 0 0 0 1 0 0 0 0 0
CSRDBG 28 addr=026 priv=3 dec=0 csr=0 raw=1 pw=0 dbg=0 op=0
SECDET 28 pc=0 rf=0 intg=0
C 28 00000098 1 0 1 0 5 0
LOCK 29 rst=1 cmp=5 mismatch=0 rf=0 cap=0
SAMPLE 29 ai=0 ab=0 am=0 pc=0 mismatch=0 rf=0 mode=0
T 29 00000098 1 0 0 0 1 0 0 0 1 0 0 0 0 0
CSRDBG 29 addr=026 priv=3 dec=0 csr=0 raw=1 pw=0 dbg=0 op=0
SECDET 29 pc=0 rf=0 intg=0
C 29 00000098 1 0 1 0 5 0
LOCK 30 rst=1 cmp=5 mismatch=0 rf=0 cap=0
SAMPLE 30 ai=0 ab=0 am=0 pc=0 mismatch=0 rf=0 mode=0
T 30 00000098 1 0 0 0 1 0 0 0 1 0 0 0 0 0
CSRDBG 30 addr=026 priv=3 dec=0 csr=0 raw=1 pw=0 dbg=0 op=0
SECDET 30 pc=0 rf=0 intg=0
C 30 00000098 1 0 1 0 5 0
LOCK 31 rst=1 cmp=5 mismatch=0 rf=0 cap=0
SAMPLE 31 ai=0 ab=0 am=0 pc=0 mismatch=0 rf=0 mode=0
T 31 00000098 1 0 0 0 1 0 0 0 1 0 0 0 0 0
CSRDBG 31 addr=026 priv=3 dec=0 csr=0 raw=1 pw=0 dbg=0 op=0
SECDET 31 pc=0 rf=0 intg=0
C 31 00000098 1 0 1 0 5 0
LOCK 32 rst=1 cmp=5 mismatch=0 rf=0 cap=0
SAMPLE 32 ai=0 ab=0 am=0 pc=0 mismatch=0 rf=0 mode=0
T 32 00000098 1 0 0 0 1 0 0 0 1 0 0 0 0 0
CSRDBG 32 addr=026 priv=3 dec=0 csr=0 raw=1 pw=0 dbg=0 op=0
SECDET 32 pc=0 rf=0 intg=0
C 32 00000098 1 0 1 0 5 0
LOCK 33 rst=1 cmp=5 mismatch=0 rf=0 cap=0
SAMPLE 33 ai=0 ab=0 am=0 pc=0 mismatch=0 rf=0 mode=0
T 33 00000098 1 0 0 0 1 0 0 0 1 0 0 0 0 0
CSRDBG 33 addr=026 priv=3 dec=0 csr=0 raw=1 pw=0 dbg=0 op=0
SECDET 33 pc=0 rf=0 intg=0
C 33 00000098 1 0 1 0 5 0
LOCK 34 rst=1 cmp=5 mismatch=0 rf=0 cap=0
SAMPLE 34 ai=0 ab=0 am=0 pc=0 mismatch=0 rf=0 mode=0
T 34 00000098 1 0 0 0 1 0 0 0 1 0 0 0 0 0
CSRDBG 34 addr=026 priv=3 dec=0 csr=0 raw=1 pw=0 dbg=0 op=0
SECDET 34 pc=0 rf=0 intg=0
C 34 00000098 1 0 1 0 5 0
LOCK 35 rst=1 cmp=5 mismatch=0 rf=0 cap=0
SAMPLE 35 ai=0 ab=0 am=0 pc=0 mismatch=0 rf=0 mode=0
T 35 00000098 1 0 0 0 1 0 0 0 1 0 0 0 0 0
CSRDBG 35 addr=026 priv=3 dec=0 csr=0 raw=1 pw=0 dbg=0 op=0
SECDET 35 pc=0 rf=0 intg=0
C 35 00000098 1 0 1 0 5 0
LOCK 36 rst=1 cmp=5 mismatch=0 rf=0 cap=0
SAMPLE 36 ai=0 ab=0 am=0 pc=0 mismatch=0 rf=0 mode=0
T 36 00000098 1 0 0 0 1 0 0 0 1 0 0 0 0 0
CSRDBG 36 addr=026 priv=3 dec=0 csr=0 raw=1 pw=0 dbg=0 op=0
SECDET 36 pc=0 rf=0 intg=0
C 36 00000098 1 0 1 0 5 0
LOCK 37 rst=1 cmp=5 mismatch=0 rf=0 cap=0
SAMPLE 37 ai=0 ab=0 am=0 pc=0 mismatch=0 rf=0 mode=0
T 37 00000098 1 0 0 0 1 0 0 0 1 0 0 0 0 0
CSRDBG 37 addr=026 priv=3 dec=0 csr=0 raw=1 pw=0 dbg=0 op=0
SECDET 37 pc=0 rf=0 intg=0
C 37 00000098 1 0 1 0 5 0
LOCK 38 rst=1 cmp=5 mismatch=0 rf=0 cap=0
SAMPLE 38 ai=0 ab=0 am=0 pc=0 mismatch=0 rf=0 mode=0
T 38 00000098 1 0 0 0 1 0 0 0 1 0 0 0 0 0
CSRDBG 38 addr=026 priv=3 dec=0 csr=0 raw=1 pw=0 dbg=0 op=0
SECDET 38 pc=0 rf=0 intg=0
C 38 00000098 1 0 1 0 5 0
LOCK 39 rst=1 cmp=5 mismatch=0 rf=0 cap=0
SAMPLE 39 ai=0 ab=0 am=0 pc=0 mismatch=0 rf=0 mode=0
T 39 00000098 1 0 0 0 1 0 0 0 1 0 0 0 0 0
CSRDBG 39 addr=026 priv=3 dec=0 csr=0 raw=1 pw=0 dbg=0 op=0
SECDET 39 pc=0 rf=0 intg=0
C 39 00000098 1 0 1 0 5 0
LOCK 40 rst=1 cmp=5 mismatch=0 rf=0 cap=0
SAMPLE 40 ai=0 ab=0 am=0 pc=0 mismatch=0 rf=0 mode=0
T 40 00000098 1 0 0 0 1 0 0 0 1 0 0 0 0 0
CSRDBG 40 addr=026 priv=3 dec=0 csr=0 raw=1 pw=0 dbg=0 op=0
SECDET 40 pc=0 rf=0 intg=0
C 40 00000098 1 0 1 0 5 0
LOCK 41 rst=1 cmp=5 mismatch=0 rf=0 cap=0
SAMPLE 41 ai=0 ab=0 am=0 pc=0 mismatch=0 rf=0 mode=0
T 41 00000098 1 0 0 0 1 0 0 0 1 0 0 0 0 0
CSRDBG 41 addr=026 priv=3 dec=0 csr=0 raw=1 pw=0 dbg=0 op=0
SECDET 41 pc=0 rf=0 intg=0
C 41 00000098 1 0 1 0 5 0
LOCK 42 rst=1 cmp=5 mismatch=0 rf=0 cap=0
SAMPLE 42 ai=0 ab=0 am=0 pc=0 mismatch=0 rf=0 mode=0
T 42 00000098 1 0 0 0 1 0 0 0 1 0 0 0 0 0
CSRDBG 42 addr=026 priv=3 dec=0 csr=0 raw=1 pw=0 dbg=0 op=0
SECDET 42 pc=0 rf=0 intg=0
C 42 00000098 1 0 1 0 5 0
LOCK 43 rst=1 cmp=5 mismatch=0 rf=0 cap=0
SAMPLE 43 ai=0 ab=0 am=0 pc=0 mismatch=0 rf=0 mode=0
T 43 00000098 1 0 0 0 1 0 0 0 1 0 0 0 0 0
CSRDBG 43 addr=026 priv=3 dec=0 csr=0 raw=1 pw=0 dbg=0 op=0
SECDET 43 pc=0 rf=0 intg=0
C 43 00000098 1 0 1 0 5 0
LOCK 44 rst=1 cmp=5 mismatch=0 rf=0 cap=0
SAMPLE 44 ai=0 ab=0 am=0 pc=0 mismatch=0 rf=0 mode=0
T 44 00000098 1 0 0 0 1 0 0 0 1 0 0 0 0 0
CSRDBG 44 addr=026 priv=3 dec=0 csr=0 raw=1 pw=0 dbg=0 op=0
SECDET 44 pc=0 rf=0 intg=0
C 44 00000098 1 0 1 0 5 0
LOCK 45 rst=1 cmp=5 mismatch=0 rf=0 cap=0
SAMPLE 45 ai=0 ab=0 am=0 pc=0 mismatch=0 rf=0 mode=0
T 45 00000098 1 0 0 0 1 0 0 0 1 0 0 0 0 0
CSRDBG 45 addr=026 priv=3 dec=0 csr=0 raw=1 pw=0 dbg=0 op=0
SECDET 45 pc=0 rf=0 intg=0
C 45 00000098 1 0 1 0 5 0
LOCK 46 rst=1 cmp=5 mismatch=0 rf=0 cap=0
SAMPLE 46 ai=0 ab=0 am=0 pc=0 mismatch=0 rf=0 mode=0
T 46 00000098 1 0 0 0 1 0 0 0 1 0 0 0 0 0
CSRDBG 46 addr=026 priv=3 dec=0 csr=0 raw=1 pw=0 dbg=0 op=0
SECDET 46 pc=0 rf=0 intg=0
C 46 00000098 1 0 1 0 5 0
LOCK 47 rst=1 cmp=5 mismatch=0 rf=0 cap=0
SAMPLE 47 ai=0 ab=0 am=0 pc=0 mismatch=0 rf=0 mode=0
T 47 00000098 1 0 0 0 1 0 0 0 1 0 0 0 0 0
CSRDBG 47 addr=026 priv=3 dec=0 csr=0 raw=1 pw=0 dbg=0 op=0
SECDET 47 pc=0 rf=0 intg=0
C 47 00000098 1 0 1 0 5 0
LOCK 48 rst=1 cmp=5 mismatch=0 rf=0 cap=0
SAMPLE 48 ai=0 ab=0 am=0 pc=0 mismatch=0 rf=0 mode=0
T 48 00000098 1 1 0 0 0 0 0 0 1 0 0 0 0 0
CSRDBG 48 addr=026 priv=3 dec=0 csr=0 raw=1 pw=0 dbg=0 op=0
SECDET 48 pc=0 rf=0 intg=0
C 48 00000098 1 0 0 0 5 0
LOCK 49 rst=1 cmp=5 mismatch=0 rf=0 cap=0
SAMPLE 49 ai=0 ab=0 am=0 pc=0 mismatch=0 rf=0 mode=0
T 49 0000009c 1 1 0 0 0 0 0 0 1 0 0 1 0 0
W 49 7 09be2970 000000000
CSRDBG 49 addr=b0c priv=3 dec=0 csr=0 raw=0 pw=0 dbg=0 op=0
SECDET 49 pc=0 rf=0 intg=0
C 49 0000009c 1 0 0 0 5 0
LOCK 50 rst=1 cmp=5 mismatch=0 rf=0 cap=0
SAMPLE 50 ai=0 ab=0 am=0 pc=0 mismatch=0 rf=0 mode=0
T 50 000000a0 1 1 0 0 0 0 0 0 1 0 0 1 0 0
W 50 8 00000024 000000000
CSRDBG 50 addr=b0d priv=3 dec=0 csr=0 raw=0 pw=0 dbg=0 op=0
SECDET 50 pc=0 rf=0 intg=0
R 50 7 00000098 026143b3
C 50 000000a0 1 0 0 0 5 0
LOCK 51 rst=1 cmp=5 mismatch=0 rf=0 cap=0
SAMPLE 51 ai=0 ab=0 am=0 pc=0 mismatch=0 rf=0 mode=0
T 51 000000a4 1 1 0 0 0 0 0 0 1 0 0 1 0 0
W 51 9 00000000 000000000
CSRDBG 51 addr=32c priv=3 dec=0 csr=0 raw=0 pw=0 dbg=0 op=0
SECDET 51 pc=0 rf=0 intg=0
R 51 8 0000009c b0c02473
C 51 000000a4 1 0 0 0 5 0
LOCK 52 rst=1 cmp=5 mismatch=0 rf=0 cap=0
SAMPLE 52 ai=0 ab=0 am=0 pc=0 mismatch=0 rf=0 mode=0
T 52 000000a8 1 1 0 0 0 0 0 0 1 0 0 1 0 0
W 52 14 00000200 000000000
CSRDBG 52 addr=07b priv=3 dec=0 csr=0 raw=1 pw=0 dbg=0 op=0
SECDET 52 pc=0 rf=0 intg=0
R 52 9 000000a0 b0d024f3
C 52 000000a8 1 0 0 0 5 0
LOCK 53 rst=1 cmp=5 mismatch=0 rf=0 cap=0
SAMPLE 53 ai=0 ab=0 am=0 pc=0 mismatch=0 rf=0 mode=0
T 53 000000ac 1 1 0 0 0 0 0 0 1 0 1 1 0 0
W 53 15 0000007b 000000000
CSRDBG 53 addr=000 priv=3 dec=0 csr=0 raw=1 pw=0 dbg=0 op=0
SECDET 53 pc=0 rf=0 intg=0
R 53 10 000000a4 32c02773
C 53 000000ac 1 0 0 1 5 0
LOCK 54 rst=1 cmp=5 mismatch=0 rf=0 cap=0
SAMPLE 54 ai=0 ab=0 am=0 pc=0 mismatch=0 rf=0 mode=0
T 54 000000ac 0 1 0 0 0 0 0 0 1 0 0 0 0 0
SECDET 54 pc=0 rf=0 intg=0
R 54 11 000000a8 07b00793
C 54 000000ac 0 0 0 0 5 0
LOCK 55 rst=1 cmp=5 mismatch=0 rf=0 cap=0
SAMPLE 55 ai=0 ab=0 am=0 pc=0 mismatch=0 rf=0 mode=0
T 55 000000ac 1 1 0 0 0 0 0 0 1 0 1 1 0 0
CSRDBG 55 addr=000 priv=3 dec=0 csr=0 raw=1 pw=0 dbg=0 op=0
SECDET 55 pc=0 rf=0 intg=0
R 55 12 000000ac 0000006f
C 55 000000ac 1 0 0 1 5 0
LOCK 56 rst=1 cmp=5 mismatch=0 rf=0 cap=0
SAMPLE 56 ai=0 ab=0 am=0 pc=0 mismatch=0 rf=0 mode=0
T 56 000000ac 0 1 0 0 0 0 0 0 1 0 0 0 0 0
SECDET 56 pc=0 rf=0 intg=0
C 56 000000ac 0 0 0 0 5 0
LOCK 57 rst=1 cmp=5 mismatch=0 rf=0 cap=0
SAMPLE 57 ai=0 ab=0 am=0 pc=0 mismatch=0 rf=0 mode=0
T 57 000000ac 1 1 0 0 0 0 0 0 1 0 1 1 0 0
CSRDBG 57 addr=000 priv=3 dec=0 csr=0 raw=1 pw=0 dbg=0 op=0
SECDET 57 pc=0 rf=0 intg=0
R 57 13 000000ac 0000006f
C 57 000000ac 1 0 0 1 5 0
LOCK 58 rst=1 cmp=5 mismatch=0 rf=0 cap=0
SAMPLE 58 ai=0 ab=0 am=0 pc=0 mismatch=0 rf=0 mode=0
T 58 000000ac 0 1 0 0 0 0 0 0 1 0 0 0 0 0
SECDET 58 pc=0 rf=0 intg=0
C 58 000000ac 0 0 0 0 5 0
LOCK 59 rst=1 cmp=5 mismatch=0 rf=0 cap=0
SAMPLE 59 ai=0 ab=0 am=0 pc=0 mismatch=0 rf=0 mode=0
T 59 000000ac 1 1 0 0 0 0 0 0 1 0 1 1 0 0
CSRDBG 59 addr=000 priv=3 dec=0 csr=0 raw=1 pw=0 dbg=0 op=0
SECDET 59 pc=0 rf=0 intg=0
R 59 14 000000ac 0000006f
C 59 000000ac 1 0 0 1 5 0
LOCK 60 rst=1 cmp=5 mismatch=0 rf=0 cap=0
SAMPLE 60 ai=0 ab=0 am=0 pc=0 mismatch=0 rf=0 mode=0
T 60 000000ac 0 1 0 0 0 0 0 0 1 0 0 0 0 0
SECDET 60 pc=0 rf=0 intg=0
C 60 000000ac 0 0 0 0 5 0
LOCK 61 rst=1 cmp=5 mismatch=0 rf=0 cap=0
SAMPLE 61 ai=0 ab=0 am=0 pc=0 mismatch=0 rf=0 mode=0
T 61 000000ac 1 1 0 0 0 0 0 0 1 0 1 1 0 0
CSRDBG 61 addr=000 priv=3 dec=0 csr=0 raw=1 pw=0 dbg=0 op=0
SECDET 61 pc=0 rf=0 intg=0
R 61 15 000000ac 0000006f
C 61 000000ac 1 0 0 1 5 0
LOCK 62 rst=1 cmp=5 mismatch=0 rf=0 cap=0
SAMPLE 62 ai=0 ab=0 am=0 pc=0 mismatch=0 rf=0 mode=0
T 62 000000ac 0 1 0 0 0 0 0 0 1 0 0 0 0 0
SECDET 62 pc=0 rf=0 intg=0
C 62 000000ac 0 0 0 0 5 0
LOCK 63 rst=1 cmp=5 mismatch=0 rf=0 cap=0
SAMPLE 63 ai=0 ab=0 am=0 pc=0 mismatch=0 rf=0 mode=0
T 63 000000ac 1 1 0 0 0 0 0 0 1 0 1 1 0 0
CSRDBG 63 addr=000 priv=3 dec=0 csr=0 raw=1 pw=0 dbg=0 op=0
SECDET 63 pc=0 rf=0 intg=0
R 63 16 000000ac 0000006f
C 63 000000ac 1 0 0 1 5 0
LOCK 64 rst=1 cmp=5 mismatch=0 rf=0 cap=0
SAMPLE 64 ai=0 ab=0 am=0 pc=0 mismatch=0 rf=0 mode=0
T 64 000000ac 0 1 0 0 0 0 0 0 1 0 0 0 0 0
SECDET 64 pc=0 rf=0 intg=0
C 64 000000ac 0 0 0 0 5 0
LOCK 65 rst=1 cmp=5 mismatch=0 rf=0 cap=0
SAMPLE 65 ai=0 ab=0 am=0 pc=0 mismatch=0 rf=0 mode=0
T 65 000000ac 1 1 0 0 0 0 0 0 1 0 1 1 0 0
CSRDBG 65 addr=000 priv=3 dec=0 csr=0 raw=1 pw=0 dbg=0 op=0
SECDET 65 pc=0 rf=0 intg=0
R 65 17 000000ac 0000006f
C 65 000000ac 1 0 0 1 5 0
LOCK 66 rst=1 cmp=5 mismatch=0 rf=0 cap=0
SAMPLE 66 ai=0 ab=0 am=0 pc=0 mismatch=0 rf=0 mode=0
T 66 000000ac 0 1 0 0 0 0 0 0 1 0 0 0 0 0
SECDET 66 pc=0 rf=0 intg=0
C 66 000000ac 0 0 0 0 5 0
LOCK 67 rst=1 cmp=5 mismatch=0 rf=0 cap=0
SAMPLE 67 ai=0 ab=0 am=0 pc=0 mismatch=0 rf=0 mode=0
T 67 000000ac 1 1 0 0 0 0 0 0 1 0 1 1 0 0
CSRDBG 67 addr=000 priv=3 dec=0 csr=0 raw=1 pw=0 dbg=0 op=0
SECDET 67 pc=0 rf=0 intg=0
R 67 18 000000ac 0000006f
C 67 000000ac 1 0 0 1 5 0
LOCK 68 rst=1 cmp=5 mismatch=0 rf=0 cap=0
SAMPLE 68 ai=0 ab=0 am=0 pc=0 mismatch=0 rf=0 mode=0
T 68 000000ac 0 1 0 0 0 0 0 0 1 0 0 0 0 0
SECDET 68 pc=0 rf=0 intg=0
C 68 000000ac 0 0 0 0 5 0
LOCK 69 rst=1 cmp=5 mismatch=0 rf=0 cap=0
SAMPLE 69 ai=0 ab=0 am=0 pc=0 mismatch=0 rf=0 mode=0
T 69 000000ac 1 1 0 0 0 0 0 0 1 0 1 1 0 0
CSRDBG 69 addr=000 priv=3 dec=0 csr=0 raw=1 pw=0 dbg=0 op=0
SECDET 69 pc=0 rf=0 intg=0
R 69 19 000000ac 0000006f
C 69 000000ac 1 0 0 1 5 0
LOCK 70 rst=1 cmp=5 mismatch=0 rf=0 cap=0
SAMPLE 70 ai=0 ab=0 am=0 pc=0 mismatch=0 rf=0 mode=0
T 70 000000ac 0 1 0 0 0 0 0 0 1 0 0 0 0 0
SECDET 70 pc=0 rf=0 intg=0
C 70 000000ac 0 0 0 0 5 0
LOCK 71 rst=1 cmp=5 mismatch=0 rf=0 cap=0
SAMPLE 71 ai=0 ab=0 am=0 pc=0 mismatch=0 rf=0 mode=0
T 71 000000ac 1 1 0 0 0 0 0 0 1 0 1 1 0 0
CSRDBG 71 addr=000 priv=3 dec=0 csr=0 raw=1 pw=0 dbg=0 op=0
SECDET 71 pc=0 rf=0 intg=0
R 71 20 000000ac 0000006f
C 71 000000ac 1 0 0 1 5 0
LOCK 72 rst=1 cmp=5 mismatch=0 rf=0 cap=0
SAMPLE 72 ai=0 ab=0 am=0 pc=0 mismatch=0 rf=0 mode=0
T 72 000000ac 0 1 0 0 0 0 0 0 1 0 0 0 0 0
SECDET 72 pc=0 rf=0 intg=0
C 72 000000ac 0 0 0 0 5 0
LOCK 73 rst=1 cmp=5 mismatch=0 rf=0 cap=0
SAMPLE 73 ai=0 ab=0 am=0 pc=0 mismatch=0 rf=0 mode=0
T 73 000000ac 1 1 0 0 0 0 0 0 1 0 1 1 0 0
CSRDBG 73 addr=000 priv=3 dec=0 csr=0 raw=1 pw=0 dbg=0 op=0
SECDET 73 pc=0 rf=0 intg=0
R 73 21 000000ac 0000006f
C 73 000000ac 1 0 0 1 5 0
LOCK 74 rst=1 cmp=5 mismatch=0 rf=0 cap=0
SAMPLE 74 ai=0 ab=0 am=0 pc=0 mismatch=0 rf=0 mode=0
T 74 000000ac 0 1 0 0 0 0 0 0 1 0 0 0 0 0
SECDET 74 pc=0 rf=0 intg=0
C 74 000000ac 0 0 0 0 5 0
LOCK 75 rst=1 cmp=5 mismatch=0 rf=0 cap=0
SAMPLE 75 ai=0 ab=0 am=0 pc=0 mismatch=0 rf=0 mode=0
T 75 000000ac 1 1 0 0 0 0 0 0 1 0 1 1 0 0
CSRDBG 75 addr=000 priv=3 dec=0 csr=0 raw=1 pw=0 dbg=0 op=0
SECDET 75 pc=0 rf=0 intg=0
R 75 22 000000ac 0000006f
C 75 000000ac 1 0 0 1 5 0
LOCK 76 rst=1 cmp=5 mismatch=0 rf=0 cap=0
SAMPLE 76 ai=0 ab=0 am=0 pc=0 mismatch=0 rf=0 mode=0
T 76 000000ac 0 1 0 0 0 0 0 0 1 0 0 0 0 0
SECDET 76 pc=0 rf=0 intg=0
C 76 000000ac 0 0 0 0 5 0
LOCK 77 rst=1 cmp=5 mismatch=0 rf=0 cap=0
SAMPLE 77 ai=0 ab=0 am=0 pc=0 mismatch=0 rf=0 mode=0
T 77 000000ac 1 1 0 0 0 0 0 0 1 0 1 1 0 0
CSRDBG 77 addr=000 priv=3 dec=0 csr=0 raw=1 pw=0 dbg=0 op=0
SECDET 77 pc=0 rf=0 intg=0
R 77 23 000000ac 0000006f
C 77 000000ac 1 0 0 1 5 0
LOCK 78 rst=1 cmp=5 mismatch=0 rf=0 cap=0
SAMPLE 78 ai=0 ab=0 am=0 pc=0 mismatch=0 rf=0 mode=0
T 78 000000ac 0 1 0 0 0 0 0 0 1 0 0 0 0 0
SECDET 78 pc=0 rf=0 intg=0
C 78 000000ac 0 0 0 0 5 0
LOCK 79 rst=1 cmp=5 mismatch=0 rf=0 cap=0
SAMPLE 79 ai=0 ab=0 am=0 pc=0 mismatch=0 rf=0 mode=0
T 79 000000ac 1 1 0 0 0 0 0 0 1 0 1 1 0 0
CSRDBG 79 addr=000 priv=3 dec=0 csr=0 raw=1 pw=0 dbg=0 op=0
SECDET 79 pc=0 rf=0 intg=0
R 79 24 000000ac 0000006f
C 79 000000ac 1 0 0 1 5 0
LOCK 80 rst=1 cmp=5 mismatch=0 rf=0 cap=0
SAMPLE 80 ai=0 ab=0 am=0 pc=0 mismatch=0 rf=0 mode=0
T 80 000000ac 0 1 0 0 0 0 0 0 1 0 0 0 0 0
SECDET 80 pc=0 rf=0 intg=0
C 80 000000ac 0 0 0 0 5 0
LOCK 81 rst=1 cmp=5 mismatch=0 rf=0 cap=0
SAMPLE 81 ai=0 ab=0 am=0 pc=0 mismatch=0 rf=0 mode=0
T 81 000000ac 1 1 0 0 0 0 0 0 1 0 1 1 0 0
SECDET 81 pc=0 rf=0 intg=0
R 81 25 000000ac 0000006f
C 81 000000ac 1 0 0 1 5 0
LOCK 82 rst=1 cmp=5 mismatch=0 rf=0 cap=0
SAMPLE 82 ai=0 ab=0 am=0 pc=0 mismatch=0 rf=0 mode=0
T 82 000000ac 0 1 0 0 0 0 0 0 1 0 0 0 0 0
SECDET 82 pc=0 rf=0 intg=0
C 82 000000ac 0 0 0 0 5 0
LOCK 83 rst=1 cmp=5 mismatch=0 rf=0 cap=0
SAMPLE 83 ai=0 ab=0 am=0 pc=0 mismatch=0 rf=0 mode=0
T 83 000000ac 1 1 0 0 0 0 0 0 1 0 1 1 0 0
SECDET 83 pc=0 rf=0 intg=0
R 83 26 000000ac 0000006f
C 83 000000ac 1 0 0 1 5 0
LOCK 84 rst=1 cmp=5 mismatch=0 rf=0 cap=0
SAMPLE 84 ai=0 ab=0 am=0 pc=0 mismatch=0 rf=0 mode=0
T 84 000000ac 0 1 0 0 0 0 0 0 1 0 0 0 0 0
SECDET 84 pc=0 rf=0 intg=0
C 84 000000ac 0 0 0 0 5 0
LOCK 85 rst=1 cmp=5 mismatch=0 rf=0 cap=0
SAMPLE 85 ai=0 ab=0 am=0 pc=0 mismatch=0 rf=0 mode=0
T 85 000000ac 1 1 0 0 0 0 0 0 1 0 1 1 0 0
SECDET 85 pc=0 rf=0 intg=0
R 85 27 000000ac 0000006f
C 85 000000ac 1 0 0 1 5 0
LOCK 86 rst=1 cmp=5 mismatch=0 rf=0 cap=0
SAMPLE 86 ai=0 ab=0 am=0 pc=0 mismatch=0 rf=0 mode=0
T 86 000000ac 0 1 0 0 0 0 0 0 1 0 0 0 0 0
SECDET 86 pc=0 rf=0 intg=0
C 86 000000ac 0 0 0 0 5 0
LOCK 87 rst=1 cmp=5 mismatch=0 rf=0 cap=0
SAMPLE 87 ai=0 ab=0 am=0 pc=0 mismatch=0 rf=0 mode=0
T 87 000000ac 1 1 0 0 0 0 0 0 1 0 1 1 0 0
SECDET 87 pc=0 rf=0 intg=0
R 87 28 000000ac 0000006f
C 87 000000ac 1 0 0 1 5 0
LOCK 88 rst=1 cmp=5 mismatch=0 rf=0 cap=0
SAMPLE 88 ai=0 ab=0 am=0 pc=0 mismatch=0 rf=0 mode=0
T 88 000000ac 0 1 0 0 0 0 0 0 1 0 0 0 0 0
SECDET 88 pc=0 rf=0 intg=0
C 88 000000ac 0 0 0 0 5 0
LOCK 89 rst=1 cmp=5 mismatch=0 rf=0 cap=0
SAMPLE 89 ai=0 ab=0 am=0 pc=0 mismatch=0 rf=0 mode=0
T 89 000000ac 1 1 0 0 0 0 0 0 1 0 1 1 0 0
SECDET 89 pc=0 rf=0 intg=0
R 89 29 000000ac 0000006f
C 89 000000ac 1 0 0 1 5 0
LOCK 90 rst=1 cmp=5 mismatch=0 rf=0 cap=0
SAMPLE 90 ai=0 ab=0 am=0 pc=0 mismatch=0 rf=0 mode=0
T 90 000000ac 0 1 0 0 0 0 0 0 1 0 0 0 0 0
SECDET 90 pc=0 rf=0 intg=0
C 90 000000ac 0 0 0 0 5 0
LOCK 91 rst=1 cmp=5 mismatch=0 rf=0 cap=0
SAMPLE 91 ai=0 ab=0 am=0 pc=0 mismatch=0 rf=0 mode=0
T 91 000000ac 1 1 0 0 0 0 0 0 1 0 1 1 0 0
SECDET 91 pc=0 rf=0 intg=0
R 91 30 000000ac 0000006f
C 91 000000ac 1 0 0 1 5 0
LOCK 92 rst=1 cmp=5 mismatch=0 rf=0 cap=0
SAMPLE 92 ai=0 ab=0 am=0 pc=0 mismatch=0 rf=0 mode=0
T 92 000000ac 0 1 0 0 0 0 0 0 1 0 0 0 0 0
SECDET 92 pc=0 rf=0 intg=0
C 92 000000ac 0 0 0 0 5 0
LOCK 93 rst=1 cmp=5 mismatch=0 rf=0 cap=0
SAMPLE 93 ai=0 ab=0 am=0 pc=0 mismatch=0 rf=0 mode=0
T 93 000000ac 1 1 0 0 0 0 0 0 1 0 1 1 0 0
SECDET 93 pc=0 rf=0 intg=0
R 93 31 000000ac 0000006f
C 93 000000ac 1 0 0 1 5 0
LOCK 94 rst=1 cmp=5 mismatch=0 rf=0 cap=0
SAMPLE 94 ai=0 ab=0 am=0 pc=0 mismatch=0 rf=0 mode=0
T 94 000000ac 0 1 0 0 0 0 0 0 1 0 0 0 0 0
SECDET 94 pc=0 rf=0 intg=0
C 94 000000ac 0 0 0 0 5 0
LOCK 95 rst=1 cmp=5 mismatch=0 rf=0 cap=0
SAMPLE 95 ai=0 ab=0 am=0 pc=0 mismatch=0 rf=0 mode=0
T 95 000000ac 1 1 0 0 0 0 0 0 1 0 1 1 0 0
SECDET 95 pc=0 rf=0 intg=0
R 95 32 000000ac 0000006f
C 95 000000ac 1 0 0 1 5 0
LOCK 96 rst=1 cmp=5 mismatch=0 rf=0 cap=0
SAMPLE 96 ai=0 ab=0 am=0 pc=0 mismatch=0 rf=0 mode=0
T 96 000000ac 0 1 0 0 0 0 0 0 1 0 0 0 0 0
SECDET 96 pc=0 rf=0 intg=0
C 96 000000ac 0 0 0 0 5 0
LOCK 97 rst=1 cmp=5 mismatch=0 rf=0 cap=0
SAMPLE 97 ai=0 ab=0 am=0 pc=0 mismatch=0 rf=0 mode=0
T 97 000000ac 1 1 0 0 0 0 0 0 1 0 1 1 0 0
SECDET 97 pc=0 rf=0 intg=0
R 97 33 000000ac 0000006f
C 97 000000ac 1 0 0 1 5 0
LOCK 98 rst=1 cmp=5 mismatch=0 rf=0 cap=0
SAMPLE 98 ai=0 ab=0 am=0 pc=0 mismatch=0 rf=0 mode=0
T 98 000000ac 0 1 0 0 0 0 0 0 1 0 0 0 0 0
SECDET 98 pc=0 rf=0 intg=0
C 98 000000ac 0 0 0 0 5 0
LOCK 99 rst=1 cmp=5 mismatch=0 rf=0 cap=0
SAMPLE 99 ai=0 ab=0 am=0 pc=0 mismatch=0 rf=0 mode=0
T 99 000000ac 1 1 0 0 0 0 0 0 1 0 1 1 0 0
SECDET 99 pc=0 rf=0 intg=0
R 99 34 000000ac 0000006f
C 99 000000ac 1 0 0 1 5 0
LOCK 100 rst=1 cmp=5 mismatch=0 rf=0 cap=0
SAMPLE 100 ai=0 ab=0 am=0 pc=0 mismatch=0 rf=0 mode=0
T 100 000000ac 0 1 0 0 0 0 0 0 1 0 0 0 0 0
SECDET 100 pc=0 rf=0 intg=0
C 100 000000ac 0 0 0 0 5 0
LOCK 101 rst=1 cmp=5 mismatch=0 rf=0 cap=0
SAMPLE 101 ai=0 ab=0 am=0 pc=0 mismatch=0 rf=0 mode=0
T 101 000000ac 1 1 0 0 0 0 0 0 1 0 1 1 0 0
SECDET 101 pc=0 rf=0 intg=0
R 101 35 000000ac 0000006f
C 101 000000ac 1 0 0 1 5 0
LOCK 102 rst=1 cmp=5 mismatch=0 rf=0 cap=0
SAMPLE 102 ai=0 ab=0 am=0 pc=0 mismatch=0 rf=0 mode=0
T 102 000000ac 0 1 0 0 0 0 0 0 1 0 0 0 0 0
SECDET 102 pc=0 rf=0 intg=0
C 102 000000ac 0 0 0 0 5 0
LOCK 103 rst=1 cmp=5 mismatch=0 rf=0 cap=0
SAMPLE 103 ai=0 ab=0 am=0 pc=0 mismatch=0 rf=0 mode=0
T 103 000000ac 1 1 0 0 0 0 0 0 1 0 1 1 0 0
SECDET 103 pc=0 rf=0 intg=0
R 103 36 000000ac 0000006f
C 103 000000ac 1 0 0 1 5 0
LOCK 104 rst=1 cmp=5 mismatch=0 rf=0 cap=0
SAMPLE 104 ai=0 ab=0 am=0 pc=0 mismatch=0 rf=0 mode=0
T 104 000000ac 0 1 0 0 0 0 0 0 1 0 0 0 0 0
SECDET 104 pc=0 rf=0 intg=0
C 104 000000ac 0 0 0 0 5 0
LOCK 105 rst=1 cmp=5 mismatch=0 rf=0 cap=0
SAMPLE 105 ai=0 ab=0 am=0 pc=0 mismatch=0 rf=0 mode=0
T 105 000000ac 1 1 0 0 0 0 0 0 1 0 1 1 0 0
SECDET 105 pc=0 rf=0 intg=0
R 105 37 000000ac 0000006f
C 105 000000ac 1 0 0 1 5 0
LOCK 106 rst=1 cmp=5 mismatch=0 rf=0 cap=0
SAMPLE 106 ai=0 ab=0 am=0 pc=0 mismatch=0 rf=0 mode=0
T 106 000000ac 0 1 0 0 0 0 0 0 1 0 0 0 0 0
SECDET 106 pc=0 rf=0 intg=0
C 106 000000ac 0 0 0 0 5 0
LOCK 107 rst=1 cmp=5 mismatch=0 rf=0 cap=0
SAMPLE 107 ai=0 ab=0 am=0 pc=0 mismatch=0 rf=0 mode=0
T 107 000000ac 1 1 0 0 0 0 0 0 1 0 1 1 0 0
SECDET 107 pc=0 rf=0 intg=0
R 107 38 000000ac 0000006f
C 107 000000ac 1 0 0 1 5 0
LOCK 108 rst=1 cmp=5 mismatch=0 rf=0 cap=0
SAMPLE 108 ai=0 ab=0 am=0 pc=0 mismatch=0 rf=0 mode=0
T 108 000000ac 0 1 0 0 0 0 0 0 1 0 0 0 0 0
SECDET 108 pc=0 rf=0 intg=0
C 108 000000ac 0 0 0 0 5 0
LOCK 109 rst=1 cmp=5 mismatch=0 rf=0 cap=0
SAMPLE 109 ai=0 ab=0 am=0 pc=0 mismatch=0 rf=0 mode=0
T 109 000000ac 1 1 0 0 0 0 0 0 1 0 1 1 0 0
SECDET 109 pc=0 rf=0 intg=0
R 109 39 000000ac 0000006f
C 109 000000ac 1 0 0 1 5 0
LOCK 110 rst=1 cmp=5 mismatch=0 rf=0 cap=0
SAMPLE 110 ai=0 ab=0 am=0 pc=0 mismatch=0 rf=0 mode=0
T 110 000000ac 0 1 0 0 0 0 0 0 1 0 0 0 0 0
SECDET 110 pc=0 rf=0 intg=0
C 110 000000ac 0 0 0 0 5 0
LOCK 111 rst=1 cmp=5 mismatch=0 rf=0 cap=0
SAMPLE 111 ai=0 ab=0 am=0 pc=0 mismatch=0 rf=0 mode=0
T 111 000000ac 1 1 0 0 0 0 0 0 1 0 1 1 0 0
SECDET 111 pc=0 rf=0 intg=0
R 111 40 000000ac 0000006f
C 111 000000ac 1 0 0 1 5 0
LOCK 112 rst=1 cmp=5 mismatch=0 rf=0 cap=0
SAMPLE 112 ai=0 ab=0 am=0 pc=0 mismatch=0 rf=0 mode=0
T 112 000000ac 0 1 0 0 0 0 0 0 1 0 0 0 0 0
SECDET 112 pc=0 rf=0 intg=0
C 112 000000ac 0 0 0 0 5 0
LOCK 113 rst=1 cmp=5 mismatch=0 rf=0 cap=0
SAMPLE 113 ai=0 ab=0 am=0 pc=0 mismatch=0 rf=0 mode=0
T 113 000000ac 1 1 0 0 0 0 0 0 1 0 1 1 0 0
SECDET 113 pc=0 rf=0 intg=0
R 113 41 000000ac 0000006f
C 113 000000ac 1 0 0 1 5 0
LOCK 114 rst=1 cmp=5 mismatch=0 rf=0 cap=0
SAMPLE 114 ai=0 ab=0 am=0 pc=0 mismatch=0 rf=0 mode=0
T 114 000000ac 0 1 0 0 0 0 0 0 1 0 0 0 0 0
SECDET 114 pc=0 rf=0 intg=0
C 114 000000ac 0 0 0 0 5 0
LOCK 115 rst=1 cmp=5 mismatch=0 rf=0 cap=0
SAMPLE 115 ai=0 ab=0 am=0 pc=0 mismatch=0 rf=0 mode=0
T 115 000000ac 1 1 0 0 0 0 0 0 1 0 1 1 0 0
SECDET 115 pc=0 rf=0 intg=0
R 115 42 000000ac 0000006f
C 115 000000ac 1 0 0 1 5 0
LOCK 116 rst=1 cmp=5 mismatch=0 rf=0 cap=0
SAMPLE 116 ai=0 ab=0 am=0 pc=0 mismatch=0 rf=0 mode=0
T 116 000000ac 0 1 0 0 0 0 0 0 1 0 0 0 0 0
SECDET 116 pc=0 rf=0 intg=0
C 116 000000ac 0 0 0 0 5 0
LOCK 117 rst=1 cmp=5 mismatch=0 rf=0 cap=0
SAMPLE 117 ai=0 ab=0 am=0 pc=0 mismatch=0 rf=0 mode=0
T 117 000000ac 1 1 0 0 0 0 0 0 1 0 1 1 0 0
SECDET 117 pc=0 rf=0 intg=0
R 117 43 000000ac 0000006f
C 117 000000ac 1 0 0 1 5 0
LOCK 118 rst=1 cmp=5 mismatch=0 rf=0 cap=0
SAMPLE 118 ai=0 ab=0 am=0 pc=0 mismatch=0 rf=0 mode=0
T 118 000000ac 0 1 0 0 0 0 0 0 1 0 0 0 0 0
SECDET 118 pc=0 rf=0 intg=0
C 118 000000ac 0 0 0 0 5 0
LOCK 119 rst=1 cmp=5 mismatch=0 rf=0 cap=0
SAMPLE 119 ai=0 ab=0 am=0 pc=0 mismatch=0 rf=0 mode=0
T 119 000000ac 1 1 0 0 0 0 0 0 1 0 1 1 0 0
SECDET 119 pc=0 rf=0 intg=0
R 119 44 000000ac 0000006f
C 119 000000ac 1 0 0 1 5 0
T 120 000000ac 0 1 0 0 0 0 0 0 1 0 0 0 0 0
C 120 000000ac 0 0 0 0 5 0
T 121 000000ac 1 1 0 0 0 0 0 0 1 0 1 1 0 0
R 121 45 000000ac 0000006f
C 121 000000ac 1 0 0 1 5 0
T 122 000000ac 0 1 0 0 0 0 0 0 1 0 0 0 0 0
C 122 000000ac 0 0 0 0 5 0
T 123 000000ac 1 1 0 0 0 0 0 0 1 0 1 1 0 0
R 123 46 000000ac 0000006f
C 123 000000ac 1 0 0 1 5 0
T 124 000000ac 0 1 0 0 0 0 0 0 1 0 0 0 0 0
C 124 000000ac 0 0 0 0 5 0
T 125 000000ac 1 1 0 0 0 0 0 0 1 0 1 1 0 0
R 125 47 000000ac 0000006f
C 125 000000ac 1 0 0 1 5 0
T 126 000000ac 0 1 0 0 0 0 0 0 1 0 0 0 0 0
C 126 000000ac 0 0 0 0 5 0
T 127 000000ac 1 1 0 0 0 0 0 0 1 0 1 1 0 0
R 127 48 000000ac 0000006f
C 127 000000ac 1 0 0 1 5 0
T 128 000000ac 0 1 0 0 0 0 0 0 1 0 0 0 0 0
C 128 000000ac 0 0 0 0 5 0
T 129 000000ac 1 1 0 0 0 0 0 0 1 0 1 1 0 0
R 129 49 000000ac 0000006f
C 129 000000ac 1 0 0 1 5 0
T 130 000000ac 0 1 0 0 0 0 0 0 1 0 0 0 0 0
C 130 000000ac 0 0 0 0 5 0
T 131 000000ac 1 1 0 0 0 0 0 0 1 0 1 1 0 0
R 131 50 000000ac 0000006f
C 131 000000ac 1 0 0 1 5 0
T 132 000000ac 0 1 0 0 0 0 0 0 1 0 0 0 0 0
C 132 000000ac 0 0 0 0 5 0
T 133 000000ac 1 1 0 0 0 0 0 0 1 0 1 1 0 0
R 133 51 000000ac 0000006f
C 133 000000ac 1 0 0 1 5 0
T 134 000000ac 0 1 0 0 0 0 0 0 1 0 0 0 0 0
C 134 000000ac 0 0 0 0 5 0
T 135 000000ac 1 1 0 0 0 0 0 0 1 0 1 1 0 0
R 135 52 000000ac 0000006f
C 135 000000ac 1 0 0 1 5 0
T 136 000000ac 0 1 0 0 0 0 0 0 1 0 0 0 0 0
C 136 000000ac 0 0 0 0 5 0
T 137 000000ac 1 1 0 0 0 0 0 0 1 0 1 1 0 0
R 137 53 000000ac 0000006f
C 137 000000ac 1 0 0 1 5 0
T 138 000000ac 0 1 0 0 0 0 0 0 1 0 0 0 0 0
C 138 000000ac 0 0 0 0 5 0
T 139 000000ac 1 1 0 0 0 0 0 0 1 0 1 1 0 0
R 139 54 000000ac 0000006f
C 139 000000ac 1 0 0 1 5 0
T 140 000000ac 0 1 0 0 0 0 0 0 1 0 0 0 0 0
C 140 000000ac 0 0 0 0 5 0
T 141 000000ac 1 1 0 0 0 0 0 0 1 0 1 1 0 0
R 141 55 000000ac 0000006f
C 141 000000ac 1 0 0 1 5 0
T 142 000000ac 0 1 0 0 0 0 0 0 1 0 0 0 0 0
C 142 000000ac 0 0 0 0 5 0
T 143 000000ac 1 1 0 0 0 0 0 0 1 0 1 1 0 0
R 143 56 000000ac 0000006f
C 143 000000ac 1 0 0 1 5 0
T 144 000000ac 0 1 0 0 0 0 0 0 1 0 0 0 0 0
C 144 000000ac 0 0 0 0 5 0
T 145 000000ac 1 1 0 0 0 0 0 0 1 0 1 1 0 0
R 145 57 000000ac 0000006f
C 145 000000ac 1 0 0 1 5 0
T 146 000000ac 0 1 0 0 0 0 0 0 1 0 0 0 0 0
C 146 000000ac 0 0 0 0 5 0
T 147 000000ac 1 1 0 0 0 0 0 0 1 0 1 1 0 0
R 147 58 000000ac 0000006f
C 147 000000ac 1 0 0 1 5 0
T 148 000000ac 0 1 0 0 0 0 0 0 1 0 0 0 0 0
C 148 000000ac 0 0 0 0 5 0
T 149 000000ac 1 1 0 0 0 0 0 0 1 0 1 1 0 0
R 149 59 000000ac 0000006f
C 149 000000ac 1 0 0 1 5 0
T 150 000000ac 0 1 0 0 0 0 0 0 1 0 0 0 0 0
C 150 000000ac 0 0 0 0 5 0
T 151 000000ac 1 1 0 0 0 0 0 0 1 0 1 1 0 0
R 151 60 000000ac 0000006f
C 151 000000ac 1 0 0 1 5 0
T 152 000000ac 0 1 0 0 0 0 0 0 1 0 0 0 0 0
C 152 000000ac 0 0 0 0 5 0
T 153 000000ac 1 1 0 0 0 0 0 0 1 0 1 1 0 0
R 153 61 000000ac 0000006f
C 153 000000ac 1 0 0 1 5 0
T 154 000000ac 0 1 0 0 0 0 0 0 1 0 0 0 0 0
C 154 000000ac 0 0 0 0 5 0
T 155 000000ac 1 1 0 0 0 0 0 0 1 0 1 1 0 0
R 155 62 000000ac 0000006f
C 155 000000ac 1 0 0 1 5 0
T 156 000000ac 0 1 0 0 0 0 0 0 1 0 0 0 0 0
C 156 000000ac 0 0 0 0 5 0
T 157 000000ac 1 1 0 0 0 0 0 0 1 0 1 1 0 0
R 157 63 000000ac 0000006f
C 157 000000ac 1 0 0 1 5 0
T 158 000000ac 0 1 0 0 0 0 0 0 1 0 0 0 0 0
C 158 000000ac 0 0 0 0 5 0
T 159 000000ac 1 1 0 0 0 0 0 0 1 0 1 1 0 0
R 159 64 000000ac 0000006f
C 159 000000ac 1 0 0 1 5 0
T 160 000000ac 0 1 0 0 0 0 0 0 1 0 0 0 0 0
C 160 000000ac 0 0 0 0 5 0
T 161 000000ac 1 1 0 0 0 0 0 0 1 0 1 1 0 0
R 161 65 000000ac 0000006f
C 161 000000ac 1 0 0 1 5 0
T 162 000000ac 0 1 0 0 0 0 0 0 1 0 0 0 0 0
C 162 000000ac 0 0 0 0 5 0
T 163 000000ac 1 1 0 0 0 0 0 0 1 0 1 1 0 0
R 163 66 000000ac 0000006f
C 163 000000ac 1 0 0 1 5 0
T 164 000000ac 0 1 0 0 0 0 0 0 1 0 0 0 0 0
C 164 000000ac 0 0 0 0 5 0
T 165 000000ac 1 1 0 0 0 0 0 0 1 0 1 1 0 0
R 165 67 000000ac 0000006f
C 165 000000ac 1 0 0 1 5 0
T 166 000000ac 0 1 0 0 0 0 0 0 1 0 0 0 0 0
C 166 000000ac 0 0 0 0 5 0
T 167 000000ac 1 1 0 0 0 0 0 0 1 0 1 1 0 0
R 167 68 000000ac 0000006f
C 167 000000ac 1 0 0 1 5 0
T 168 000000ac 0 1 0 0 0 0 0 0 1 0 0 0 0 0
C 168 000000ac 0 0 0 0 5 0
T 169 000000ac 1 1 0 0 0 0 0 0 1 0 1 1 0 0
R 169 69 000000ac 0000006f
C 169 000000ac 1 0 0 1 5 0
T 170 000000ac 0 1 0 0 0 0 0 0 1 0 0 0 0 0
C 170 000000ac 0 0 0 0 5 0
T 171 000000ac 1 1 0 0 0 0 0 0 1 0 1 1 0 0
R 171 70 000000ac 0000006f
C 171 000000ac 1 0 0 1 5 0
T 172 000000ac 0 1 0 0 0 0 0 0 1 0 0 0 0 0
C 172 000000ac 0 0 0 0 5 0
T 173 000000ac 1 1 0 0 0 0 0 0 1 0 1 1 0 0
R 173 71 000000ac 0000006f
C 173 000000ac 1 0 0 1 5 0
T 174 000000ac 0 1 0 0 0 0 0 0 1 0 0 0 0 0
C 174 000000ac 0 0 0 0 5 0
T 175 000000ac 1 1 0 0 0 0 0 0 1 0 1 1 0 0
R 175 72 000000ac 0000006f
C 175 000000ac 1 0 0 1 5 0
T 176 000000ac 0 1 0 0 0 0 0 0 1 0 0 0 0 0
C 176 000000ac 0 0 0 0 5 0
T 177 000000ac 1 1 0 0 0 0 0 0 1 0 1 1 0 0
R 177 73 000000ac 0000006f
C 177 000000ac 1 0 0 1 5 0
T 178 000000ac 0 1 0 0 0 0 0 0 1 0 0 0 0 0
C 178 000000ac 0 0 0 0 5 0
T 179 000000ac 1 1 0 0 0 0 0 0 1 0 1 1 0 0
R 179 74 000000ac 0000006f
C 179 000000ac 1 0 0 1 5 0
T 180 000000ac 0 1 0 0 0 0 0 0 1 0 0 0 0 0
C 180 000000ac 0 0 0 0 5 0
T 181 000000ac 1 1 0 0 0 0 0 0 1 0 1 1 0 0
R 181 75 000000ac 0000006f
C 181 000000ac 1 0 0 1 5 0
T 182 000000ac 0 1 0 0 0 0 0 0 1 0 0 0 0 0
C 182 000000ac 0 0 0 0 5 0
T 183 000000ac 1 1 0 0 0 0 0 0 1 0 1 1 0 0
R 183 76 000000ac 0000006f
C 183 000000ac 1 0 0 1 5 0
T 184 000000ac 0 1 0 0 0 0 0 0 1 0 0 0 0 0
C 184 000000ac 0 0 0 0 5 0
T 185 000000ac 1 1 0 0 0 0 0 0 1 0 1 1 0 0
R 185 77 000000ac 0000006f
C 185 000000ac 1 0 0 1 5 0
T 186 000000ac 0 1 0 0 0 0 0 0 1 0 0 0 0 0
C 186 000000ac 0 0 0 0 5 0
T 187 000000ac 1 1 0 0 0 0 0 0 1 0 1 1 0 0
R 187 78 000000ac 0000006f
C 187 000000ac 1 0 0 1 5 0
T 188 000000ac 0 1 0 0 0 0 0 0 1 0 0 0 0 0
C 188 000000ac 0 0 0 0 5 0
T 189 000000ac 1 1 0 0 0 0 0 0 1 0 1 1 0 0
R 189 79 000000ac 0000006f
C 189 000000ac 1 0 0 1 5 0
T 190 000000ac 0 1 0 0 0 0 0 0 1 0 0 0 0 0
C 190 000000ac 0 0 0 0 5 0
T 191 000000ac 1 1 0 0 0 0 0 0 1 0 1 1 0 0
R 191 80 000000ac 0000006f
C 191 000000ac 1 0 0 1 5 0
T 192 000000ac 0 1 0 0 0 0 0 0 1 0 0 0 0 0
C 192 000000ac 0 0 0 0 5 0
T 193 000000ac 1 1 0 0 0 0 0 0 1 0 1 1 0 0
R 193 81 000000ac 0000006f
C 193 000000ac 1 0 0 1 5 0
T 194 000000ac 0 1 0 0 0 0 0 0 1 0 0 0 0 0
C 194 000000ac 0 0 0 0 5 0
T 195 000000ac 1 1 0 0 0 0 0 0 1 0 1 1 0 0
R 195 82 000000ac 0000006f
C 195 000000ac 1 0 0 1 5 0
T 196 000000ac 0 1 0 0 0 0 0 0 1 0 0 0 0 0
C 196 000000ac 0 0 0 0 5 0
T 197 000000ac 1 1 0 0 0 0 0 0 1 0 1 1 0 0
R 197 83 000000ac 0000006f
C 197 000000ac 1 0 0 1 5 0
T 198 000000ac 0 1 0 0 0 0 0 0 1 0 0 0 0 0
C 198 000000ac 0 0 0 0 5 0
T 199 000000ac 1 1 0 0 0 0 0 0 1 0 1 1 0 0
R 199 84 000000ac 0000006f
C 199 000000ac 1 0 0 1 5 0
T 200 000000ac 0 1 0 0 0 0 0 0 1 0 0 0 0 0
C 200 000000ac 0 0 0 0 5 0
T 201 000000ac 1 1 0 0 0 0 0 0 1 0 1 1 0 0
R 201 85 000000ac 0000006f
C 201 000000ac 1 0 0 1 5 0
T 202 000000ac 0 1 0 0 0 0 0 0 1 0 0 0 0 0
C 202 000000ac 0 0 0 0 5 0
T 203 000000ac 1 1 0 0 0 0 0 0 1 0 1 1 0 0
R 203 86 000000ac 0000006f
C 203 000000ac 1 0 0 1 5 0
T 204 000000ac 0 1 0 0 0 0 0 0 1 0 0 0 0 0
C 204 000000ac 0 0 0 0 5 0
T 205 000000ac 1 1 0 0 0 0 0 0 1 0 1 1 0 0
R 205 87 000000ac 0000006f
C 205 000000ac 1 0 0 1 5 0
T 206 000000ac 0 1 0 0 0 0 0 0 1 0 0 0 0 0
C 206 000000ac 0 0 0 0 5 0
T 207 000000ac 1 1 0 0 0 0 0 0 1 0 1 1 0 0
R 207 88 000000ac 0000006f
C 207 000000ac 1 0 0 1 5 0
T 208 000000ac 0 1 0 0 0 0 0 0 1 0 0 0 0 0
C 208 000000ac 0 0 0 0 5 0
T 209 000000ac 1 1 0 0 0 0 0 0 1 0 1 1 0 0
R 209 89 000000ac 0000006f
C 209 000000ac 1 0 0 1 5 0
T 210 000000ac 0 1 0 0 0 0 0 0 1 0 0 0 0 0
C 210 000000ac 0 0 0 0 5 0
T 211 000000ac 1 1 0 0 0 0 0 0 1 0 1 1 0 0
R 211 90 000000ac 0000006f
C 211 000000ac 1 0 0 1 5 0
T 212 000000ac 0 1 0 0 0 0 0 0 1 0 0 0 0 0
C 212 000000ac 0 0 0 0 5 0
T 213 000000ac 1 1 0 0 0 0 0 0 1 0 1 1 0 0
R 213 91 000000ac 0000006f
C 213 000000ac 1 0 0 1 5 0
T 214 000000ac 0 1 0 0 0 0 0 0 1 0 0 0 0 0
C 214 000000ac 0 0 0 0 5 0
T 215 000000ac 1 1 0 0 0 0 0 0 1 0 1 1 0 0
R 215 92 000000ac 0000006f
C 215 000000ac 1 0 0 1 5 0
T 216 000000ac 0 1 0 0 0 0 0 0 1 0 0 0 0 0
C 216 000000ac 0 0 0 0 5 0
T 217 000000ac 1 1 0 0 0 0 0 0 1 0 1 1 0 0
R 217 93 000000ac 0000006f
C 217 000000ac 1 0 0 1 5 0
T 218 000000ac 0 1 0 0 0 0 0 0 1 0 0 0 0 0
C 218 000000ac 0 0 0 0 5 0
T 219 000000ac 1 1 0 0 0 0 0 0 1 0 1 1 0 0
R 219 94 000000ac 0000006f
C 219 000000ac 1 0 0 1 5 0
T 220 000000ac 0 1 0 0 0 0 0 0 1 0 0 0 0 0
C 220 000000ac 0 0 0 0 5 0
T 221 000000ac 1 1 0 0 0 0 0 0 1 0 1 1 0 0
R 221 95 000000ac 0000006f
C 221 000000ac 1 0 0 1 5 0
T 222 000000ac 0 1 0 0 0 0 0 0 1 0 0 0 0 0
C 222 000000ac 0 0 0 0 5 0
T 223 000000ac 1 1 0 0 0 0 0 0 1 0 1 1 0 0
R 223 96 000000ac 0000006f
C 223 000000ac 1 0 0 1 5 0
T 224 000000ac 0 1 0 0 0 0 0 0 1 0 0 0 0 0
C 224 000000ac 0 0 0 0 5 0
T 225 000000ac 1 1 0 0 0 0 0 0 1 0 1 1 0 0
R 225 97 000000ac 0000006f
C 225 000000ac 1 0 0 1 5 0
T 226 000000ac 0 1 0 0 0 0 0 0 1 0 0 0 0 0
C 226 000000ac 0 0 0 0 5 0
T 227 000000ac 1 1 0 0 0 0 0 0 1 0 1 1 0 0
R 227 98 000000ac 0000006f
C 227 000000ac 1 0 0 1 5 0
T 228 000000ac 0 1 0 0 0 0 0 0 1 0 0 0 0 0
C 228 000000ac 0 0 0 0 5 0
T 229 000000ac 1 1 0 0 0 0 0 0 1 0 1 1 0 0
R 229 99 000000ac 0000006f
C 229 000000ac 1 0 0 1 5 0
T 230 000000ac 0 1 0 0 0 0 0 0 1 0 0 0 0 0
C 230 000000ac 0 0 0 0 5 0
T 231 000000ac 1 1 0 0 0 0 0 0 1 0 1 1 0 0
R 231 100 000000ac 0000006f
C 231 000000ac 1 0 0 1 5 0
T 232 000000ac 0 1 0 0 0 0 0 0 1 0 0 0 0 0
C 232 000000ac 0 0 0 0 5 0
T 233 000000ac 1 1 0 0 0 0 0 0 1 0 1 1 0 0
R 233 101 000000ac 0000006f
C 233 000000ac 1 0 0 1 5 0
T 234 000000ac 0 1 0 0 0 0 0 0 1 0 0 0 0 0
C 234 000000ac 0 0 0 0 5 0
T 235 000000ac 1 1 0 0 0 0 0 0 1 0 1 1 0 0
R 235 102 000000ac 0000006f
C 235 000000ac 1 0 0 1 5 0
T 236 000000ac 0 1 0 0 0 0 0 0 1 0 0 0 0 0
C 236 000000ac 0 0 0 0 5 0
T 237 000000ac 1 1 0 0 0 0 0 0 1 0 1 1 0 0
R 237 103 000000ac 0000006f
C 237 000000ac 1 0 0 1 5 0
T 238 000000ac 0 1 0 0 0 0 0 0 1 0 0 0 0 0
C 238 000000ac 0 0 0 0 5 0
T 239 000000ac 1 1 0 0 0 0 0 0 1 0 1 1 0 0
R 239 104 000000ac 0000006f
C 239 000000ac 1 0 0 1 5 0
T 240 000000ac 0 1 0 0 0 0 0 0 1 0 0 0 0 0
C 240 000000ac 0 0 0 0 5 0
T 241 000000ac 1 1 0 0 0 0 0 0 1 0 1 1 0 0
R 241 105 000000ac 0000006f
C 241 000000ac 1 0 0 1 5 0
T 242 000000ac 0 1 0 0 0 0 0 0 1 0 0 0 0 0
C 242 000000ac 0 0 0 0 5 0
T 243 000000ac 1 1 0 0 0 0 0 0 1 0 1 1 0 0
R 243 106 000000ac 0000006f
C 243 000000ac 1 0 0 1 5 0
T 244 000000ac 0 1 0 0 0 0 0 0 1 0 0 0 0 0
C 244 000000ac 0 0 0 0 5 0
T 245 000000ac 1 1 0 0 0 0 0 0 1 0 1 1 0 0
R 245 107 000000ac 0000006f
C 245 000000ac 1 0 0 1 5 0
T 246 000000ac 0 1 0 0 0 0 0 0 1 0 0 0 0 0
C 246 000000ac 0 0 0 0 5 0
T 247 000000ac 1 1 0 0 0 0 0 0 1 0 1 1 0 0
R 247 108 000000ac 0000006f
C 247 000000ac 1 0 0 1 5 0
T 248 000000ac 0 1 0 0 0 0 0 0 1 0 0 0 0 0
C 248 000000ac 0 0 0 0 5 0
T 249 000000ac 1 1 0 0 0 0 0 0 1 0 1 1 0 0
R 249 109 000000ac 0000006f
C 249 000000ac 1 0 0 1 5 0
T 250 000000ac 0 1 0 0 0 0 0 0 1 0 0 0 0 0
C 250 000000ac 0 0 0 0 5 0
T 251 000000ac 1 1 0 0 0 0 0 0 1 0 1 1 0 0
R 251 110 000000ac 0000006f
C 251 000000ac 1 0 0 1 5 0
T 252 000000ac 0 1 0 0 0 0 0 0 1 0 0 0 0 0
C 252 000000ac 0 0 0 0 5 0
T 253 000000ac 1 1 0 0 0 0 0 0 1 0 1 1 0 0
R 253 111 000000ac 0000006f
C 253 000000ac 1 0 0 1 5 0
T 254 000000ac 0 1 0 0 0 0 0 0 1 0 0 0 0 0
C 254 000000ac 0 0 0 0 5 0
T 255 000000ac 1 1 0 0 0 0 0 0 1 0 1 1 0 0
R 255 112 000000ac 0000006f
C 255 000000ac 1 0 0 1 5 0
T 256 000000ac 0 1 0 0 0 0 0 0 1 0 0 0 0 0
C 256 000000ac 0 0 0 0 5 0
T 257 000000ac 1 1 0 0 0 0 0 0 1 0 1 1 0 0
R 257 113 000000ac 0000006f
C 257 000000ac 1 0 0 1 5 0
T 258 000000ac 0 1 0 0 0 0 0 0 1 0 0 0 0 0
C 258 000000ac 0 0 0 0 5 0
T 259 000000ac 1 1 0 0 0 0 0 0 1 0 1 1 0 0
R 259 114 000000ac 0000006f
C 259 000000ac 1 0 0 1 5 0
T 260 000000ac 0 1 0 0 0 0 0 0 1 0 0 0 0 0
C 260 000000ac 0 0 0 0 5 0
T 261 000000ac 1 1 0 0 0 0 0 0 1 0 1 1 0 0
R 261 115 000000ac 0000006f
C 261 000000ac 1 0 0 1 5 0
T 262 000000ac 0 1 0 0 0 0 0 0 1 0 0 0 0 0
C 262 000000ac 0 0 0 0 5 0
T 263 000000ac 1 1 0 0 0 0 0 0 1 0 1 1 0 0
R 263 116 000000ac 0000006f
C 263 000000ac 1 0 0 1 5 0
T 264 000000ac 0 1 0 0 0 0 0 0 1 0 0 0 0 0
C 264 000000ac 0 0 0 0 5 0
T 265 000000ac 1 1 0 0 0 0 0 0 1 0 1 1 0 0
R 265 117 000000ac 0000006f
C 265 000000ac 1 0 0 1 5 0
T 266 000000ac 0 1 0 0 0 0 0 0 1 0 0 0 0 0
C 266 000000ac 0 0 0 0 5 0
T 267 000000ac 1 1 0 0 0 0 0 0 1 0 1 1 0 0
R 267 118 000000ac 0000006f
C 267 000000ac 1 0 0 1 5 0
T 268 000000ac 0 1 0 0 0 0 0 0 1 0 0 0 0 0
C 268 000000ac 0 0 0 0 5 0
T 269 000000ac 1 1 0 0 0 0 0 0 1 0 1 1 0 0
R 269 119 000000ac 0000006f
C 269 000000ac 1 0 0 1 5 0
T 270 000000ac 0 1 0 0 0 0 0 0 1 0 0 0 0 0
C 270 000000ac 0 0 0 0 5 0
T 271 000000ac 1 1 0 0 0 0 0 0 1 0 1 1 0 0
R 271 120 000000ac 0000006f
C 271 000000ac 1 0 0 1 5 0
T 272 000000ac 0 1 0 0 0 0 0 0 1 0 0 0 0 0
C 272 000000ac 0 0 0 0 5 0
T 273 000000ac 1 1 0 0 0 0 0 0 1 0 1 1 0 0
R 273 121 000000ac 0000006f
C 273 000000ac 1 0 0 1 5 0
T 274 000000ac 0 1 0 0 0 0 0 0 1 0 0 0 0 0
C 274 000000ac 0 0 0 0 5 0
T 275 000000ac 1 1 0 0 0 0 0 0 1 0 1 1 0 0
R 275 122 000000ac 0000006f
C 275 000000ac 1 0 0 1 5 0
T 276 000000ac 0 1 0 0 0 0 0 0 1 0 0 0 0 0
C 276 000000ac 0 0 0 0 5 0
T 277 000000ac 1 1 0 0 0 0 0 0 1 0 1 1 0 0
R 277 123 000000ac 0000006f
C 277 000000ac 1 0 0 1 5 0
T 278 000000ac 0 1 0 0 0 0 0 0 1 0 0 0 0 0
C 278 000000ac 0 0 0 0 5 0
T 279 000000ac 1 1 0 0 0 0 0 0 1 0 1 1 0 0
R 279 124 000000ac 0000006f
C 279 000000ac 1 0 0 1 5 0
T 280 000000ac 0 1 0 0 0 0 0 0 1 0 0 0 0 0
C 280 000000ac 0 0 0 0 5 0
T 281 000000ac 1 1 0 0 0 0 0 0 1 0 1 1 0 0
R 281 125 000000ac 0000006f
C 281 000000ac 1 0 0 1 5 0
T 282 000000ac 0 1 0 0 0 0 0 0 1 0 0 0 0 0
C 282 000000ac 0 0 0 0 5 0
T 283 000000ac 1 1 0 0 0 0 0 0 1 0 1 1 0 0
R 283 126 000000ac 0000006f
C 283 000000ac 1 0 0 1 5 0
T 284 000000ac 0 1 0 0 0 0 0 0 1 0 0 0 0 0
C 284 000000ac 0 0 0 0 5 0
T 285 000000ac 1 1 0 0 0 0 0 0 1 0 1 1 0 0
R 285 127 000000ac 0000006f
C 285 000000ac 1 0 0 1 5 0
T 286 000000ac 0 1 0 0 0 0 0 0 1 0 0 0 0 0
C 286 000000ac 0 0 0 0 5 0
T 287 000000ac 1 1 0 0 0 0 0 0 1 0 1 1 0 0
R 287 128 000000ac 0000006f
C 287 000000ac 1 0 0 1 5 0
T 288 000000ac 0 1 0 0 0 0 0 0 1 0 0 0 0 0
C 288 000000ac 0 0 0 0 5 0
T 289 000000ac 1 1 0 0 0 0 0 0 1 0 1 1 0 0
R 289 129 000000ac 0000006f
C 289 000000ac 1 0 0 1 5 0
T 290 000000ac 0 1 0 0 0 0 0 0 1 0 0 0 0 0
C 290 000000ac 0 0 0 0 5 0
T 291 000000ac 1 1 0 0 0 0 0 0 1 0 1 1 0 0
R 291 130 000000ac 0000006f
C 291 000000ac 1 0 0 1 5 0
T 292 000000ac 0 1 0 0 0 0 0 0 1 0 0 0 0 0
C 292 000000ac 0 0 0 0 5 0
T 293 000000ac 1 1 0 0 0 0 0 0 1 0 1 1 0 0
R 293 131 000000ac 0000006f
C 293 000000ac 1 0 0 1 5 0
T 294 000000ac 0 1 0 0 0 0 0 0 1 0 0 0 0 0
C 294 000000ac 0 0 0 0 5 0
T 295 000000ac 1 1 0 0 0 0 0 0 1 0 1 1 0 0
R 295 132 000000ac 0000006f
C 295 000000ac 1 0 0 1 5 0
T 296 000000ac 0 1 0 0 0 0 0 0 1 0 0 0 0 0
C 296 000000ac 0 0 0 0 5 0
T 297 000000ac 1 1 0 0 0 0 0 0 1 0 1 1 0 0
R 297 133 000000ac 0000006f
C 297 000000ac 1 0 0 1 5 0
T 298 000000ac 0 1 0 0 0 0 0 0 1 0 0 0 0 0
C 298 000000ac 0 0 0 0 5 0
T 299 000000ac 1 1 0 0 0 0 0 0 1 0 1 1 0 0
R 299 134 000000ac 0000006f
C 299 000000ac 1 0 0 1 5 0
T 300 000000ac 0 1 0 0 0 0 0 0 1 0 0 0 0 0
C 300 000000ac 0 0 0 0 5 0
T 301 000000ac 1 1 0 0 0 0 0 0 1 0 1 1 0 0
R 301 135 000000ac 0000006f
C 301 000000ac 1 0 0 1 5 0
T 302 000000ac 0 1 0 0 0 0 0 0 1 0 0 0 0 0
C 302 000000ac 0 0 0 0 5 0
T 303 000000ac 1 1 0 0 0 0 0 0 1 0 1 1 0 0
R 303 136 000000ac 0000006f
C 303 000000ac 1 0 0 1 5 0
T 304 000000ac 0 1 0 0 0 0 0 0 1 0 0 0 0 0
C 304 000000ac 0 0 0 0 5 0
T 305 000000ac 1 1 0 0 0 0 0 0 1 0 1 1 0 0
R 305 137 000000ac 0000006f
C 305 000000ac 1 0 0 1 5 0
T 306 000000ac 0 1 0 0 0 0 0 0 1 0 0 0 0 0
C 306 000000ac 0 0 0 0 5 0
T 307 000000ac 1 1 0 0 0 0 0 0 1 0 1 1 0 0
R 307 138 000000ac 0000006f
C 307 000000ac 1 0 0 1 5 0
T 308 000000ac 0 1 0 0 0 0 0 0 1 0 0 0 0 0
C 308 000000ac 0 0 0 0 5 0
T 309 000000ac 1 1 0 0 0 0 0 0 1 0 1 1 0 0
R 309 139 000000ac 0000006f
C 309 000000ac 1 0 0 1 5 0
T 310 000000ac 0 1 0 0 0 0 0 0 1 0 0 0 0 0
C 310 000000ac 0 0 0 0 5 0
T 311 000000ac 1 1 0 0 0 0 0 0 1 0 1 1 0 0
R 311 140 000000ac 0000006f
C 311 000000ac 1 0 0 1 5 0
T 312 000000ac 0 1 0 0 0 0 0 0 1 0 0 0 0 0
C 312 000000ac 0 0 0 0 5 0
T 313 000000ac 1 1 0 0 0 0 0 0 1 0 1 1 0 0
R 313 141 000000ac 0000006f
C 313 000000ac 1 0 0 1 5 0
T 314 000000ac 0 1 0 0 0 0 0 0 1 0 0 0 0 0
C 314 000000ac 0 0 0 0 5 0
T 315 000000ac 1 1 0 0 0 0 0 0 1 0 1 1 0 0
R 315 142 000000ac 0000006f
C 315 000000ac 1 0 0 1 5 0
T 316 000000ac 0 1 0 0 0 0 0 0 1 0 0 0 0 0
C 316 000000ac 0 0 0 0 5 0
T 317 000000ac 1 1 0 0 0 0 0 0 1 0 1 1 0 0
R 317 143 000000ac 0000006f
C 317 000000ac 1 0 0 1 5 0
T 318 000000ac 0 1 0 0 0 0 0 0 1 0 0 0 0 0
C 318 000000ac 0 0 0 0 5 0
T 319 000000ac 1 1 0 0 0 0 0 0 1 0 1 1 0 0
R 319 144 000000ac 0000006f
C 319 000000ac 1 0 0 1 5 0
T 320 000000ac 0 1 0 0 0 0 0 0 1 0 0 0 0 0
C 320 000000ac 0 0 0 0 5 0
T 321 000000ac 1 1 0 0 0 0 0 0 1 0 1 1 0 0
R 321 145 000000ac 0000006f
C 321 000000ac 1 0 0 1 5 0
T 322 000000ac 0 1 0 0 0 0 0 0 1 0 0 0 0 0
C 322 000000ac 0 0 0 0 5 0
T 323 000000ac 1 1 0 0 0 0 0 0 1 0 1 1 0 0
R 323 146 000000ac 0000006f
C 323 000000ac 1 0 0 1 5 0
T 324 000000ac 0 1 0 0 0 0 0 0 1 0 0 0 0 0
C 324 000000ac 0 0 0 0 5 0
T 325 000000ac 1 1 0 0 0 0 0 0 1 0 1 1 0 0
R 325 147 000000ac 0000006f
C 325 000000ac 1 0 0 1 5 0
T 326 000000ac 0 1 0 0 0 0 0 0 1 0 0 0 0 0
C 326 000000ac 0 0 0 0 5 0
T 327 000000ac 1 1 0 0 0 0 0 0 1 0 1 1 0 0
R 327 148 000000ac 0000006f
C 327 000000ac 1 0 0 1 5 0
T 328 000000ac 0 1 0 0 0 0 0 0 1 0 0 0 0 0
C 328 000000ac 0 0 0 0 5 0
T 329 000000ac 1 1 0 0 0 0 0 0 1 0 1 1 0 0
R 329 149 000000ac 0000006f
C 329 000000ac 1 0 0 1 5 0
T 330 000000ac 0 1 0 0 0 0 0 0 1 0 0 0 0 0
C 330 000000ac 0 0 0 0 5 0
T 331 000000ac 1 1 0 0 0 0 0 0 1 0 1 1 0 0
R 331 150 000000ac 0000006f
C 331 000000ac 1 0 0 1 5 0
T 332 000000ac 0 1 0 0 0 0 0 0 1 0 0 0 0 0
C 332 000000ac 0 0 0 0 5 0
T 333 000000ac 1 1 0 0 0 0 0 0 1 0 1 1 0 0
R 333 151 000000ac 0000006f
C 333 000000ac 1 0 0 1 5 0
T 334 000000ac 0 1 0 0 0 0 0 0 1 0 0 0 0 0
C 334 000000ac 0 0 0 0 5 0
T 335 000000ac 1 1 0 0 0 0 0 0 1 0 1 1 0 0
R 335 152 000000ac 0000006f
C 335 000000ac 1 0 0 1 5 0
T 336 000000ac 0 1 0 0 0 0 0 0 1 0 0 0 0 0
C 336 000000ac 0 0 0 0 5 0
T 337 000000ac 1 1 0 0 0 0 0 0 1 0 1 1 0 0
R 337 153 000000ac 0000006f
C 337 000000ac 1 0 0 1 5 0
T 338 000000ac 0 1 0 0 0 0 0 0 1 0 0 0 0 0
C 338 000000ac 0 0 0 0 5 0
T 339 000000ac 1 1 0 0 0 0 0 0 1 0 1 1 0 0
R 339 154 000000ac 0000006f
C 339 000000ac 1 0 0 1 5 0
T 340 000000ac 0 1 0 0 0 0 0 0 1 0 0 0 0 0
C 340 000000ac 0 0 0 0 5 0
T 341 000000ac 1 1 0 0 0 0 0 0 1 0 1 1 0 0
R 341 155 000000ac 0000006f
C 341 000000ac 1 0 0 1 5 0
T 342 000000ac 0 1 0 0 0 0 0 0 1 0 0 0 0 0
C 342 000000ac 0 0 0 0 5 0
T 343 000000ac 1 1 0 0 0 0 0 0 1 0 1 1 0 0
R 343 156 000000ac 0000006f
C 343 000000ac 1 0 0 1 5 0
T 344 000000ac 0 1 0 0 0 0 0 0 1 0 0 0 0 0
C 344 000000ac 0 0 0 0 5 0
SAMPLE 345 ai=0 ab=0 am=0 pc=0 mismatch=0 rf=0 mode=0
T 345 000000ac 1 1 0 0 0 0 0 0 1 0 1 1 0 0
R 345 157 000000ac 0000006f
C 345 000000ac 1 0 0 1 5 0
SAMPLE 346 ai=0 ab=0 am=0 pc=0 mismatch=0 rf=0 mode=0
T 346 000000ac 0 1 0 0 0 0 0 0 1 0 0 0 0 0
C 346 000000ac 0 0 0 0 5 0
SAMPLE 347 ai=0 ab=0 am=0 pc=0 mismatch=0 rf=0 mode=0
T 347 000000ac 1 1 0 0 0 0 0 0 1 0 1 1 0 0
R 347 158 000000ac 0000006f
C 347 000000ac 1 0 0 1 5 0
SAMPLE 348 ai=0 ab=0 am=0 pc=0 mismatch=0 rf=0 mode=0
T 348 000000ac 0 1 0 0 0 0 0 0 1 0 0 0 0 0
C 348 000000ac 0 0 0 0 5 0
SAMPLE 349 ai=0 ab=0 am=0 pc=0 mismatch=0 rf=0 mode=0
T 349 000000ac 1 1 0 0 0 0 0 0 1 0 1 1 0 0
R 349 159 000000ac 0000006f
C 349 000000ac 1 0 0 1 5 0
SAMPLE 350 ai=0 ab=0 am=0 pc=0 mismatch=0 rf=0 mode=0
T 350 000000ac 0 1 0 0 0 0 0 0 1 0 0 0 0 0
C 350 000000ac 0 0 0 0 5 0
SAMPLE 351 ai=0 ab=0 am=0 pc=0 mismatch=0 rf=0 mode=0
T 351 000000ac 1 1 0 0 0 0 0 0 1 0 1 1 0 0
R 351 160 000000ac 0000006f
C 351 000000ac 1 0 0 1 5 0
SAMPLE 352 ai=0 ab=0 am=0 pc=0 mismatch=0 rf=0 mode=0
T 352 000000ac 0 1 0 0 0 0 0 0 1 0 0 0 0 0
C 352 000000ac 0 0 0 0 5 0
SAMPLE 353 ai=0 ab=0 am=0 pc=0 mismatch=0 rf=0 mode=0
T 353 000000ac 1 1 0 0 0 0 0 0 1 0 1 1 0 0
R 353 161 000000ac 0000006f
C 353 000000ac 1 0 0 1 5 0
SAMPLE 354 ai=0 ab=0 am=0 pc=0 mismatch=0 rf=0 mode=0
T 354 000000ac 0 1 0 0 0 0 0 0 1 0 0 0 0 0
C 354 000000ac 0 0 0 0 5 0
SAMPLE 355 ai=0 ab=0 am=0 pc=0 mismatch=0 rf=0 mode=0
T 355 000000ac 1 1 0 0 0 0 0 0 1 0 1 1 0 0
R 355 162 000000ac 0000006f
C 355 000000ac 1 0 0 1 5 0
SAMPLE 356 ai=0 ab=0 am=0 pc=0 mismatch=0 rf=0 mode=0
T 356 000000ac 0 1 0 0 0 0 0 0 1 0 0 0 0 0
C 356 000000ac 0 0 0 0 5 0
SAMPLE 357 ai=0 ab=0 am=0 pc=0 mismatch=0 rf=0 mode=0
T 357 000000ac 1 1 0 0 0 0 0 0 1 0 1 1 0 0
R 357 163 000000ac 0000006f
C 357 000000ac 1 0 0 1 5 0
SAMPLE 358 ai=0 ab=0 am=0 pc=0 mismatch=0 rf=0 mode=0
T 358 000000ac 0 1 0 0 0 0 0 0 1 0 0 0 0 0
C 358 000000ac 0 0 0 0 5 0
SAMPLE 359 ai=0 ab=0 am=0 pc=0 mismatch=0 rf=0 mode=0
T 359 000000ac 1 1 0 0 0 0 0 0 1 0 1 1 0 0
R 359 164 000000ac 0000006f
C 359 000000ac 1 0 0 1 5 0
SAMPLE 360 ai=0 ab=0 am=0 pc=0 mismatch=0 rf=0 mode=0
T 360 000000ac 0 1 0 0 0 0 0 0 1 0 0 0 0 0
C 360 000000ac 0 0 0 0 5 0
T 361 000000ac 1 1 0 0 0 0 0 0 1 0 1 1 0 0
R 361 165 000000ac 0000006f
C 361 000000ac 1 0 0 1 5 0
T 362 000000ac 0 1 0 0 0 0 0 0 1 0 0 0 0 0
C 362 000000ac 0 0 0 0 5 0
T 363 000000ac 1 1 0 0 0 0 0 0 1 0 1 1 0 0
R 363 166 000000ac 0000006f
C 363 000000ac 1 0 0 1 5 0
T 364 000000ac 0 1 0 0 0 0 0 0 1 0 0 0 0 0
C 364 000000ac 0 0 0 0 5 0
T 365 000000ac 1 1 0 0 0 0 0 0 1 0 1 1 0 0
R 365 167 000000ac 0000006f
C 365 000000ac 1 0 0 1 5 0
T 366 000000ac 0 1 0 0 0 0 0 0 1 0 0 0 0 0
C 366 000000ac 0 0 0 0 5 0
T 367 000000ac 1 1 0 0 0 0 0 0 1 0 1 1 0 0
R 367 168 000000ac 0000006f
C 367 000000ac 1 0 0 1 5 0
T 368 000000ac 0 1 0 0 0 0 0 0 1 0 0 0 0 0
C 368 000000ac 0 0 0 0 5 0
T 369 000000ac 1 1 0 0 0 0 0 0 1 0 1 1 0 0
R 369 169 000000ac 0000006f
C 369 000000ac 1 0 0 1 5 0
T 370 000000ac 0 1 0 0 0 0 0 0 1 0 0 0 0 0
C 370 000000ac 0 0 0 0 5 0
T 371 000000ac 1 1 0 0 0 0 0 0 1 0 1 1 0 0
R 371 170 000000ac 0000006f
C 371 000000ac 1 0 0 1 5 0
T 372 000000ac 0 1 0 0 0 0 0 0 1 0 0 0 0 0
C 372 000000ac 0 0 0 0 5 0
T 373 000000ac 1 1 0 0 0 0 0 0 1 0 1 1 0 0
R 373 171 000000ac 0000006f
C 373 000000ac 1 0 0 1 5 0
T 374 000000ac 0 1 0 0 0 0 0 0 1 0 0 0 0 0
C 374 000000ac 0 0 0 0 5 0
T 375 000000ac 1 1 0 0 0 0 0 0 1 0 1 1 0 0
R 375 172 000000ac 0000006f
C 375 000000ac 1 0 0 1 5 0
T 376 000000ac 0 1 0 0 0 0 0 0 1 0 0 0 0 0
C 376 000000ac 0 0 0 0 5 0
T 377 000000ac 1 1 0 0 0 0 0 0 1 0 1 1 0 0
R 377 173 000000ac 0000006f
C 377 000000ac 1 0 0 1 5 0
T 378 000000ac 0 1 0 0 0 0 0 0 1 0 0 0 0 0
C 378 000000ac 0 0 0 0 5 0
T 379 000000ac 1 1 0 0 0 0 0 0 1 0 1 1 0 0
R 379 174 000000ac 0000006f
C 379 000000ac 1 0 0 1 5 0
T 380 000000ac 0 1 0 0 0 0 0 0 1 0 0 0 0 0
C 380 000000ac 0 0 0 0 5 0
T 381 000000ac 1 1 0 0 0 0 0 0 1 0 1 1 0 0
R 381 175 000000ac 0000006f
C 381 000000ac 1 0 0 1 5 0
T 382 000000ac 0 1 0 0 0 0 0 0 1 0 0 0 0 0
C 382 000000ac 0 0 0 0 5 0
T 383 000000ac 1 1 0 0 0 0 0 0 1 0 1 1 0 0
R 383 176 000000ac 0000006f
C 383 000000ac 1 0 0 1 5 0
T 384 000000ac 0 1 0 0 0 0 0 0 1 0 0 0 0 0
C 384 000000ac 0 0 0 0 5 0
T 385 000000ac 1 1 0 0 0 0 0 0 1 0 1 1 0 0
R 385 177 000000ac 0000006f
C 385 000000ac 1 0 0 1 5 0
T 386 000000ac 0 1 0 0 0 0 0 0 1 0 0 0 0 0
C 386 000000ac 0 0 0 0 5 0
T 387 000000ac 1 1 0 0 0 0 0 0 1 0 1 1 0 0
R 387 178 000000ac 0000006f
C 387 000000ac 1 0 0 1 5 0
T 388 000000ac 0 1 0 0 0 0 0 0 1 0 0 0 0 0
C 388 000000ac 0 0 0 0 5 0
T 389 000000ac 1 1 0 0 0 0 0 0 1 0 1 1 0 0
R 389 179 000000ac 0000006f
C 389 000000ac 1 0 0 1 5 0
T 390 000000ac 0 1 0 0 0 0 0 0 1 0 0 0 0 0
C 390 000000ac 0 0 0 0 5 0
T 391 000000ac 1 1 0 0 0 0 0 0 1 0 1 1 0 0
R 391 180 000000ac 0000006f
C 391 000000ac 1 0 0 1 5 0
T 392 000000ac 0 1 0 0 0 0 0 0 1 0 0 0 0 0
C 392 000000ac 0 0 0 0 5 0
T 393 000000ac 1 1 0 0 0 0 0 0 1 0 1 1 0 0
R 393 181 000000ac 0000006f
C 393 000000ac 1 0 0 1 5 0
T 394 000000ac 0 1 0 0 0 0 0 0 1 0 0 0 0 0
C 394 000000ac 0 0 0 0 5 0
T 395 000000ac 1 1 0 0 0 0 0 0 1 0 1 1 0 0
R 395 182 000000ac 0000006f
C 395 000000ac 1 0 0 1 5 0
T 396 000000ac 0 1 0 0 0 0 0 0 1 0 0 0 0 0
C 396 000000ac 0 0 0 0 5 0
T 397 000000ac 1 1 0 0 0 0 0 0 1 0 1 1 0 0
R 397 183 000000ac 0000006f
C 397 000000ac 1 0 0 1 5 0
T 398 000000ac 0 1 0 0 0 0 0 0 1 0 0 0 0 0
C 398 000000ac 0 0 0 0 5 0
T 399 000000ac 1 1 0 0 0 0 0 0 1 0 1 1 0 0
R 399 184 000000ac 0000006f
C 399 000000ac 1 0 0 1 5 0
T 400 000000ac 0 1 0 0 0 0 0 0 1 0 0 0 0 0
C 400 000000ac 0 0 0 0 5 0
T 401 000000ac 1 1 0 0 0 0 0 0 1 0 1 1 0 0
R 401 185 000000ac 0000006f
C 401 000000ac 1 0 0 1 5 0
T 402 000000ac 0 1 0 0 0 0 0 0 1 0 0 0 0 0
C 402 000000ac 0 0 0 0 5 0
T 403 000000ac 1 1 0 0 0 0 0 0 1 0 1 1 0 0
R 403 186 000000ac 0000006f
C 403 000000ac 1 0 0 1 5 0
T 404 000000ac 0 1 0 0 0 0 0 0 1 0 0 0 0 0
C 404 000000ac 0 0 0 0 5 0
T 405 000000ac 1 1 0 0 0 0 0 0 1 0 1 1 0 0
R 405 187 000000ac 0000006f
C 405 000000ac 1 0 0 1 5 0
T 406 000000ac 0 1 0 0 0 0 0 0 1 0 0 0 0 0
C 406 000000ac 0 0 0 0 5 0
T 407 000000ac 1 1 0 0 0 0 0 0 1 0 1 1 0 0
R 407 188 000000ac 0000006f
C 407 000000ac 1 0 0 1 5 0
T 408 000000ac 0 1 0 0 0 0 0 0 1 0 0 0 0 0
C 408 000000ac 0 0 0 0 5 0
T 409 000000ac 1 1 0 0 0 0 0 0 1 0 1 1 0 0
R 409 189 000000ac 0000006f
C 409 000000ac 1 0 0 1 5 0
T 410 000000ac 0 1 0 0 0 0 0 0 1 0 0 0 0 0
C 410 000000ac 0 0 0 0 5 0
T 411 000000ac 1 1 0 0 0 0 0 0 1 0 1 1 0 0
R 411 190 000000ac 0000006f
C 411 000000ac 1 0 0 1 5 0
T 412 000000ac 0 1 0 0 0 0 0 0 1 0 0 0 0 0
C 412 000000ac 0 0 0 0 5 0
T 413 000000ac 1 1 0 0 0 0 0 0 1 0 1 1 0 0
R 413 191 000000ac 0000006f
C 413 000000ac 1 0 0 1 5 0
T 414 000000ac 0 1 0 0 0 0 0 0 1 0 0 0 0 0
C 414 000000ac 0 0 0 0 5 0
T 415 000000ac 1 1 0 0 0 0 0 0 1 0 1 1 0 0
R 415 192 000000ac 0000006f
C 415 000000ac 1 0 0 1 5 0
T 416 000000ac 0 1 0 0 0 0 0 0 1 0 0 0 0 0
C 416 000000ac 0 0 0 0 5 0
T 417 000000ac 1 1 0 0 0 0 0 0 1 0 1 1 0 0
R 417 193 000000ac 0000006f
C 417 000000ac 1 0 0 1 5 0
T 418 000000ac 0 1 0 0 0 0 0 0 1 0 0 0 0 0
C 418 000000ac 0 0 0 0 5 0
T 419 000000ac 1 1 0 0 0 0 0 0 1 0 1 1 0 0
R 419 194 000000ac 0000006f
C 419 000000ac 1 0 0 1 5 0
T 420 000000ac 0 1 0 0 0 0 0 0 1 0 0 0 0 0
C 420 000000ac 0 0 0 0 5 0
T 421 000000ac 1 1 0 0 0 0 0 0 1 0 1 1 0 0
R 421 195 000000ac 0000006f
C 421 000000ac 1 0 0 1 5 0
T 422 000000ac 0 1 0 0 0 0 0 0 1 0 0 0 0 0
C 422 000000ac 0 0 0 0 5 0
T 423 000000ac 1 1 0 0 0 0 0 0 1 0 1 1 0 0
R 423 196 000000ac 0000006f
C 423 000000ac 1 0 0 1 5 0
T 424 000000ac 0 1 0 0 0 0 0 0 1 0 0 0 0 0
C 424 000000ac 0 0 0 0 5 0
T 425 000000ac 1 1 0 0 0 0 0 0 1 0 1 1 0 0
R 425 197 000000ac 0000006f
C 425 000000ac 1 0 0 1 5 0
T 426 000000ac 0 1 0 0 0 0 0 0 1 0 0 0 0 0
C 426 000000ac 0 0 0 0 5 0
T 427 000000ac 1 1 0 0 0 0 0 0 1 0 1 1 0 0
R 427 198 000000ac 0000006f
C 427 000000ac 1 0 0 1 5 0
T 428 000000ac 0 1 0 0 0 0 0 0 1 0 0 0 0 0
C 428 000000ac 0 0 0 0 5 0
T 429 000000ac 1 1 0 0 0 0 0 0 1 0 1 1 0 0
R 429 199 000000ac 0000006f
C 429 000000ac 1 0 0 1 5 0
T 430 000000ac 0 1 0 0 0 0 0 0 1 0 0 0 0 0
C 430 000000ac 0 0 0 0 5 0
T 431 000000ac 1 1 0 0 0 0 0 0 1 0 1 1 0 0
R 431 200 000000ac 0000006f
C 431 000000ac 1 0 0 1 5 0
T 432 000000ac 0 1 0 0 0 0 0 0 1 0 0 0 0 0
C 432 000000ac 0 0 0 0 5 0
T 433 000000ac 1 1 0 0 0 0 0 0 1 0 1 1 0 0
R 433 201 000000ac 0000006f
C 433 000000ac 1 0 0 1 5 0
T 434 000000ac 0 1 0 0 0 0 0 0 1 0 0 0 0 0
C 434 000000ac 0 0 0 0 5 0
T 435 000000ac 1 1 0 0 0 0 0 0 1 0 1 1 0 0
R 435 202 000000ac 0000006f
C 435 000000ac 1 0 0 1 5 0
T 436 000000ac 0 1 0 0 0 0 0 0 1 0 0 0 0 0
C 436 000000ac 0 0 0 0 5 0
T 437 000000ac 1 1 0 0 0 0 0 0 1 0 1 1 0 0
R 437 203 000000ac 0000006f
C 437 000000ac 1 0 0 1 5 0
T 438 000000ac 0 1 0 0 0 0 0 0 1 0 0 0 0 0
C 438 000000ac 0 0 0 0 5 0
T 439 000000ac 1 1 0 0 0 0 0 0 1 0 1 1 0 0
R 439 204 000000ac 0000006f
C 439 000000ac 1 0 0 1 5 0
T 440 000000ac 0 1 0 0 0 0 0 0 1 0 0 0 0 0
C 440 000000ac 0 0 0 0 5 0
T 441 000000ac 1 1 0 0 0 0 0 0 1 0 1 1 0 0
R 441 205 000000ac 0000006f
C 441 000000ac 1 0 0 1 5 0
T 442 000000ac 0 1 0 0 0 0 0 0 1 0 0 0 0 0
C 442 000000ac 0 0 0 0 5 0
T 443 000000ac 1 1 0 0 0 0 0 0 1 0 1 1 0 0
R 443 206 000000ac 0000006f
C 443 000000ac 1 0 0 1 5 0
T 444 000000ac 0 1 0 0 0 0 0 0 1 0 0 0 0 0
C 444 000000ac 0 0 0 0 5 0
T 445 000000ac 1 1 0 0 0 0 0 0 1 0 1 1 0 0
R 445 207 000000ac 0000006f
C 445 000000ac 1 0 0 1 5 0
T 446 000000ac 0 1 0 0 0 0 0 0 1 0 0 0 0 0
C 446 000000ac 0 0 0 0 5 0
T 447 000000ac 1 1 0 0 0 0 0 0 1 0 1 1 0 0
R 447 208 000000ac 0000006f
C 447 000000ac 1 0 0 1 5 0
T 448 000000ac 0 1 0 0 0 0 0 0 1 0 0 0 0 0
C 448 000000ac 0 0 0 0 5 0
T 449 000000ac 1 1 0 0 0 0 0 0 1 0 1 1 0 0
R 449 209 000000ac 0000006f
C 449 000000ac 1 0 0 1 5 0
T 450 000000ac 0 1 0 0 0 0 0 0 1 0 0 0 0 0
C 450 000000ac 0 0 0 0 5 0
T 451 000000ac 1 1 0 0 0 0 0 0 1 0 1 1 0 0
R 451 210 000000ac 0000006f
C 451 000000ac 1 0 0 1 5 0
T 452 000000ac 0 1 0 0 0 0 0 0 1 0 0 0 0 0
C 452 000000ac 0 0 0 0 5 0
T 453 000000ac 1 1 0 0 0 0 0 0 1 0 1 1 0 0
R 453 211 000000ac 0000006f
C 453 000000ac 1 0 0 1 5 0
T 454 000000ac 0 1 0 0 0 0 0 0 1 0 0 0 0 0
C 454 000000ac 0 0 0 0 5 0
T 455 000000ac 1 1 0 0 0 0 0 0 1 0 1 1 0 0
R 455 212 000000ac 0000006f
C 455 000000ac 1 0 0 1 5 0
T 456 000000ac 0 1 0 0 0 0 0 0 1 0 0 0 0 0
C 456 000000ac 0 0 0 0 5 0
T 457 000000ac 1 1 0 0 0 0 0 0 1 0 1 1 0 0
R 457 213 000000ac 0000006f
C 457 000000ac 1 0 0 1 5 0
T 458 000000ac 0 1 0 0 0 0 0 0 1 0 0 0 0 0
C 458 000000ac 0 0 0 0 5 0
T 459 000000ac 1 1 0 0 0 0 0 0 1 0 1 1 0 0
R 459 214 000000ac 0000006f
C 459 000000ac 1 0 0 1 5 0
T 460 000000ac 0 1 0 0 0 0 0 0 1 0 0 0 0 0
C 460 000000ac 0 0 0 0 5 0
T 461 000000ac 1 1 0 0 0 0 0 0 1 0 1 1 0 0
R 461 215 000000ac 0000006f
C 461 000000ac 1 0 0 1 5 0
T 462 000000ac 0 1 0 0 0 0 0 0 1 0 0 0 0 0
C 462 000000ac 0 0 0 0 5 0
T 463 000000ac 1 1 0 0 0 0 0 0 1 0 1 1 0 0
R 463 216 000000ac 0000006f
C 463 000000ac 1 0 0 1 5 0
T 464 000000ac 0 1 0 0 0 0 0 0 1 0 0 0 0 0
C 464 000000ac 0 0 0 0 5 0
T 465 000000ac 1 1 0 0 0 0 0 0 1 0 1 1 0 0
R 465 217 000000ac 0000006f
C 465 000000ac 1 0 0 1 5 0
T 466 000000ac 0 1 0 0 0 0 0 0 1 0 0 0 0 0
C 466 000000ac 0 0 0 0 5 0
T 467 000000ac 1 1 0 0 0 0 0 0 1 0 1 1 0 0
R 467 218 000000ac 0000006f
C 467 000000ac 1 0 0 1 5 0
T 468 000000ac 0 1 0 0 0 0 0 0 1 0 0 0 0 0
C 468 000000ac 0 0 0 0 5 0
T 469 000000ac 1 1 0 0 0 0 0 0 1 0 1 1 0 0
R 469 219 000000ac 0000006f
C 469 000000ac 1 0 0 1 5 0
T 470 000000ac 0 1 0 0 0 0 0 0 1 0 0 0 0 0
C 470 000000ac 0 0 0 0 5 0
T 471 000000ac 1 1 0 0 0 0 0 0 1 0 1 1 0 0
R 471 220 000000ac 0000006f
C 471 000000ac 1 0 0 1 5 0
T 472 000000ac 0 1 0 0 0 0 0 0 1 0 0 0 0 0
C 472 000000ac 0 0 0 0 5 0
T 473 000000ac 1 1 0 0 0 0 0 0 1 0 1 1 0 0
R 473 221 000000ac 0000006f
C 473 000000ac 1 0 0 1 5 0
T 474 000000ac 0 1 0 0 0 0 0 0 1 0 0 0 0 0
C 474 000000ac 0 0 0 0 5 0
T 475 000000ac 1 1 0 0 0 0 0 0 1 0 1 1 0 0
R 475 222 000000ac 0000006f
C 475 000000ac 1 0 0 1 5 0
T 476 000000ac 0 1 0 0 0 0 0 0 1 0 0 0 0 0
C 476 000000ac 0 0 0 0 5 0
T 477 000000ac 1 1 0 0 0 0 0 0 1 0 1 1 0 0
R 477 223 000000ac 0000006f
C 477 000000ac 1 0 0 1 5 0
T 478 000000ac 0 1 0 0 0 0 0 0 1 0 0 0 0 0
C 478 000000ac 0 0 0 0 5 0
T 479 000000ac 1 1 0 0 0 0 0 0 1 0 1 1 0 0
R 479 224 000000ac 0000006f
C 479 000000ac 1 0 0 1 5 0
T 480 000000ac 0 1 0 0 0 0 0 0 1 0 0 0 0 0
C 480 000000ac 0 0 0 0 5 0
T 481 000000ac 1 1 0 0 0 0 0 0 1 0 1 1 0 0
R 481 225 000000ac 0000006f
C 481 000000ac 1 0 0 1 5 0
T 482 000000ac 0 1 0 0 0 0 0 0 1 0 0 0 0 0
C 482 000000ac 0 0 0 0 5 0
T 483 000000ac 1 1 0 0 0 0 0 0 1 0 1 1 0 0
R 483 226 000000ac 0000006f
C 483 000000ac 1 0 0 1 5 0
T 484 000000ac 0 1 0 0 0 0 0 0 1 0 0 0 0 0
C 484 000000ac 0 0 0 0 5 0
T 485 000000ac 1 1 0 0 0 0 0 0 1 0 1 1 0 0
R 485 227 000000ac 0000006f
C 485 000000ac 1 0 0 1 5 0
T 486 000000ac 0 1 0 0 0 0 0 0 1 0 0 0 0 0
C 486 000000ac 0 0 0 0 5 0
T 487 000000ac 1 1 0 0 0 0 0 0 1 0 1 1 0 0
R 487 228 000000ac 0000006f
C 487 000000ac 1 0 0 1 5 0
T 488 000000ac 0 1 0 0 0 0 0 0 1 0 0 0 0 0
C 488 000000ac 0 0 0 0 5 0
T 489 000000ac 1 1 0 0 0 0 0 0 1 0 1 1 0 0
R 489 229 000000ac 0000006f
C 489 000000ac 1 0 0 1 5 0
T 490 000000ac 0 1 0 0 0 0 0 0 1 0 0 0 0 0
C 490 000000ac 0 0 0 0 5 0
T 491 000000ac 1 1 0 0 0 0 0 0 1 0 1 1 0 0
R 491 230 000000ac 0000006f
C 491 000000ac 1 0 0 1 5 0
T 492 000000ac 0 1 0 0 0 0 0 0 1 0 0 0 0 0
C 492 000000ac 0 0 0 0 5 0
T 493 000000ac 1 1 0 0 0 0 0 0 1 0 1 1 0 0
R 493 231 000000ac 0000006f
C 493 000000ac 1 0 0 1 5 0
T 494 000000ac 0 1 0 0 0 0 0 0 1 0 0 0 0 0
C 494 000000ac 0 0 0 0 5 0
T 495 000000ac 1 1 0 0 0 0 0 0 1 0 1 1 0 0
R 495 232 000000ac 0000006f
C 495 000000ac 1 0 0 1 5 0
T 496 000000ac 0 1 0 0 0 0 0 0 1 0 0 0 0 0
C 496 000000ac 0 0 0 0 5 0
T 497 000000ac 1 1 0 0 0 0 0 0 1 0 1 1 0 0
R 497 233 000000ac 0000006f
C 497 000000ac 1 0 0 1 5 0
T 498 000000ac 0 1 0 0 0 0 0 0 1 0 0 0 0 0
C 498 000000ac 0 0 0 0 5 0
T 499 000000ac 1 1 0 0 0 0 0 0 1 0 1 1 0 0
R 499 234 000000ac 0000006f
C 499 000000ac 1 0 0 1 5 0
T 500 000000ac 0 1 0 0 0 0 0 0 1 0 0 0 0 0
C 500 000000ac 0 0 0 0 5 0
T 501 000000ac 1 1 0 0 0 0 0 0 1 0 1 1 0 0
R 501 235 000000ac 0000006f
C 501 000000ac 1 0 0 1 5 0
T 502 000000ac 0 1 0 0 0 0 0 0 1 0 0 0 0 0
C 502 000000ac 0 0 0 0 5 0
T 503 000000ac 1 1 0 0 0 0 0 0 1 0 1 1 0 0
R 503 236 000000ac 0000006f
C 503 000000ac 1 0 0 1 5 0
T 504 000000ac 0 1 0 0 0 0 0 0 1 0 0 0 0 0
C 504 000000ac 0 0 0 0 5 0
T 505 000000ac 1 1 0 0 0 0 0 0 1 0 1 1 0 0
R 505 237 000000ac 0000006f
C 505 000000ac 1 0 0 1 5 0
T 506 000000ac 0 1 0 0 0 0 0 0 1 0 0 0 0 0
C 506 000000ac 0 0 0 0 5 0
T 507 000000ac 1 1 0 0 0 0 0 0 1 0 1 1 0 0
R 507 238 000000ac 0000006f
C 507 000000ac 1 0 0 1 5 0
T 508 000000ac 0 1 0 0 0 0 0 0 1 0 0 0 0 0
C 508 000000ac 0 0 0 0 5 0
T 509 000000ac 1 1 0 0 0 0 0 0 1 0 1 1 0 0
R 509 239 000000ac 0000006f
C 509 000000ac 1 0 0 1 5 0
T 510 000000ac 0 1 0 0 0 0 0 0 1 0 0 0 0 0
C 510 000000ac 0 0 0 0 5 0
T 511 000000ac 1 1 0 0 0 0 0 0 1 0 1 1 0 0
R 511 240 000000ac 0000006f
C 511 000000ac 1 0 0 1 5 0
T 512 000000ac 0 1 0 0 0 0 0 0 1 0 0 0 0 0
C 512 000000ac 0 0 0 0 5 0
T 513 000000ac 1 1 0 0 0 0 0 0 1 0 1 1 0 0
R 513 241 000000ac 0000006f
C 513 000000ac 1 0 0 1 5 0
T 514 000000ac 0 1 0 0 0 0 0 0 1 0 0 0 0 0
C 514 000000ac 0 0 0 0 5 0
T 515 000000ac 1 1 0 0 0 0 0 0 1 0 1 1 0 0
R 515 242 000000ac 0000006f
C 515 000000ac 1 0 0 1 5 0
T 516 000000ac 0 1 0 0 0 0 0 0 1 0 0 0 0 0
C 516 000000ac 0 0 0 0 5 0
T 517 000000ac 1 1 0 0 0 0 0 0 1 0 1 1 0 0
R 517 243 000000ac 0000006f
C 517 000000ac 1 0 0 1 5 0
T 518 000000ac 0 1 0 0 0 0 0 0 1 0 0 0 0 0
C 518 000000ac 0 0 0 0 5 0
T 519 000000ac 1 1 0 0 0 0 0 0 1 0 1 1 0 0
R 519 244 000000ac 0000006f
C 519 000000ac 1 0 0 1 5 0
T 520 000000ac 0 1 0 0 0 0 0 0 1 0 0 0 0 0
C 520 000000ac 0 0 0 0 5 0
T 521 000000ac 1 1 0 0 0 0 0 0 1 0 1 1 0 0
R 521 245 000000ac 0000006f
C 521 000000ac 1 0 0 1 5 0
T 522 000000ac 0 1 0 0 0 0 0 0 1 0 0 0 0 0
C 522 000000ac 0 0 0 0 5 0
T 523 000000ac 1 1 0 0 0 0 0 0 1 0 1 1 0 0
R 523 246 000000ac 0000006f
C 523 000000ac 1 0 0 1 5 0
T 524 000000ac 0 1 0 0 0 0 0 0 1 0 0 0 0 0
C 524 000000ac 0 0 0 0 5 0
T 525 000000ac 1 1 0 0 0 0 0 0 1 0 1 1 0 0
R 525 247 000000ac 0000006f
C 525 000000ac 1 0 0 1 5 0
T 526 000000ac 0 1 0 0 0 0 0 0 1 0 0 0 0 0
C 526 000000ac 0 0 0 0 5 0
T 527 000000ac 1 1 0 0 0 0 0 0 1 0 1 1 0 0
R 527 248 000000ac 0000006f
C 527 000000ac 1 0 0 1 5 0
T 528 000000ac 0 1 0 0 0 0 0 0 1 0 0 0 0 0
C 528 000000ac 0 0 0 0 5 0
T 529 000000ac 1 1 0 0 0 0 0 0 1 0 1 1 0 0
R 529 249 000000ac 0000006f
C 529 000000ac 1 0 0 1 5 0
T 530 000000ac 0 1 0 0 0 0 0 0 1 0 0 0 0 0
C 530 000000ac 0 0 0 0 5 0
T 531 000000ac 1 1 0 0 0 0 0 0 1 0 1 1 0 0
R 531 250 000000ac 0000006f
C 531 000000ac 1 0 0 1 5 0
T 532 000000ac 0 1 0 0 0 0 0 0 1 0 0 0 0 0
C 532 000000ac 0 0 0 0 5 0
T 533 000000ac 1 1 0 0 0 0 0 0 1 0 1 1 0 0
R 533 251 000000ac 0000006f
C 533 000000ac 1 0 0 1 5 0
T 534 000000ac 0 1 0 0 0 0 0 0 1 0 0 0 0 0
C 534 000000ac 0 0 0 0 5 0
T 535 000000ac 1 1 0 0 0 0 0 0 1 0 1 1 0 0
R 535 252 000000ac 0000006f
C 535 000000ac 1 0 0 1 5 0
T 536 000000ac 0 1 0 0 0 0 0 0 1 0 0 0 0 0
C 536 000000ac 0 0 0 0 5 0
T 537 000000ac 1 1 0 0 0 0 0 0 1 0 1 1 0 0
R 537 253 000000ac 0000006f
C 537 000000ac 1 0 0 1 5 0
T 538 000000ac 0 1 0 0 0 0 0 0 1 0 0 0 0 0
C 538 000000ac 0 0 0 0 5 0
T 539 000000ac 1 1 0 0 0 0 0 0 1 0 1 1 0 0
R 539 254 000000ac 0000006f
C 539 000000ac 1 0 0 1 5 0
T 540 000000ac 0 1 0 0 0 0 0 0 1 0 0 0 0 0
C 540 000000ac 0 0 0 0 5 0
T 541 000000ac 1 1 0 0 0 0 0 0 1 0 1 1 0 0
R 541 255 000000ac 0000006f
C 541 000000ac 1 0 0 1 5 0
T 542 000000ac 0 1 0 0 0 0 0 0 1 0 0 0 0 0
C 542 000000ac 0 0 0 0 5 0
T 543 000000ac 1 1 0 0 0 0 0 0 1 0 1 1 0 0
R 543 256 000000ac 0000006f
C 543 000000ac 1 0 0 1 5 0
T 544 000000ac 0 1 0 0 0 0 0 0 1 0 0 0 0 0
C 544 000000ac 0 0 0 0 5 0
T 545 000000ac 1 1 0 0 0 0 0 0 1 0 1 1 0 0
R 545 257 000000ac 0000006f
C 545 000000ac 1 0 0 1 5 0
T 546 000000ac 0 1 0 0 0 0 0 0 1 0 0 0 0 0
C 546 000000ac 0 0 0 0 5 0
T 547 000000ac 1 1 0 0 0 0 0 0 1 0 1 1 0 0
R 547 258 000000ac 0000006f
C 547 000000ac 1 0 0 1 5 0
T 548 000000ac 0 1 0 0 0 0 0 0 1 0 0 0 0 0
C 548 000000ac 0 0 0 0 5 0
T 549 000000ac 1 1 0 0 0 0 0 0 1 0 1 1 0 0
R 549 259 000000ac 0000006f
C 549 000000ac 1 0 0 1 5 0
T 550 000000ac 0 1 0 0 0 0 0 0 1 0 0 0 0 0
C 550 000000ac 0 0 0 0 5 0
T 551 000000ac 1 1 0 0 0 0 0 0 1 0 1 1 0 0
R 551 260 000000ac 0000006f
C 551 000000ac 1 0 0 1 5 0
T 552 000000ac 0 1 0 0 0 0 0 0 1 0 0 0 0 0
C 552 000000ac 0 0 0 0 5 0
T 553 000000ac 1 1 0 0 0 0 0 0 1 0 1 1 0 0
R 553 261 000000ac 0000006f
C 553 000000ac 1 0 0 1 5 0
T 554 000000ac 0 1 0 0 0 0 0 0 1 0 0 0 0 0
C 554 000000ac 0 0 0 0 5 0
T 555 000000ac 1 1 0 0 0 0 0 0 1 0 1 1 0 0
R 555 262 000000ac 0000006f
C 555 000000ac 1 0 0 1 5 0
T 556 000000ac 0 1 0 0 0 0 0 0 1 0 0 0 0 0
C 556 000000ac 0 0 0 0 5 0
T 557 000000ac 1 1 0 0 0 0 0 0 1 0 1 1 0 0
R 557 263 000000ac 0000006f
C 557 000000ac 1 0 0 1 5 0
T 558 000000ac 0 1 0 0 0 0 0 0 1 0 0 0 0 0
C 558 000000ac 0 0 0 0 5 0
T 559 000000ac 1 1 0 0 0 0 0 0 1 0 1 1 0 0
R 559 264 000000ac 0000006f
C 559 000000ac 1 0 0 1 5 0
T 560 000000ac 0 1 0 0 0 0 0 0 1 0 0 0 0 0
C 560 000000ac 0 0 0 0 5 0
T 561 000000ac 1 1 0 0 0 0 0 0 1 0 1 1 0 0
R 561 265 000000ac 0000006f
C 561 000000ac 1 0 0 1 5 0
T 562 000000ac 0 1 0 0 0 0 0 0 1 0 0 0 0 0
C 562 000000ac 0 0 0 0 5 0
T 563 000000ac 1 1 0 0 0 0 0 0 1 0 1 1 0 0
R 563 266 000000ac 0000006f
C 563 000000ac 1 0 0 1 5 0
T 564 000000ac 0 1 0 0 0 0 0 0 1 0 0 0 0 0
C 564 000000ac 0 0 0 0 5 0
T 565 000000ac 1 1 0 0 0 0 0 0 1 0 1 1 0 0
R 565 267 000000ac 0000006f
C 565 000000ac 1 0 0 1 5 0
T 566 000000ac 0 1 0 0 0 0 0 0 1 0 0 0 0 0
C 566 000000ac 0 0 0 0 5 0
T 567 000000ac 1 1 0 0 0 0 0 0 1 0 1 1 0 0
R 567 268 000000ac 0000006f
C 567 000000ac 1 0 0 1 5 0
T 568 000000ac 0 1 0 0 0 0 0 0 1 0 0 0 0 0
C 568 000000ac 0 0 0 0 5 0
T 569 000000ac 1 1 0 0 0 0 0 0 1 0 1 1 0 0
R 569 269 000000ac 0000006f
C 569 000000ac 1 0 0 1 5 0
T 570 000000ac 0 1 0 0 0 0 0 0 1 0 0 0 0 0
C 570 000000ac 0 0 0 0 5 0
T 571 000000ac 1 1 0 0 0 0 0 0 1 0 1 1 0 0
R 571 270 000000ac 0000006f
C 571 000000ac 1 0 0 1 5 0
T 572 000000ac 0 1 0 0 0 0 0 0 1 0 0 0 0 0
C 572 000000ac 0 0 0 0 5 0
T 573 000000ac 1 1 0 0 0 0 0 0 1 0 1 1 0 0
R 573 271 000000ac 0000006f
C 573 000000ac 1 0 0 1 5 0
T 574 000000ac 0 1 0 0 0 0 0 0 1 0 0 0 0 0
C 574 000000ac 0 0 0 0 5 0
T 575 000000ac 1 1 0 0 0 0 0 0 1 0 1 1 0 0
R 575 272 000000ac 0000006f
C 575 000000ac 1 0 0 1 5 0
T 576 000000ac 0 1 0 0 0 0 0 0 1 0 0 0 0 0
C 576 000000ac 0 0 0 0 5 0
T 577 000000ac 1 1 0 0 0 0 0 0 1 0 1 1 0 0
R 577 273 000000ac 0000006f
C 577 000000ac 1 0 0 1 5 0
T 578 000000ac 0 1 0 0 0 0 0 0 1 0 0 0 0 0
C 578 000000ac 0 0 0 0 5 0
T 579 000000ac 1 1 0 0 0 0 0 0 1 0 1 1 0 0
R 579 274 000000ac 0000006f
C 579 000000ac 1 0 0 1 5 0
T 580 000000ac 0 1 0 0 0 0 0 0 1 0 0 0 0 0
C 580 000000ac 0 0 0 0 5 0
T 581 000000ac 1 1 0 0 0 0 0 0 1 0 1 1 0 0
R 581 275 000000ac 0000006f
C 581 000000ac 1 0 0 1 5 0
T 582 000000ac 0 1 0 0 0 0 0 0 1 0 0 0 0 0
C 582 000000ac 0 0 0 0 5 0
T 583 000000ac 1 1 0 0 0 0 0 0 1 0 1 1 0 0
R 583 276 000000ac 0000006f
C 583 000000ac 1 0 0 1 5 0
T 584 000000ac 0 1 0 0 0 0 0 0 1 0 0 0 0 0
C 584 000000ac 0 0 0 0 5 0
T 585 000000ac 1 1 0 0 0 0 0 0 1 0 1 1 0 0
R 585 277 000000ac 0000006f
C 585 000000ac 1 0 0 1 5 0
T 586 000000ac 0 1 0 0 0 0 0 0 1 0 0 0 0 0
C 586 000000ac 0 0 0 0 5 0
T 587 000000ac 1 1 0 0 0 0 0 0 1 0 1 1 0 0
R 587 278 000000ac 0000006f
C 587 000000ac 1 0 0 1 5 0
T 588 000000ac 0 1 0 0 0 0 0 0 1 0 0 0 0 0
C 588 000000ac 0 0 0 0 5 0
T 589 000000ac 1 1 0 0 0 0 0 0 1 0 1 1 0 0
R 589 279 000000ac 0000006f
C 589 000000ac 1 0 0 1 5 0
T 590 000000ac 0 1 0 0 0 0 0 0 1 0 0 0 0 0
C 590 000000ac 0 0 0 0 5 0
T 591 000000ac 1 1 0 0 0 0 0 0 1 0 1 1 0 0
R 591 280 000000ac 0000006f
C 591 000000ac 1 0 0 1 5 0
T 592 000000ac 0 1 0 0 0 0 0 0 1 0 0 0 0 0
C 592 000000ac 0 0 0 0 5 0
T 593 000000ac 1 1 0 0 0 0 0 0 1 0 1 1 0 0
R 593 281 000000ac 0000006f
C 593 000000ac 1 0 0 1 5 0
T 594 000000ac 0 1 0 0 0 0 0 0 1 0 0 0 0 0
C 594 000000ac 0 0 0 0 5 0
T 595 000000ac 1 1 0 0 0 0 0 0 1 0 1 1 0 0
R 595 282 000000ac 0000006f
C 595 000000ac 1 0 0 1 5 0
T 596 000000ac 0 1 0 0 0 0 0 0 1 0 0 0 0 0
C 596 000000ac 0 0 0 0 5 0
T 597 000000ac 1 1 0 0 0 0 0 0 1 0 1 1 0 0
R 597 283 000000ac 0000006f
C 597 000000ac 1 0 0 1 5 0
T 598 000000ac 0 1 0 0 0 0 0 0 1 0 0 0 0 0
C 598 000000ac 0 0 0 0 5 0
T 599 000000ac 1 1 0 0 0 0 0 0 1 0 1 1 0 0
R 599 284 000000ac 0000006f
C 599 000000ac 1 0 0 1 5 0
T 600 000000ac 0 1 0 0 0 0 0 0 1 0 0 0 0 0
C 600 000000ac 0 0 0 0 5 0
T 601 000000ac 1 1 0 0 0 0 0 0 1 0 1 1 0 0
R 601 285 000000ac 0000006f
C 601 000000ac 1 0 0 1 5 0
T 602 000000ac 0 1 0 0 0 0 0 0 1 0 0 0 0 0
C 602 000000ac 0 0 0 0 5 0
T 603 000000ac 1 1 0 0 0 0 0 0 1 0 1 1 0 0
R 603 286 000000ac 0000006f
C 603 000000ac 1 0 0 1 5 0
T 604 000000ac 0 1 0 0 0 0 0 0 1 0 0 0 0 0
C 604 000000ac 0 0 0 0 5 0
T 605 000000ac 1 1 0 0 0 0 0 0 1 0 1 1 0 0
R 605 287 000000ac 0000006f
C 605 000000ac 1 0 0 1 5 0
T 606 000000ac 0 1 0 0 0 0 0 0 1 0 0 0 0 0
C 606 000000ac 0 0 0 0 5 0
T 607 000000ac 1 1 0 0 0 0 0 0 1 0 1 1 0 0
R 607 288 000000ac 0000006f
C 607 000000ac 1 0 0 1 5 0
T 608 000000ac 0 1 0 0 0 0 0 0 1 0 0 0 0 0
C 608 000000ac 0 0 0 0 5 0
T 609 000000ac 1 1 0 0 0 0 0 0 1 0 1 1 0 0
R 609 289 000000ac 0000006f
C 609 000000ac 1 0 0 1 5 0
T 610 000000ac 0 1 0 0 0 0 0 0 1 0 0 0 0 0
C 610 000000ac 0 0 0 0 5 0
T 611 000000ac 1 1 0 0 0 0 0 0 1 0 1 1 0 0
R 611 290 000000ac 0000006f
C 611 000000ac 1 0 0 1 5 0
T 612 000000ac 0 1 0 0 0 0 0 0 1 0 0 0 0 0
C 612 000000ac 0 0 0 0 5 0
T 613 000000ac 1 1 0 0 0 0 0 0 1 0 1 1 0 0
R 613 291 000000ac 0000006f
C 613 000000ac 1 0 0 1 5 0
T 614 000000ac 0 1 0 0 0 0 0 0 1 0 0 0 0 0
C 614 000000ac 0 0 0 0 5 0
T 615 000000ac 1 1 0 0 0 0 0 0 1 0 1 1 0 0
R 615 292 000000ac 0000006f
C 615 000000ac 1 0 0 1 5 0
T 616 000000ac 0 1 0 0 0 0 0 0 1 0 0 0 0 0
C 616 000000ac 0 0 0 0 5 0
T 617 000000ac 1 1 0 0 0 0 0 0 1 0 1 1 0 0
R 617 293 000000ac 0000006f
C 617 000000ac 1 0 0 1 5 0
T 618 000000ac 0 1 0 0 0 0 0 0 1 0 0 0 0 0
C 618 000000ac 0 0 0 0 5 0
T 619 000000ac 1 1 0 0 0 0 0 0 1 0 1 1 0 0
R 619 294 000000ac 0000006f
C 619 000000ac 1 0 0 1 5 0
T 620 000000ac 0 1 0 0 0 0 0 0 1 0 0 0 0 0
C 620 000000ac 0 0 0 0 5 0
T 621 000000ac 1 1 0 0 0 0 0 0 1 0 1 1 0 0
R 621 295 000000ac 0000006f
C 621 000000ac 1 0 0 1 5 0
T 622 000000ac 0 1 0 0 0 0 0 0 1 0 0 0 0 0
C 622 000000ac 0 0 0 0 5 0
T 623 000000ac 1 1 0 0 0 0 0 0 1 0 1 1 0 0
R 623 296 000000ac 0000006f
C 623 000000ac 1 0 0 1 5 0
T 624 000000ac 0 1 0 0 0 0 0 0 1 0 0 0 0 0
C 624 000000ac 0 0 0 0 5 0
T 625 000000ac 1 1 0 0 0 0 0 0 1 0 1 1 0 0
R 625 297 000000ac 0000006f
C 625 000000ac 1 0 0 1 5 0
T 626 000000ac 0 1 0 0 0 0 0 0 1 0 0 0 0 0
C 626 000000ac 0 0 0 0 5 0
T 627 000000ac 1 1 0 0 0 0 0 0 1 0 1 1 0 0
R 627 298 000000ac 0000006f
C 627 000000ac 1 0 0 1 5 0
T 628 000000ac 0 1 0 0 0 0 0 0 1 0 0 0 0 0
C 628 000000ac 0 0 0 0 5 0
T 629 000000ac 1 1 0 0 0 0 0 0 1 0 1 1 0 0
R 629 299 000000ac 0000006f
C 629 000000ac 1 0 0 1 5 0
T 630 000000ac 0 1 0 0 0 0 0 0 1 0 0 0 0 0
C 630 000000ac 0 0 0 0 5 0
T 631 000000ac 1 1 0 0 0 0 0 0 1 0 1 1 0 0
R 631 300 000000ac 0000006f
C 631 000000ac 1 0 0 1 5 0
T 632 000000ac 0 1 0 0 0 0 0 0 1 0 0 0 0 0
C 632 000000ac 0 0 0 0 5 0
T 633 000000ac 1 1 0 0 0 0 0 0 1 0 1 1 0 0
R 633 301 000000ac 0000006f
C 633 000000ac 1 0 0 1 5 0
T 634 000000ac 0 1 0 0 0 0 0 0 1 0 0 0 0 0
C 634 000000ac 0 0 0 0 5 0
T 635 000000ac 1 1 0 0 0 0 0 0 1 0 1 1 0 0
R 635 302 000000ac 0000006f
C 635 000000ac 1 0 0 1 5 0
T 636 000000ac 0 1 0 0 0 0 0 0 1 0 0 0 0 0
C 636 000000ac 0 0 0 0 5 0
T 637 000000ac 1 1 0 0 0 0 0 0 1 0 1 1 0 0
R 637 303 000000ac 0000006f
C 637 000000ac 1 0 0 1 5 0
T 638 000000ac 0 1 0 0 0 0 0 0 1 0 0 0 0 0
C 638 000000ac 0 0 0 0 5 0
T 639 000000ac 1 1 0 0 0 0 0 0 1 0 1 1 0 0
R 639 304 000000ac 0000006f
C 639 000000ac 1 0 0 1 5 0
T 640 000000ac 0 1 0 0 0 0 0 0 1 0 0 0 0 0
C 640 000000ac 0 0 0 0 5 0
T 641 000000ac 1 1 0 0 0 0 0 0 1 0 1 1 0 0
R 641 305 000000ac 0000006f
C 641 000000ac 1 0 0 1 5 0
T 642 000000ac 0 1 0 0 0 0 0 0 1 0 0 0 0 0
C 642 000000ac 0 0 0 0 5 0
T 643 000000ac 1 1 0 0 0 0 0 0 1 0 1 1 0 0
R 643 306 000000ac 0000006f
C 643 000000ac 1 0 0 1 5 0
T 644 000000ac 0 1 0 0 0 0 0 0 1 0 0 0 0 0
C 644 000000ac 0 0 0 0 5 0
T 645 000000ac 1 1 0 0 0 0 0 0 1 0 1 1 0 0
R 645 307 000000ac 0000006f
C 645 000000ac 1 0 0 1 5 0
T 646 000000ac 0 1 0 0 0 0 0 0 1 0 0 0 0 0
C 646 000000ac 0 0 0 0 5 0
T 647 000000ac 1 1 0 0 0 0 0 0 1 0 1 1 0 0
R 647 308 000000ac 0000006f
C 647 000000ac 1 0 0 1 5 0
T 648 000000ac 0 1 0 0 0 0 0 0 1 0 0 0 0 0
C 648 000000ac 0 0 0 0 5 0
T 649 000000ac 1 1 0 0 0 0 0 0 1 0 1 1 0 0
R 649 309 000000ac 0000006f
C 649 000000ac 1 0 0 1 5 0
T 650 000000ac 0 1 0 0 0 0 0 0 1 0 0 0 0 0
C 650 000000ac 0 0 0 0 5 0
T 651 000000ac 1 1 0 0 0 0 0 0 1 0 1 1 0 0
R 651 310 000000ac 0000006f
C 651 000000ac 1 0 0 1 5 0
T 652 000000ac 0 1 0 0 0 0 0 0 1 0 0 0 0 0
C 652 000000ac 0 0 0 0 5 0
T 653 000000ac 1 1 0 0 0 0 0 0 1 0 1 1 0 0
R 653 311 000000ac 0000006f
C 653 000000ac 1 0 0 1 5 0
T 654 000000ac 0 1 0 0 0 0 0 0 1 0 0 0 0 0
C 654 000000ac 0 0 0 0 5 0
T 655 000000ac 1 1 0 0 0 0 0 0 1 0 1 1 0 0
R 655 312 000000ac 0000006f
C 655 000000ac 1 0 0 1 5 0
T 656 000000ac 0 1 0 0 0 0 0 0 1 0 0 0 0 0
C 656 000000ac 0 0 0 0 5 0
T 657 000000ac 1 1 0 0 0 0 0 0 1 0 1 1 0 0
R 657 313 000000ac 0000006f
C 657 000000ac 1 0 0 1 5 0
T 658 000000ac 0 1 0 0 0 0 0 0 1 0 0 0 0 0
C 658 000000ac 0 0 0 0 5 0
T 659 000000ac 1 1 0 0 0 0 0 0 1 0 1 1 0 0
R 659 314 000000ac 0000006f
C 659 000000ac 1 0 0 1 5 0
T 660 000000ac 0 1 0 0 0 0 0 0 1 0 0 0 0 0
C 660 000000ac 0 0 0 0 5 0
T 661 000000ac 1 1 0 0 0 0 0 0 1 0 1 1 0 0
R 661 315 000000ac 0000006f
C 661 000000ac 1 0 0 1 5 0
T 662 000000ac 0 1 0 0 0 0 0 0 1 0 0 0 0 0
C 662 000000ac 0 0 0 0 5 0
T 663 000000ac 1 1 0 0 0 0 0 0 1 0 1 1 0 0
R 663 316 000000ac 0000006f
C 663 000000ac 1 0 0 1 5 0
T 664 000000ac 0 1 0 0 0 0 0 0 1 0 0 0 0 0
C 664 000000ac 0 0 0 0 5 0
T 665 000000ac 1 1 0 0 0 0 0 0 1 0 1 1 0 0
R 665 317 000000ac 0000006f
C 665 000000ac 1 0 0 1 5 0
T 666 000000ac 0 1 0 0 0 0 0 0 1 0 0 0 0 0
C 666 000000ac 0 0 0 0 5 0
T 667 000000ac 1 1 0 0 0 0 0 0 1 0 1 1 0 0
R 667 318 000000ac 0000006f
C 667 000000ac 1 0 0 1 5 0
T 668 000000ac 0 1 0 0 0 0 0 0 1 0 0 0 0 0
C 668 000000ac 0 0 0 0 5 0
T 669 000000ac 1 1 0 0 0 0 0 0 1 0 1 1 0 0
R 669 319 000000ac 0000006f
C 669 000000ac 1 0 0 1 5 0
T 670 000000ac 0 1 0 0 0 0 0 0 1 0 0 0 0 0
C 670 000000ac 0 0 0 0 5 0
T 671 000000ac 1 1 0 0 0 0 0 0 1 0 1 1 0 0
R 671 320 000000ac 0000006f
C 671 000000ac 1 0 0 1 5 0
T 672 000000ac 0 1 0 0 0 0 0 0 1 0 0 0 0 0
C 672 000000ac 0 0 0 0 5 0
T 673 000000ac 1 1 0 0 0 0 0 0 1 0 1 1 0 0
R 673 321 000000ac 0000006f
C 673 000000ac 1 0 0 1 5 0
T 674 000000ac 0 1 0 0 0 0 0 0 1 0 0 0 0 0
C 674 000000ac 0 0 0 0 5 0
T 675 000000ac 1 1 0 0 0 0 0 0 1 0 1 1 0 0
R 675 322 000000ac 0000006f
C 675 000000ac 1 0 0 1 5 0
T 676 000000ac 0 1 0 0 0 0 0 0 1 0 0 0 0 0
C 676 000000ac 0 0 0 0 5 0
T 677 000000ac 1 1 0 0 0 0 0 0 1 0 1 1 0 0
R 677 323 000000ac 0000006f
C 677 000000ac 1 0 0 1 5 0
T 678 000000ac 0 1 0 0 0 0 0 0 1 0 0 0 0 0
C 678 000000ac 0 0 0 0 5 0
T 679 000000ac 1 1 0 0 0 0 0 0 1 0 1 1 0 0
R 679 324 000000ac 0000006f
C 679 000000ac 1 0 0 1 5 0
T 680 000000ac 0 1 0 0 0 0 0 0 1 0 0 0 0 0
C 680 000000ac 0 0 0 0 5 0
T 681 000000ac 1 1 0 0 0 0 0 0 1 0 1 1 0 0
R 681 325 000000ac 0000006f
C 681 000000ac 1 0 0 1 5 0
T 682 000000ac 0 1 0 0 0 0 0 0 1 0 0 0 0 0
C 682 000000ac 0 0 0 0 5 0
T 683 000000ac 1 1 0 0 0 0 0 0 1 0 1 1 0 0
R 683 326 000000ac 0000006f
C 683 000000ac 1 0 0 1 5 0
T 684 000000ac 0 1 0 0 0 0 0 0 1 0 0 0 0 0
C 684 000000ac 0 0 0 0 5 0
T 685 000000ac 1 1 0 0 0 0 0 0 1 0 1 1 0 0
R 685 327 000000ac 0000006f
C 685 000000ac 1 0 0 1 5 0
T 686 000000ac 0 1 0 0 0 0 0 0 1 0 0 0 0 0
C 686 000000ac 0 0 0 0 5 0
T 687 000000ac 1 1 0 0 0 0 0 0 1 0 1 1 0 0
R 687 328 000000ac 0000006f
C 687 000000ac 1 0 0 1 5 0
T 688 000000ac 0 1 0 0 0 0 0 0 1 0 0 0 0 0
C 688 000000ac 0 0 0 0 5 0
T 689 000000ac 1 1 0 0 0 0 0 0 1 0 1 1 0 0
R 689 329 000000ac 0000006f
C 689 000000ac 1 0 0 1 5 0
T 690 000000ac 0 1 0 0 0 0 0 0 1 0 0 0 0 0
C 690 000000ac 0 0 0 0 5 0
T 691 000000ac 1 1 0 0 0 0 0 0 1 0 1 1 0 0
R 691 330 000000ac 0000006f
C 691 000000ac 1 0 0 1 5 0
T 692 000000ac 0 1 0 0 0 0 0 0 1 0 0 0 0 0
C 692 000000ac 0 0 0 0 5 0
T 693 000000ac 1 1 0 0 0 0 0 0 1 0 1 1 0 0
R 693 331 000000ac 0000006f
C 693 000000ac 1 0 0 1 5 0
T 694 000000ac 0 1 0 0 0 0 0 0 1 0 0 0 0 0
C 694 000000ac 0 0 0 0 5 0
T 695 000000ac 1 1 0 0 0 0 0 0 1 0 1 1 0 0
R 695 332 000000ac 0000006f
C 695 000000ac 1 0 0 1 5 0
T 696 000000ac 0 1 0 0 0 0 0 0 1 0 0 0 0 0
C 696 000000ac 0 0 0 0 5 0
T 697 000000ac 1 1 0 0 0 0 0 0 1 0 1 1 0 0
R 697 333 000000ac 0000006f
C 697 000000ac 1 0 0 1 5 0
T 698 000000ac 0 1 0 0 0 0 0 0 1 0 0 0 0 0
C 698 000000ac 0 0 0 0 5 0
T 699 000000ac 1 1 0 0 0 0 0 0 1 0 1 1 0 0
R 699 334 000000ac 0000006f
C 699 000000ac 1 0 0 1 5 0
T 700 000000ac 0 1 0 0 0 0 0 0 1 0 0 0 0 0
C 700 000000ac 0 0 0 0 5 0
T 701 000000ac 1 1 0 0 0 0 0 0 1 0 1 1 0 0
R 701 335 000000ac 0000006f
C 701 000000ac 1 0 0 1 5 0
T 702 000000ac 0 1 0 0 0 0 0 0 1 0 0 0 0 0
C 702 000000ac 0 0 0 0 5 0
T 703 000000ac 1 1 0 0 0 0 0 0 1 0 1 1 0 0
R 703 336 000000ac 0000006f
C 703 000000ac 1 0 0 1 5 0
T 704 000000ac 0 1 0 0 0 0 0 0 1 0 0 0 0 0
C 704 000000ac 0 0 0 0 5 0
T 705 000000ac 1 1 0 0 0 0 0 0 1 0 1 1 0 0
R 705 337 000000ac 0000006f
C 705 000000ac 1 0 0 1 5 0
T 706 000000ac 0 1 0 0 0 0 0 0 1 0 0 0 0 0
C 706 000000ac 0 0 0 0 5 0
T 707 000000ac 1 1 0 0 0 0 0 0 1 0 1 1 0 0
R 707 338 000000ac 0000006f
C 707 000000ac 1 0 0 1 5 0
T 708 000000ac 0 1 0 0 0 0 0 0 1 0 0 0 0 0
C 708 000000ac 0 0 0 0 5 0
T 709 000000ac 1 1 0 0 0 0 0 0 1 0 1 1 0 0
R 709 339 000000ac 0000006f
C 709 000000ac 1 0 0 1 5 0
T 710 000000ac 0 1 0 0 0 0 0 0 1 0 0 0 0 0
C 710 000000ac 0 0 0 0 5 0
T 711 000000ac 1 1 0 0 0 0 0 0 1 0 1 1 0 0
R 711 340 000000ac 0000006f
C 711 000000ac 1 0 0 1 5 0
T 712 000000ac 0 1 0 0 0 0 0 0 1 0 0 0 0 0
C 712 000000ac 0 0 0 0 5 0
T 713 000000ac 1 1 0 0 0 0 0 0 1 0 1 1 0 0
R 713 341 000000ac 0000006f
C 713 000000ac 1 0 0 1 5 0
T 714 000000ac 0 1 0 0 0 0 0 0 1 0 0 0 0 0
C 714 000000ac 0 0 0 0 5 0
T 715 000000ac 1 1 0 0 0 0 0 0 1 0 1 1 0 0
R 715 342 000000ac 0000006f
C 715 000000ac 1 0 0 1 5 0
T 716 000000ac 0 1 0 0 0 0 0 0 1 0 0 0 0 0
C 716 000000ac 0 0 0 0 5 0
T 717 000000ac 1 1 0 0 0 0 0 0 1 0 1 1 0 0
R 717 343 000000ac 0000006f
C 717 000000ac 1 0 0 1 5 0
T 718 000000ac 0 1 0 0 0 0 0 0 1 0 0 0 0 0
C 718 000000ac 0 0 0 0 5 0
T 719 000000ac 1 1 0 0 0 0 0 0 1 0 1 1 0 0
R 719 344 000000ac 0000006f
C 719 000000ac 1 0 0 1 5 0
T 720 000000ac 0 1 0 0 0 0 0 0 1 0 0 0 0 0
C 720 000000ac 0 0 0 0 5 0
T 721 000000ac 1 1 0 0 0 0 0 0 1 0 1 1 0 0
R 721 345 000000ac 0000006f
C 721 000000ac 1 0 0 1 5 0
T 722 000000ac 0 1 0 0 0 0 0 0 1 0 0 0 0 0
C 722 000000ac 0 0 0 0 5 0
T 723 000000ac 1 1 0 0 0 0 0 0 1 0 1 1 0 0
R 723 346 000000ac 0000006f
C 723 000000ac 1 0 0 1 5 0
T 724 000000ac 0 1 0 0 0 0 0 0 1 0 0 0 0 0
C 724 000000ac 0 0 0 0 5 0
T 725 000000ac 1 1 0 0 0 0 0 0 1 0 1 1 0 0
R 725 347 000000ac 0000006f
C 725 000000ac 1 0 0 1 5 0
T 726 000000ac 0 1 0 0 0 0 0 0 1 0 0 0 0 0
C 726 000000ac 0 0 0 0 5 0
T 727 000000ac 1 1 0 0 0 0 0 0 1 0 1 1 0 0
R 727 348 000000ac 0000006f
C 727 000000ac 1 0 0 1 5 0
T 728 000000ac 0 1 0 0 0 0 0 0 1 0 0 0 0 0
C 728 000000ac 0 0 0 0 5 0
T 729 000000ac 1 1 0 0 0 0 0 0 1 0 1 1 0 0
R 729 349 000000ac 0000006f
C 729 000000ac 1 0 0 1 5 0
T 730 000000ac 0 1 0 0 0 0 0 0 1 0 0 0 0 0
C 730 000000ac 0 0 0 0 5 0
T 731 000000ac 1 1 0 0 0 0 0 0 1 0 1 1 0 0
R 731 350 000000ac 0000006f
C 731 000000ac 1 0 0 1 5 0
T 732 000000ac 0 1 0 0 0 0 0 0 1 0 0 0 0 0
C 732 000000ac 0 0 0 0 5 0
T 733 000000ac 1 1 0 0 0 0 0 0 1 0 1 1 0 0
R 733 351 000000ac 0000006f
C 733 000000ac 1 0 0 1 5 0
T 734 000000ac 0 1 0 0 0 0 0 0 1 0 0 0 0 0
C 734 000000ac 0 0 0 0 5 0
T 735 000000ac 1 1 0 0 0 0 0 0 1 0 1 1 0 0
R 735 352 000000ac 0000006f
C 735 000000ac 1 0 0 1 5 0
T 736 000000ac 0 1 0 0 0 0 0 0 1 0 0 0 0 0
C 736 000000ac 0 0 0 0 5 0
T 737 000000ac 1 1 0 0 0 0 0 0 1 0 1 1 0 0
R 737 353 000000ac 0000006f
C 737 000000ac 1 0 0 1 5 0
T 738 000000ac 0 1 0 0 0 0 0 0 1 0 0 0 0 0
C 738 000000ac 0 0 0 0 5 0
T 739 000000ac 1 1 0 0 0 0 0 0 1 0 1 1 0 0
R 739 354 000000ac 0000006f
C 739 000000ac 1 0 0 1 5 0
T 740 000000ac 0 1 0 0 0 0 0 0 1 0 0 0 0 0
C 740 000000ac 0 0 0 0 5 0
T 741 000000ac 1 1 0 0 0 0 0 0 1 0 1 1 0 0
R 741 355 000000ac 0000006f
C 741 000000ac 1 0 0 1 5 0
T 742 000000ac 0 1 0 0 0 0 0 0 1 0 0 0 0 0
C 742 000000ac 0 0 0 0 5 0
T 743 000000ac 1 1 0 0 0 0 0 0 1 0 1 1 0 0
R 743 356 000000ac 0000006f
C 743 000000ac 1 0 0 1 5 0
T 744 000000ac 0 1 0 0 0 0 0 0 1 0 0 0 0 0
C 744 000000ac 0 0 0 0 5 0
T 745 000000ac 1 1 0 0 0 0 0 0 1 0 1 1 0 0
R 745 357 000000ac 0000006f
C 745 000000ac 1 0 0 1 5 0
T 746 000000ac 0 1 0 0 0 0 0 0 1 0 0 0 0 0
C 746 000000ac 0 0 0 0 5 0
T 747 000000ac 1 1 0 0 0 0 0 0 1 0 1 1 0 0
R 747 358 000000ac 0000006f
C 747 000000ac 1 0 0 1 5 0
T 748 000000ac 0 1 0 0 0 0 0 0 1 0 0 0 0 0
C 748 000000ac 0 0 0 0 5 0
T 749 000000ac 1 1 0 0 0 0 0 0 1 0 1 1 0 0
R 749 359 000000ac 0000006f
C 749 000000ac 1 0 0 1 5 0
T 750 000000ac 0 1 0 0 0 0 0 0 1 0 0 0 0 0
C 750 000000ac 0 0 0 0 5 0
T 751 000000ac 1 1 0 0 0 0 0 0 1 0 1 1 0 0
R 751 360 000000ac 0000006f
C 751 000000ac 1 0 0 1 5 0
T 752 000000ac 0 1 0 0 0 0 0 0 1 0 0 0 0 0
C 752 000000ac 0 0 0 0 5 0
T 753 000000ac 1 1 0 0 0 0 0 0 1 0 1 1 0 0
R 753 361 000000ac 0000006f
C 753 000000ac 1 0 0 1 5 0
T 754 000000ac 0 1 0 0 0 0 0 0 1 0 0 0 0 0
C 754 000000ac 0 0 0 0 5 0
T 755 000000ac 1 1 0 0 0 0 0 0 1 0 1 1 0 0
R 755 362 000000ac 0000006f
C 755 000000ac 1 0 0 1 5 0
T 756 000000ac 0 1 0 0 0 0 0 0 1 0 0 0 0 0
C 756 000000ac 0 0 0 0 5 0
T 757 000000ac 1 1 0 0 0 0 0 0 1 0 1 1 0 0
R 757 363 000000ac 0000006f
C 757 000000ac 1 0 0 1 5 0
T 758 000000ac 0 1 0 0 0 0 0 0 1 0 0 0 0 0
C 758 000000ac 0 0 0 0 5 0
T 759 000000ac 1 1 0 0 0 0 0 0 1 0 1 1 0 0
R 759 364 000000ac 0000006f
C 759 000000ac 1 0 0 1 5 0
T 760 000000ac 0 1 0 0 0 0 0 0 1 0 0 0 0 0
C 760 000000ac 0 0 0 0 5 0
T 761 000000ac 1 1 0 0 0 0 0 0 1 0 1 1 0 0
R 761 365 000000ac 0000006f
C 761 000000ac 1 0 0 1 5 0
T 762 000000ac 0 1 0 0 0 0 0 0 1 0 0 0 0 0
C 762 000000ac 0 0 0 0 5 0
T 763 000000ac 1 1 0 0 0 0 0 0 1 0 1 1 0 0
R 763 366 000000ac 0000006f
C 763 000000ac 1 0 0 1 5 0
T 764 000000ac 0 1 0 0 0 0 0 0 1 0 0 0 0 0
C 764 000000ac 0 0 0 0 5 0
T 765 000000ac 1 1 0 0 0 0 0 0 1 0 1 1 0 0
R 765 367 000000ac 0000006f
C 765 000000ac 1 0 0 1 5 0
T 766 000000ac 0 1 0 0 0 0 0 0 1 0 0 0 0 0
C 766 000000ac 0 0 0 0 5 0
T 767 000000ac 1 1 0 0 0 0 0 0 1 0 1 1 0 0
R 767 368 000000ac 0000006f
C 767 000000ac 1 0 0 1 5 0
T 768 000000ac 0 1 0 0 0 0 0 0 1 0 0 0 0 0
C 768 000000ac 0 0 0 0 5 0
T 769 000000ac 1 1 0 0 0 0 0 0 1 0 1 1 0 0
R 769 369 000000ac 0000006f
C 769 000000ac 1 0 0 1 5 0
T 770 000000ac 0 1 0 0 0 0 0 0 1 0 0 0 0 0
C 770 000000ac 0 0 0 0 5 0
T 771 000000ac 1 1 0 0 0 0 0 0 1 0 1 1 0 0
R 771 370 000000ac 0000006f
C 771 000000ac 1 0 0 1 5 0
T 772 000000ac 0 1 0 0 0 0 0 0 1 0 0 0 0 0
C 772 000000ac 0 0 0 0 5 0
T 773 000000ac 1 1 0 0 0 0 0 0 1 0 1 1 0 0
R 773 371 000000ac 0000006f
C 773 000000ac 1 0 0 1 5 0
T 774 000000ac 0 1 0 0 0 0 0 0 1 0 0 0 0 0
C 774 000000ac 0 0 0 0 5 0
T 775 000000ac 1 1 0 0 0 0 0 0 1 0 1 1 0 0
R 775 372 000000ac 0000006f
C 775 000000ac 1 0 0 1 5 0
T 776 000000ac 0 1 0 0 0 0 0 0 1 0 0 0 0 0
C 776 000000ac 0 0 0 0 5 0
T 777 000000ac 1 1 0 0 0 0 0 0 1 0 1 1 0 0
R 777 373 000000ac 0000006f
C 777 000000ac 1 0 0 1 5 0
T 778 000000ac 0 1 0 0 0 0 0 0 1 0 0 0 0 0
C 778 000000ac 0 0 0 0 5 0
T 779 000000ac 1 1 0 0 0 0 0 0 1 0 1 1 0 0
R 779 374 000000ac 0000006f
C 779 000000ac 1 0 0 1 5 0
T 780 000000ac 0 1 0 0 0 0 0 0 1 0 0 0 0 0
C 780 000000ac 0 0 0 0 5 0
T 781 000000ac 1 1 0 0 0 0 0 0 1 0 1 1 0 0
R 781 375 000000ac 0000006f
C 781 000000ac 1 0 0 1 5 0
T 782 000000ac 0 1 0 0 0 0 0 0 1 0 0 0 0 0
C 782 000000ac 0 0 0 0 5 0
T 783 000000ac 1 1 0 0 0 0 0 0 1 0 1 1 0 0
R 783 376 000000ac 0000006f
C 783 000000ac 1 0 0 1 5 0
T 784 000000ac 0 1 0 0 0 0 0 0 1 0 0 0 0 0
C 784 000000ac 0 0 0 0 5 0
T 785 000000ac 1 1 0 0 0 0 0 0 1 0 1 1 0 0
R 785 377 000000ac 0000006f
C 785 000000ac 1 0 0 1 5 0
T 786 000000ac 0 1 0 0 0 0 0 0 1 0 0 0 0 0
C 786 000000ac 0 0 0 0 5 0
T 787 000000ac 1 1 0 0 0 0 0 0 1 0 1 1 0 0
R 787 378 000000ac 0000006f
C 787 000000ac 1 0 0 1 5 0
T 788 000000ac 0 1 0 0 0 0 0 0 1 0 0 0 0 0
C 788 000000ac 0 0 0 0 5 0
T 789 000000ac 1 1 0 0 0 0 0 0 1 0 1 1 0 0
R 789 379 000000ac 0000006f
C 789 000000ac 1 0 0 1 5 0
T 790 000000ac 0 1 0 0 0 0 0 0 1 0 0 0 0 0
C 790 000000ac 0 0 0 0 5 0
T 791 000000ac 1 1 0 0 0 0 0 0 1 0 1 1 0 0
R 791 380 000000ac 0000006f
C 791 000000ac 1 0 0 1 5 0
T 792 000000ac 0 1 0 0 0 0 0 0 1 0 0 0 0 0
C 792 000000ac 0 0 0 0 5 0
T 793 000000ac 1 1 0 0 0 0 0 0 1 0 1 1 0 0
R 793 381 000000ac 0000006f
C 793 000000ac 1 0 0 1 5 0
T 794 000000ac 0 1 0 0 0 0 0 0 1 0 0 0 0 0
C 794 000000ac 0 0 0 0 5 0
T 795 000000ac 1 1 0 0 0 0 0 0 1 0 1 1 0 0
R 795 382 000000ac 0000006f
C 795 000000ac 1 0 0 1 5 0
T 796 000000ac 0 1 0 0 0 0 0 0 1 0 0 0 0 0
C 796 000000ac 0 0 0 0 5 0
T 797 000000ac 1 1 0 0 0 0 0 0 1 0 1 1 0 0
R 797 383 000000ac 0000006f
C 797 000000ac 1 0 0 1 5 0
T 798 000000ac 0 1 0 0 0 0 0 0 1 0 0 0 0 0
C 798 000000ac 0 0 0 0 5 0
T 799 000000ac 1 1 0 0 0 0 0 0 1 0 1 1 0 0
R 799 384 000000ac 0000006f
C 799 000000ac 1 0 0 1 5 0
T 800 000000ac 0 1 0 0 0 0 0 0 1 0 0 0 0 0
C 800 000000ac 0 0 0 0 5 0
T 801 000000ac 1 1 0 0 0 0 0 0 1 0 1 1 0 0
R 801 385 000000ac 0000006f
C 801 000000ac 1 0 0 1 5 0
T 802 000000ac 0 1 0 0 0 0 0 0 1 0 0 0 0 0
C 802 000000ac 0 0 0 0 5 0
T 803 000000ac 1 1 0 0 0 0 0 0 1 0 1 1 0 0
R 803 386 000000ac 0000006f
C 803 000000ac 1 0 0 1 5 0
T 804 000000ac 0 1 0 0 0 0 0 0 1 0 0 0 0 0
C 804 000000ac 0 0 0 0 5 0
T 805 000000ac 1 1 0 0 0 0 0 0 1 0 1 1 0 0
R 805 387 000000ac 0000006f
C 805 000000ac 1 0 0 1 5 0
T 806 000000ac 0 1 0 0 0 0 0 0 1 0 0 0 0 0
C 806 000000ac 0 0 0 0 5 0
T 807 000000ac 1 1 0 0 0 0 0 0 1 0 1 1 0 0
R 807 388 000000ac 0000006f
C 807 000000ac 1 0 0 1 5 0
T 808 000000ac 0 1 0 0 0 0 0 0 1 0 0 0 0 0
C 808 000000ac 0 0 0 0 5 0
T 809 000000ac 1 1 0 0 0 0 0 0 1 0 1 1 0 0
R 809 389 000000ac 0000006f
C 809 000000ac 1 0 0 1 5 0
T 810 000000ac 0 1 0 0 0 0 0 0 1 0 0 0 0 0
C 810 000000ac 0 0 0 0 5 0
T 811 000000ac 1 1 0 0 0 0 0 0 1 0 1 1 0 0
R 811 390 000000ac 0000006f
C 811 000000ac 1 0 0 1 5 0
T 812 000000ac 0 1 0 0 0 0 0 0 1 0 0 0 0 0
C 812 000000ac 0 0 0 0 5 0
T 813 000000ac 1 1 0 0 0 0 0 0 1 0 1 1 0 0
R 813 391 000000ac 0000006f
C 813 000000ac 1 0 0 1 5 0
T 814 000000ac 0 1 0 0 0 0 0 0 1 0 0 0 0 0
C 814 000000ac 0 0 0 0 5 0
T 815 000000ac 1 1 0 0 0 0 0 0 1 0 1 1 0 0
R 815 392 000000ac 0000006f
C 815 000000ac 1 0 0 1 5 0
T 816 000000ac 0 1 0 0 0 0 0 0 1 0 0 0 0 0
C 816 000000ac 0 0 0 0 5 0
T 817 000000ac 1 1 0 0 0 0 0 0 1 0 1 1 0 0
R 817 393 000000ac 0000006f
C 817 000000ac 1 0 0 1 5 0
T 818 000000ac 0 1 0 0 0 0 0 0 1 0 0 0 0 0
C 818 000000ac 0 0 0 0 5 0
T 819 000000ac 1 1 0 0 0 0 0 0 1 0 1 1 0 0
R 819 394 000000ac 0000006f
C 819 000000ac 1 0 0 1 5 0
T 820 000000ac 0 1 0 0 0 0 0 0 1 0 0 0 0 0
C 820 000000ac 0 0 0 0 5 0
T 821 000000ac 1 1 0 0 0 0 0 0 1 0 1 1 0 0
R 821 395 000000ac 0000006f
C 821 000000ac 1 0 0 1 5 0
T 822 000000ac 0 1 0 0 0 0 0 0 1 0 0 0 0 0
C 822 000000ac 0 0 0 0 5 0
T 823 000000ac 1 1 0 0 0 0 0 0 1 0 1 1 0 0
R 823 396 000000ac 0000006f
C 823 000000ac 1 0 0 1 5 0
T 824 000000ac 0 1 0 0 0 0 0 0 1 0 0 0 0 0
C 824 000000ac 0 0 0 0 5 0
T 825 000000ac 1 1 0 0 0 0 0 0 1 0 1 1 0 0
R 825 397 000000ac 0000006f
C 825 000000ac 1 0 0 1 5 0
T 826 000000ac 0 1 0 0 0 0 0 0 1 0 0 0 0 0
C 826 000000ac 0 0 0 0 5 0
T 827 000000ac 1 1 0 0 0 0 0 0 1 0 1 1 0 0
R 827 398 000000ac 0000006f
C 827 000000ac 1 0 0 1 5 0
T 828 000000ac 0 1 0 0 0 0 0 0 1 0 0 0 0 0
C 828 000000ac 0 0 0 0 5 0
T 829 000000ac 1 1 0 0 0 0 0 0 1 0 1 1 0 0
R 829 399 000000ac 0000006f
C 829 000000ac 1 0 0 1 5 0
T 830 000000ac 0 1 0 0 0 0 0 0 1 0 0 0 0 0
C 830 000000ac 0 0 0 0 5 0
T 831 000000ac 1 1 0 0 0 0 0 0 1 0 1 1 0 0
R 831 400 000000ac 0000006f
C 831 000000ac 1 0 0 1 5 0
T 832 000000ac 0 1 0 0 0 0 0 0 1 0 0 0 0 0
C 832 000000ac 0 0 0 0 5 0
T 833 000000ac 1 1 0 0 0 0 0 0 1 0 1 1 0 0
R 833 401 000000ac 0000006f
C 833 000000ac 1 0 0 1 5 0
T 834 000000ac 0 1 0 0 0 0 0 0 1 0 0 0 0 0
C 834 000000ac 0 0 0 0 5 0
T 835 000000ac 1 1 0 0 0 0 0 0 1 0 1 1 0 0
R 835 402 000000ac 0000006f
C 835 000000ac 1 0 0 1 5 0
T 836 000000ac 0 1 0 0 0 0 0 0 1 0 0 0 0 0
C 836 000000ac 0 0 0 0 5 0
T 837 000000ac 1 1 0 0 0 0 0 0 1 0 1 1 0 0
R 837 403 000000ac 0000006f
C 837 000000ac 1 0 0 1 5 0
T 838 000000ac 0 1 0 0 0 0 0 0 1 0 0 0 0 0
C 838 000000ac 0 0 0 0 5 0
T 839 000000ac 1 1 0 0 0 0 0 0 1 0 1 1 0 0
R 839 404 000000ac 0000006f
C 839 000000ac 1 0 0 1 5 0
T 840 000000ac 0 1 0 0 0 0 0 0 1 0 0 0 0 0
C 840 000000ac 0 0 0 0 5 0
T 841 000000ac 1 1 0 0 0 0 0 0 1 0 1 1 0 0
R 841 405 000000ac 0000006f
C 841 000000ac 1 0 0 1 5 0
T 842 000000ac 0 1 0 0 0 0 0 0 1 0 0 0 0 0
C 842 000000ac 0 0 0 0 5 0
T 843 000000ac 1 1 0 0 0 0 0 0 1 0 1 1 0 0
R 843 406 000000ac 0000006f
C 843 000000ac 1 0 0 1 5 0
T 844 000000ac 0 1 0 0 0 0 0 0 1 0 0 0 0 0
C 844 000000ac 0 0 0 0 5 0
T 845 000000ac 1 1 0 0 0 0 0 0 1 0 1 1 0 0
R 845 407 000000ac 0000006f
C 845 000000ac 1 0 0 1 5 0
T 846 000000ac 0 1 0 0 0 0 0 0 1 0 0 0 0 0
C 846 000000ac 0 0 0 0 5 0
T 847 000000ac 1 1 0 0 0 0 0 0 1 0 1 1 0 0
R 847 408 000000ac 0000006f
C 847 000000ac 1 0 0 1 5 0
T 848 000000ac 0 1 0 0 0 0 0 0 1 0 0 0 0 0
C 848 000000ac 0 0 0 0 5 0
T 849 000000ac 1 1 0 0 0 0 0 0 1 0 1 1 0 0
R 849 409 000000ac 0000006f
C 849 000000ac 1 0 0 1 5 0
T 850 000000ac 0 1 0 0 0 0 0 0 1 0 0 0 0 0
C 850 000000ac 0 0 0 0 5 0
T 851 000000ac 1 1 0 0 0 0 0 0 1 0 1 1 0 0
R 851 410 000000ac 0000006f
C 851 000000ac 1 0 0 1 5 0
T 852 000000ac 0 1 0 0 0 0 0 0 1 0 0 0 0 0
C 852 000000ac 0 0 0 0 5 0
T 853 000000ac 1 1 0 0 0 0 0 0 1 0 1 1 0 0
R 853 411 000000ac 0000006f
C 853 000000ac 1 0 0 1 5 0
T 854 000000ac 0 1 0 0 0 0 0 0 1 0 0 0 0 0
C 854 000000ac 0 0 0 0 5 0
T 855 000000ac 1 1 0 0 0 0 0 0 1 0 1 1 0 0
R 855 412 000000ac 0000006f
C 855 000000ac 1 0 0 1 5 0
T 856 000000ac 0 1 0 0 0 0 0 0 1 0 0 0 0 0
C 856 000000ac 0 0 0 0 5 0
T 857 000000ac 1 1 0 0 0 0 0 0 1 0 1 1 0 0
R 857 413 000000ac 0000006f
C 857 000000ac 1 0 0 1 5 0
T 858 000000ac 0 1 0 0 0 0 0 0 1 0 0 0 0 0
C 858 000000ac 0 0 0 0 5 0
T 859 000000ac 1 1 0 0 0 0 0 0 1 0 1 1 0 0
R 859 414 000000ac 0000006f
C 859 000000ac 1 0 0 1 5 0
T 860 000000ac 0 1 0 0 0 0 0 0 1 0 0 0 0 0
C 860 000000ac 0 0 0 0 5 0
T 861 000000ac 1 1 0 0 0 0 0 0 1 0 1 1 0 0
R 861 415 000000ac 0000006f
C 861 000000ac 1 0 0 1 5 0
T 862 000000ac 0 1 0 0 0 0 0 0 1 0 0 0 0 0
C 862 000000ac 0 0 0 0 5 0
T 863 000000ac 1 1 0 0 0 0 0 0 1 0 1 1 0 0
R 863 416 000000ac 0000006f
C 863 000000ac 1 0 0 1 5 0
T 864 000000ac 0 1 0 0 0 0 0 0 1 0 0 0 0 0
C 864 000000ac 0 0 0 0 5 0
T 865 000000ac 1 1 0 0 0 0 0 0 1 0 1 1 0 0
R 865 417 000000ac 0000006f
C 865 000000ac 1 0 0 1 5 0
T 866 000000ac 0 1 0 0 0 0 0 0 1 0 0 0 0 0
C 866 000000ac 0 0 0 0 5 0
T 867 000000ac 1 1 0 0 0 0 0 0 1 0 1 1 0 0
R 867 418 000000ac 0000006f
C 867 000000ac 1 0 0 1 5 0
T 868 000000ac 0 1 0 0 0 0 0 0 1 0 0 0 0 0
C 868 000000ac 0 0 0 0 5 0
T 869 000000ac 1 1 0 0 0 0 0 0 1 0 1 1 0 0
R 869 419 000000ac 0000006f
C 869 000000ac 1 0 0 1 5 0
T 870 000000ac 0 1 0 0 0 0 0 0 1 0 0 0 0 0
C 870 000000ac 0 0 0 0 5 0
T 871 000000ac 1 1 0 0 0 0 0 0 1 0 1 1 0 0
R 871 420 000000ac 0000006f
C 871 000000ac 1 0 0 1 5 0
T 872 000000ac 0 1 0 0 0 0 0 0 1 0 0 0 0 0
C 872 000000ac 0 0 0 0 5 0
T 873 000000ac 1 1 0 0 0 0 0 0 1 0 1 1 0 0
R 873 421 000000ac 0000006f
C 873 000000ac 1 0 0 1 5 0
T 874 000000ac 0 1 0 0 0 0 0 0 1 0 0 0 0 0
C 874 000000ac 0 0 0 0 5 0
T 875 000000ac 1 1 0 0 0 0 0 0 1 0 1 1 0 0
R 875 422 000000ac 0000006f
C 875 000000ac 1 0 0 1 5 0
T 876 000000ac 0 1 0 0 0 0 0 0 1 0 0 0 0 0
C 876 000000ac 0 0 0 0 5 0
T 877 000000ac 1 1 0 0 0 0 0 0 1 0 1 1 0 0
R 877 423 000000ac 0000006f
C 877 000000ac 1 0 0 1 5 0
T 878 000000ac 0 1 0 0 0 0 0 0 1 0 0 0 0 0
C 878 000000ac 0 0 0 0 5 0
T 879 000000ac 1 1 0 0 0 0 0 0 1 0 1 1 0 0
R 879 424 000000ac 0000006f
C 879 000000ac 1 0 0 1 5 0
T 880 000000ac 0 1 0 0 0 0 0 0 1 0 0 0 0 0
C 880 000000ac 0 0 0 0 5 0
T 881 000000ac 1 1 0 0 0 0 0 0 1 0 1 1 0 0
R 881 425 000000ac 0000006f
C 881 000000ac 1 0 0 1 5 0
T 882 000000ac 0 1 0 0 0 0 0 0 1 0 0 0 0 0
C 882 000000ac 0 0 0 0 5 0
T 883 000000ac 1 1 0 0 0 0 0 0 1 0 1 1 0 0
R 883 426 000000ac 0000006f
C 883 000000ac 1 0 0 1 5 0
T 884 000000ac 0 1 0 0 0 0 0 0 1 0 0 0 0 0
C 884 000000ac 0 0 0 0 5 0
T 885 000000ac 1 1 0 0 0 0 0 0 1 0 1 1 0 0
R 885 427 000000ac 0000006f
C 885 000000ac 1 0 0 1 5 0
T 886 000000ac 0 1 0 0 0 0 0 0 1 0 0 0 0 0
C 886 000000ac 0 0 0 0 5 0
T 887 000000ac 1 1 0 0 0 0 0 0 1 0 1 1 0 0
R 887 428 000000ac 0000006f
C 887 000000ac 1 0 0 1 5 0
T 888 000000ac 0 1 0 0 0 0 0 0 1 0 0 0 0 0
C 888 000000ac 0 0 0 0 5 0
T 889 000000ac 1 1 0 0 0 0 0 0 1 0 1 1 0 0
R 889 429 000000ac 0000006f
C 889 000000ac 1 0 0 1 5 0
T 890 000000ac 0 1 0 0 0 0 0 0 1 0 0 0 0 0
C 890 000000ac 0 0 0 0 5 0
T 891 000000ac 1 1 0 0 0 0 0 0 1 0 1 1 0 0
R 891 430 000000ac 0000006f
C 891 000000ac 1 0 0 1 5 0
T 892 000000ac 0 1 0 0 0 0 0 0 1 0 0 0 0 0
C 892 000000ac 0 0 0 0 5 0
T 893 000000ac 1 1 0 0 0 0 0 0 1 0 1 1 0 0
R 893 431 000000ac 0000006f
C 893 000000ac 1 0 0 1 5 0
T 894 000000ac 0 1 0 0 0 0 0 0 1 0 0 0 0 0
C 894 000000ac 0 0 0 0 5 0
T 895 000000ac 1 1 0 0 0 0 0 0 1 0 1 1 0 0
R 895 432 000000ac 0000006f
C 895 000000ac 1 0 0 1 5 0
T 896 000000ac 0 1 0 0 0 0 0 0 1 0 0 0 0 0
C 896 000000ac 0 0 0 0 5 0
T 897 000000ac 1 1 0 0 0 0 0 0 1 0 1 1 0 0
R 897 433 000000ac 0000006f
C 897 000000ac 1 0 0 1 5 0
T 898 000000ac 0 1 0 0 0 0 0 0 1 0 0 0 0 0
C 898 000000ac 0 0 0 0 5 0
T 899 000000ac 1 1 0 0 0 0 0 0 1 0 1 1 0 0
R 899 434 000000ac 0000006f
C 899 000000ac 1 0 0 1 5 0
T 900 000000ac 0 1 0 0 0 0 0 0 1 0 0 0 0 0
C 900 000000ac 0 0 0 0 5 0
T 901 000000ac 1 1 0 0 0 0 0 0 1 0 1 1 0 0
R 901 435 000000ac 0000006f
C 901 000000ac 1 0 0 1 5 0
T 902 000000ac 0 1 0 0 0 0 0 0 1 0 0 0 0 0
C 902 000000ac 0 0 0 0 5 0
T 903 000000ac 1 1 0 0 0 0 0 0 1 0 1 1 0 0
R 903 436 000000ac 0000006f
C 903 000000ac 1 0 0 1 5 0
T 904 000000ac 0 1 0 0 0 0 0 0 1 0 0 0 0 0
C 904 000000ac 0 0 0 0 5 0
T 905 000000ac 1 1 0 0 0 0 0 0 1 0 1 1 0 0
R 905 437 000000ac 0000006f
C 905 000000ac 1 0 0 1 5 0
T 906 000000ac 0 1 0 0 0 0 0 0 1 0 0 0 0 0
C 906 000000ac 0 0 0 0 5 0
T 907 000000ac 1 1 0 0 0 0 0 0 1 0 1 1 0 0
R 907 438 000000ac 0000006f
C 907 000000ac 1 0 0 1 5 0
T 908 000000ac 0 1 0 0 0 0 0 0 1 0 0 0 0 0
C 908 000000ac 0 0 0 0 5 0
T 909 000000ac 1 1 0 0 0 0 0 0 1 0 1 1 0 0
R 909 439 000000ac 0000006f
C 909 000000ac 1 0 0 1 5 0
T 910 000000ac 0 1 0 0 0 0 0 0 1 0 0 0 0 0
C 910 000000ac 0 0 0 0 5 0
T 911 000000ac 1 1 0 0 0 0 0 0 1 0 1 1 0 0
R 911 440 000000ac 0000006f
C 911 000000ac 1 0 0 1 5 0
T 912 000000ac 0 1 0 0 0 0 0 0 1 0 0 0 0 0
C 912 000000ac 0 0 0 0 5 0
T 913 000000ac 1 1 0 0 0 0 0 0 1 0 1 1 0 0
R 913 441 000000ac 0000006f
C 913 000000ac 1 0 0 1 5 0
T 914 000000ac 0 1 0 0 0 0 0 0 1 0 0 0 0 0
C 914 000000ac 0 0 0 0 5 0
T 915 000000ac 1 1 0 0 0 0 0 0 1 0 1 1 0 0
R 915 442 000000ac 0000006f
C 915 000000ac 1 0 0 1 5 0
T 916 000000ac 0 1 0 0 0 0 0 0 1 0 0 0 0 0
C 916 000000ac 0 0 0 0 5 0
T 917 000000ac 1 1 0 0 0 0 0 0 1 0 1 1 0 0
R 917 443 000000ac 0000006f
C 917 000000ac 1 0 0 1 5 0
T 918 000000ac 0 1 0 0 0 0 0 0 1 0 0 0 0 0
C 918 000000ac 0 0 0 0 5 0
T 919 000000ac 1 1 0 0 0 0 0 0 1 0 1 1 0 0
R 919 444 000000ac 0000006f
C 919 000000ac 1 0 0 1 5 0
T 920 000000ac 0 1 0 0 0 0 0 0 1 0 0 0 0 0
C 920 000000ac 0 0 0 0 5 0
T 921 000000ac 1 1 0 0 0 0 0 0 1 0 1 1 0 0
R 921 445 000000ac 0000006f
C 921 000000ac 1 0 0 1 5 0
T 922 000000ac 0 1 0 0 0 0 0 0 1 0 0 0 0 0
C 922 000000ac 0 0 0 0 5 0
T 923 000000ac 1 1 0 0 0 0 0 0 1 0 1 1 0 0
R 923 446 000000ac 0000006f
C 923 000000ac 1 0 0 1 5 0
T 924 000000ac 0 1 0 0 0 0 0 0 1 0 0 0 0 0
C 924 000000ac 0 0 0 0 5 0
T 925 000000ac 1 1 0 0 0 0 0 0 1 0 1 1 0 0
R 925 447 000000ac 0000006f
C 925 000000ac 1 0 0 1 5 0
T 926 000000ac 0 1 0 0 0 0 0 0 1 0 0 0 0 0
C 926 000000ac 0 0 0 0 5 0
T 927 000000ac 1 1 0 0 0 0 0 0 1 0 1 1 0 0
R 927 448 000000ac 0000006f
C 927 000000ac 1 0 0 1 5 0
T 928 000000ac 0 1 0 0 0 0 0 0 1 0 0 0 0 0
C 928 000000ac 0 0 0 0 5 0
T 929 000000ac 1 1 0 0 0 0 0 0 1 0 1 1 0 0
R 929 449 000000ac 0000006f
C 929 000000ac 1 0 0 1 5 0
T 930 000000ac 0 1 0 0 0 0 0 0 1 0 0 0 0 0
C 930 000000ac 0 0 0 0 5 0
T 931 000000ac 1 1 0 0 0 0 0 0 1 0 1 1 0 0
R 931 450 000000ac 0000006f
C 931 000000ac 1 0 0 1 5 0
T 932 000000ac 0 1 0 0 0 0 0 0 1 0 0 0 0 0
C 932 000000ac 0 0 0 0 5 0
T 933 000000ac 1 1 0 0 0 0 0 0 1 0 1 1 0 0
R 933 451 000000ac 0000006f
C 933 000000ac 1 0 0 1 5 0
T 934 000000ac 0 1 0 0 0 0 0 0 1 0 0 0 0 0
C 934 000000ac 0 0 0 0 5 0
T 935 000000ac 1 1 0 0 0 0 0 0 1 0 1 1 0 0
R 935 452 000000ac 0000006f
C 935 000000ac 1 0 0 1 5 0
T 936 000000ac 0 1 0 0 0 0 0 0 1 0 0 0 0 0
C 936 000000ac 0 0 0 0 5 0
T 937 000000ac 1 1 0 0 0 0 0 0 1 0 1 1 0 0
R 937 453 000000ac 0000006f
C 937 000000ac 1 0 0 1 5 0
T 938 000000ac 0 1 0 0 0 0 0 0 1 0 0 0 0 0
C 938 000000ac 0 0 0 0 5 0
T 939 000000ac 1 1 0 0 0 0 0 0 1 0 1 1 0 0
R 939 454 000000ac 0000006f
C 939 000000ac 1 0 0 1 5 0
T 940 000000ac 0 1 0 0 0 0 0 0 1 0 0 0 0 0
C 940 000000ac 0 0 0 0 5 0
T 941 000000ac 1 1 0 0 0 0 0 0 1 0 1 1 0 0
R 941 455 000000ac 0000006f
C 941 000000ac 1 0 0 1 5 0
T 942 000000ac 0 1 0 0 0 0 0 0 1 0 0 0 0 0
C 942 000000ac 0 0 0 0 5 0
T 943 000000ac 1 1 0 0 0 0 0 0 1 0 1 1 0 0
R 943 456 000000ac 0000006f
C 943 000000ac 1 0 0 1 5 0
T 944 000000ac 0 1 0 0 0 0 0 0 1 0 0 0 0 0
C 944 000000ac 0 0 0 0 5 0
T 945 000000ac 1 1 0 0 0 0 0 0 1 0 1 1 0 0
R 945 457 000000ac 0000006f
C 945 000000ac 1 0 0 1 5 0
T 946 000000ac 0 1 0 0 0 0 0 0 1 0 0 0 0 0
C 946 000000ac 0 0 0 0 5 0
T 947 000000ac 1 1 0 0 0 0 0 0 1 0 1 1 0 0
R 947 458 000000ac 0000006f
C 947 000000ac 1 0 0 1 5 0
T 948 000000ac 0 1 0 0 0 0 0 0 1 0 0 0 0 0
C 948 000000ac 0 0 0 0 5 0
T 949 000000ac 1 1 0 0 0 0 0 0 1 0 1 1 0 0
R 949 459 000000ac 0000006f
C 949 000000ac 1 0 0 1 5 0
T 950 000000ac 0 1 0 0 0 0 0 0 1 0 0 0 0 0
C 950 000000ac 0 0 0 0 5 0
T 951 000000ac 1 1 0 0 0 0 0 0 1 0 1 1 0 0
R 951 460 000000ac 0000006f
C 951 000000ac 1 0 0 1 5 0
T 952 000000ac 0 1 0 0 0 0 0 0 1 0 0 0 0 0
C 952 000000ac 0 0 0 0 5 0
T 953 000000ac 1 1 0 0 0 0 0 0 1 0 1 1 0 0
R 953 461 000000ac 0000006f
C 953 000000ac 1 0 0 1 5 0
T 954 000000ac 0 1 0 0 0 0 0 0 1 0 0 0 0 0
C 954 000000ac 0 0 0 0 5 0
T 955 000000ac 1 1 0 0 0 0 0 0 1 0 1 1 0 0
R 955 462 000000ac 0000006f
C 955 000000ac 1 0 0 1 5 0
T 956 000000ac 0 1 0 0 0 0 0 0 1 0 0 0 0 0
C 956 000000ac 0 0 0 0 5 0
T 957 000000ac 1 1 0 0 0 0 0 0 1 0 1 1 0 0
R 957 463 000000ac 0000006f
C 957 000000ac 1 0 0 1 5 0
T 958 000000ac 0 1 0 0 0 0 0 0 1 0 0 0 0 0
C 958 000000ac 0 0 0 0 5 0
T 959 000000ac 1 1 0 0 0 0 0 0 1 0 1 1 0 0
R 959 464 000000ac 0000006f
C 959 000000ac 1 0 0 1 5 0
T 960 000000ac 0 1 0 0 0 0 0 0 1 0 0 0 0 0
C 960 000000ac 0 0 0 0 5 0
T 961 000000ac 1 1 0 0 0 0 0 0 1 0 1 1 0 0
R 961 465 000000ac 0000006f
C 961 000000ac 1 0 0 1 5 0
T 962 000000ac 0 1 0 0 0 0 0 0 1 0 0 0 0 0
C 962 000000ac 0 0 0 0 5 0
T 963 000000ac 1 1 0 0 0 0 0 0 1 0 1 1 0 0
R 963 466 000000ac 0000006f
C 963 000000ac 1 0 0 1 5 0
T 964 000000ac 0 1 0 0 0 0 0 0 1 0 0 0 0 0
C 964 000000ac 0 0 0 0 5 0
T 965 000000ac 1 1 0 0 0 0 0 0 1 0 1 1 0 0
R 965 467 000000ac 0000006f
C 965 000000ac 1 0 0 1 5 0
T 966 000000ac 0 1 0 0 0 0 0 0 1 0 0 0 0 0
C 966 000000ac 0 0 0 0 5 0
T 967 000000ac 1 1 0 0 0 0 0 0 1 0 1 1 0 0
R 967 468 000000ac 0000006f
C 967 000000ac 1 0 0 1 5 0
T 968 000000ac 0 1 0 0 0 0 0 0 1 0 0 0 0 0
C 968 000000ac 0 0 0 0 5 0
T 969 000000ac 1 1 0 0 0 0 0 0 1 0 1 1 0 0
R 969 469 000000ac 0000006f
C 969 000000ac 1 0 0 1 5 0
T 970 000000ac 0 1 0 0 0 0 0 0 1 0 0 0 0 0
C 970 000000ac 0 0 0 0 5 0
T 971 000000ac 1 1 0 0 0 0 0 0 1 0 1 1 0 0
R 971 470 000000ac 0000006f
C 971 000000ac 1 0 0 1 5 0
T 972 000000ac 0 1 0 0 0 0 0 0 1 0 0 0 0 0
C 972 000000ac 0 0 0 0 5 0
T 973 000000ac 1 1 0 0 0 0 0 0 1 0 1 1 0 0
R 973 471 000000ac 0000006f
C 973 000000ac 1 0 0 1 5 0
T 974 000000ac 0 1 0 0 0 0 0 0 1 0 0 0 0 0
C 974 000000ac 0 0 0 0 5 0
T 975 000000ac 1 1 0 0 0 0 0 0 1 0 1 1 0 0
R 975 472 000000ac 0000006f
C 975 000000ac 1 0 0 1 5 0
T 976 000000ac 0 1 0 0 0 0 0 0 1 0 0 0 0 0
C 976 000000ac 0 0 0 0 5 0
T 977 000000ac 1 1 0 0 0 0 0 0 1 0 1 1 0 0
R 977 473 000000ac 0000006f
C 977 000000ac 1 0 0 1 5 0
T 978 000000ac 0 1 0 0 0 0 0 0 1 0 0 0 0 0
C 978 000000ac 0 0 0 0 5 0
T 979 000000ac 1 1 0 0 0 0 0 0 1 0 1 1 0 0
R 979 474 000000ac 0000006f
C 979 000000ac 1 0 0 1 5 0
T 980 000000ac 0 1 0 0 0 0 0 0 1 0 0 0 0 0
C 980 000000ac 0 0 0 0 5 0
T 981 000000ac 1 1 0 0 0 0 0 0 1 0 1 1 0 0
R 981 475 000000ac 0000006f
C 981 000000ac 1 0 0 1 5 0
T 982 000000ac 0 1 0 0 0 0 0 0 1 0 0 0 0 0
C 982 000000ac 0 0 0 0 5 0
T 983 000000ac 1 1 0 0 0 0 0 0 1 0 1 1 0 0
R 983 476 000000ac 0000006f
C 983 000000ac 1 0 0 1 5 0
T 984 000000ac 0 1 0 0 0 0 0 0 1 0 0 0 0 0
C 984 000000ac 0 0 0 0 5 0
T 985 000000ac 1 1 0 0 0 0 0 0 1 0 1 1 0 0
R 985 477 000000ac 0000006f
C 985 000000ac 1 0 0 1 5 0
T 986 000000ac 0 1 0 0 0 0 0 0 1 0 0 0 0 0
C 986 000000ac 0 0 0 0 5 0
T 987 000000ac 1 1 0 0 0 0 0 0 1 0 1 1 0 0
R 987 478 000000ac 0000006f
C 987 000000ac 1 0 0 1 5 0
T 988 000000ac 0 1 0 0 0 0 0 0 1 0 0 0 0 0
C 988 000000ac 0 0 0 0 5 0
T 989 000000ac 1 1 0 0 0 0 0 0 1 0 1 1 0 0
R 989 479 000000ac 0000006f
C 989 000000ac 1 0 0 1 5 0
T 990 000000ac 0 1 0 0 0 0 0 0 1 0 0 0 0 0
C 990 000000ac 0 0 0 0 5 0
T 991 000000ac 1 1 0 0 0 0 0 0 1 0 1 1 0 0
R 991 480 000000ac 0000006f
C 991 000000ac 1 0 0 1 5 0
T 992 000000ac 0 1 0 0 0 0 0 0 1 0 0 0 0 0
C 992 000000ac 0 0 0 0 5 0
T 993 000000ac 1 1 0 0 0 0 0 0 1 0 1 1 0 0
R 993 481 000000ac 0000006f
C 993 000000ac 1 0 0 1 5 0
T 994 000000ac 0 1 0 0 0 0 0 0 1 0 0 0 0 0
C 994 000000ac 0 0 0 0 5 0
T 995 000000ac 1 1 0 0 0 0 0 0 1 0 1 1 0 0
R 995 482 000000ac 0000006f
C 995 000000ac 1 0 0 1 5 0
T 996 000000ac 0 1 0 0 0 0 0 0 1 0 0 0 0 0
C 996 000000ac 0 0 0 0 5 0
T 997 000000ac 1 1 0 0 0 0 0 0 1 0 1 1 0 0
R 997 483 000000ac 0000006f
C 997 000000ac 1 0 0 1 5 0
T 998 000000ac 0 1 0 0 0 0 0 0 1 0 0 0 0 0
C 998 000000ac 0 0 0 0 5 0
T 999 000000ac 1 1 0 0 0 0 0 0 1 0 1 1 0 0
R 999 484 000000ac 0000006f
C 999 000000ac 1 0 0 1 5 0
T 1000 000000ac 0 1 0 0 0 0 0 0 1 0 0 0 0 0
C 1000 000000ac 0 0 0 0 5 0
T 1001 000000ac 1 1 0 0 0 0 0 0 1 0 1 1 0 0
R 1001 485 000000ac 0000006f
C 1001 000000ac 1 0 0 1 5 0
T 1002 000000ac 0 1 0 0 0 0 0 0 1 0 0 0 0 0
C 1002 000000ac 0 0 0 0 5 0
T 1003 000000ac 1 1 0 0 0 0 0 0 1 0 1 1 0 0
R 1003 486 000000ac 0000006f
C 1003 000000ac 1 0 0 1 5 0
T 1004 000000ac 0 1 0 0 0 0 0 0 1 0 0 0 0 0
C 1004 000000ac 0 0 0 0 5 0
T 1005 000000ac 1 1 0 0 0 0 0 0 1 0 1 1 0 0
R 1005 487 000000ac 0000006f
C 1005 000000ac 1 0 0 1 5 0
T 1006 000000ac 0 1 0 0 0 0 0 0 1 0 0 0 0 0
C 1006 000000ac 0 0 0 0 5 0
T 1007 000000ac 1 1 0 0 0 0 0 0 1 0 1 1 0 0
R 1007 488 000000ac 0000006f
C 1007 000000ac 1 0 0 1 5 0
T 1008 000000ac 0 1 0 0 0 0 0 0 1 0 0 0 0 0
C 1008 000000ac 0 0 0 0 5 0
T 1009 000000ac 1 1 0 0 0 0 0 0 1 0 1 1 0 0
R 1009 489 000000ac 0000006f
C 1009 000000ac 1 0 0 1 5 0
T 1010 000000ac 0 1 0 0 0 0 0 0 1 0 0 0 0 0
C 1010 000000ac 0 0 0 0 5 0
T 1011 000000ac 1 1 0 0 0 0 0 0 1 0 1 1 0 0
R 1011 490 000000ac 0000006f
C 1011 000000ac 1 0 0 1 5 0
T 1012 000000ac 0 1 0 0 0 0 0 0 1 0 0 0 0 0
C 1012 000000ac 0 0 0 0 5 0
T 1013 000000ac 1 1 0 0 0 0 0 0 1 0 1 1 0 0
R 1013 491 000000ac 0000006f
C 1013 000000ac 1 0 0 1 5 0
T 1014 000000ac 0 1 0 0 0 0 0 0 1 0 0 0 0 0
C 1014 000000ac 0 0 0 0 5 0
T 1015 000000ac 1 1 0 0 0 0 0 0 1 0 1 1 0 0
R 1015 492 000000ac 0000006f
C 1015 000000ac 1 0 0 1 5 0
T 1016 000000ac 0 1 0 0 0 0 0 0 1 0 0 0 0 0
C 1016 000000ac 0 0 0 0 5 0
T 1017 000000ac 1 1 0 0 0 0 0 0 1 0 1 1 0 0
R 1017 493 000000ac 0000006f
C 1017 000000ac 1 0 0 1 5 0
T 1018 000000ac 0 1 0 0 0 0 0 0 1 0 0 0 0 0
C 1018 000000ac 0 0 0 0 5 0
T 1019 000000ac 1 1 0 0 0 0 0 0 1 0 1 1 0 0
R 1019 494 000000ac 0000006f
C 1019 000000ac 1 0 0 1 5 0
T 1020 000000ac 0 1 0 0 0 0 0 0 1 0 0 0 0 0
C 1020 000000ac 0 0 0 0 5 0
T 1021 000000ac 1 1 0 0 0 0 0 0 1 0 1 1 0 0
R 1021 495 000000ac 0000006f
C 1021 000000ac 1 0 0 1 5 0
T 1022 000000ac 0 1 0 0 0 0 0 0 1 0 0 0 0 0
C 1022 000000ac 0 0 0 0 5 0
T 1023 000000ac 1 1 0 0 0 0 0 0 1 0 1 1 0 0
R 1023 496 000000ac 0000006f
C 1023 000000ac 1 0 0 1 5 0
T 1024 000000ac 0 1 0 0 0 0 0 0 1 0 0 0 0 0
C 1024 000000ac 0 0 0 0 5 0
T 1025 000000ac 1 1 0 0 0 0 0 0 1 0 1 1 0 0
R 1025 497 000000ac 0000006f
C 1025 000000ac 1 0 0 1 5 0
T 1026 000000ac 0 1 0 0 0 0 0 0 1 0 0 0 0 0
C 1026 000000ac 0 0 0 0 5 0
T 1027 000000ac 1 1 0 0 0 0 0 0 1 0 1 1 0 0
R 1027 498 000000ac 0000006f
C 1027 000000ac 1 0 0 1 5 0
T 1028 000000ac 0 1 0 0 0 0 0 0 1 0 0 0 0 0
C 1028 000000ac 0 0 0 0 5 0
T 1029 000000ac 1 1 0 0 0 0 0 0 1 0 1 1 0 0
R 1029 499 000000ac 0000006f
C 1029 000000ac 1 0 0 1 5 0
T 1030 000000ac 0 1 0 0 0 0 0 0 1 0 0 0 0 0
C 1030 000000ac 0 0 0 0 5 0
T 1031 000000ac 1 1 0 0 0 0 0 0 1 0 1 1 0 0
R 1031 500 000000ac 0000006f
C 1031 000000ac 1 0 0 1 5 0
T 1032 000000ac 0 1 0 0 0 0 0 0 1 0 0 0 0 0
C 1032 000000ac 0 0 0 0 5 0
T 1033 000000ac 1 1 0 0 0 0 0 0 1 0 1 1 0 0
R 1033 501 000000ac 0000006f
C 1033 000000ac 1 0 0 1 5 0
T 1034 000000ac 0 1 0 0 0 0 0 0 1 0 0 0 0 0
C 1034 000000ac 0 0 0 0 5 0
T 1035 000000ac 1 1 0 0 0 0 0 0 1 0 1 1 0 0
R 1035 502 000000ac 0000006f
C 1035 000000ac 1 0 0 1 5 0
T 1036 000000ac 0 1 0 0 0 0 0 0 1 0 0 0 0 0
C 1036 000000ac 0 0 0 0 5 0
T 1037 000000ac 1 1 0 0 0 0 0 0 1 0 1 1 0 0
R 1037 503 000000ac 0000006f
C 1037 000000ac 1 0 0 1 5 0
T 1038 000000ac 0 1 0 0 0 0 0 0 1 0 0 0 0 0
C 1038 000000ac 0 0 0 0 5 0
T 1039 000000ac 1 1 0 0 0 0 0 0 1 0 1 1 0 0
R 1039 504 000000ac 0000006f
C 1039 000000ac 1 0 0 1 5 0
T 1040 000000ac 0 1 0 0 0 0 0 0 1 0 0 0 0 0
C 1040 000000ac 0 0 0 0 5 0
T 1041 000000ac 1 1 0 0 0 0 0 0 1 0 1 1 0 0
R 1041 505 000000ac 0000006f
C 1041 000000ac 1 0 0 1 5 0
T 1042 000000ac 0 1 0 0 0 0 0 0 1 0 0 0 0 0
C 1042 000000ac 0 0 0 0 5 0
T 1043 000000ac 1 1 0 0 0 0 0 0 1 0 1 1 0 0
R 1043 506 000000ac 0000006f
C 1043 000000ac 1 0 0 1 5 0
T 1044 000000ac 0 1 0 0 0 0 0 0 1 0 0 0 0 0
C 1044 000000ac 0 0 0 0 5 0
T 1045 000000ac 1 1 0 0 0 0 0 0 1 0 1 1 0 0
R 1045 507 000000ac 0000006f
C 1045 000000ac 1 0 0 1 5 0
T 1046 000000ac 0 1 0 0 0 0 0 0 1 0 0 0 0 0
C 1046 000000ac 0 0 0 0 5 0
T 1047 000000ac 1 1 0 0 0 0 0 0 1 0 1 1 0 0
R 1047 508 000000ac 0000006f
C 1047 000000ac 1 0 0 1 5 0
T 1048 000000ac 0 1 0 0 0 0 0 0 1 0 0 0 0 0
C 1048 000000ac 0 0 0 0 5 0
T 1049 000000ac 1 1 0 0 0 0 0 0 1 0 1 1 0 0
R 1049 509 000000ac 0000006f
C 1049 000000ac 1 0 0 1 5 0
T 1050 000000ac 0 1 0 0 0 0 0 0 1 0 0 0 0 0
C 1050 000000ac 0 0 0 0 5 0
T 1051 000000ac 1 1 0 0 0 0 0 0 1 0 1 1 0 0
R 1051 510 000000ac 0000006f
C 1051 000000ac 1 0 0 1 5 0
T 1052 000000ac 0 1 0 0 0 0 0 0 1 0 0 0 0 0
C 1052 000000ac 0 0 0 0 5 0
T 1053 000000ac 1 1 0 0 0 0 0 0 1 0 1 1 0 0
R 1053 511 000000ac 0000006f
C 1053 000000ac 1 0 0 1 5 0
T 1054 000000ac 0 1 0 0 0 0 0 0 1 0 0 0 0 0
C 1054 000000ac 0 0 0 0 5 0
T 1055 000000ac 1 1 0 0 0 0 0 0 1 0 1 1 0 0
R 1055 512 000000ac 0000006f
C 1055 000000ac 1 0 0 1 5 0
T 1056 000000ac 0 1 0 0 0 0 0 0 1 0 0 0 0 0
C 1056 000000ac 0 0 0 0 5 0
T 1057 000000ac 1 1 0 0 0 0 0 0 1 0 1 1 0 0
R 1057 513 000000ac 0000006f
C 1057 000000ac 1 0 0 1 5 0
T 1058 000000ac 0 1 0 0 0 0 0 0 1 0 0 0 0 0
C 1058 000000ac 0 0 0 0 5 0
T 1059 000000ac 1 1 0 0 0 0 0 0 1 0 1 1 0 0
R 1059 514 000000ac 0000006f
C 1059 000000ac 1 0 0 1 5 0
T 1060 000000ac 0 1 0 0 0 0 0 0 1 0 0 0 0 0
C 1060 000000ac 0 0 0 0 5 0
T 1061 000000ac 1 1 0 0 0 0 0 0 1 0 1 1 0 0
R 1061 515 000000ac 0000006f
C 1061 000000ac 1 0 0 1 5 0
T 1062 000000ac 0 1 0 0 0 0 0 0 1 0 0 0 0 0
C 1062 000000ac 0 0 0 0 5 0
T 1063 000000ac 1 1 0 0 0 0 0 0 1 0 1 1 0 0
R 1063 516 000000ac 0000006f
C 1063 000000ac 1 0 0 1 5 0
T 1064 000000ac 0 1 0 0 0 0 0 0 1 0 0 0 0 0
C 1064 000000ac 0 0 0 0 5 0
T 1065 000000ac 1 1 0 0 0 0 0 0 1 0 1 1 0 0
R 1065 517 000000ac 0000006f
C 1065 000000ac 1 0 0 1 5 0
T 1066 000000ac 0 1 0 0 0 0 0 0 1 0 0 0 0 0
C 1066 000000ac 0 0 0 0 5 0
T 1067 000000ac 1 1 0 0 0 0 0 0 1 0 1 1 0 0
R 1067 518 000000ac 0000006f
C 1067 000000ac 1 0 0 1 5 0
T 1068 000000ac 0 1 0 0 0 0 0 0 1 0 0 0 0 0
C 1068 000000ac 0 0 0 0 5 0
T 1069 000000ac 1 1 0 0 0 0 0 0 1 0 1 1 0 0
R 1069 519 000000ac 0000006f
C 1069 000000ac 1 0 0 1 5 0
T 1070 000000ac 0 1 0 0 0 0 0 0 1 0 0 0 0 0
C 1070 000000ac 0 0 0 0 5 0
T 1071 000000ac 1 1 0 0 0 0 0 0 1 0 1 1 0 0
R 1071 520 000000ac 0000006f
C 1071 000000ac 1 0 0 1 5 0
T 1072 000000ac 0 1 0 0 0 0 0 0 1 0 0 0 0 0
C 1072 000000ac 0 0 0 0 5 0
T 1073 000000ac 1 1 0 0 0 0 0 0 1 0 1 1 0 0
R 1073 521 000000ac 0000006f
C 1073 000000ac 1 0 0 1 5 0
T 1074 000000ac 0 1 0 0 0 0 0 0 1 0 0 0 0 0
C 1074 000000ac 0 0 0 0 5 0
T 1075 000000ac 1 1 0 0 0 0 0 0 1 0 1 1 0 0
R 1075 522 000000ac 0000006f
C 1075 000000ac 1 0 0 1 5 0
T 1076 000000ac 0 1 0 0 0 0 0 0 1 0 0 0 0 0
C 1076 000000ac 0 0 0 0 5 0
T 1077 000000ac 1 1 0 0 0 0 0 0 1 0 1 1 0 0
R 1077 523 000000ac 0000006f
C 1077 000000ac 1 0 0 1 5 0
T 1078 000000ac 0 1 0 0 0 0 0 0 1 0 0 0 0 0
C 1078 000000ac 0 0 0 0 5 0
T 1079 000000ac 1 1 0 0 0 0 0 0 1 0 1 1 0 0
R 1079 524 000000ac 0000006f
C 1079 000000ac 1 0 0 1 5 0
T 1080 000000ac 0 1 0 0 0 0 0 0 1 0 0 0 0 0
C 1080 000000ac 0 0 0 0 5 0
T 1081 000000ac 1 1 0 0 0 0 0 0 1 0 1 1 0 0
R 1081 525 000000ac 0000006f
C 1081 000000ac 1 0 0 1 5 0
T 1082 000000ac 0 1 0 0 0 0 0 0 1 0 0 0 0 0
C 1082 000000ac 0 0 0 0 5 0
T 1083 000000ac 1 1 0 0 0 0 0 0 1 0 1 1 0 0
R 1083 526 000000ac 0000006f
C 1083 000000ac 1 0 0 1 5 0
T 1084 000000ac 0 1 0 0 0 0 0 0 1 0 0 0 0 0
C 1084 000000ac 0 0 0 0 5 0
T 1085 000000ac 1 1 0 0 0 0 0 0 1 0 1 1 0 0
R 1085 527 000000ac 0000006f
C 1085 000000ac 1 0 0 1 5 0
T 1086 000000ac 0 1 0 0 0 0 0 0 1 0 0 0 0 0
C 1086 000000ac 0 0 0 0 5 0
T 1087 000000ac 1 1 0 0 0 0 0 0 1 0 1 1 0 0
R 1087 528 000000ac 0000006f
C 1087 000000ac 1 0 0 1 5 0
T 1088 000000ac 0 1 0 0 0 0 0 0 1 0 0 0 0 0
C 1088 000000ac 0 0 0 0 5 0
T 1089 000000ac 1 1 0 0 0 0 0 0 1 0 1 1 0 0
R 1089 529 000000ac 0000006f
C 1089 000000ac 1 0 0 1 5 0
T 1090 000000ac 0 1 0 0 0 0 0 0 1 0 0 0 0 0
C 1090 000000ac 0 0 0 0 5 0
T 1091 000000ac 1 1 0 0 0 0 0 0 1 0 1 1 0 0
R 1091 530 000000ac 0000006f
C 1091 000000ac 1 0 0 1 5 0
T 1092 000000ac 0 1 0 0 0 0 0 0 1 0 0 0 0 0
C 1092 000000ac 0 0 0 0 5 0
T 1093 000000ac 1 1 0 0 0 0 0 0 1 0 1 1 0 0
R 1093 531 000000ac 0000006f
C 1093 000000ac 1 0 0 1 5 0
T 1094 000000ac 0 1 0 0 0 0 0 0 1 0 0 0 0 0
C 1094 000000ac 0 0 0 0 5 0
T 1095 000000ac 1 1 0 0 0 0 0 0 1 0 1 1 0 0
R 1095 532 000000ac 0000006f
C 1095 000000ac 1 0 0 1 5 0
T 1096 000000ac 0 1 0 0 0 0 0 0 1 0 0 0 0 0
C 1096 000000ac 0 0 0 0 5 0
T 1097 000000ac 1 1 0 0 0 0 0 0 1 0 1 1 0 0
R 1097 533 000000ac 0000006f
C 1097 000000ac 1 0 0 1 5 0
T 1098 000000ac 0 1 0 0 0 0 0 0 1 0 0 0 0 0
C 1098 000000ac 0 0 0 0 5 0
T 1099 000000ac 1 1 0 0 0 0 0 0 1 0 1 1 0 0
R 1099 534 000000ac 0000006f
C 1099 000000ac 1 0 0 1 5 0
T 1100 000000ac 0 1 0 0 0 0 0 0 1 0 0 0 0 0
C 1100 000000ac 0 0 0 0 5 0
T 1101 000000ac 1 1 0 0 0 0 0 0 1 0 1 1 0 0
R 1101 535 000000ac 0000006f
C 1101 000000ac 1 0 0 1 5 0
T 1102 000000ac 0 1 0 0 0 0 0 0 1 0 0 0 0 0
C 1102 000000ac 0 0 0 0 5 0
T 1103 000000ac 1 1 0 0 0 0 0 0 1 0 1 1 0 0
R 1103 536 000000ac 0000006f
C 1103 000000ac 1 0 0 1 5 0
T 1104 000000ac 0 1 0 0 0 0 0 0 1 0 0 0 0 0
C 1104 000000ac 0 0 0 0 5 0
T 1105 000000ac 1 1 0 0 0 0 0 0 1 0 1 1 0 0
R 1105 537 000000ac 0000006f
C 1105 000000ac 1 0 0 1 5 0
T 1106 000000ac 0 1 0 0 0 0 0 0 1 0 0 0 0 0
C 1106 000000ac 0 0 0 0 5 0
T 1107 000000ac 1 1 0 0 0 0 0 0 1 0 1 1 0 0
R 1107 538 000000ac 0000006f
C 1107 000000ac 1 0 0 1 5 0
T 1108 000000ac 0 1 0 0 0 0 0 0 1 0 0 0 0 0
C 1108 000000ac 0 0 0 0 5 0
T 1109 000000ac 1 1 0 0 0 0 0 0 1 0 1 1 0 0
R 1109 539 000000ac 0000006f
C 1109 000000ac 1 0 0 1 5 0
T 1110 000000ac 0 1 0 0 0 0 0 0 1 0 0 0 0 0
C 1110 000000ac 0 0 0 0 5 0
T 1111 000000ac 1 1 0 0 0 0 0 0 1 0 1 1 0 0
R 1111 540 000000ac 0000006f
C 1111 000000ac 1 0 0 1 5 0
T 1112 000000ac 0 1 0 0 0 0 0 0 1 0 0 0 0 0
C 1112 000000ac 0 0 0 0 5 0
T 1113 000000ac 1 1 0 0 0 0 0 0 1 0 1 1 0 0
R 1113 541 000000ac 0000006f
C 1113 000000ac 1 0 0 1 5 0
T 1114 000000ac 0 1 0 0 0 0 0 0 1 0 0 0 0 0
C 1114 000000ac 0 0 0 0 5 0
T 1115 000000ac 1 1 0 0 0 0 0 0 1 0 1 1 0 0
R 1115 542 000000ac 0000006f
C 1115 000000ac 1 0 0 1 5 0
T 1116 000000ac 0 1 0 0 0 0 0 0 1 0 0 0 0 0
C 1116 000000ac 0 0 0 0 5 0
T 1117 000000ac 1 1 0 0 0 0 0 0 1 0 1 1 0 0
R 1117 543 000000ac 0000006f
C 1117 000000ac 1 0 0 1 5 0
T 1118 000000ac 0 1 0 0 0 0 0 0 1 0 0 0 0 0
C 1118 000000ac 0 0 0 0 5 0
T 1119 000000ac 1 1 0 0 0 0 0 0 1 0 1 1 0 0
R 1119 544 000000ac 0000006f
C 1119 000000ac 1 0 0 1 5 0
T 1120 000000ac 0 1 0 0 0 0 0 0 1 0 0 0 0 0
C 1120 000000ac 0 0 0 0 5 0
T 1121 000000ac 1 1 0 0 0 0 0 0 1 0 1 1 0 0
R 1121 545 000000ac 0000006f
C 1121 000000ac 1 0 0 1 5 0
T 1122 000000ac 0 1 0 0 0 0 0 0 1 0 0 0 0 0
C 1122 000000ac 0 0 0 0 5 0
T 1123 000000ac 1 1 0 0 0 0 0 0 1 0 1 1 0 0
R 1123 546 000000ac 0000006f
C 1123 000000ac 1 0 0 1 5 0
T 1124 000000ac 0 1 0 0 0 0 0 0 1 0 0 0 0 0
C 1124 000000ac 0 0 0 0 5 0
T 1125 000000ac 1 1 0 0 0 0 0 0 1 0 1 1 0 0
R 1125 547 000000ac 0000006f
C 1125 000000ac 1 0 0 1 5 0
T 1126 000000ac 0 1 0 0 0 0 0 0 1 0 0 0 0 0
C 1126 000000ac 0 0 0 0 5 0
T 1127 000000ac 1 1 0 0 0 0 0 0 1 0 1 1 0 0
R 1127 548 000000ac 0000006f
C 1127 000000ac 1 0 0 1 5 0
T 1128 000000ac 0 1 0 0 0 0 0 0 1 0 0 0 0 0
C 1128 000000ac 0 0 0 0 5 0
T 1129 000000ac 1 1 0 0 0 0 0 0 1 0 1 1 0 0
R 1129 549 000000ac 0000006f
C 1129 000000ac 1 0 0 1 5 0
T 1130 000000ac 0 1 0 0 0 0 0 0 1 0 0 0 0 0
C 1130 000000ac 0 0 0 0 5 0
T 1131 000000ac 1 1 0 0 0 0 0 0 1 0 1 1 0 0
R 1131 550 000000ac 0000006f
C 1131 000000ac 1 0 0 1 5 0
T 1132 000000ac 0 1 0 0 0 0 0 0 1 0 0 0 0 0
C 1132 000000ac 0 0 0 0 5 0
T 1133 000000ac 1 1 0 0 0 0 0 0 1 0 1 1 0 0
R 1133 551 000000ac 0000006f
C 1133 000000ac 1 0 0 1 5 0
T 1134 000000ac 0 1 0 0 0 0 0 0 1 0 0 0 0 0
C 1134 000000ac 0 0 0 0 5 0
T 1135 000000ac 1 1 0 0 0 0 0 0 1 0 1 1 0 0
R 1135 552 000000ac 0000006f
C 1135 000000ac 1 0 0 1 5 0
T 1136 000000ac 0 1 0 0 0 0 0 0 1 0 0 0 0 0
C 1136 000000ac 0 0 0 0 5 0
T 1137 000000ac 1 1 0 0 0 0 0 0 1 0 1 1 0 0
R 1137 553 000000ac 0000006f
C 1137 000000ac 1 0 0 1 5 0
T 1138 000000ac 0 1 0 0 0 0 0 0 1 0 0 0 0 0
C 1138 000000ac 0 0 0 0 5 0
T 1139 000000ac 1 1 0 0 0 0 0 0 1 0 1 1 0 0
R 1139 554 000000ac 0000006f
C 1139 000000ac 1 0 0 1 5 0
T 1140 000000ac 0 1 0 0 0 0 0 0 1 0 0 0 0 0
C 1140 000000ac 0 0 0 0 5 0
T 1141 000000ac 1 1 0 0 0 0 0 0 1 0 1 1 0 0
R 1141 555 000000ac 0000006f
C 1141 000000ac 1 0 0 1 5 0
T 1142 000000ac 0 1 0 0 0 0 0 0 1 0 0 0 0 0
C 1142 000000ac 0 0 0 0 5 0
T 1143 000000ac 1 1 0 0 0 0 0 0 1 0 1 1 0 0
R 1143 556 000000ac 0000006f
C 1143 000000ac 1 0 0 1 5 0
T 1144 000000ac 0 1 0 0 0 0 0 0 1 0 0 0 0 0
C 1144 000000ac 0 0 0 0 5 0
T 1145 000000ac 1 1 0 0 0 0 0 0 1 0 1 1 0 0
R 1145 557 000000ac 0000006f
C 1145 000000ac 1 0 0 1 5 0
T 1146 000000ac 0 1 0 0 0 0 0 0 1 0 0 0 0 0
C 1146 000000ac 0 0 0 0 5 0
T 1147 000000ac 1 1 0 0 0 0 0 0 1 0 1 1 0 0
R 1147 558 000000ac 0000006f
C 1147 000000ac 1 0 0 1 5 0
T 1148 000000ac 0 1 0 0 0 0 0 0 1 0 0 0 0 0
C 1148 000000ac 0 0 0 0 5 0
T 1149 000000ac 1 1 0 0 0 0 0 0 1 0 1 1 0 0
R 1149 559 000000ac 0000006f
C 1149 000000ac 1 0 0 1 5 0
T 1150 000000ac 0 1 0 0 0 0 0 0 1 0 0 0 0 0
C 1150 000000ac 0 0 0 0 5 0
T 1151 000000ac 1 1 0 0 0 0 0 0 1 0 1 1 0 0
R 1151 560 000000ac 0000006f
C 1151 000000ac 1 0 0 1 5 0
T 1152 000000ac 0 1 0 0 0 0 0 0 1 0 0 0 0 0
C 1152 000000ac 0 0 0 0 5 0
T 1153 000000ac 1 1 0 0 0 0 0 0 1 0 1 1 0 0
R 1153 561 000000ac 0000006f
C 1153 000000ac 1 0 0 1 5 0
T 1154 000000ac 0 1 0 0 0 0 0 0 1 0 0 0 0 0
C 1154 000000ac 0 0 0 0 5 0
T 1155 000000ac 1 1 0 0 0 0 0 0 1 0 1 1 0 0
R 1155 562 000000ac 0000006f
C 1155 000000ac 1 0 0 1 5 0
T 1156 000000ac 0 1 0 0 0 0 0 0 1 0 0 0 0 0
C 1156 000000ac 0 0 0 0 5 0
T 1157 000000ac 1 1 0 0 0 0 0 0 1 0 1 1 0 0
R 1157 563 000000ac 0000006f
C 1157 000000ac 1 0 0 1 5 0
T 1158 000000ac 0 1 0 0 0 0 0 0 1 0 0 0 0 0
C 1158 000000ac 0 0 0 0 5 0
T 1159 000000ac 1 1 0 0 0 0 0 0 1 0 1 1 0 0
R 1159 564 000000ac 0000006f
C 1159 000000ac 1 0 0 1 5 0
T 1160 000000ac 0 1 0 0 0 0 0 0 1 0 0 0 0 0
C 1160 000000ac 0 0 0 0 5 0
T 1161 000000ac 1 1 0 0 0 0 0 0 1 0 1 1 0 0
R 1161 565 000000ac 0000006f
C 1161 000000ac 1 0 0 1 5 0
T 1162 000000ac 0 1 0 0 0 0 0 0 1 0 0 0 0 0
C 1162 000000ac 0 0 0 0 5 0
T 1163 000000ac 1 1 0 0 0 0 0 0 1 0 1 1 0 0
R 1163 566 000000ac 0000006f
C 1163 000000ac 1 0 0 1 5 0
T 1164 000000ac 0 1 0 0 0 0 0 0 1 0 0 0 0 0
C 1164 000000ac 0 0 0 0 5 0
T 1165 000000ac 1 1 0 0 0 0 0 0 1 0 1 1 0 0
R 1165 567 000000ac 0000006f
C 1165 000000ac 1 0 0 1 5 0
T 1166 000000ac 0 1 0 0 0 0 0 0 1 0 0 0 0 0
C 1166 000000ac 0 0 0 0 5 0
T 1167 000000ac 1 1 0 0 0 0 0 0 1 0 1 1 0 0
R 1167 568 000000ac 0000006f
C 1167 000000ac 1 0 0 1 5 0
T 1168 000000ac 0 1 0 0 0 0 0 0 1 0 0 0 0 0
C 1168 000000ac 0 0 0 0 5 0
T 1169 000000ac 1 1 0 0 0 0 0 0 1 0 1 1 0 0
R 1169 569 000000ac 0000006f
C 1169 000000ac 1 0 0 1 5 0
T 1170 000000ac 0 1 0 0 0 0 0 0 1 0 0 0 0 0
C 1170 000000ac 0 0 0 0 5 0
T 1171 000000ac 1 1 0 0 0 0 0 0 1 0 1 1 0 0
R 1171 570 000000ac 0000006f
C 1171 000000ac 1 0 0 1 5 0
T 1172 000000ac 0 1 0 0 0 0 0 0 1 0 0 0 0 0
C 1172 000000ac 0 0 0 0 5 0
T 1173 000000ac 1 1 0 0 0 0 0 0 1 0 1 1 0 0
R 1173 571 000000ac 0000006f
C 1173 000000ac 1 0 0 1 5 0
T 1174 000000ac 0 1 0 0 0 0 0 0 1 0 0 0 0 0
C 1174 000000ac 0 0 0 0 5 0
T 1175 000000ac 1 1 0 0 0 0 0 0 1 0 1 1 0 0
R 1175 572 000000ac 0000006f
C 1175 000000ac 1 0 0 1 5 0
T 1176 000000ac 0 1 0 0 0 0 0 0 1 0 0 0 0 0
C 1176 000000ac 0 0 0 0 5 0
T 1177 000000ac 1 1 0 0 0 0 0 0 1 0 1 1 0 0
R 1177 573 000000ac 0000006f
C 1177 000000ac 1 0 0 1 5 0
T 1178 000000ac 0 1 0 0 0 0 0 0 1 0 0 0 0 0
C 1178 000000ac 0 0 0 0 5 0
T 1179 000000ac 1 1 0 0 0 0 0 0 1 0 1 1 0 0
R 1179 574 000000ac 0000006f
C 1179 000000ac 1 0 0 1 5 0
T 1180 000000ac 0 1 0 0 0 0 0 0 1 0 0 0 0 0
C 1180 000000ac 0 0 0 0 5 0
T 1181 000000ac 1 1 0 0 0 0 0 0 1 0 1 1 0 0
R 1181 575 000000ac 0000006f
C 1181 000000ac 1 0 0 1 5 0
T 1182 000000ac 0 1 0 0 0 0 0 0 1 0 0 0 0 0
C 1182 000000ac 0 0 0 0 5 0
T 1183 000000ac 1 1 0 0 0 0 0 0 1 0 1 1 0 0
R 1183 576 000000ac 0000006f
C 1183 000000ac 1 0 0 1 5 0
T 1184 000000ac 0 1 0 0 0 0 0 0 1 0 0 0 0 0
C 1184 000000ac 0 0 0 0 5 0
T 1185 000000ac 1 1 0 0 0 0 0 0 1 0 1 1 0 0
R 1185 577 000000ac 0000006f
C 1185 000000ac 1 0 0 1 5 0
T 1186 000000ac 0 1 0 0 0 0 0 0 1 0 0 0 0 0
C 1186 000000ac 0 0 0 0 5 0
T 1187 000000ac 1 1 0 0 0 0 0 0 1 0 1 1 0 0
R 1187 578 000000ac 0000006f
C 1187 000000ac 1 0 0 1 5 0
T 1188 000000ac 0 1 0 0 0 0 0 0 1 0 0 0 0 0
C 1188 000000ac 0 0 0 0 5 0
T 1189 000000ac 1 1 0 0 0 0 0 0 1 0 1 1 0 0
R 1189 579 000000ac 0000006f
C 1189 000000ac 1 0 0 1 5 0
T 1190 000000ac 0 1 0 0 0 0 0 0 1 0 0 0 0 0
C 1190 000000ac 0 0 0 0 5 0
T 1191 000000ac 1 1 0 0 0 0 0 0 1 0 1 1 0 0
R 1191 580 000000ac 0000006f
C 1191 000000ac 1 0 0 1 5 0
T 1192 000000ac 0 1 0 0 0 0 0 0 1 0 0 0 0 0
C 1192 000000ac 0 0 0 0 5 0
T 1193 000000ac 1 1 0 0 0 0 0 0 1 0 1 1 0 0
R 1193 581 000000ac 0000006f
C 1193 000000ac 1 0 0 1 5 0
T 1194 000000ac 0 1 0 0 0 0 0 0 1 0 0 0 0 0
C 1194 000000ac 0 0 0 0 5 0
T 1195 000000ac 1 1 0 0 0 0 0 0 1 0 1 1 0 0
R 1195 582 000000ac 0000006f
C 1195 000000ac 1 0 0 1 5 0
T 1196 000000ac 0 1 0 0 0 0 0 0 1 0 0 0 0 0
C 1196 000000ac 0 0 0 0 5 0
T 1197 000000ac 1 1 0 0 0 0 0 0 1 0 1 1 0 0
R 1197 583 000000ac 0000006f
C 1197 000000ac 1 0 0 1 5 0
T 1198 000000ac 0 1 0 0 0 0 0 0 1 0 0 0 0 0
C 1198 000000ac 0 0 0 0 5 0
T 1199 000000ac 1 1 0 0 0 0 0 0 1 0 1 1 0 0
R 1199 584 000000ac 0000006f
C 1199 000000ac 1 0 0 1 5 0
REG 0 00000000
REG 1 00000208
REG 2 44332211
REG 3 00000001
REG 4 00000000
REG 5 00000000
REG 6 00000007
REG 7 09be2970
REG 8 00000024
REG 9 00000000
REG 10 00000000
REG 11 00000000
REG 12 00000000
REG 13 00000000
REG 14 00000200
REG 15 0000007b
REG 16 00000000
REG 17 00000000
REG 18 00000000
REG 19 00000000
REG 20 00000000
REG 21 00000000
REG 22 00000000
REG 23 00000000
REG 24 00000000
REG 25 00000000
REG 26 00000000
REG 27 00000000
REG 28 00000000
REG 29 00000000
REG 30 00000000
REG 31 00000000
COUNTS sleep=1 clocks=1197 ai=0 ab=0 am=0 ifetch=1162 data=1 bitmap=0 hit=0 miss=0 dummy=0 expanded=0 predict=0 mispredict=0 keys=0
PROTOCOL_CHECKS 1197
FINISH
- /home/dungpc/ndmoney4porche/projects/ibex/doc/dungpc/opentitan/evidence/opentitan_tb.sv:253: Verilog $finish
