CONFIG SEC=1 CACHE=1 PRED=0 DUAL=1 MODE=0 ZC=3 SCR=1 ICECC=1 OFFSET=1 PMP=1
SAMPLE 3 ai=0 ab=0 am=0 pc=0 mismatch=0 rf=0 mode=0
T 3 00000000 0 1 0 0 0 0 0 0 1 0 1 0 0 0
SECDET 3 pc=0 rf=0 intg=0
C 3 00000000 0 0 0 1 0 0
LOCK 4 rst=0 cmp=a mismatch=0 rf=0 cap=0
SAMPLE 4 ai=0 ab=0 am=0 pc=0 mismatch=0 rf=0 mode=0
T 4 00000000 0 1 0 0 0 0 0 0 1 0 1 0 0 0
SECDET 4 pc=0 rf=0 intg=0
C 4 00000000 0 0 0 1 1 0
LOCK 5 rst=1 cmp=a mismatch=0 rf=0 cap=0
SAMPLE 5 ai=0 ab=0 am=0 pc=0 mismatch=0 rf=0 mode=0
T 5 00000000 0 1 0 0 0 0 0 0 1 0 0 0 0 0
SECDET 5 pc=0 rf=0 intg=0
C 5 00000000 0 0 0 0 4 0
LOCK 6 rst=1 cmp=5 mismatch=0 rf=0 cap=0
SAMPLE 6 ai=0 ab=0 am=0 pc=0 mismatch=0 rf=0 mode=0
T 6 00000080 1 1 0 0 0 0 0 0 1 0 0 1 0 0
CSRDBG 6 addr=002 priv=3 dec=0 csr=0 raw=1 pw=0 dbg=0 op=0
SECDET 6 pc=0 rf=0 intg=0
C 6 00000080 1 0 0 0 5 0
LOCK 7 rst=1 cmp=5 mismatch=0 rf=0 cap=0
SAMPLE 7 ai=0 ab=0 am=0 pc=0 mismatch=0 rf=0 mode=0
T 7 00000084 1 0 0 0 0 0 0 0 1 0 0 1 0 0
W 7 1 00000002 000000000
CSRDBG 7 addr=7c0 priv=3 dec=0 csr=0 raw=0 pw=0 dbg=0 op=1
SECDET 7 pc=0 rf=0 intg=0
C 7 00000084 1 0 0 0 5 0
LOCK 8 rst=1 cmp=5 mismatch=0 rf=0 cap=0
SAMPLE 8 ai=0 ab=0 am=0 pc=0 mismatch=0 rf=0 mode=0
T 8 00000084 1 0 0 0 0 0 0 0 1 0 0 0 0 0
CSRDBG 8 addr=7c0 priv=3 dec=0 csr=0 raw=0 pw=0 dbg=0 op=1
SECDET 8 pc=0 rf=0 intg=0
R 8 1 00000080 00200093
C 8 00000084 1 0 0 0 6 0
LOCK 9 rst=1 cmp=5 mismatch=0 rf=0 cap=0
SAMPLE 9 ai=0 ab=0 am=0 pc=0 mismatch=0 rf=0 mode=0
T 9 00000084 0 1 0 0 0 0 0 0 1 0 0 0 0 0
SECDET 9 pc=0 rf=0 intg=0
R 9 2 00000084 7c009073
C 9 00000084 0 0 0 0 5 0
LOCK 10 rst=1 cmp=5 mismatch=0 rf=0 cap=0
SAMPLE 10 ai=0 ab=0 am=0 pc=0 mismatch=0 rf=0 mode=0
T 10 00000088 1 1 0 0 0 0 0 0 1 0 0 1 0 0
CSRDBG 10 addr=001 priv=3 dec=0 csr=0 raw=1 pw=0 dbg=0 op=0
SECDET 10 pc=0 rf=0 intg=0
C 10 00000088 1 0 0 0 5 0
LOCK 11 rst=1 cmp=5 mismatch=0 rf=0 cap=0
SAMPLE 11 ai=0 ab=0 am=0 pc=0 mismatch=0 rf=0 mode=0
T 11 0000008c 1 0 0 0 0 1 0 0 1 0 0 1 0 0
W 11 2 00000001 000000000
CSRDBG 11 addr=000 priv=3 dec=0 csr=0 raw=1 pw=0 dbg=0 op=0
SECDET 11 pc=0 rf=0 intg=0
C 11 0000008c 1 0 0 0 5 0
LOCK 12 rst=1 cmp=5 mismatch=0 rf=0 cap=0
SAMPLE 12 ai=0 ab=0 am=0 pc=0 mismatch=0 rf=0 mode=0
T 12 0000008c 1 1 0 0 0 0 0 0 1 0 1 0 0 0
CSRDBG 12 addr=000 priv=3 dec=0 csr=0 raw=1 pw=0 dbg=0 op=0
SECDET 12 pc=0 rf=0 intg=0
R 12 3 00000088 00100113
C 12 0000008c 1 0 0 1 5 0
LOCK 13 rst=1 cmp=5 mismatch=0 rf=0 cap=0
SAMPLE 13 ai=0 ab=0 am=0 pc=0 mismatch=0 rf=0 mode=0
T 13 0000008c 0 1 0 0 0 0 0 0 1 0 0 0 0 0
SECDET 13 pc=0 rf=0 intg=0
C 13 0000008c 0 0 0 0 5 0
LOCK 14 rst=1 cmp=5 mismatch=0 rf=0 cap=0
SAMPLE 14 ai=0 ab=0 am=0 pc=0 mismatch=0 rf=0 mode=0
T 14 00000090 1 1 0 0 0 0 0 0 1 0 0 1 0 0
CSRDBG 14 addr=021 priv=3 dec=0 csr=0 raw=1 pw=0 dbg=0 op=0
SECDET 14 pc=0 rf=0 intg=0
R 14 4 0000008c 00010463
C 14 00000090 1 0 0 0 5 0
LOCK 15 rst=1 cmp=5 mismatch=0 rf=0 cap=0
SAMPLE 15 ai=0 ab=0 am=0 pc=0 mismatch=0 rf=0 mode=0
T 15 00000094 1 1 0 0 0 0 0 0 1 0 0 1 0 0
W 15 3 00000021 000000000
CSRDBG 15 addr=07b priv=3 dec=0 csr=0 raw=1 pw=0 dbg=0 op=0
SECDET 15 pc=0 rf=0 intg=0
C 15 00000094 1 0 0 0 5 0
LOCK 16 rst=1 cmp=5 mismatch=0 rf=0 cap=0
SAMPLE 16 ai=0 ab=0 am=0 pc=0 mismatch=0 rf=0 mode=0
T 16 00000098 1 1 0 0 0 0 0 0 1 0 1 1 0 0
W 16 15 0000007b 000000000
CSRDBG 16 addr=000 priv=3 dec=0 csr=0 raw=1 pw=0 dbg=0 op=0
SECDET 16 pc=0 rf=0 intg=0
R 16 5 00000090 02100193
C 16 00000098 1 0 0 1 5 0
LOCK 17 rst=1 cmp=5 mismatch=0 rf=0 cap=0
SAMPLE 17 ai=0 ab=0 am=0 pc=0 mismatch=0 rf=0 mode=0
T 17 00000098 0 1 0 0 0 0 0 0 1 0 0 0 0 0
SECDET 17 pc=0 rf=0 intg=0
R 17 6 00000094 07b00793
C 17 00000098 0 0 0 0 5 0
LOCK 18 rst=1 cmp=5 mismatch=0 rf=0 cap=0
SAMPLE 18 ai=0 ab=0 am=0 pc=0 mismatch=0 rf=0 mode=0
T 18 00000098 1 1 0 0 0 0 0 0 1 0 1 1 0 0
CSRDBG 18 addr=000 priv=3 dec=0 csr=0 raw=1 pw=0 dbg=0 op=0
SECDET 18 pc=0 rf=0 intg=0
R 18 7 00000098 0000006f
C 18 00000098 1 0 0 1 5 0
LOCK 19 rst=1 cmp=5 mismatch=0 rf=0 cap=0
SAMPLE 19 ai=0 ab=0 am=0 pc=0 mismatch=0 rf=0 mode=0
T 19 00000098 0 1 0 0 0 0 0 0 1 0 0 0 0 0
SECDET 19 pc=0 rf=0 intg=0
C 19 00000098 0 0 0 0 5 0
LOCK 20 rst=1 cmp=5 mismatch=0 rf=0 cap=0
SAMPLE 20 ai=0 ab=0 am=0 pc=0 mismatch=0 rf=0 mode=0
T 20 00000098 1 1 0 0 0 0 0 0 1 0 1 1 0 0
CSRDBG 20 addr=000 priv=3 dec=0 csr=0 raw=1 pw=0 dbg=0 op=0
SECDET 20 pc=0 rf=0 intg=0
R 20 8 00000098 0000006f
C 20 00000098 1 0 0 1 5 0
LOCK 21 rst=1 cmp=5 mismatch=0 rf=0 cap=0
SAMPLE 21 ai=0 ab=0 am=0 pc=0 mismatch=0 rf=0 mode=0
T 21 00000098 0 1 0 0 0 0 0 0 1 0 0 0 0 0
SECDET 21 pc=0 rf=0 intg=0
C 21 00000098 0 0 0 0 5 0
LOCK 22 rst=1 cmp=5 mismatch=0 rf=0 cap=0
SAMPLE 22 ai=0 ab=0 am=0 pc=0 mismatch=0 rf=0 mode=0
T 22 00000098 1 1 0 0 0 0 0 0 1 0 1 1 0 0
CSRDBG 22 addr=000 priv=3 dec=0 csr=0 raw=1 pw=0 dbg=0 op=0
SECDET 22 pc=0 rf=0 intg=0
R 22 9 00000098 0000006f
C 22 00000098 1 0 0 1 5 0
LOCK 23 rst=1 cmp=5 mismatch=0 rf=0 cap=0
SAMPLE 23 ai=0 ab=0 am=0 pc=0 mismatch=0 rf=0 mode=0
T 23 00000098 0 1 0 0 0 0 0 0 1 0 0 0 0 0
SECDET 23 pc=0 rf=0 intg=0
C 23 00000098 0 0 0 0 5 0
LOCK 24 rst=1 cmp=5 mismatch=0 rf=0 cap=0
SAMPLE 24 ai=0 ab=0 am=0 pc=0 mismatch=0 rf=0 mode=0
T 24 00000098 1 1 0 0 0 0 0 0 1 0 1 1 0 0
CSRDBG 24 addr=000 priv=3 dec=0 csr=0 raw=1 pw=0 dbg=0 op=0
SECDET 24 pc=0 rf=0 intg=0
R 24 10 00000098 0000006f
C 24 00000098 1 0 0 1 5 0
LOCK 25 rst=1 cmp=5 mismatch=0 rf=0 cap=0
SAMPLE 25 ai=0 ab=0 am=0 pc=0 mismatch=0 rf=0 mode=0
T 25 00000098 0 1 0 0 0 0 0 0 1 0 0 0 0 0
SECDET 25 pc=0 rf=0 intg=0
C 25 00000098 0 0 0 0 5 0
LOCK 26 rst=1 cmp=5 mismatch=0 rf=0 cap=0
SAMPLE 26 ai=0 ab=0 am=0 pc=0 mismatch=0 rf=0 mode=0
T 26 00000098 1 1 0 0 0 0 0 0 1 0 1 1 0 0
CSRDBG 26 addr=000 priv=3 dec=0 csr=0 raw=1 pw=0 dbg=0 op=0
SECDET 26 pc=0 rf=0 intg=0
R 26 11 00000098 0000006f
C 26 00000098 1 0 0 1 5 0
LOCK 27 rst=1 cmp=5 mismatch=0 rf=0 cap=0
SAMPLE 27 ai=0 ab=0 am=0 pc=0 mismatch=0 rf=0 mode=0
T 27 00000098 0 1 0 0 0 0 0 0 1 0 0 0 0 0
SECDET 27 pc=0 rf=0 intg=0
C 27 00000098 0 0 0 0 5 0
LOCK 28 rst=1 cmp=5 mismatch=0 rf=0 cap=0
SAMPLE 28 ai=0 ab=0 am=0 pc=0 mismatch=0 rf=0 mode=0
T 28 00000098 1 1 0 0 0 0 0 0 1 0 1 1 0 0
CSRDBG 28 addr=000 priv=3 dec=0 csr=0 raw=1 pw=0 dbg=0 op=0
SECDET 28 pc=0 rf=0 intg=0
R 28 12 00000098 0000006f
C 28 00000098 1 0 0 1 5 0
LOCK 29 rst=1 cmp=5 mismatch=0 rf=0 cap=0
SAMPLE 29 ai=0 ab=0 am=0 pc=0 mismatch=0 rf=0 mode=0
T 29 00000098 0 1 0 0 0 0 0 0 1 0 0 0 0 0
SECDET 29 pc=0 rf=0 intg=0
C 29 00000098 0 0 0 0 5 0
LOCK 30 rst=1 cmp=5 mismatch=0 rf=0 cap=0
SAMPLE 30 ai=0 ab=0 am=0 pc=0 mismatch=0 rf=0 mode=0
T 30 00000098 1 1 0 0 0 0 0 0 1 0 1 1 0 0
CSRDBG 30 addr=000 priv=3 dec=0 csr=0 raw=1 pw=0 dbg=0 op=0
SECDET 30 pc=0 rf=0 intg=0
R 30 13 00000098 0000006f
C 30 00000098 1 0 0 1 5 0
LOCK 31 rst=1 cmp=5 mismatch=0 rf=0 cap=0
SAMPLE 31 ai=0 ab=0 am=0 pc=0 mismatch=0 rf=0 mode=0
T 31 00000098 0 1 0 0 0 0 0 0 1 0 0 0 0 0
SECDET 31 pc=0 rf=0 intg=0
C 31 00000098 0 0 0 0 5 0
LOCK 32 rst=1 cmp=5 mismatch=0 rf=0 cap=0
SAMPLE 32 ai=0 ab=0 am=0 pc=0 mismatch=0 rf=0 mode=0
T 32 00000098 1 1 0 0 0 0 0 0 1 0 1 1 0 0
CSRDBG 32 addr=000 priv=3 dec=0 csr=0 raw=1 pw=0 dbg=0 op=0
SECDET 32 pc=0 rf=0 intg=0
R 32 14 00000098 0000006f
C 32 00000098 1 0 0 1 5 0
LOCK 33 rst=1 cmp=5 mismatch=0 rf=0 cap=0
SAMPLE 33 ai=0 ab=0 am=0 pc=0 mismatch=0 rf=0 mode=0
T 33 00000098 0 1 0 0 0 0 0 0 1 0 0 0 0 0
SECDET 33 pc=0 rf=0 intg=0
C 33 00000098 0 0 0 0 5 0
LOCK 34 rst=1 cmp=5 mismatch=0 rf=0 cap=0
SAMPLE 34 ai=0 ab=0 am=0 pc=0 mismatch=0 rf=0 mode=0
T 34 00000098 1 1 0 0 0 0 0 0 1 0 1 1 0 0
CSRDBG 34 addr=000 priv=3 dec=0 csr=0 raw=1 pw=0 dbg=0 op=0
SECDET 34 pc=0 rf=0 intg=0
R 34 15 00000098 0000006f
C 34 00000098 1 0 0 1 5 0
LOCK 35 rst=1 cmp=5 mismatch=0 rf=0 cap=0
SAMPLE 35 ai=0 ab=0 am=0 pc=0 mismatch=0 rf=0 mode=0
T 35 00000098 0 1 0 0 0 0 0 0 1 0 0 0 0 0
SECDET 35 pc=0 rf=0 intg=0
C 35 00000098 0 0 0 0 5 0
LOCK 36 rst=1 cmp=5 mismatch=0 rf=0 cap=0
SAMPLE 36 ai=0 ab=0 am=0 pc=0 mismatch=0 rf=0 mode=0
T 36 00000098 1 1 0 0 0 0 0 0 1 0 1 1 0 0
CSRDBG 36 addr=000 priv=3 dec=0 csr=0 raw=1 pw=0 dbg=0 op=0
SECDET 36 pc=0 rf=0 intg=0
R 36 16 00000098 0000006f
C 36 00000098 1 0 0 1 5 0
LOCK 37 rst=1 cmp=5 mismatch=0 rf=0 cap=0
SAMPLE 37 ai=0 ab=0 am=0 pc=0 mismatch=0 rf=0 mode=0
T 37 00000098 0 1 0 0 0 0 0 0 1 0 0 0 0 0
SECDET 37 pc=0 rf=0 intg=0
C 37 00000098 0 0 0 0 5 0
LOCK 38 rst=1 cmp=5 mismatch=0 rf=0 cap=0
SAMPLE 38 ai=0 ab=0 am=0 pc=0 mismatch=0 rf=0 mode=0
T 38 00000098 1 1 0 0 0 0 0 0 1 0 1 1 0 0
CSRDBG 38 addr=000 priv=3 dec=0 csr=0 raw=1 pw=0 dbg=0 op=0
SECDET 38 pc=0 rf=0 intg=0
R 38 17 00000098 0000006f
C 38 00000098 1 0 0 1 5 0
LOCK 39 rst=1 cmp=5 mismatch=0 rf=0 cap=0
SAMPLE 39 ai=0 ab=0 am=0 pc=0 mismatch=0 rf=0 mode=0
T 39 00000098 0 1 0 0 0 0 0 0 1 0 0 0 0 0
SECDET 39 pc=0 rf=0 intg=0
C 39 00000098 0 0 0 0 5 0
LOCK 40 rst=1 cmp=5 mismatch=0 rf=0 cap=0
SAMPLE 40 ai=0 ab=0 am=0 pc=0 mismatch=0 rf=0 mode=0
T 40 00000098 1 1 0 0 0 0 0 0 1 0 1 1 0 0
CSRDBG 40 addr=000 priv=3 dec=0 csr=0 raw=1 pw=0 dbg=0 op=0
SECDET 40 pc=0 rf=0 intg=0
R 40 18 00000098 0000006f
C 40 00000098 1 0 0 1 5 0
LOCK 41 rst=1 cmp=5 mismatch=0 rf=0 cap=0
SAMPLE 41 ai=0 ab=0 am=0 pc=0 mismatch=0 rf=0 mode=0
T 41 00000098 0 1 0 0 0 0 0 0 1 0 0 0 0 0
SECDET 41 pc=0 rf=0 intg=0
C 41 00000098 0 0 0 0 5 0
LOCK 42 rst=1 cmp=5 mismatch=0 rf=0 cap=0
SAMPLE 42 ai=0 ab=0 am=0 pc=0 mismatch=0 rf=0 mode=0
T 42 00000098 1 1 0 0 0 0 0 0 1 0 1 1 0 0
CSRDBG 42 addr=000 priv=3 dec=0 csr=0 raw=1 pw=0 dbg=0 op=0
SECDET 42 pc=0 rf=0 intg=0
R 42 19 00000098 0000006f
C 42 00000098 1 0 0 1 5 0
LOCK 43 rst=1 cmp=5 mismatch=0 rf=0 cap=0
SAMPLE 43 ai=0 ab=0 am=0 pc=0 mismatch=0 rf=0 mode=0
T 43 00000098 0 1 0 0 0 0 0 0 1 0 0 0 0 0
SECDET 43 pc=0 rf=0 intg=0
C 43 00000098 0 0 0 0 5 0
LOCK 44 rst=1 cmp=5 mismatch=0 rf=0 cap=0
SAMPLE 44 ai=0 ab=0 am=0 pc=0 mismatch=0 rf=0 mode=0
T 44 00000098 1 1 0 0 0 0 0 0 1 0 1 1 0 0
CSRDBG 44 addr=000 priv=3 dec=0 csr=0 raw=1 pw=0 dbg=0 op=0
SECDET 44 pc=0 rf=0 intg=0
R 44 20 00000098 0000006f
C 44 00000098 1 0 0 1 5 0
LOCK 45 rst=1 cmp=5 mismatch=0 rf=0 cap=0
SAMPLE 45 ai=0 ab=0 am=0 pc=0 mismatch=0 rf=0 mode=0
T 45 00000098 0 1 0 0 0 0 0 0 1 0 0 0 0 0
SECDET 45 pc=0 rf=0 intg=0
C 45 00000098 0 0 0 0 5 0
LOCK 46 rst=1 cmp=5 mismatch=0 rf=0 cap=0
SAMPLE 46 ai=0 ab=0 am=0 pc=0 mismatch=0 rf=0 mode=0
T 46 00000098 1 1 0 0 0 0 0 0 1 0 1 1 0 0
CSRDBG 46 addr=000 priv=3 dec=0 csr=0 raw=1 pw=0 dbg=0 op=0
SECDET 46 pc=0 rf=0 intg=0
R 46 21 00000098 0000006f
C 46 00000098 1 0 0 1 5 0
LOCK 47 rst=1 cmp=5 mismatch=0 rf=0 cap=0
SAMPLE 47 ai=0 ab=0 am=0 pc=0 mismatch=0 rf=0 mode=0
T 47 00000098 0 1 0 0 0 0 0 0 1 0 0 0 0 0
SECDET 47 pc=0 rf=0 intg=0
C 47 00000098 0 0 0 0 5 0
LOCK 48 rst=1 cmp=5 mismatch=0 rf=0 cap=0
SAMPLE 48 ai=0 ab=0 am=0 pc=0 mismatch=0 rf=0 mode=0
T 48 00000098 1 1 0 0 0 0 0 0 1 0 1 1 0 0
CSRDBG 48 addr=000 priv=3 dec=0 csr=0 raw=1 pw=0 dbg=0 op=0
SECDET 48 pc=0 rf=0 intg=0
R 48 22 00000098 0000006f
C 48 00000098 1 0 0 1 5 0
LOCK 49 rst=1 cmp=5 mismatch=0 rf=0 cap=0
SAMPLE 49 ai=0 ab=0 am=0 pc=0 mismatch=0 rf=0 mode=0
T 49 00000098 0 1 0 0 0 0 0 0 1 0 0 0 0 0
SECDET 49 pc=0 rf=0 intg=0
C 49 00000098 0 0 0 0 5 0
LOCK 50 rst=1 cmp=5 mismatch=0 rf=0 cap=0
SAMPLE 50 ai=0 ab=0 am=0 pc=0 mismatch=0 rf=0 mode=0
T 50 00000098 1 1 0 0 0 0 0 0 1 0 1 1 0 0
CSRDBG 50 addr=000 priv=3 dec=0 csr=0 raw=1 pw=0 dbg=0 op=0
SECDET 50 pc=0 rf=0 intg=0
R 50 23 00000098 0000006f
C 50 00000098 1 0 0 1 5 0
LOCK 51 rst=1 cmp=5 mismatch=0 rf=0 cap=0
SAMPLE 51 ai=0 ab=0 am=0 pc=0 mismatch=0 rf=0 mode=0
T 51 00000098 0 1 0 0 0 0 0 0 1 0 0 0 0 0
SECDET 51 pc=0 rf=0 intg=0
C 51 00000098 0 0 0 0 5 0
LOCK 52 rst=1 cmp=5 mismatch=0 rf=0 cap=0
SAMPLE 52 ai=0 ab=0 am=0 pc=0 mismatch=0 rf=0 mode=0
T 52 00000098 1 1 0 0 0 0 0 0 1 0 1 1 0 0
CSRDBG 52 addr=000 priv=3 dec=0 csr=0 raw=1 pw=0 dbg=0 op=0
SECDET 52 pc=0 rf=0 intg=0
R 52 24 00000098 0000006f
C 52 00000098 1 0 0 1 5 0
LOCK 53 rst=1 cmp=5 mismatch=0 rf=0 cap=0
SAMPLE 53 ai=0 ab=0 am=0 pc=0 mismatch=0 rf=0 mode=0
T 53 00000098 0 1 0 0 0 0 0 0 1 0 0 0 0 0
SECDET 53 pc=0 rf=0 intg=0
C 53 00000098 0 0 0 0 5 0
LOCK 54 rst=1 cmp=5 mismatch=0 rf=0 cap=0
SAMPLE 54 ai=0 ab=0 am=0 pc=0 mismatch=0 rf=0 mode=0
T 54 00000098 1 1 0 0 0 0 0 0 1 0 1 1 0 0
CSRDBG 54 addr=000 priv=3 dec=0 csr=0 raw=1 pw=0 dbg=0 op=0
SECDET 54 pc=0 rf=0 intg=0
R 54 25 00000098 0000006f
C 54 00000098 1 0 0 1 5 0
LOCK 55 rst=1 cmp=5 mismatch=0 rf=0 cap=0
SAMPLE 55 ai=0 ab=0 am=0 pc=0 mismatch=0 rf=0 mode=0
T 55 00000098 0 1 0 0 0 0 0 0 1 0 0 0 0 0
SECDET 55 pc=0 rf=0 intg=0
C 55 00000098 0 0 0 0 5 0
LOCK 56 rst=1 cmp=5 mismatch=0 rf=0 cap=0
SAMPLE 56 ai=0 ab=0 am=0 pc=0 mismatch=0 rf=0 mode=0
T 56 00000098 1 1 0 0 0 0 0 0 1 0 1 1 0 0
CSRDBG 56 addr=000 priv=3 dec=0 csr=0 raw=1 pw=0 dbg=0 op=0
SECDET 56 pc=0 rf=0 intg=0
R 56 26 00000098 0000006f
C 56 00000098 1 0 0 1 5 0
LOCK 57 rst=1 cmp=5 mismatch=0 rf=0 cap=0
SAMPLE 57 ai=0 ab=0 am=0 pc=0 mismatch=0 rf=0 mode=0
T 57 00000098 0 1 0 0 0 0 0 0 1 0 0 0 0 0
SECDET 57 pc=0 rf=0 intg=0
C 57 00000098 0 0 0 0 5 0
LOCK 58 rst=1 cmp=5 mismatch=0 rf=0 cap=0
SAMPLE 58 ai=0 ab=0 am=0 pc=0 mismatch=0 rf=0 mode=0
T 58 00000098 1 1 0 0 0 0 0 0 1 0 1 1 0 0
CSRDBG 58 addr=000 priv=3 dec=0 csr=0 raw=1 pw=0 dbg=0 op=0
SECDET 58 pc=0 rf=0 intg=0
R 58 27 00000098 0000006f
C 58 00000098 1 0 0 1 5 0
LOCK 59 rst=1 cmp=5 mismatch=0 rf=0 cap=0
SAMPLE 59 ai=0 ab=0 am=0 pc=0 mismatch=0 rf=0 mode=0
T 59 00000098 0 1 0 0 0 0 0 0 1 0 0 0 0 0
SECDET 59 pc=0 rf=0 intg=0
C 59 00000098 0 0 0 0 5 0
LOCK 60 rst=1 cmp=5 mismatch=0 rf=0 cap=0
SAMPLE 60 ai=0 ab=0 am=0 pc=0 mismatch=0 rf=0 mode=0
T 60 00000098 1 1 0 0 0 0 0 0 1 0 1 1 0 0
CSRDBG 60 addr=000 priv=3 dec=0 csr=0 raw=1 pw=0 dbg=0 op=0
SECDET 60 pc=0 rf=0 intg=0
R 60 28 00000098 0000006f
C 60 00000098 1 0 0 1 5 0
LOCK 61 rst=1 cmp=5 mismatch=0 rf=0 cap=0
SAMPLE 61 ai=0 ab=0 am=0 pc=0 mismatch=0 rf=0 mode=0
T 61 00000098 0 1 0 0 0 0 0 0 1 0 0 0 0 0
SECDET 61 pc=0 rf=0 intg=0
C 61 00000098 0 0 0 0 5 0
LOCK 62 rst=1 cmp=5 mismatch=0 rf=0 cap=0
SAMPLE 62 ai=0 ab=0 am=0 pc=0 mismatch=0 rf=0 mode=0
T 62 00000098 1 1 0 0 0 0 0 0 1 0 1 1 0 0
CSRDBG 62 addr=000 priv=3 dec=0 csr=0 raw=1 pw=0 dbg=0 op=0
SECDET 62 pc=0 rf=0 intg=0
R 62 29 00000098 0000006f
C 62 00000098 1 0 0 1 5 0
LOCK 63 rst=1 cmp=5 mismatch=0 rf=0 cap=0
SAMPLE 63 ai=0 ab=0 am=0 pc=0 mismatch=0 rf=0 mode=0
T 63 00000098 0 1 0 0 0 0 0 0 1 0 0 0 0 0
SECDET 63 pc=0 rf=0 intg=0
C 63 00000098 0 0 0 0 5 0
LOCK 64 rst=1 cmp=5 mismatch=0 rf=0 cap=0
SAMPLE 64 ai=0 ab=0 am=0 pc=0 mismatch=0 rf=0 mode=0
T 64 00000098 1 1 0 0 0 0 0 0 1 0 1 1 0 0
CSRDBG 64 addr=000 priv=3 dec=0 csr=0 raw=1 pw=0 dbg=0 op=0
SECDET 64 pc=0 rf=0 intg=0
R 64 30 00000098 0000006f
C 64 00000098 1 0 0 1 5 0
LOCK 65 rst=1 cmp=5 mismatch=0 rf=0 cap=0
SAMPLE 65 ai=0 ab=0 am=0 pc=0 mismatch=0 rf=0 mode=0
T 65 00000098 0 1 0 0 0 0 0 0 1 0 0 0 0 0
SECDET 65 pc=0 rf=0 intg=0
C 65 00000098 0 0 0 0 5 0
LOCK 66 rst=1 cmp=5 mismatch=0 rf=0 cap=0
SAMPLE 66 ai=0 ab=0 am=0 pc=0 mismatch=0 rf=0 mode=0
T 66 00000098 1 1 0 0 0 0 0 0 1 0 1 1 0 0
CSRDBG 66 addr=000 priv=3 dec=0 csr=0 raw=1 pw=0 dbg=0 op=0
SECDET 66 pc=0 rf=0 intg=0
R 66 31 00000098 0000006f
C 66 00000098 1 0 0 1 5 0
LOCK 67 rst=1 cmp=5 mismatch=0 rf=0 cap=0
SAMPLE 67 ai=0 ab=0 am=0 pc=0 mismatch=0 rf=0 mode=0
T 67 00000098 0 1 0 0 0 0 0 0 1 0 0 0 0 0
SECDET 67 pc=0 rf=0 intg=0
C 67 00000098 0 0 0 0 5 0
LOCK 68 rst=1 cmp=5 mismatch=0 rf=0 cap=0
SAMPLE 68 ai=0 ab=0 am=0 pc=0 mismatch=0 rf=0 mode=0
T 68 00000098 1 1 0 0 0 0 0 0 1 0 1 1 0 0
CSRDBG 68 addr=000 priv=3 dec=0 csr=0 raw=1 pw=0 dbg=0 op=0
SECDET 68 pc=0 rf=0 intg=0
R 68 32 00000098 0000006f
C 68 00000098 1 0 0 1 5 0
LOCK 69 rst=1 cmp=5 mismatch=0 rf=0 cap=0
SAMPLE 69 ai=0 ab=0 am=0 pc=0 mismatch=0 rf=0 mode=0
T 69 00000098 0 1 0 0 0 0 0 0 1 0 0 0 0 0
SECDET 69 pc=0 rf=0 intg=0
C 69 00000098 0 0 0 0 5 0
LOCK 70 rst=1 cmp=5 mismatch=0 rf=0 cap=0
SAMPLE 70 ai=0 ab=0 am=0 pc=0 mismatch=0 rf=0 mode=0
T 70 00000098 1 1 0 0 0 0 0 0 1 0 1 1 0 0
CSRDBG 70 addr=000 priv=3 dec=0 csr=0 raw=1 pw=0 dbg=0 op=0
SECDET 70 pc=0 rf=0 intg=0
R 70 33 00000098 0000006f
C 70 00000098 1 0 0 1 5 0
LOCK 71 rst=1 cmp=5 mismatch=0 rf=0 cap=0
SAMPLE 71 ai=0 ab=0 am=0 pc=0 mismatch=0 rf=0 mode=0
T 71 00000098 0 1 0 0 0 0 0 0 1 0 0 0 0 0
SECDET 71 pc=0 rf=0 intg=0
C 71 00000098 0 0 0 0 5 0
LOCK 72 rst=1 cmp=5 mismatch=0 rf=0 cap=0
SAMPLE 72 ai=0 ab=0 am=0 pc=0 mismatch=0 rf=0 mode=0
T 72 00000098 1 1 0 0 0 0 0 0 1 0 1 1 0 0
CSRDBG 72 addr=000 priv=3 dec=0 csr=0 raw=1 pw=0 dbg=0 op=0
SECDET 72 pc=0 rf=0 intg=0
R 72 34 00000098 0000006f
C 72 00000098 1 0 0 1 5 0
LOCK 73 rst=1 cmp=5 mismatch=0 rf=0 cap=0
SAMPLE 73 ai=0 ab=0 am=0 pc=0 mismatch=0 rf=0 mode=0
T 73 00000098 0 1 0 0 0 0 0 0 1 0 0 0 0 0
SECDET 73 pc=0 rf=0 intg=0
C 73 00000098 0 0 0 0 5 0
LOCK 74 rst=1 cmp=5 mismatch=0 rf=0 cap=0
SAMPLE 74 ai=0 ab=0 am=0 pc=0 mismatch=0 rf=0 mode=0
T 74 00000098 1 1 0 0 0 0 0 0 1 0 1 1 0 0
CSRDBG 74 addr=000 priv=3 dec=0 csr=0 raw=1 pw=0 dbg=0 op=0
SECDET 74 pc=0 rf=0 intg=0
R 74 35 00000098 0000006f
C 74 00000098 1 0 0 1 5 0
LOCK 75 rst=1 cmp=5 mismatch=0 rf=0 cap=0
SAMPLE 75 ai=0 ab=0 am=0 pc=0 mismatch=0 rf=0 mode=0
T 75 00000098 0 1 0 0 0 0 0 0 1 0 0 0 0 0
SECDET 75 pc=0 rf=0 intg=0
C 75 00000098 0 0 0 0 5 0
LOCK 76 rst=1 cmp=5 mismatch=0 rf=0 cap=0
SAMPLE 76 ai=0 ab=0 am=0 pc=0 mismatch=0 rf=0 mode=0
T 76 00000098 1 1 0 0 0 0 0 0 1 0 1 1 0 0
CSRDBG 76 addr=000 priv=3 dec=0 csr=0 raw=1 pw=0 dbg=0 op=0
SECDET 76 pc=0 rf=0 intg=0
R 76 36 00000098 0000006f
C 76 00000098 1 0 0 1 5 0
LOCK 77 rst=1 cmp=5 mismatch=0 rf=0 cap=0
SAMPLE 77 ai=0 ab=0 am=0 pc=0 mismatch=0 rf=0 mode=0
T 77 00000098 0 1 0 0 0 0 0 0 1 0 0 0 0 0
SECDET 77 pc=0 rf=0 intg=0
C 77 00000098 0 0 0 0 5 0
LOCK 78 rst=1 cmp=5 mismatch=0 rf=0 cap=0
SAMPLE 78 ai=0 ab=0 am=0 pc=0 mismatch=0 rf=0 mode=0
T 78 00000098 1 1 0 0 0 0 0 0 1 0 1 1 0 0
CSRDBG 78 addr=000 priv=3 dec=0 csr=0 raw=1 pw=0 dbg=0 op=0
SECDET 78 pc=0 rf=0 intg=0
R 78 37 00000098 0000006f
C 78 00000098 1 0 0 1 5 0
LOCK 79 rst=1 cmp=5 mismatch=0 rf=0 cap=0
SAMPLE 79 ai=0 ab=0 am=0 pc=0 mismatch=0 rf=0 mode=0
T 79 00000098 0 1 0 0 0 0 0 0 1 0 0 0 0 0
SECDET 79 pc=0 rf=0 intg=0
C 79 00000098 0 0 0 0 5 0
LOCK 80 rst=1 cmp=5 mismatch=0 rf=0 cap=0
SAMPLE 80 ai=0 ab=0 am=0 pc=0 mismatch=0 rf=0 mode=0
T 80 00000098 1 1 0 0 0 0 0 0 1 0 1 1 0 0
SECDET 80 pc=0 rf=0 intg=0
R 80 38 00000098 0000006f
C 80 00000098 1 0 0 1 5 0
LOCK 81 rst=1 cmp=5 mismatch=0 rf=0 cap=0
SAMPLE 81 ai=0 ab=0 am=0 pc=0 mismatch=0 rf=0 mode=0
T 81 00000098 0 1 0 0 0 0 0 0 1 0 0 0 0 0
SECDET 81 pc=0 rf=0 intg=0
C 81 00000098 0 0 0 0 5 0
LOCK 82 rst=1 cmp=5 mismatch=0 rf=0 cap=0
SAMPLE 82 ai=0 ab=0 am=0 pc=0 mismatch=0 rf=0 mode=0
T 82 00000098 1 1 0 0 0 0 0 0 1 0 1 1 0 0
SECDET 82 pc=0 rf=0 intg=0
R 82 39 00000098 0000006f
C 82 00000098 1 0 0 1 5 0
LOCK 83 rst=1 cmp=5 mismatch=0 rf=0 cap=0
SAMPLE 83 ai=0 ab=0 am=0 pc=0 mismatch=0 rf=0 mode=0
T 83 00000098 0 1 0 0 0 0 0 0 1 0 0 0 0 0
SECDET 83 pc=0 rf=0 intg=0
C 83 00000098 0 0 0 0 5 0
LOCK 84 rst=1 cmp=5 mismatch=0 rf=0 cap=0
SAMPLE 84 ai=0 ab=0 am=0 pc=0 mismatch=0 rf=0 mode=0
T 84 00000098 1 1 0 0 0 0 0 0 1 0 1 1 0 0
SECDET 84 pc=0 rf=0 intg=0
R 84 40 00000098 0000006f
C 84 00000098 1 0 0 1 5 0
LOCK 85 rst=1 cmp=5 mismatch=0 rf=0 cap=0
SAMPLE 85 ai=0 ab=0 am=0 pc=0 mismatch=0 rf=0 mode=0
T 85 00000098 0 1 0 0 0 0 0 0 1 0 0 0 0 0
SECDET 85 pc=0 rf=0 intg=0
C 85 00000098 0 0 0 0 5 0
LOCK 86 rst=1 cmp=5 mismatch=0 rf=0 cap=0
SAMPLE 86 ai=0 ab=0 am=0 pc=0 mismatch=0 rf=0 mode=0
T 86 00000098 1 1 0 0 0 0 0 0 1 0 1 1 0 0
SECDET 86 pc=0 rf=0 intg=0
R 86 41 00000098 0000006f
C 86 00000098 1 0 0 1 5 0
LOCK 87 rst=1 cmp=5 mismatch=0 rf=0 cap=0
SAMPLE 87 ai=0 ab=0 am=0 pc=0 mismatch=0 rf=0 mode=0
T 87 00000098 0 1 0 0 0 0 0 0 1 0 0 0 0 0
SECDET 87 pc=0 rf=0 intg=0
C 87 00000098 0 0 0 0 5 0
LOCK 88 rst=1 cmp=5 mismatch=0 rf=0 cap=0
SAMPLE 88 ai=0 ab=0 am=0 pc=0 mismatch=0 rf=0 mode=0
T 88 00000098 1 1 0 0 0 0 0 0 1 0 1 1 0 0
SECDET 88 pc=0 rf=0 intg=0
R 88 42 00000098 0000006f
C 88 00000098 1 0 0 1 5 0
LOCK 89 rst=1 cmp=5 mismatch=0 rf=0 cap=0
SAMPLE 89 ai=0 ab=0 am=0 pc=0 mismatch=0 rf=0 mode=0
T 89 00000098 0 1 0 0 0 0 0 0 1 0 0 0 0 0
SECDET 89 pc=0 rf=0 intg=0
C 89 00000098 0 0 0 0 5 0
LOCK 90 rst=1 cmp=5 mismatch=0 rf=0 cap=0
SAMPLE 90 ai=0 ab=0 am=0 pc=0 mismatch=0 rf=0 mode=0
T 90 00000098 1 1 0 0 0 0 0 0 1 0 1 1 0 0
SECDET 90 pc=0 rf=0 intg=0
R 90 43 00000098 0000006f
C 90 00000098 1 0 0 1 5 0
LOCK 91 rst=1 cmp=5 mismatch=0 rf=0 cap=0
SAMPLE 91 ai=0 ab=0 am=0 pc=0 mismatch=0 rf=0 mode=0
T 91 00000098 0 1 0 0 0 0 0 0 1 0 0 0 0 0
SECDET 91 pc=0 rf=0 intg=0
C 91 00000098 0 0 0 0 5 0
LOCK 92 rst=1 cmp=5 mismatch=0 rf=0 cap=0
SAMPLE 92 ai=0 ab=0 am=0 pc=0 mismatch=0 rf=0 mode=0
T 92 00000098 1 1 0 0 0 0 0 0 1 0 1 1 0 0
SECDET 92 pc=0 rf=0 intg=0
R 92 44 00000098 0000006f
C 92 00000098 1 0 0 1 5 0
LOCK 93 rst=1 cmp=5 mismatch=0 rf=0 cap=0
SAMPLE 93 ai=0 ab=0 am=0 pc=0 mismatch=0 rf=0 mode=0
T 93 00000098 0 1 0 0 0 0 0 0 1 0 0 0 0 0
SECDET 93 pc=0 rf=0 intg=0
C 93 00000098 0 0 0 0 5 0
LOCK 94 rst=1 cmp=5 mismatch=0 rf=0 cap=0
SAMPLE 94 ai=0 ab=0 am=0 pc=0 mismatch=0 rf=0 mode=0
T 94 00000098 1 1 0 0 0 0 0 0 1 0 1 1 0 0
SECDET 94 pc=0 rf=0 intg=0
R 94 45 00000098 0000006f
C 94 00000098 1 0 0 1 5 0
LOCK 95 rst=1 cmp=5 mismatch=0 rf=0 cap=0
SAMPLE 95 ai=0 ab=0 am=0 pc=0 mismatch=0 rf=0 mode=0
T 95 00000098 0 1 0 0 0 0 0 0 1 0 0 0 0 0
SECDET 95 pc=0 rf=0 intg=0
C 95 00000098 0 0 0 0 5 0
LOCK 96 rst=1 cmp=5 mismatch=0 rf=0 cap=0
SAMPLE 96 ai=0 ab=0 am=0 pc=0 mismatch=0 rf=0 mode=0
T 96 00000098 1 1 0 0 0 0 0 0 1 0 1 1 0 0
SECDET 96 pc=0 rf=0 intg=0
R 96 46 00000098 0000006f
C 96 00000098 1 0 0 1 5 0
LOCK 97 rst=1 cmp=5 mismatch=0 rf=0 cap=0
SAMPLE 97 ai=0 ab=0 am=0 pc=0 mismatch=0 rf=0 mode=0
T 97 00000098 0 1 0 0 0 0 0 0 1 0 0 0 0 0
SECDET 97 pc=0 rf=0 intg=0
C 97 00000098 0 0 0 0 5 0
LOCK 98 rst=1 cmp=5 mismatch=0 rf=0 cap=0
SAMPLE 98 ai=0 ab=0 am=0 pc=0 mismatch=0 rf=0 mode=0
T 98 00000098 1 1 0 0 0 0 0 0 1 0 1 1 0 0
SECDET 98 pc=0 rf=0 intg=0
R 98 47 00000098 0000006f
C 98 00000098 1 0 0 1 5 0
LOCK 99 rst=1 cmp=5 mismatch=0 rf=0 cap=0
SAMPLE 99 ai=0 ab=0 am=0 pc=0 mismatch=0 rf=0 mode=0
T 99 00000098 0 1 0 0 0 0 0 0 1 0 0 0 0 0
SECDET 99 pc=0 rf=0 intg=0
C 99 00000098 0 0 0 0 5 0
LOCK 100 rst=1 cmp=5 mismatch=0 rf=0 cap=0
SAMPLE 100 ai=0 ab=0 am=0 pc=0 mismatch=0 rf=0 mode=0
T 100 00000098 1 1 0 0 0 0 0 0 1 0 1 1 0 0
SECDET 100 pc=0 rf=0 intg=0
R 100 48 00000098 0000006f
C 100 00000098 1 0 0 1 5 0
LOCK 101 rst=1 cmp=5 mismatch=0 rf=0 cap=0
SAMPLE 101 ai=0 ab=0 am=0 pc=0 mismatch=0 rf=0 mode=0
T 101 00000098 0 1 0 0 0 0 0 0 1 0 0 0 0 0
SECDET 101 pc=0 rf=0 intg=0
C 101 00000098 0 0 0 0 5 0
LOCK 102 rst=1 cmp=5 mismatch=0 rf=0 cap=0
SAMPLE 102 ai=0 ab=0 am=0 pc=0 mismatch=0 rf=0 mode=0
T 102 00000098 1 1 0 0 0 0 0 0 1 0 1 1 0 0
SECDET 102 pc=0 rf=0 intg=0
R 102 49 00000098 0000006f
C 102 00000098 1 0 0 1 5 0
LOCK 103 rst=1 cmp=5 mismatch=0 rf=0 cap=0
SAMPLE 103 ai=0 ab=0 am=0 pc=0 mismatch=0 rf=0 mode=0
T 103 00000098 0 1 0 0 0 0 0 0 1 0 0 0 0 0
SECDET 103 pc=0 rf=0 intg=0
C 103 00000098 0 0 0 0 5 0
LOCK 104 rst=1 cmp=5 mismatch=0 rf=0 cap=0
SAMPLE 104 ai=0 ab=0 am=0 pc=0 mismatch=0 rf=0 mode=0
T 104 00000098 1 1 0 0 0 0 0 0 1 0 1 1 0 0
SECDET 104 pc=0 rf=0 intg=0
R 104 50 00000098 0000006f
C 104 00000098 1 0 0 1 5 0
LOCK 105 rst=1 cmp=5 mismatch=0 rf=0 cap=0
SAMPLE 105 ai=0 ab=0 am=0 pc=0 mismatch=0 rf=0 mode=0
T 105 00000098 0 1 0 0 0 0 0 0 1 0 0 0 0 0
SECDET 105 pc=0 rf=0 intg=0
C 105 00000098 0 0 0 0 5 0
LOCK 106 rst=1 cmp=5 mismatch=0 rf=0 cap=0
SAMPLE 106 ai=0 ab=0 am=0 pc=0 mismatch=0 rf=0 mode=0
T 106 00000098 1 1 0 0 0 0 0 0 1 0 1 1 0 0
SECDET 106 pc=0 rf=0 intg=0
R 106 51 00000098 0000006f
C 106 00000098 1 0 0 1 5 0
LOCK 107 rst=1 cmp=5 mismatch=0 rf=0 cap=0
SAMPLE 107 ai=0 ab=0 am=0 pc=0 mismatch=0 rf=0 mode=0
T 107 00000098 0 1 0 0 0 0 0 0 1 0 0 0 0 0
SECDET 107 pc=0 rf=0 intg=0
C 107 00000098 0 0 0 0 5 0
LOCK 108 rst=1 cmp=5 mismatch=0 rf=0 cap=0
SAMPLE 108 ai=0 ab=0 am=0 pc=0 mismatch=0 rf=0 mode=0
T 108 00000098 1 1 0 0 0 0 0 0 1 0 1 1 0 0
SECDET 108 pc=0 rf=0 intg=0
R 108 52 00000098 0000006f
C 108 00000098 1 0 0 1 5 0
LOCK 109 rst=1 cmp=5 mismatch=0 rf=0 cap=0
SAMPLE 109 ai=0 ab=0 am=0 pc=0 mismatch=0 rf=0 mode=0
T 109 00000098 0 1 0 0 0 0 0 0 1 0 0 0 0 0
SECDET 109 pc=0 rf=0 intg=0
C 109 00000098 0 0 0 0 5 0
LOCK 110 rst=1 cmp=5 mismatch=0 rf=0 cap=0
SAMPLE 110 ai=0 ab=0 am=0 pc=0 mismatch=0 rf=0 mode=0
T 110 00000098 1 1 0 0 0 0 0 0 1 0 1 1 0 0
SECDET 110 pc=0 rf=0 intg=0
R 110 53 00000098 0000006f
C 110 00000098 1 0 0 1 5 0
LOCK 111 rst=1 cmp=5 mismatch=0 rf=0 cap=0
SAMPLE 111 ai=0 ab=0 am=0 pc=0 mismatch=0 rf=0 mode=0
T 111 00000098 0 1 0 0 0 0 0 0 1 0 0 0 0 0
SECDET 111 pc=0 rf=0 intg=0
C 111 00000098 0 0 0 0 5 0
LOCK 112 rst=1 cmp=5 mismatch=0 rf=0 cap=0
SAMPLE 112 ai=0 ab=0 am=0 pc=0 mismatch=0 rf=0 mode=0
T 112 00000098 1 1 0 0 0 0 0 0 1 0 1 1 0 0
SECDET 112 pc=0 rf=0 intg=0
R 112 54 00000098 0000006f
C 112 00000098 1 0 0 1 5 0
LOCK 113 rst=1 cmp=5 mismatch=0 rf=0 cap=0
SAMPLE 113 ai=0 ab=0 am=0 pc=0 mismatch=0 rf=0 mode=0
T 113 00000098 0 1 0 0 0 0 0 0 1 0 0 0 0 0
SECDET 113 pc=0 rf=0 intg=0
C 113 00000098 0 0 0 0 5 0
LOCK 114 rst=1 cmp=5 mismatch=0 rf=0 cap=0
SAMPLE 114 ai=0 ab=0 am=0 pc=0 mismatch=0 rf=0 mode=0
T 114 00000098 1 1 0 0 0 0 0 0 1 0 1 1 0 0
SECDET 114 pc=0 rf=0 intg=0
R 114 55 00000098 0000006f
C 114 00000098 1 0 0 1 5 0
LOCK 115 rst=1 cmp=5 mismatch=0 rf=0 cap=0
SAMPLE 115 ai=0 ab=0 am=0 pc=0 mismatch=0 rf=0 mode=0
T 115 00000098 0 1 0 0 0 0 0 0 1 0 0 0 0 0
SECDET 115 pc=0 rf=0 intg=0
C 115 00000098 0 0 0 0 5 0
LOCK 116 rst=1 cmp=5 mismatch=0 rf=0 cap=0
SAMPLE 116 ai=0 ab=0 am=0 pc=0 mismatch=0 rf=0 mode=0
T 116 00000098 1 1 0 0 0 0 0 0 1 0 1 1 0 0
SECDET 116 pc=0 rf=0 intg=0
R 116 56 00000098 0000006f
C 116 00000098 1 0 0 1 5 0
LOCK 117 rst=1 cmp=5 mismatch=0 rf=0 cap=0
SAMPLE 117 ai=0 ab=0 am=0 pc=0 mismatch=0 rf=0 mode=0
T 117 00000098 0 1 0 0 0 0 0 0 1 0 0 0 0 0
SECDET 117 pc=0 rf=0 intg=0
C 117 00000098 0 0 0 0 5 0
LOCK 118 rst=1 cmp=5 mismatch=0 rf=0 cap=0
SAMPLE 118 ai=0 ab=0 am=0 pc=0 mismatch=0 rf=0 mode=0
T 118 00000098 1 1 0 0 0 0 0 0 1 0 1 1 0 0
SECDET 118 pc=0 rf=0 intg=0
R 118 57 00000098 0000006f
C 118 00000098 1 0 0 1 5 0
LOCK 119 rst=1 cmp=5 mismatch=0 rf=0 cap=0
SAMPLE 119 ai=0 ab=0 am=0 pc=0 mismatch=0 rf=0 mode=0
T 119 00000098 0 1 0 0 0 0 0 0 1 0 0 0 0 0
SECDET 119 pc=0 rf=0 intg=0
C 119 00000098 0 0 0 0 5 0
T 120 00000098 1 1 0 0 0 0 0 0 1 0 1 1 0 0
R 120 58 00000098 0000006f
C 120 00000098 1 0 0 1 5 0
T 121 00000098 0 1 0 0 0 0 0 0 1 0 0 0 0 0
C 121 00000098 0 0 0 0 5 0
T 122 00000098 1 1 0 0 0 0 0 0 1 0 1 1 0 0
R 122 59 00000098 0000006f
C 122 00000098 1 0 0 1 5 0
T 123 00000098 0 1 0 0 0 0 0 0 1 0 0 0 0 0
C 123 00000098 0 0 0 0 5 0
T 124 00000098 1 1 0 0 0 0 0 0 1 0 1 1 0 0
R 124 60 00000098 0000006f
C 124 00000098 1 0 0 1 5 0
T 125 00000098 0 1 0 0 0 0 0 0 1 0 0 0 0 0
C 125 00000098 0 0 0 0 5 0
T 126 00000098 1 1 0 0 0 0 0 0 1 0 1 1 0 0
R 126 61 00000098 0000006f
C 126 00000098 1 0 0 1 5 0
T 127 00000098 0 1 0 0 0 0 0 0 1 0 0 0 0 0
C 127 00000098 0 0 0 0 5 0
T 128 00000098 1 1 0 0 0 0 0 0 1 0 1 1 0 0
R 128 62 00000098 0000006f
C 128 00000098 1 0 0 1 5 0
T 129 00000098 0 1 0 0 0 0 0 0 1 0 0 0 0 0
C 129 00000098 0 0 0 0 5 0
T 130 00000098 1 1 0 0 0 0 0 0 1 0 1 1 0 0
R 130 63 00000098 0000006f
C 130 00000098 1 0 0 1 5 0
T 131 00000098 0 1 0 0 0 0 0 0 1 0 0 0 0 0
C 131 00000098 0 0 0 0 5 0
T 132 00000098 1 1 0 0 0 0 0 0 1 0 1 1 0 0
R 132 64 00000098 0000006f
C 132 00000098 1 0 0 1 5 0
T 133 00000098 0 1 0 0 0 0 0 0 1 0 0 0 0 0
C 133 00000098 0 0 0 0 5 0
T 134 00000098 1 1 0 0 0 0 0 0 1 0 1 1 0 0
R 134 65 00000098 0000006f
C 134 00000098 1 0 0 1 5 0
T 135 00000098 0 1 0 0 0 0 0 0 1 0 0 0 0 0
C 135 00000098 0 0 0 0 5 0
T 136 00000098 1 1 0 0 0 0 0 0 1 0 1 1 0 0
R 136 66 00000098 0000006f
C 136 00000098 1 0 0 1 5 0
T 137 00000098 0 1 0 0 0 0 0 0 1 0 0 0 0 0
C 137 00000098 0 0 0 0 5 0
T 138 00000098 1 1 0 0 0 0 0 0 1 0 1 1 0 0
R 138 67 00000098 0000006f
C 138 00000098 1 0 0 1 5 0
T 139 00000098 0 1 0 0 0 0 0 0 1 0 0 0 0 0
C 139 00000098 0 0 0 0 5 0
T 140 00000098 1 1 0 0 0 0 0 0 1 0 1 1 0 0
R 140 68 00000098 0000006f
C 140 00000098 1 0 0 1 5 0
T 141 00000098 0 1 0 0 0 0 0 0 1 0 0 0 0 0
C 141 00000098 0 0 0 0 5 0
T 142 00000098 1 1 0 0 0 0 0 0 1 0 1 1 0 0
R 142 69 00000098 0000006f
C 142 00000098 1 0 0 1 5 0
T 143 00000098 0 1 0 0 0 0 0 0 1 0 0 0 0 0
C 143 00000098 0 0 0 0 5 0
T 144 00000098 1 1 0 0 0 0 0 0 1 0 1 1 0 0
R 144 70 00000098 0000006f
C 144 00000098 1 0 0 1 5 0
T 145 00000098 0 1 0 0 0 0 0 0 1 0 0 0 0 0
C 145 00000098 0 0 0 0 5 0
T 146 00000098 1 1 0 0 0 0 0 0 1 0 1 1 0 0
R 146 71 00000098 0000006f
C 146 00000098 1 0 0 1 5 0
T 147 00000098 0 1 0 0 0 0 0 0 1 0 0 0 0 0
C 147 00000098 0 0 0 0 5 0
T 148 00000098 1 1 0 0 0 0 0 0 1 0 1 1 0 0
R 148 72 00000098 0000006f
C 148 00000098 1 0 0 1 5 0
T 149 00000098 0 1 0 0 0 0 0 0 1 0 0 0 0 0
C 149 00000098 0 0 0 0 5 0
T 150 00000098 1 1 0 0 0 0 0 0 1 0 1 1 0 0
R 150 73 00000098 0000006f
C 150 00000098 1 0 0 1 5 0
T 151 00000098 0 1 0 0 0 0 0 0 1 0 0 0 0 0
C 151 00000098 0 0 0 0 5 0
T 152 00000098 1 1 0 0 0 0 0 0 1 0 1 1 0 0
R 152 74 00000098 0000006f
C 152 00000098 1 0 0 1 5 0
T 153 00000098 0 1 0 0 0 0 0 0 1 0 0 0 0 0
C 153 00000098 0 0 0 0 5 0
T 154 00000098 1 1 0 0 0 0 0 0 1 0 1 1 0 0
R 154 75 00000098 0000006f
C 154 00000098 1 0 0 1 5 0
T 155 00000098 0 1 0 0 0 0 0 0 1 0 0 0 0 0
C 155 00000098 0 0 0 0 5 0
T 156 00000098 1 1 0 0 0 0 0 0 1 0 1 1 0 0
R 156 76 00000098 0000006f
C 156 00000098 1 0 0 1 5 0
T 157 00000098 0 1 0 0 0 0 0 0 1 0 0 0 0 0
C 157 00000098 0 0 0 0 5 0
T 158 00000098 1 1 0 0 0 0 0 0 1 0 1 1 0 0
R 158 77 00000098 0000006f
C 158 00000098 1 0 0 1 5 0
T 159 00000098 0 1 0 0 0 0 0 0 1 0 0 0 0 0
C 159 00000098 0 0 0 0 5 0
T 160 00000098 1 1 0 0 0 0 0 0 1 0 1 1 0 0
R 160 78 00000098 0000006f
C 160 00000098 1 0 0 1 5 0
T 161 00000098 0 1 0 0 0 0 0 0 1 0 0 0 0 0
C 161 00000098 0 0 0 0 5 0
T 162 00000098 1 1 0 0 0 0 0 0 1 0 1 1 0 0
R 162 79 00000098 0000006f
C 162 00000098 1 0 0 1 5 0
T 163 00000098 0 1 0 0 0 0 0 0 1 0 0 0 0 0
C 163 00000098 0 0 0 0 5 0
T 164 00000098 1 1 0 0 0 0 0 0 1 0 1 1 0 0
R 164 80 00000098 0000006f
C 164 00000098 1 0 0 1 5 0
T 165 00000098 0 1 0 0 0 0 0 0 1 0 0 0 0 0
C 165 00000098 0 0 0 0 5 0
T 166 00000098 1 1 0 0 0 0 0 0 1 0 1 1 0 0
R 166 81 00000098 0000006f
C 166 00000098 1 0 0 1 5 0
T 167 00000098 0 1 0 0 0 0 0 0 1 0 0 0 0 0
C 167 00000098 0 0 0 0 5 0
T 168 00000098 1 1 0 0 0 0 0 0 1 0 1 1 0 0
R 168 82 00000098 0000006f
C 168 00000098 1 0 0 1 5 0
T 169 00000098 0 1 0 0 0 0 0 0 1 0 0 0 0 0
C 169 00000098 0 0 0 0 5 0
T 170 00000098 1 1 0 0 0 0 0 0 1 0 1 1 0 0
R 170 83 00000098 0000006f
C 170 00000098 1 0 0 1 5 0
T 171 00000098 0 1 0 0 0 0 0 0 1 0 0 0 0 0
C 171 00000098 0 0 0 0 5 0
T 172 00000098 1 1 0 0 0 0 0 0 1 0 1 1 0 0
R 172 84 00000098 0000006f
C 172 00000098 1 0 0 1 5 0
T 173 00000098 0 1 0 0 0 0 0 0 1 0 0 0 0 0
C 173 00000098 0 0 0 0 5 0
T 174 00000098 1 1 0 0 0 0 0 0 1 0 1 1 0 0
R 174 85 00000098 0000006f
C 174 00000098 1 0 0 1 5 0
T 175 00000098 0 1 0 0 0 0 0 0 1 0 0 0 0 0
C 175 00000098 0 0 0 0 5 0
T 176 00000098 1 1 0 0 0 0 0 0 1 0 1 1 0 0
R 176 86 00000098 0000006f
C 176 00000098 1 0 0 1 5 0
T 177 00000098 0 1 0 0 0 0 0 0 1 0 0 0 0 0
C 177 00000098 0 0 0 0 5 0
T 178 00000098 1 1 0 0 0 0 0 0 1 0 1 1 0 0
R 178 87 00000098 0000006f
C 178 00000098 1 0 0 1 5 0
T 179 00000098 0 1 0 0 0 0 0 0 1 0 0 0 0 0
C 179 00000098 0 0 0 0 5 0
T 180 00000098 1 1 0 0 0 0 0 0 1 0 1 1 0 0
R 180 88 00000098 0000006f
C 180 00000098 1 0 0 1 5 0
T 181 00000098 0 1 0 0 0 0 0 0 1 0 0 0 0 0
C 181 00000098 0 0 0 0 5 0
T 182 00000098 1 1 0 0 0 0 0 0 1 0 1 1 0 0
R 182 89 00000098 0000006f
C 182 00000098 1 0 0 1 5 0
T 183 00000098 0 1 0 0 0 0 0 0 1 0 0 0 0 0
C 183 00000098 0 0 0 0 5 0
T 184 00000098 1 1 0 0 0 0 0 0 1 0 1 1 0 0
R 184 90 00000098 0000006f
C 184 00000098 1 0 0 1 5 0
T 185 00000098 0 1 0 0 0 0 0 0 1 0 0 0 0 0
C 185 00000098 0 0 0 0 5 0
T 186 00000098 1 1 0 0 0 0 0 0 1 0 1 1 0 0
R 186 91 00000098 0000006f
C 186 00000098 1 0 0 1 5 0
T 187 00000098 0 1 0 0 0 0 0 0 1 0 0 0 0 0
C 187 00000098 0 0 0 0 5 0
T 188 00000098 1 1 0 0 0 0 0 0 1 0 1 1 0 0
R 188 92 00000098 0000006f
C 188 00000098 1 0 0 1 5 0
T 189 00000098 0 1 0 0 0 0 0 0 1 0 0 0 0 0
C 189 00000098 0 0 0 0 5 0
T 190 00000098 1 1 0 0 0 0 0 0 1 0 1 1 0 0
R 190 93 00000098 0000006f
C 190 00000098 1 0 0 1 5 0
T 191 00000098 0 1 0 0 0 0 0 0 1 0 0 0 0 0
C 191 00000098 0 0 0 0 5 0
T 192 00000098 1 1 0 0 0 0 0 0 1 0 1 1 0 0
R 192 94 00000098 0000006f
C 192 00000098 1 0 0 1 5 0
T 193 00000098 0 1 0 0 0 0 0 0 1 0 0 0 0 0
C 193 00000098 0 0 0 0 5 0
T 194 00000098 1 1 0 0 0 0 0 0 1 0 1 1 0 0
R 194 95 00000098 0000006f
C 194 00000098 1 0 0 1 5 0
T 195 00000098 0 1 0 0 0 0 0 0 1 0 0 0 0 0
C 195 00000098 0 0 0 0 5 0
T 196 00000098 1 1 0 0 0 0 0 0 1 0 1 1 0 0
R 196 96 00000098 0000006f
C 196 00000098 1 0 0 1 5 0
T 197 00000098 0 1 0 0 0 0 0 0 1 0 0 0 0 0
C 197 00000098 0 0 0 0 5 0
T 198 00000098 1 1 0 0 0 0 0 0 1 0 1 1 0 0
R 198 97 00000098 0000006f
C 198 00000098 1 0 0 1 5 0
T 199 00000098 0 1 0 0 0 0 0 0 1 0 0 0 0 0
C 199 00000098 0 0 0 0 5 0
T 200 00000098 1 1 0 0 0 0 0 0 1 0 1 1 0 0
R 200 98 00000098 0000006f
C 200 00000098 1 0 0 1 5 0
T 201 00000098 0 1 0 0 0 0 0 0 1 0 0 0 0 0
C 201 00000098 0 0 0 0 5 0
T 202 00000098 1 1 0 0 0 0 0 0 1 0 1 1 0 0
R 202 99 00000098 0000006f
C 202 00000098 1 0 0 1 5 0
T 203 00000098 0 1 0 0 0 0 0 0 1 0 0 0 0 0
C 203 00000098 0 0 0 0 5 0
T 204 00000098 1 1 0 0 0 0 0 0 1 0 1 1 0 0
R 204 100 00000098 0000006f
C 204 00000098 1 0 0 1 5 0
T 205 00000098 0 1 0 0 0 0 0 0 1 0 0 0 0 0
C 205 00000098 0 0 0 0 5 0
T 206 00000098 1 1 0 0 0 0 0 0 1 0 1 1 0 0
R 206 101 00000098 0000006f
C 206 00000098 1 0 0 1 5 0
T 207 00000098 0 1 0 0 0 0 0 0 1 0 0 0 0 0
C 207 00000098 0 0 0 0 5 0
T 208 00000098 1 1 0 0 0 0 0 0 1 0 1 1 0 0
R 208 102 00000098 0000006f
C 208 00000098 1 0 0 1 5 0
T 209 00000098 0 1 0 0 0 0 0 0 1 0 0 0 0 0
C 209 00000098 0 0 0 0 5 0
T 210 00000098 1 1 0 0 0 0 0 0 1 0 1 1 0 0
R 210 103 00000098 0000006f
C 210 00000098 1 0 0 1 5 0
T 211 00000098 0 1 0 0 0 0 0 0 1 0 0 0 0 0
C 211 00000098 0 0 0 0 5 0
T 212 00000098 1 1 0 0 0 0 0 0 1 0 1 1 0 0
R 212 104 00000098 0000006f
C 212 00000098 1 0 0 1 5 0
T 213 00000098 0 1 0 0 0 0 0 0 1 0 0 0 0 0
C 213 00000098 0 0 0 0 5 0
T 214 00000098 1 1 0 0 0 0 0 0 1 0 1 1 0 0
R 214 105 00000098 0000006f
C 214 00000098 1 0 0 1 5 0
T 215 00000098 0 1 0 0 0 0 0 0 1 0 0 0 0 0
C 215 00000098 0 0 0 0 5 0
T 216 00000098 1 1 0 0 0 0 0 0 1 0 1 1 0 0
R 216 106 00000098 0000006f
C 216 00000098 1 0 0 1 5 0
T 217 00000098 0 1 0 0 0 0 0 0 1 0 0 0 0 0
C 217 00000098 0 0 0 0 5 0
T 218 00000098 1 1 0 0 0 0 0 0 1 0 1 1 0 0
R 218 107 00000098 0000006f
C 218 00000098 1 0 0 1 5 0
T 219 00000098 0 1 0 0 0 0 0 0 1 0 0 0 0 0
C 219 00000098 0 0 0 0 5 0
T 220 00000098 1 1 0 0 0 0 0 0 1 0 1 1 0 0
R 220 108 00000098 0000006f
C 220 00000098 1 0 0 1 5 0
T 221 00000098 0 1 0 0 0 0 0 0 1 0 0 0 0 0
C 221 00000098 0 0 0 0 5 0
T 222 00000098 1 1 0 0 0 0 0 0 1 0 1 1 0 0
R 222 109 00000098 0000006f
C 222 00000098 1 0 0 1 5 0
T 223 00000098 0 1 0 0 0 0 0 0 1 0 0 0 0 0
C 223 00000098 0 0 0 0 5 0
T 224 00000098 1 1 0 0 0 0 0 0 1 0 1 1 0 0
R 224 110 00000098 0000006f
C 224 00000098 1 0 0 1 5 0
T 225 00000098 0 1 0 0 0 0 0 0 1 0 0 0 0 0
C 225 00000098 0 0 0 0 5 0
T 226 00000098 1 1 0 0 0 0 0 0 1 0 1 1 0 0
R 226 111 00000098 0000006f
C 226 00000098 1 0 0 1 5 0
T 227 00000098 0 1 0 0 0 0 0 0 1 0 0 0 0 0
C 227 00000098 0 0 0 0 5 0
T 228 00000098 1 1 0 0 0 0 0 0 1 0 1 1 0 0
R 228 112 00000098 0000006f
C 228 00000098 1 0 0 1 5 0
T 229 00000098 0 1 0 0 0 0 0 0 1 0 0 0 0 0
C 229 00000098 0 0 0 0 5 0
T 230 00000098 1 1 0 0 0 0 0 0 1 0 1 1 0 0
R 230 113 00000098 0000006f
C 230 00000098 1 0 0 1 5 0
T 231 00000098 0 1 0 0 0 0 0 0 1 0 0 0 0 0
C 231 00000098 0 0 0 0 5 0
T 232 00000098 1 1 0 0 0 0 0 0 1 0 1 1 0 0
R 232 114 00000098 0000006f
C 232 00000098 1 0 0 1 5 0
T 233 00000098 0 1 0 0 0 0 0 0 1 0 0 0 0 0
C 233 00000098 0 0 0 0 5 0
T 234 00000098 1 1 0 0 0 0 0 0 1 0 1 1 0 0
R 234 115 00000098 0000006f
C 234 00000098 1 0 0 1 5 0
T 235 00000098 0 1 0 0 0 0 0 0 1 0 0 0 0 0
C 235 00000098 0 0 0 0 5 0
T 236 00000098 1 1 0 0 0 0 0 0 1 0 1 1 0 0
R 236 116 00000098 0000006f
C 236 00000098 1 0 0 1 5 0
T 237 00000098 0 1 0 0 0 0 0 0 1 0 0 0 0 0
C 237 00000098 0 0 0 0 5 0
T 238 00000098 1 1 0 0 0 0 0 0 1 0 1 1 0 0
R 238 117 00000098 0000006f
C 238 00000098 1 0 0 1 5 0
T 239 00000098 0 1 0 0 0 0 0 0 1 0 0 0 0 0
C 239 00000098 0 0 0 0 5 0
T 240 00000098 1 1 0 0 0 0 0 0 1 0 1 1 0 0
R 240 118 00000098 0000006f
C 240 00000098 1 0 0 1 5 0
T 241 00000098 0 1 0 0 0 0 0 0 1 0 0 0 0 0
C 241 00000098 0 0 0 0 5 0
T 242 00000098 1 1 0 0 0 0 0 0 1 0 1 1 0 0
R 242 119 00000098 0000006f
C 242 00000098 1 0 0 1 5 0
T 243 00000098 0 1 0 0 0 0 0 0 1 0 0 0 0 0
C 243 00000098 0 0 0 0 5 0
T 244 00000098 1 1 0 0 0 0 0 0 1 0 1 1 0 0
R 244 120 00000098 0000006f
C 244 00000098 1 0 0 1 5 0
T 245 00000098 0 1 0 0 0 0 0 0 1 0 0 0 0 0
C 245 00000098 0 0 0 0 5 0
T 246 00000098 1 1 0 0 0 0 0 0 1 0 1 1 0 0
R 246 121 00000098 0000006f
C 246 00000098 1 0 0 1 5 0
T 247 00000098 0 1 0 0 0 0 0 0 1 0 0 0 0 0
C 247 00000098 0 0 0 0 5 0
T 248 00000098 1 1 0 0 0 0 0 0 1 0 1 1 0 0
R 248 122 00000098 0000006f
C 248 00000098 1 0 0 1 5 0
T 249 00000098 0 1 0 0 0 0 0 0 1 0 0 0 0 0
C 249 00000098 0 0 0 0 5 0
T 250 00000098 1 1 0 0 0 0 0 0 1 0 1 1 0 0
R 250 123 00000098 0000006f
C 250 00000098 1 0 0 1 5 0
T 251 00000098 0 1 0 0 0 0 0 0 1 0 0 0 0 0
C 251 00000098 0 0 0 0 5 0
T 252 00000098 1 1 0 0 0 0 0 0 1 0 1 1 0 0
R 252 124 00000098 0000006f
C 252 00000098 1 0 0 1 5 0
T 253 00000098 0 1 0 0 0 0 0 0 1 0 0 0 0 0
C 253 00000098 0 0 0 0 5 0
T 254 00000098 1 1 0 0 0 0 0 0 1 0 1 1 0 0
R 254 125 00000098 0000006f
C 254 00000098 1 0 0 1 5 0
T 255 00000098 0 1 0 0 0 0 0 0 1 0 0 0 0 0
C 255 00000098 0 0 0 0 5 0
T 256 00000098 1 1 0 0 0 0 0 0 1 0 1 1 0 0
R 256 126 00000098 0000006f
C 256 00000098 1 0 0 1 5 0
T 257 00000098 0 1 0 0 0 0 0 0 1 0 0 0 0 0
C 257 00000098 0 0 0 0 5 0
T 258 00000098 1 1 0 0 0 0 0 0 1 0 1 1 0 0
R 258 127 00000098 0000006f
C 258 00000098 1 0 0 1 5 0
T 259 00000098 0 1 0 0 0 0 0 0 1 0 0 0 0 0
C 259 00000098 0 0 0 0 5 0
T 260 00000098 1 1 0 0 0 0 0 0 1 0 1 1 0 0
R 260 128 00000098 0000006f
C 260 00000098 1 0 0 1 5 0
T 261 00000098 0 1 0 0 0 0 0 0 1 0 0 0 0 0
C 261 00000098 0 0 0 0 5 0
T 262 00000098 1 1 0 0 0 0 0 0 1 0 1 1 0 0
R 262 129 00000098 0000006f
C 262 00000098 1 0 0 1 5 0
T 263 00000098 0 1 0 0 0 0 0 0 1 0 0 0 0 0
C 263 00000098 0 0 0 0 5 0
T 264 00000098 1 1 0 0 0 0 0 0 1 0 1 1 0 0
R 264 130 00000098 0000006f
C 264 00000098 1 0 0 1 5 0
T 265 00000098 0 1 0 0 0 0 0 0 1 0 0 0 0 0
C 265 00000098 0 0 0 0 5 0
T 266 00000098 1 1 0 0 0 0 0 0 1 0 1 1 0 0
R 266 131 00000098 0000006f
C 266 00000098 1 0 0 1 5 0
T 267 00000098 0 1 0 0 0 0 0 0 1 0 0 0 0 0
C 267 00000098 0 0 0 0 5 0
T 268 00000098 1 1 0 0 0 0 0 0 1 0 1 1 0 0
R 268 132 00000098 0000006f
C 268 00000098 1 0 0 1 5 0
T 269 00000098 0 1 0 0 0 0 0 0 1 0 0 0 0 0
C 269 00000098 0 0 0 0 5 0
T 270 00000098 1 1 0 0 0 0 0 0 1 0 1 1 0 0
R 270 133 00000098 0000006f
C 270 00000098 1 0 0 1 5 0
T 271 00000098 0 1 0 0 0 0 0 0 1 0 0 0 0 0
C 271 00000098 0 0 0 0 5 0
T 272 00000098 1 1 0 0 0 0 0 0 1 0 1 1 0 0
R 272 134 00000098 0000006f
C 272 00000098 1 0 0 1 5 0
T 273 00000098 0 1 0 0 0 0 0 0 1 0 0 0 0 0
C 273 00000098 0 0 0 0 5 0
T 274 00000098 1 1 0 0 0 0 0 0 1 0 1 1 0 0
R 274 135 00000098 0000006f
C 274 00000098 1 0 0 1 5 0
T 275 00000098 0 1 0 0 0 0 0 0 1 0 0 0 0 0
C 275 00000098 0 0 0 0 5 0
T 276 00000098 1 1 0 0 0 0 0 0 1 0 1 1 0 0
R 276 136 00000098 0000006f
C 276 00000098 1 0 0 1 5 0
T 277 00000098 0 1 0 0 0 0 0 0 1 0 0 0 0 0
C 277 00000098 0 0 0 0 5 0
T 278 00000098 1 1 0 0 0 0 0 0 1 0 1 1 0 0
R 278 137 00000098 0000006f
C 278 00000098 1 0 0 1 5 0
T 279 00000098 0 1 0 0 0 0 0 0 1 0 0 0 0 0
C 279 00000098 0 0 0 0 5 0
T 280 00000098 1 1 0 0 0 0 0 0 1 0 1 1 0 0
R 280 138 00000098 0000006f
C 280 00000098 1 0 0 1 5 0
T 281 00000098 0 1 0 0 0 0 0 0 1 0 0 0 0 0
C 281 00000098 0 0 0 0 5 0
T 282 00000098 1 1 0 0 0 0 0 0 1 0 1 1 0 0
R 282 139 00000098 0000006f
C 282 00000098 1 0 0 1 5 0
T 283 00000098 0 1 0 0 0 0 0 0 1 0 0 0 0 0
C 283 00000098 0 0 0 0 5 0
T 284 00000098 1 1 0 0 0 0 0 0 1 0 1 1 0 0
R 284 140 00000098 0000006f
C 284 00000098 1 0 0 1 5 0
T 285 00000098 0 1 0 0 0 0 0 0 1 0 0 0 0 0
C 285 00000098 0 0 0 0 5 0
T 286 00000098 1 1 0 0 0 0 0 0 1 0 1 1 0 0
R 286 141 00000098 0000006f
C 286 00000098 1 0 0 1 5 0
T 287 00000098 0 1 0 0 0 0 0 0 1 0 0 0 0 0
C 287 00000098 0 0 0 0 5 0
T 288 00000098 1 1 0 0 0 0 0 0 1 0 1 1 0 0
R 288 142 00000098 0000006f
C 288 00000098 1 0 0 1 5 0
T 289 00000098 0 1 0 0 0 0 0 0 1 0 0 0 0 0
C 289 00000098 0 0 0 0 5 0
T 290 00000098 1 1 0 0 0 0 0 0 1 0 1 1 0 0
R 290 143 00000098 0000006f
C 290 00000098 1 0 0 1 5 0
T 291 00000098 0 1 0 0 0 0 0 0 1 0 0 0 0 0
C 291 00000098 0 0 0 0 5 0
T 292 00000098 1 1 0 0 0 0 0 0 1 0 1 1 0 0
R 292 144 00000098 0000006f
C 292 00000098 1 0 0 1 5 0
T 293 00000098 0 1 0 0 0 0 0 0 1 0 0 0 0 0
C 293 00000098 0 0 0 0 5 0
T 294 00000098 1 1 0 0 0 0 0 0 1 0 1 1 0 0
R 294 145 00000098 0000006f
C 294 00000098 1 0 0 1 5 0
T 295 00000098 0 1 0 0 0 0 0 0 1 0 0 0 0 0
C 295 00000098 0 0 0 0 5 0
T 296 00000098 1 1 0 0 0 0 0 0 1 0 1 1 0 0
R 296 146 00000098 0000006f
C 296 00000098 1 0 0 1 5 0
T 297 00000098 0 1 0 0 0 0 0 0 1 0 0 0 0 0
C 297 00000098 0 0 0 0 5 0
T 298 00000098 1 1 0 0 0 0 0 0 1 0 1 1 0 0
R 298 147 00000098 0000006f
C 298 00000098 1 0 0 1 5 0
T 299 00000098 0 1 0 0 0 0 0 0 1 0 0 0 0 0
C 299 00000098 0 0 0 0 5 0
T 300 00000098 1 1 0 0 0 0 0 0 1 0 1 1 0 0
R 300 148 00000098 0000006f
C 300 00000098 1 0 0 1 5 0
T 301 00000098 0 1 0 0 0 0 0 0 1 0 0 0 0 0
C 301 00000098 0 0 0 0 5 0
T 302 00000098 1 1 0 0 0 0 0 0 1 0 1 1 0 0
R 302 149 00000098 0000006f
C 302 00000098 1 0 0 1 5 0
T 303 00000098 0 1 0 0 0 0 0 0 1 0 0 0 0 0
C 303 00000098 0 0 0 0 5 0
T 304 00000098 1 1 0 0 0 0 0 0 1 0 1 1 0 0
R 304 150 00000098 0000006f
C 304 00000098 1 0 0 1 5 0
T 305 00000098 0 1 0 0 0 0 0 0 1 0 0 0 0 0
C 305 00000098 0 0 0 0 5 0
T 306 00000098 1 1 0 0 0 0 0 0 1 0 1 1 0 0
R 306 151 00000098 0000006f
C 306 00000098 1 0 0 1 5 0
T 307 00000098 0 1 0 0 0 0 0 0 1 0 0 0 0 0
C 307 00000098 0 0 0 0 5 0
T 308 00000098 1 1 0 0 0 0 0 0 1 0 1 1 0 0
R 308 152 00000098 0000006f
C 308 00000098 1 0 0 1 5 0
T 309 00000098 0 1 0 0 0 0 0 0 1 0 0 0 0 0
C 309 00000098 0 0 0 0 5 0
T 310 00000098 1 1 0 0 0 0 0 0 1 0 1 1 0 0
R 310 153 00000098 0000006f
C 310 00000098 1 0 0 1 5 0
T 311 00000098 0 1 0 0 0 0 0 0 1 0 0 0 0 0
C 311 00000098 0 0 0 0 5 0
T 312 00000098 1 1 0 0 0 0 0 0 1 0 1 1 0 0
R 312 154 00000098 0000006f
C 312 00000098 1 0 0 1 5 0
T 313 00000098 0 1 0 0 0 0 0 0 1 0 0 0 0 0
C 313 00000098 0 0 0 0 5 0
T 314 00000098 1 1 0 0 0 0 0 0 1 0 1 1 0 0
R 314 155 00000098 0000006f
C 314 00000098 1 0 0 1 5 0
T 315 00000098 0 1 0 0 0 0 0 0 1 0 0 0 0 0
C 315 00000098 0 0 0 0 5 0
T 316 00000098 1 1 0 0 0 0 0 0 1 0 1 1 0 0
R 316 156 00000098 0000006f
C 316 00000098 1 0 0 1 5 0
T 317 00000098 0 1 0 0 0 0 0 0 1 0 0 0 0 0
C 317 00000098 0 0 0 0 5 0
T 318 00000098 1 1 0 0 0 0 0 0 1 0 1 1 0 0
R 318 157 00000098 0000006f
C 318 00000098 1 0 0 1 5 0
T 319 00000098 0 1 0 0 0 0 0 0 1 0 0 0 0 0
C 319 00000098 0 0 0 0 5 0
T 320 00000098 1 1 0 0 0 0 0 0 1 0 1 1 0 0
R 320 158 00000098 0000006f
C 320 00000098 1 0 0 1 5 0
T 321 00000098 0 1 0 0 0 0 0 0 1 0 0 0 0 0
C 321 00000098 0 0 0 0 5 0
T 322 00000098 1 1 0 0 0 0 0 0 1 0 1 1 0 0
R 322 159 00000098 0000006f
C 322 00000098 1 0 0 1 5 0
T 323 00000098 0 1 0 0 0 0 0 0 1 0 0 0 0 0
C 323 00000098 0 0 0 0 5 0
T 324 00000098 1 1 0 0 0 0 0 0 1 0 1 1 0 0
R 324 160 00000098 0000006f
C 324 00000098 1 0 0 1 5 0
T 325 00000098 0 1 0 0 0 0 0 0 1 0 0 0 0 0
C 325 00000098 0 0 0 0 5 0
T 326 00000098 1 1 0 0 0 0 0 0 1 0 1 1 0 0
R 326 161 00000098 0000006f
C 326 00000098 1 0 0 1 5 0
T 327 00000098 0 1 0 0 0 0 0 0 1 0 0 0 0 0
C 327 00000098 0 0 0 0 5 0
T 328 00000098 1 1 0 0 0 0 0 0 1 0 1 1 0 0
R 328 162 00000098 0000006f
C 328 00000098 1 0 0 1 5 0
T 329 00000098 0 1 0 0 0 0 0 0 1 0 0 0 0 0
C 329 00000098 0 0 0 0 5 0
T 330 00000098 1 1 0 0 0 0 0 0 1 0 1 1 0 0
R 330 163 00000098 0000006f
C 330 00000098 1 0 0 1 5 0
T 331 00000098 0 1 0 0 0 0 0 0 1 0 0 0 0 0
C 331 00000098 0 0 0 0 5 0
T 332 00000098 1 1 0 0 0 0 0 0 1 0 1 1 0 0
R 332 164 00000098 0000006f
C 332 00000098 1 0 0 1 5 0
T 333 00000098 0 1 0 0 0 0 0 0 1 0 0 0 0 0
C 333 00000098 0 0 0 0 5 0
T 334 00000098 1 1 0 0 0 0 0 0 1 0 1 1 0 0
R 334 165 00000098 0000006f
C 334 00000098 1 0 0 1 5 0
T 335 00000098 0 1 0 0 0 0 0 0 1 0 0 0 0 0
C 335 00000098 0 0 0 0 5 0
T 336 00000098 1 1 0 0 0 0 0 0 1 0 1 1 0 0
R 336 166 00000098 0000006f
C 336 00000098 1 0 0 1 5 0
T 337 00000098 0 1 0 0 0 0 0 0 1 0 0 0 0 0
C 337 00000098 0 0 0 0 5 0
T 338 00000098 1 1 0 0 0 0 0 0 1 0 1 1 0 0
R 338 167 00000098 0000006f
C 338 00000098 1 0 0 1 5 0
T 339 00000098 0 1 0 0 0 0 0 0 1 0 0 0 0 0
C 339 00000098 0 0 0 0 5 0
T 340 00000098 1 1 0 0 0 0 0 0 1 0 1 1 0 0
R 340 168 00000098 0000006f
C 340 00000098 1 0 0 1 5 0
T 341 00000098 0 1 0 0 0 0 0 0 1 0 0 0 0 0
C 341 00000098 0 0 0 0 5 0
T 342 00000098 1 1 0 0 0 0 0 0 1 0 1 1 0 0
R 342 169 00000098 0000006f
C 342 00000098 1 0 0 1 5 0
T 343 00000098 0 1 0 0 0 0 0 0 1 0 0 0 0 0
C 343 00000098 0 0 0 0 5 0
T 344 00000098 1 1 0 0 0 0 0 0 1 0 1 1 0 0
R 344 170 00000098 0000006f
C 344 00000098 1 0 0 1 5 0
SAMPLE 345 ai=0 ab=0 am=0 pc=0 mismatch=0 rf=0 mode=0
T 345 00000098 0 1 0 0 0 0 0 0 1 0 0 0 0 0
C 345 00000098 0 0 0 0 5 0
SAMPLE 346 ai=0 ab=0 am=0 pc=0 mismatch=0 rf=0 mode=0
T 346 00000098 1 1 0 0 0 0 0 0 1 0 1 1 0 0
R 346 171 00000098 0000006f
C 346 00000098 1 0 0 1 5 0
SAMPLE 347 ai=0 ab=0 am=0 pc=0 mismatch=0 rf=0 mode=0
T 347 00000098 0 1 0 0 0 0 0 0 1 0 0 0 0 0
C 347 00000098 0 0 0 0 5 0
SAMPLE 348 ai=0 ab=0 am=0 pc=0 mismatch=0 rf=0 mode=0
T 348 00000098 1 1 0 0 0 0 0 0 1 0 1 1 0 0
R 348 172 00000098 0000006f
C 348 00000098 1 0 0 1 5 0
SAMPLE 349 ai=0 ab=0 am=0 pc=0 mismatch=0 rf=0 mode=0
T 349 00000098 0 1 0 0 0 0 0 0 1 0 0 0 0 0
C 349 00000098 0 0 0 0 5 0
SAMPLE 350 ai=0 ab=0 am=0 pc=0 mismatch=0 rf=0 mode=0
T 350 00000098 1 1 0 0 0 0 0 0 1 0 1 1 0 0
R 350 173 00000098 0000006f
C 350 00000098 1 0 0 1 5 0
SAMPLE 351 ai=0 ab=0 am=0 pc=0 mismatch=0 rf=0 mode=0
T 351 00000098 0 1 0 0 0 0 0 0 1 0 0 0 0 0
C 351 00000098 0 0 0 0 5 0
SAMPLE 352 ai=0 ab=0 am=0 pc=0 mismatch=0 rf=0 mode=0
T 352 00000098 1 1 0 0 0 0 0 0 1 0 1 1 0 0
R 352 174 00000098 0000006f
C 352 00000098 1 0 0 1 5 0
SAMPLE 353 ai=0 ab=0 am=0 pc=0 mismatch=0 rf=0 mode=0
T 353 00000098 0 1 0 0 0 0 0 0 1 0 0 0 0 0
C 353 00000098 0 0 0 0 5 0
SAMPLE 354 ai=0 ab=0 am=0 pc=0 mismatch=0 rf=0 mode=0
T 354 00000098 1 1 0 0 0 0 0 0 1 0 1 1 0 0
R 354 175 00000098 0000006f
C 354 00000098 1 0 0 1 5 0
SAMPLE 355 ai=0 ab=0 am=0 pc=0 mismatch=0 rf=0 mode=0
T 355 00000098 0 1 0 0 0 0 0 0 1 0 0 0 0 0
C 355 00000098 0 0 0 0 5 0
SAMPLE 356 ai=0 ab=0 am=0 pc=0 mismatch=0 rf=0 mode=0
T 356 00000098 1 1 0 0 0 0 0 0 1 0 1 1 0 0
R 356 176 00000098 0000006f
C 356 00000098 1 0 0 1 5 0
SAMPLE 357 ai=0 ab=0 am=0 pc=0 mismatch=0 rf=0 mode=0
T 357 00000098 0 1 0 0 0 0 0 0 1 0 0 0 0 0
C 357 00000098 0 0 0 0 5 0
SAMPLE 358 ai=0 ab=0 am=0 pc=0 mismatch=0 rf=0 mode=0
T 358 00000098 1 1 0 0 0 0 0 0 1 0 1 1 0 0
R 358 177 00000098 0000006f
C 358 00000098 1 0 0 1 5 0
SAMPLE 359 ai=0 ab=0 am=0 pc=0 mismatch=0 rf=0 mode=0
T 359 00000098 0 1 0 0 0 0 0 0 1 0 0 0 0 0
C 359 00000098 0 0 0 0 5 0
SAMPLE 360 ai=0 ab=0 am=0 pc=0 mismatch=0 rf=0 mode=0
T 360 00000098 1 1 0 0 0 0 0 0 1 0 1 1 0 0
R 360 178 00000098 0000006f
C 360 00000098 1 0 0 1 5 0
T 361 00000098 0 1 0 0 0 0 0 0 1 0 0 0 0 0
C 361 00000098 0 0 0 0 5 0
T 362 00000098 1 1 0 0 0 0 0 0 1 0 1 1 0 0
R 362 179 00000098 0000006f
C 362 00000098 1 0 0 1 5 0
T 363 00000098 0 1 0 0 0 0 0 0 1 0 0 0 0 0
C 363 00000098 0 0 0 0 5 0
T 364 00000098 1 1 0 0 0 0 0 0 1 0 1 1 0 0
R 364 180 00000098 0000006f
C 364 00000098 1 0 0 1 5 0
T 365 00000098 0 1 0 0 0 0 0 0 1 0 0 0 0 0
C 365 00000098 0 0 0 0 5 0
T 366 00000098 1 1 0 0 0 0 0 0 1 0 1 1 0 0
R 366 181 00000098 0000006f
C 366 00000098 1 0 0 1 5 0
T 367 00000098 0 1 0 0 0 0 0 0 1 0 0 0 0 0
C 367 00000098 0 0 0 0 5 0
T 368 00000098 1 1 0 0 0 0 0 0 1 0 1 1 0 0
R 368 182 00000098 0000006f
C 368 00000098 1 0 0 1 5 0
T 369 00000098 0 1 0 0 0 0 0 0 1 0 0 0 0 0
C 369 00000098 0 0 0 0 5 0
T 370 00000098 1 1 0 0 0 0 0 0 1 0 1 1 0 0
R 370 183 00000098 0000006f
C 370 00000098 1 0 0 1 5 0
T 371 00000098 0 1 0 0 0 0 0 0 1 0 0 0 0 0
C 371 00000098 0 0 0 0 5 0
T 372 00000098 1 1 0 0 0 0 0 0 1 0 1 1 0 0
R 372 184 00000098 0000006f
C 372 00000098 1 0 0 1 5 0
T 373 00000098 0 1 0 0 0 0 0 0 1 0 0 0 0 0
C 373 00000098 0 0 0 0 5 0
T 374 00000098 1 1 0 0 0 0 0 0 1 0 1 1 0 0
R 374 185 00000098 0000006f
C 374 00000098 1 0 0 1 5 0
T 375 00000098 0 1 0 0 0 0 0 0 1 0 0 0 0 0
C 375 00000098 0 0 0 0 5 0
T 376 00000098 1 1 0 0 0 0 0 0 1 0 1 1 0 0
R 376 186 00000098 0000006f
C 376 00000098 1 0 0 1 5 0
T 377 00000098 0 1 0 0 0 0 0 0 1 0 0 0 0 0
C 377 00000098 0 0 0 0 5 0
T 378 00000098 1 1 0 0 0 0 0 0 1 0 1 1 0 0
R 378 187 00000098 0000006f
C 378 00000098 1 0 0 1 5 0
T 379 00000098 0 1 0 0 0 0 0 0 1 0 0 0 0 0
C 379 00000098 0 0 0 0 5 0
T 380 00000098 1 1 0 0 0 0 0 0 1 0 1 1 0 0
R 380 188 00000098 0000006f
C 380 00000098 1 0 0 1 5 0
T 381 00000098 0 1 0 0 0 0 0 0 1 0 0 0 0 0
C 381 00000098 0 0 0 0 5 0
T 382 00000098 1 1 0 0 0 0 0 0 1 0 1 1 0 0
R 382 189 00000098 0000006f
C 382 00000098 1 0 0 1 5 0
T 383 00000098 0 1 0 0 0 0 0 0 1 0 0 0 0 0
C 383 00000098 0 0 0 0 5 0
T 384 00000098 1 1 0 0 0 0 0 0 1 0 1 1 0 0
R 384 190 00000098 0000006f
C 384 00000098 1 0 0 1 5 0
T 385 00000098 0 1 0 0 0 0 0 0 1 0 0 0 0 0
C 385 00000098 0 0 0 0 5 0
T 386 00000098 1 1 0 0 0 0 0 0 1 0 1 1 0 0
R 386 191 00000098 0000006f
C 386 00000098 1 0 0 1 5 0
T 387 00000098 0 1 0 0 0 0 0 0 1 0 0 0 0 0
C 387 00000098 0 0 0 0 5 0
T 388 00000098 1 1 0 0 0 0 0 0 1 0 1 1 0 0
R 388 192 00000098 0000006f
C 388 00000098 1 0 0 1 5 0
T 389 00000098 0 1 0 0 0 0 0 0 1 0 0 0 0 0
C 389 00000098 0 0 0 0 5 0
T 390 00000098 1 1 0 0 0 0 0 0 1 0 1 1 0 0
R 390 193 00000098 0000006f
C 390 00000098 1 0 0 1 5 0
T 391 00000098 0 1 0 0 0 0 0 0 1 0 0 0 0 0
C 391 00000098 0 0 0 0 5 0
T 392 00000098 1 1 0 0 0 0 0 0 1 0 1 1 0 0
R 392 194 00000098 0000006f
C 392 00000098 1 0 0 1 5 0
T 393 00000098 0 1 0 0 0 0 0 0 1 0 0 0 0 0
C 393 00000098 0 0 0 0 5 0
T 394 00000098 1 1 0 0 0 0 0 0 1 0 1 1 0 0
R 394 195 00000098 0000006f
C 394 00000098 1 0 0 1 5 0
T 395 00000098 0 1 0 0 0 0 0 0 1 0 0 0 0 0
C 395 00000098 0 0 0 0 5 0
T 396 00000098 1 1 0 0 0 0 0 0 1 0 1 1 0 0
R 396 196 00000098 0000006f
C 396 00000098 1 0 0 1 5 0
T 397 00000098 0 1 0 0 0 0 0 0 1 0 0 0 0 0
C 397 00000098 0 0 0 0 5 0
T 398 00000098 1 1 0 0 0 0 0 0 1 0 1 1 0 0
R 398 197 00000098 0000006f
C 398 00000098 1 0 0 1 5 0
T 399 00000098 0 1 0 0 0 0 0 0 1 0 0 0 0 0
C 399 00000098 0 0 0 0 5 0
T 400 00000098 1 1 0 0 0 0 0 0 1 0 1 1 0 0
R 400 198 00000098 0000006f
C 400 00000098 1 0 0 1 5 0
T 401 00000098 0 1 0 0 0 0 0 0 1 0 0 0 0 0
C 401 00000098 0 0 0 0 5 0
T 402 00000098 1 1 0 0 0 0 0 0 1 0 1 1 0 0
R 402 199 00000098 0000006f
C 402 00000098 1 0 0 1 5 0
T 403 00000098 0 1 0 0 0 0 0 0 1 0 0 0 0 0
C 403 00000098 0 0 0 0 5 0
T 404 00000098 1 1 0 0 0 0 0 0 1 0 1 1 0 0
R 404 200 00000098 0000006f
C 404 00000098 1 0 0 1 5 0
T 405 00000098 0 1 0 0 0 0 0 0 1 0 0 0 0 0
C 405 00000098 0 0 0 0 5 0
T 406 00000098 1 1 0 0 0 0 0 0 1 0 1 1 0 0
R 406 201 00000098 0000006f
C 406 00000098 1 0 0 1 5 0
T 407 00000098 0 1 0 0 0 0 0 0 1 0 0 0 0 0
C 407 00000098 0 0 0 0 5 0
T 408 00000098 1 1 0 0 0 0 0 0 1 0 1 1 0 0
R 408 202 00000098 0000006f
C 408 00000098 1 0 0 1 5 0
T 409 00000098 0 1 0 0 0 0 0 0 1 0 0 0 0 0
C 409 00000098 0 0 0 0 5 0
T 410 00000098 1 1 0 0 0 0 0 0 1 0 1 1 0 0
R 410 203 00000098 0000006f
C 410 00000098 1 0 0 1 5 0
T 411 00000098 0 1 0 0 0 0 0 0 1 0 0 0 0 0
C 411 00000098 0 0 0 0 5 0
T 412 00000098 1 1 0 0 0 0 0 0 1 0 1 1 0 0
R 412 204 00000098 0000006f
C 412 00000098 1 0 0 1 5 0
T 413 00000098 0 1 0 0 0 0 0 0 1 0 0 0 0 0
C 413 00000098 0 0 0 0 5 0
T 414 00000098 1 1 0 0 0 0 0 0 1 0 1 1 0 0
R 414 205 00000098 0000006f
C 414 00000098 1 0 0 1 5 0
T 415 00000098 0 1 0 0 0 0 0 0 1 0 0 0 0 0
C 415 00000098 0 0 0 0 5 0
T 416 00000098 1 1 0 0 0 0 0 0 1 0 1 1 0 0
R 416 206 00000098 0000006f
C 416 00000098 1 0 0 1 5 0
T 417 00000098 0 1 0 0 0 0 0 0 1 0 0 0 0 0
C 417 00000098 0 0 0 0 5 0
T 418 00000098 1 1 0 0 0 0 0 0 1 0 1 1 0 0
R 418 207 00000098 0000006f
C 418 00000098 1 0 0 1 5 0
T 419 00000098 0 1 0 0 0 0 0 0 1 0 0 0 0 0
C 419 00000098 0 0 0 0 5 0
T 420 00000098 1 1 0 0 0 0 0 0 1 0 1 1 0 0
R 420 208 00000098 0000006f
C 420 00000098 1 0 0 1 5 0
T 421 00000098 0 1 0 0 0 0 0 0 1 0 0 0 0 0
C 421 00000098 0 0 0 0 5 0
T 422 00000098 1 1 0 0 0 0 0 0 1 0 1 1 0 0
R 422 209 00000098 0000006f
C 422 00000098 1 0 0 1 5 0
T 423 00000098 0 1 0 0 0 0 0 0 1 0 0 0 0 0
C 423 00000098 0 0 0 0 5 0
T 424 00000098 1 1 0 0 0 0 0 0 1 0 1 1 0 0
R 424 210 00000098 0000006f
C 424 00000098 1 0 0 1 5 0
T 425 00000098 0 1 0 0 0 0 0 0 1 0 0 0 0 0
C 425 00000098 0 0 0 0 5 0
T 426 00000098 1 1 0 0 0 0 0 0 1 0 1 1 0 0
R 426 211 00000098 0000006f
C 426 00000098 1 0 0 1 5 0
T 427 00000098 0 1 0 0 0 0 0 0 1 0 0 0 0 0
C 427 00000098 0 0 0 0 5 0
T 428 00000098 1 1 0 0 0 0 0 0 1 0 1 1 0 0
R 428 212 00000098 0000006f
C 428 00000098 1 0 0 1 5 0
T 429 00000098 0 1 0 0 0 0 0 0 1 0 0 0 0 0
C 429 00000098 0 0 0 0 5 0
T 430 00000098 1 1 0 0 0 0 0 0 1 0 1 1 0 0
R 430 213 00000098 0000006f
C 430 00000098 1 0 0 1 5 0
T 431 00000098 0 1 0 0 0 0 0 0 1 0 0 0 0 0
C 431 00000098 0 0 0 0 5 0
T 432 00000098 1 1 0 0 0 0 0 0 1 0 1 1 0 0
R 432 214 00000098 0000006f
C 432 00000098 1 0 0 1 5 0
T 433 00000098 0 1 0 0 0 0 0 0 1 0 0 0 0 0
C 433 00000098 0 0 0 0 5 0
T 434 00000098 1 1 0 0 0 0 0 0 1 0 1 1 0 0
R 434 215 00000098 0000006f
C 434 00000098 1 0 0 1 5 0
T 435 00000098 0 1 0 0 0 0 0 0 1 0 0 0 0 0
C 435 00000098 0 0 0 0 5 0
T 436 00000098 1 1 0 0 0 0 0 0 1 0 1 1 0 0
R 436 216 00000098 0000006f
C 436 00000098 1 0 0 1 5 0
T 437 00000098 0 1 0 0 0 0 0 0 1 0 0 0 0 0
C 437 00000098 0 0 0 0 5 0
T 438 00000098 1 1 0 0 0 0 0 0 1 0 1 1 0 0
R 438 217 00000098 0000006f
C 438 00000098 1 0 0 1 5 0
T 439 00000098 0 1 0 0 0 0 0 0 1 0 0 0 0 0
C 439 00000098 0 0 0 0 5 0
T 440 00000098 1 1 0 0 0 0 0 0 1 0 1 1 0 0
R 440 218 00000098 0000006f
C 440 00000098 1 0 0 1 5 0
T 441 00000098 0 1 0 0 0 0 0 0 1 0 0 0 0 0
C 441 00000098 0 0 0 0 5 0
T 442 00000098 1 1 0 0 0 0 0 0 1 0 1 1 0 0
R 442 219 00000098 0000006f
C 442 00000098 1 0 0 1 5 0
T 443 00000098 0 1 0 0 0 0 0 0 1 0 0 0 0 0
C 443 00000098 0 0 0 0 5 0
T 444 00000098 1 1 0 0 0 0 0 0 1 0 1 1 0 0
R 444 220 00000098 0000006f
C 444 00000098 1 0 0 1 5 0
T 445 00000098 0 1 0 0 0 0 0 0 1 0 0 0 0 0
C 445 00000098 0 0 0 0 5 0
T 446 00000098 1 1 0 0 0 0 0 0 1 0 1 1 0 0
R 446 221 00000098 0000006f
C 446 00000098 1 0 0 1 5 0
T 447 00000098 0 1 0 0 0 0 0 0 1 0 0 0 0 0
C 447 00000098 0 0 0 0 5 0
T 448 00000098 1 1 0 0 0 0 0 0 1 0 1 1 0 0
R 448 222 00000098 0000006f
C 448 00000098 1 0 0 1 5 0
T 449 00000098 0 1 0 0 0 0 0 0 1 0 0 0 0 0
C 449 00000098 0 0 0 0 5 0
T 450 00000098 1 1 0 0 0 0 0 0 1 0 1 1 0 0
R 450 223 00000098 0000006f
C 450 00000098 1 0 0 1 5 0
T 451 00000098 0 1 0 0 0 0 0 0 1 0 0 0 0 0
C 451 00000098 0 0 0 0 5 0
T 452 00000098 1 1 0 0 0 0 0 0 1 0 1 1 0 0
R 452 224 00000098 0000006f
C 452 00000098 1 0 0 1 5 0
T 453 00000098 0 1 0 0 0 0 0 0 1 0 0 0 0 0
C 453 00000098 0 0 0 0 5 0
T 454 00000098 1 1 0 0 0 0 0 0 1 0 1 1 0 0
R 454 225 00000098 0000006f
C 454 00000098 1 0 0 1 5 0
T 455 00000098 0 1 0 0 0 0 0 0 1 0 0 0 0 0
C 455 00000098 0 0 0 0 5 0
T 456 00000098 1 1 0 0 0 0 0 0 1 0 1 1 0 0
R 456 226 00000098 0000006f
C 456 00000098 1 0 0 1 5 0
T 457 00000098 0 1 0 0 0 0 0 0 1 0 0 0 0 0
C 457 00000098 0 0 0 0 5 0
T 458 00000098 1 1 0 0 0 0 0 0 1 0 1 1 0 0
R 458 227 00000098 0000006f
C 458 00000098 1 0 0 1 5 0
T 459 00000098 0 1 0 0 0 0 0 0 1 0 0 0 0 0
C 459 00000098 0 0 0 0 5 0
T 460 00000098 1 1 0 0 0 0 0 0 1 0 1 1 0 0
R 460 228 00000098 0000006f
C 460 00000098 1 0 0 1 5 0
T 461 00000098 0 1 0 0 0 0 0 0 1 0 0 0 0 0
C 461 00000098 0 0 0 0 5 0
T 462 00000098 1 1 0 0 0 0 0 0 1 0 1 1 0 0
R 462 229 00000098 0000006f
C 462 00000098 1 0 0 1 5 0
T 463 00000098 0 1 0 0 0 0 0 0 1 0 0 0 0 0
C 463 00000098 0 0 0 0 5 0
T 464 00000098 1 1 0 0 0 0 0 0 1 0 1 1 0 0
R 464 230 00000098 0000006f
C 464 00000098 1 0 0 1 5 0
T 465 00000098 0 1 0 0 0 0 0 0 1 0 0 0 0 0
C 465 00000098 0 0 0 0 5 0
T 466 00000098 1 1 0 0 0 0 0 0 1 0 1 1 0 0
R 466 231 00000098 0000006f
C 466 00000098 1 0 0 1 5 0
T 467 00000098 0 1 0 0 0 0 0 0 1 0 0 0 0 0
C 467 00000098 0 0 0 0 5 0
T 468 00000098 1 1 0 0 0 0 0 0 1 0 1 1 0 0
R 468 232 00000098 0000006f
C 468 00000098 1 0 0 1 5 0
T 469 00000098 0 1 0 0 0 0 0 0 1 0 0 0 0 0
C 469 00000098 0 0 0 0 5 0
T 470 00000098 1 1 0 0 0 0 0 0 1 0 1 1 0 0
R 470 233 00000098 0000006f
C 470 00000098 1 0 0 1 5 0
T 471 00000098 0 1 0 0 0 0 0 0 1 0 0 0 0 0
C 471 00000098 0 0 0 0 5 0
T 472 00000098 1 1 0 0 0 0 0 0 1 0 1 1 0 0
R 472 234 00000098 0000006f
C 472 00000098 1 0 0 1 5 0
T 473 00000098 0 1 0 0 0 0 0 0 1 0 0 0 0 0
C 473 00000098 0 0 0 0 5 0
T 474 00000098 1 1 0 0 0 0 0 0 1 0 1 1 0 0
R 474 235 00000098 0000006f
C 474 00000098 1 0 0 1 5 0
T 475 00000098 0 1 0 0 0 0 0 0 1 0 0 0 0 0
C 475 00000098 0 0 0 0 5 0
T 476 00000098 1 1 0 0 0 0 0 0 1 0 1 1 0 0
R 476 236 00000098 0000006f
C 476 00000098 1 0 0 1 5 0
T 477 00000098 0 1 0 0 0 0 0 0 1 0 0 0 0 0
C 477 00000098 0 0 0 0 5 0
T 478 00000098 1 1 0 0 0 0 0 0 1 0 1 1 0 0
R 478 237 00000098 0000006f
C 478 00000098 1 0 0 1 5 0
T 479 00000098 0 1 0 0 0 0 0 0 1 0 0 0 0 0
C 479 00000098 0 0 0 0 5 0
T 480 00000098 1 1 0 0 0 0 0 0 1 0 1 1 0 0
R 480 238 00000098 0000006f
C 480 00000098 1 0 0 1 5 0
T 481 00000098 0 1 0 0 0 0 0 0 1 0 0 0 0 0
C 481 00000098 0 0 0 0 5 0
T 482 00000098 1 1 0 0 0 0 0 0 1 0 1 1 0 0
R 482 239 00000098 0000006f
C 482 00000098 1 0 0 1 5 0
T 483 00000098 0 1 0 0 0 0 0 0 1 0 0 0 0 0
C 483 00000098 0 0 0 0 5 0
T 484 00000098 1 1 0 0 0 0 0 0 1 0 1 1 0 0
R 484 240 00000098 0000006f
C 484 00000098 1 0 0 1 5 0
T 485 00000098 0 1 0 0 0 0 0 0 1 0 0 0 0 0
C 485 00000098 0 0 0 0 5 0
T 486 00000098 1 1 0 0 0 0 0 0 1 0 1 1 0 0
R 486 241 00000098 0000006f
C 486 00000098 1 0 0 1 5 0
T 487 00000098 0 1 0 0 0 0 0 0 1 0 0 0 0 0
C 487 00000098 0 0 0 0 5 0
T 488 00000098 1 1 0 0 0 0 0 0 1 0 1 1 0 0
R 488 242 00000098 0000006f
C 488 00000098 1 0 0 1 5 0
T 489 00000098 0 1 0 0 0 0 0 0 1 0 0 0 0 0
C 489 00000098 0 0 0 0 5 0
T 490 00000098 1 1 0 0 0 0 0 0 1 0 1 1 0 0
R 490 243 00000098 0000006f
C 490 00000098 1 0 0 1 5 0
T 491 00000098 0 1 0 0 0 0 0 0 1 0 0 0 0 0
C 491 00000098 0 0 0 0 5 0
T 492 00000098 1 1 0 0 0 0 0 0 1 0 1 1 0 0
R 492 244 00000098 0000006f
C 492 00000098 1 0 0 1 5 0
T 493 00000098 0 1 0 0 0 0 0 0 1 0 0 0 0 0
C 493 00000098 0 0 0 0 5 0
T 494 00000098 1 1 0 0 0 0 0 0 1 0 1 1 0 0
R 494 245 00000098 0000006f
C 494 00000098 1 0 0 1 5 0
T 495 00000098 0 1 0 0 0 0 0 0 1 0 0 0 0 0
C 495 00000098 0 0 0 0 5 0
T 496 00000098 1 1 0 0 0 0 0 0 1 0 1 1 0 0
R 496 246 00000098 0000006f
C 496 00000098 1 0 0 1 5 0
T 497 00000098 0 1 0 0 0 0 0 0 1 0 0 0 0 0
C 497 00000098 0 0 0 0 5 0
T 498 00000098 1 1 0 0 0 0 0 0 1 0 1 1 0 0
R 498 247 00000098 0000006f
C 498 00000098 1 0 0 1 5 0
T 499 00000098 0 1 0 0 0 0 0 0 1 0 0 0 0 0
C 499 00000098 0 0 0 0 5 0
T 500 00000098 1 1 0 0 0 0 0 0 1 0 1 1 0 0
R 500 248 00000098 0000006f
C 500 00000098 1 0 0 1 5 0
T 501 00000098 0 1 0 0 0 0 0 0 1 0 0 0 0 0
C 501 00000098 0 0 0 0 5 0
T 502 00000098 1 1 0 0 0 0 0 0 1 0 1 1 0 0
R 502 249 00000098 0000006f
C 502 00000098 1 0 0 1 5 0
T 503 00000098 0 1 0 0 0 0 0 0 1 0 0 0 0 0
C 503 00000098 0 0 0 0 5 0
T 504 00000098 1 1 0 0 0 0 0 0 1 0 1 1 0 0
R 504 250 00000098 0000006f
C 504 00000098 1 0 0 1 5 0
T 505 00000098 0 1 0 0 0 0 0 0 1 0 0 0 0 0
C 505 00000098 0 0 0 0 5 0
T 506 00000098 1 1 0 0 0 0 0 0 1 0 1 1 0 0
R 506 251 00000098 0000006f
C 506 00000098 1 0 0 1 5 0
T 507 00000098 0 1 0 0 0 0 0 0 1 0 0 0 0 0
C 507 00000098 0 0 0 0 5 0
T 508 00000098 1 1 0 0 0 0 0 0 1 0 1 1 0 0
R 508 252 00000098 0000006f
C 508 00000098 1 0 0 1 5 0
T 509 00000098 0 1 0 0 0 0 0 0 1 0 0 0 0 0
C 509 00000098 0 0 0 0 5 0
T 510 00000098 1 1 0 0 0 0 0 0 1 0 1 1 0 0
R 510 253 00000098 0000006f
C 510 00000098 1 0 0 1 5 0
T 511 00000098 0 1 0 0 0 0 0 0 1 0 0 0 0 0
C 511 00000098 0 0 0 0 5 0
T 512 00000098 1 1 0 0 0 0 0 0 1 0 1 1 0 0
R 512 254 00000098 0000006f
C 512 00000098 1 0 0 1 5 0
T 513 00000098 0 1 0 0 0 0 0 0 1 0 0 0 0 0
C 513 00000098 0 0 0 0 5 0
T 514 00000098 1 1 0 0 0 0 0 0 1 0 1 1 0 0
R 514 255 00000098 0000006f
C 514 00000098 1 0 0 1 5 0
T 515 00000098 0 1 0 0 0 0 0 0 1 0 0 0 0 0
C 515 00000098 0 0 0 0 5 0
T 516 00000098 1 1 0 0 0 0 0 0 1 0 1 1 0 0
R 516 256 00000098 0000006f
C 516 00000098 1 0 0 1 5 0
T 517 00000098 0 1 0 0 0 0 0 0 1 0 0 0 0 0
C 517 00000098 0 0 0 0 5 0
T 518 00000098 1 1 0 0 0 0 0 0 1 0 1 1 0 0
R 518 257 00000098 0000006f
C 518 00000098 1 0 0 1 5 0
T 519 00000098 0 1 0 0 0 0 0 0 1 0 0 0 0 0
C 519 00000098 0 0 0 0 5 0
T 520 00000098 1 1 0 0 0 0 0 0 1 0 1 1 0 0
R 520 258 00000098 0000006f
C 520 00000098 1 0 0 1 5 0
T 521 00000098 0 1 0 0 0 0 0 0 1 0 0 0 0 0
C 521 00000098 0 0 0 0 5 0
T 522 00000098 1 1 0 0 0 0 0 0 1 0 1 1 0 0
R 522 259 00000098 0000006f
C 522 00000098 1 0 0 1 5 0
T 523 00000098 0 1 0 0 0 0 0 0 1 0 0 0 0 0
C 523 00000098 0 0 0 0 5 0
T 524 00000098 1 1 0 0 0 0 0 0 1 0 1 1 0 0
R 524 260 00000098 0000006f
C 524 00000098 1 0 0 1 5 0
T 525 00000098 0 1 0 0 0 0 0 0 1 0 0 0 0 0
C 525 00000098 0 0 0 0 5 0
T 526 00000098 1 1 0 0 0 0 0 0 1 0 1 1 0 0
R 526 261 00000098 0000006f
C 526 00000098 1 0 0 1 5 0
T 527 00000098 0 1 0 0 0 0 0 0 1 0 0 0 0 0
C 527 00000098 0 0 0 0 5 0
T 528 00000098 1 1 0 0 0 0 0 0 1 0 1 1 0 0
R 528 262 00000098 0000006f
C 528 00000098 1 0 0 1 5 0
T 529 00000098 0 1 0 0 0 0 0 0 1 0 0 0 0 0
C 529 00000098 0 0 0 0 5 0
T 530 00000098 1 1 0 0 0 0 0 0 1 0 1 1 0 0
R 530 263 00000098 0000006f
C 530 00000098 1 0 0 1 5 0
T 531 00000098 0 1 0 0 0 0 0 0 1 0 0 0 0 0
C 531 00000098 0 0 0 0 5 0
T 532 00000098 1 1 0 0 0 0 0 0 1 0 1 1 0 0
R 532 264 00000098 0000006f
C 532 00000098 1 0 0 1 5 0
T 533 00000098 0 1 0 0 0 0 0 0 1 0 0 0 0 0
C 533 00000098 0 0 0 0 5 0
T 534 00000098 1 1 0 0 0 0 0 0 1 0 1 1 0 0
R 534 265 00000098 0000006f
C 534 00000098 1 0 0 1 5 0
T 535 00000098 0 1 0 0 0 0 0 0 1 0 0 0 0 0
C 535 00000098 0 0 0 0 5 0
T 536 00000098 1 1 0 0 0 0 0 0 1 0 1 1 0 0
R 536 266 00000098 0000006f
C 536 00000098 1 0 0 1 5 0
T 537 00000098 0 1 0 0 0 0 0 0 1 0 0 0 0 0
C 537 00000098 0 0 0 0 5 0
T 538 00000098 1 1 0 0 0 0 0 0 1 0 1 1 0 0
R 538 267 00000098 0000006f
C 538 00000098 1 0 0 1 5 0
T 539 00000098 0 1 0 0 0 0 0 0 1 0 0 0 0 0
C 539 00000098 0 0 0 0 5 0
T 540 00000098 1 1 0 0 0 0 0 0 1 0 1 1 0 0
R 540 268 00000098 0000006f
C 540 00000098 1 0 0 1 5 0
T 541 00000098 0 1 0 0 0 0 0 0 1 0 0 0 0 0
C 541 00000098 0 0 0 0 5 0
T 542 00000098 1 1 0 0 0 0 0 0 1 0 1 1 0 0
R 542 269 00000098 0000006f
C 542 00000098 1 0 0 1 5 0
T 543 00000098 0 1 0 0 0 0 0 0 1 0 0 0 0 0
C 543 00000098 0 0 0 0 5 0
T 544 00000098 1 1 0 0 0 0 0 0 1 0 1 1 0 0
R 544 270 00000098 0000006f
C 544 00000098 1 0 0 1 5 0
T 545 00000098 0 1 0 0 0 0 0 0 1 0 0 0 0 0
C 545 00000098 0 0 0 0 5 0
T 546 00000098 1 1 0 0 0 0 0 0 1 0 1 1 0 0
R 546 271 00000098 0000006f
C 546 00000098 1 0 0 1 5 0
T 547 00000098 0 1 0 0 0 0 0 0 1 0 0 0 0 0
C 547 00000098 0 0 0 0 5 0
T 548 00000098 1 1 0 0 0 0 0 0 1 0 1 1 0 0
R 548 272 00000098 0000006f
C 548 00000098 1 0 0 1 5 0
T 549 00000098 0 1 0 0 0 0 0 0 1 0 0 0 0 0
C 549 00000098 0 0 0 0 5 0
T 550 00000098 1 1 0 0 0 0 0 0 1 0 1 1 0 0
R 550 273 00000098 0000006f
C 550 00000098 1 0 0 1 5 0
T 551 00000098 0 1 0 0 0 0 0 0 1 0 0 0 0 0
C 551 00000098 0 0 0 0 5 0
T 552 00000098 1 1 0 0 0 0 0 0 1 0 1 1 0 0
R 552 274 00000098 0000006f
C 552 00000098 1 0 0 1 5 0
T 553 00000098 0 1 0 0 0 0 0 0 1 0 0 0 0 0
C 553 00000098 0 0 0 0 5 0
T 554 00000098 1 1 0 0 0 0 0 0 1 0 1 1 0 0
R 554 275 00000098 0000006f
C 554 00000098 1 0 0 1 5 0
T 555 00000098 0 1 0 0 0 0 0 0 1 0 0 0 0 0
C 555 00000098 0 0 0 0 5 0
T 556 00000098 1 1 0 0 0 0 0 0 1 0 1 1 0 0
R 556 276 00000098 0000006f
C 556 00000098 1 0 0 1 5 0
T 557 00000098 0 1 0 0 0 0 0 0 1 0 0 0 0 0
C 557 00000098 0 0 0 0 5 0
T 558 00000098 1 1 0 0 0 0 0 0 1 0 1 1 0 0
R 558 277 00000098 0000006f
C 558 00000098 1 0 0 1 5 0
T 559 00000098 0 1 0 0 0 0 0 0 1 0 0 0 0 0
C 559 00000098 0 0 0 0 5 0
T 560 00000098 1 1 0 0 0 0 0 0 1 0 1 1 0 0
R 560 278 00000098 0000006f
C 560 00000098 1 0 0 1 5 0
T 561 00000098 0 1 0 0 0 0 0 0 1 0 0 0 0 0
C 561 00000098 0 0 0 0 5 0
T 562 00000098 1 1 0 0 0 0 0 0 1 0 1 1 0 0
R 562 279 00000098 0000006f
C 562 00000098 1 0 0 1 5 0
T 563 00000098 0 1 0 0 0 0 0 0 1 0 0 0 0 0
C 563 00000098 0 0 0 0 5 0
T 564 00000098 1 1 0 0 0 0 0 0 1 0 1 1 0 0
R 564 280 00000098 0000006f
C 564 00000098 1 0 0 1 5 0
T 565 00000098 0 1 0 0 0 0 0 0 1 0 0 0 0 0
C 565 00000098 0 0 0 0 5 0
T 566 00000098 1 1 0 0 0 0 0 0 1 0 1 1 0 0
R 566 281 00000098 0000006f
C 566 00000098 1 0 0 1 5 0
T 567 00000098 0 1 0 0 0 0 0 0 1 0 0 0 0 0
C 567 00000098 0 0 0 0 5 0
T 568 00000098 1 1 0 0 0 0 0 0 1 0 1 1 0 0
R 568 282 00000098 0000006f
C 568 00000098 1 0 0 1 5 0
T 569 00000098 0 1 0 0 0 0 0 0 1 0 0 0 0 0
C 569 00000098 0 0 0 0 5 0
T 570 00000098 1 1 0 0 0 0 0 0 1 0 1 1 0 0
R 570 283 00000098 0000006f
C 570 00000098 1 0 0 1 5 0
T 571 00000098 0 1 0 0 0 0 0 0 1 0 0 0 0 0
C 571 00000098 0 0 0 0 5 0
T 572 00000098 1 1 0 0 0 0 0 0 1 0 1 1 0 0
R 572 284 00000098 0000006f
C 572 00000098 1 0 0 1 5 0
T 573 00000098 0 1 0 0 0 0 0 0 1 0 0 0 0 0
C 573 00000098 0 0 0 0 5 0
T 574 00000098 1 1 0 0 0 0 0 0 1 0 1 1 0 0
R 574 285 00000098 0000006f
C 574 00000098 1 0 0 1 5 0
T 575 00000098 0 1 0 0 0 0 0 0 1 0 0 0 0 0
C 575 00000098 0 0 0 0 5 0
T 576 00000098 1 1 0 0 0 0 0 0 1 0 1 1 0 0
R 576 286 00000098 0000006f
C 576 00000098 1 0 0 1 5 0
T 577 00000098 0 1 0 0 0 0 0 0 1 0 0 0 0 0
C 577 00000098 0 0 0 0 5 0
T 578 00000098 1 1 0 0 0 0 0 0 1 0 1 1 0 0
R 578 287 00000098 0000006f
C 578 00000098 1 0 0 1 5 0
T 579 00000098 0 1 0 0 0 0 0 0 1 0 0 0 0 0
C 579 00000098 0 0 0 0 5 0
T 580 00000098 1 1 0 0 0 0 0 0 1 0 1 1 0 0
R 580 288 00000098 0000006f
C 580 00000098 1 0 0 1 5 0
T 581 00000098 0 1 0 0 0 0 0 0 1 0 0 0 0 0
C 581 00000098 0 0 0 0 5 0
T 582 00000098 1 1 0 0 0 0 0 0 1 0 1 1 0 0
R 582 289 00000098 0000006f
C 582 00000098 1 0 0 1 5 0
T 583 00000098 0 1 0 0 0 0 0 0 1 0 0 0 0 0
C 583 00000098 0 0 0 0 5 0
T 584 00000098 1 1 0 0 0 0 0 0 1 0 1 1 0 0
R 584 290 00000098 0000006f
C 584 00000098 1 0 0 1 5 0
T 585 00000098 0 1 0 0 0 0 0 0 1 0 0 0 0 0
C 585 00000098 0 0 0 0 5 0
T 586 00000098 1 1 0 0 0 0 0 0 1 0 1 1 0 0
R 586 291 00000098 0000006f
C 586 00000098 1 0 0 1 5 0
T 587 00000098 0 1 0 0 0 0 0 0 1 0 0 0 0 0
C 587 00000098 0 0 0 0 5 0
T 588 00000098 1 1 0 0 0 0 0 0 1 0 1 1 0 0
R 588 292 00000098 0000006f
C 588 00000098 1 0 0 1 5 0
T 589 00000098 0 1 0 0 0 0 0 0 1 0 0 0 0 0
C 589 00000098 0 0 0 0 5 0
T 590 00000098 1 1 0 0 0 0 0 0 1 0 1 1 0 0
R 590 293 00000098 0000006f
C 590 00000098 1 0 0 1 5 0
T 591 00000098 0 1 0 0 0 0 0 0 1 0 0 0 0 0
C 591 00000098 0 0 0 0 5 0
T 592 00000098 1 1 0 0 0 0 0 0 1 0 1 1 0 0
R 592 294 00000098 0000006f
C 592 00000098 1 0 0 1 5 0
T 593 00000098 0 1 0 0 0 0 0 0 1 0 0 0 0 0
C 593 00000098 0 0 0 0 5 0
T 594 00000098 1 1 0 0 0 0 0 0 1 0 1 1 0 0
R 594 295 00000098 0000006f
C 594 00000098 1 0 0 1 5 0
T 595 00000098 0 1 0 0 0 0 0 0 1 0 0 0 0 0
C 595 00000098 0 0 0 0 5 0
T 596 00000098 1 1 0 0 0 0 0 0 1 0 1 1 0 0
R 596 296 00000098 0000006f
C 596 00000098 1 0 0 1 5 0
T 597 00000098 0 1 0 0 0 0 0 0 1 0 0 0 0 0
C 597 00000098 0 0 0 0 5 0
T 598 00000098 1 1 0 0 0 0 0 0 1 0 1 1 0 0
R 598 297 00000098 0000006f
C 598 00000098 1 0 0 1 5 0
T 599 00000098 0 1 0 0 0 0 0 0 1 0 0 0 0 0
C 599 00000098 0 0 0 0 5 0
T 600 00000098 1 1 0 0 0 0 0 0 1 0 1 1 0 0
R 600 298 00000098 0000006f
C 600 00000098 1 0 0 1 5 0
T 601 00000098 0 1 0 0 0 0 0 0 1 0 0 0 0 0
C 601 00000098 0 0 0 0 5 0
T 602 00000098 1 1 0 0 0 0 0 0 1 0 1 1 0 0
R 602 299 00000098 0000006f
C 602 00000098 1 0 0 1 5 0
T 603 00000098 0 1 0 0 0 0 0 0 1 0 0 0 0 0
C 603 00000098 0 0 0 0 5 0
T 604 00000098 1 1 0 0 0 0 0 0 1 0 1 1 0 0
R 604 300 00000098 0000006f
C 604 00000098 1 0 0 1 5 0
T 605 00000098 0 1 0 0 0 0 0 0 1 0 0 0 0 0
C 605 00000098 0 0 0 0 5 0
T 606 00000098 1 1 0 0 0 0 0 0 1 0 1 1 0 0
R 606 301 00000098 0000006f
C 606 00000098 1 0 0 1 5 0
T 607 00000098 0 1 0 0 0 0 0 0 1 0 0 0 0 0
C 607 00000098 0 0 0 0 5 0
T 608 00000098 1 1 0 0 0 0 0 0 1 0 1 1 0 0
R 608 302 00000098 0000006f
C 608 00000098 1 0 0 1 5 0
T 609 00000098 0 1 0 0 0 0 0 0 1 0 0 0 0 0
C 609 00000098 0 0 0 0 5 0
T 610 00000098 1 1 0 0 0 0 0 0 1 0 1 1 0 0
R 610 303 00000098 0000006f
C 610 00000098 1 0 0 1 5 0
T 611 00000098 0 1 0 0 0 0 0 0 1 0 0 0 0 0
C 611 00000098 0 0 0 0 5 0
T 612 00000098 1 1 0 0 0 0 0 0 1 0 1 1 0 0
R 612 304 00000098 0000006f
C 612 00000098 1 0 0 1 5 0
T 613 00000098 0 1 0 0 0 0 0 0 1 0 0 0 0 0
C 613 00000098 0 0 0 0 5 0
T 614 00000098 1 1 0 0 0 0 0 0 1 0 1 1 0 0
R 614 305 00000098 0000006f
C 614 00000098 1 0 0 1 5 0
T 615 00000098 0 1 0 0 0 0 0 0 1 0 0 0 0 0
C 615 00000098 0 0 0 0 5 0
T 616 00000098 1 1 0 0 0 0 0 0 1 0 1 1 0 0
R 616 306 00000098 0000006f
C 616 00000098 1 0 0 1 5 0
T 617 00000098 0 1 0 0 0 0 0 0 1 0 0 0 0 0
C 617 00000098 0 0 0 0 5 0
T 618 00000098 1 1 0 0 0 0 0 0 1 0 1 1 0 0
R 618 307 00000098 0000006f
C 618 00000098 1 0 0 1 5 0
T 619 00000098 0 1 0 0 0 0 0 0 1 0 0 0 0 0
C 619 00000098 0 0 0 0 5 0
T 620 00000098 1 1 0 0 0 0 0 0 1 0 1 1 0 0
R 620 308 00000098 0000006f
C 620 00000098 1 0 0 1 5 0
T 621 00000098 0 1 0 0 0 0 0 0 1 0 0 0 0 0
C 621 00000098 0 0 0 0 5 0
T 622 00000098 1 1 0 0 0 0 0 0 1 0 1 1 0 0
R 622 309 00000098 0000006f
C 622 00000098 1 0 0 1 5 0
T 623 00000098 0 1 0 0 0 0 0 0 1 0 0 0 0 0
C 623 00000098 0 0 0 0 5 0
T 624 00000098 1 1 0 0 0 0 0 0 1 0 1 1 0 0
R 624 310 00000098 0000006f
C 624 00000098 1 0 0 1 5 0
T 625 00000098 0 1 0 0 0 0 0 0 1 0 0 0 0 0
C 625 00000098 0 0 0 0 5 0
T 626 00000098 1 1 0 0 0 0 0 0 1 0 1 1 0 0
R 626 311 00000098 0000006f
C 626 00000098 1 0 0 1 5 0
T 627 00000098 0 1 0 0 0 0 0 0 1 0 0 0 0 0
C 627 00000098 0 0 0 0 5 0
T 628 00000098 1 1 0 0 0 0 0 0 1 0 1 1 0 0
R 628 312 00000098 0000006f
C 628 00000098 1 0 0 1 5 0
T 629 00000098 0 1 0 0 0 0 0 0 1 0 0 0 0 0
C 629 00000098 0 0 0 0 5 0
T 630 00000098 1 1 0 0 0 0 0 0 1 0 1 1 0 0
R 630 313 00000098 0000006f
C 630 00000098 1 0 0 1 5 0
T 631 00000098 0 1 0 0 0 0 0 0 1 0 0 0 0 0
C 631 00000098 0 0 0 0 5 0
T 632 00000098 1 1 0 0 0 0 0 0 1 0 1 1 0 0
R 632 314 00000098 0000006f
C 632 00000098 1 0 0 1 5 0
T 633 00000098 0 1 0 0 0 0 0 0 1 0 0 0 0 0
C 633 00000098 0 0 0 0 5 0
T 634 00000098 1 1 0 0 0 0 0 0 1 0 1 1 0 0
R 634 315 00000098 0000006f
C 634 00000098 1 0 0 1 5 0
T 635 00000098 0 1 0 0 0 0 0 0 1 0 0 0 0 0
C 635 00000098 0 0 0 0 5 0
T 636 00000098 1 1 0 0 0 0 0 0 1 0 1 1 0 0
R 636 316 00000098 0000006f
C 636 00000098 1 0 0 1 5 0
T 637 00000098 0 1 0 0 0 0 0 0 1 0 0 0 0 0
C 637 00000098 0 0 0 0 5 0
T 638 00000098 1 1 0 0 0 0 0 0 1 0 1 1 0 0
R 638 317 00000098 0000006f
C 638 00000098 1 0 0 1 5 0
T 639 00000098 0 1 0 0 0 0 0 0 1 0 0 0 0 0
C 639 00000098 0 0 0 0 5 0
T 640 00000098 1 1 0 0 0 0 0 0 1 0 1 1 0 0
R 640 318 00000098 0000006f
C 640 00000098 1 0 0 1 5 0
T 641 00000098 0 1 0 0 0 0 0 0 1 0 0 0 0 0
C 641 00000098 0 0 0 0 5 0
T 642 00000098 1 1 0 0 0 0 0 0 1 0 1 1 0 0
R 642 319 00000098 0000006f
C 642 00000098 1 0 0 1 5 0
T 643 00000098 0 1 0 0 0 0 0 0 1 0 0 0 0 0
C 643 00000098 0 0 0 0 5 0
T 644 00000098 1 1 0 0 0 0 0 0 1 0 1 1 0 0
R 644 320 00000098 0000006f
C 644 00000098 1 0 0 1 5 0
T 645 00000098 0 1 0 0 0 0 0 0 1 0 0 0 0 0
C 645 00000098 0 0 0 0 5 0
T 646 00000098 1 1 0 0 0 0 0 0 1 0 1 1 0 0
R 646 321 00000098 0000006f
C 646 00000098 1 0 0 1 5 0
T 647 00000098 0 1 0 0 0 0 0 0 1 0 0 0 0 0
C 647 00000098 0 0 0 0 5 0
T 648 00000098 1 1 0 0 0 0 0 0 1 0 1 1 0 0
R 648 322 00000098 0000006f
C 648 00000098 1 0 0 1 5 0
T 649 00000098 0 1 0 0 0 0 0 0 1 0 0 0 0 0
C 649 00000098 0 0 0 0 5 0
T 650 00000098 1 1 0 0 0 0 0 0 1 0 1 1 0 0
R 650 323 00000098 0000006f
C 650 00000098 1 0 0 1 5 0
T 651 00000098 0 1 0 0 0 0 0 0 1 0 0 0 0 0
C 651 00000098 0 0 0 0 5 0
T 652 00000098 1 1 0 0 0 0 0 0 1 0 1 1 0 0
R 652 324 00000098 0000006f
C 652 00000098 1 0 0 1 5 0
T 653 00000098 0 1 0 0 0 0 0 0 1 0 0 0 0 0
C 653 00000098 0 0 0 0 5 0
T 654 00000098 1 1 0 0 0 0 0 0 1 0 1 1 0 0
R 654 325 00000098 0000006f
C 654 00000098 1 0 0 1 5 0
T 655 00000098 0 1 0 0 0 0 0 0 1 0 0 0 0 0
C 655 00000098 0 0 0 0 5 0
T 656 00000098 1 1 0 0 0 0 0 0 1 0 1 1 0 0
R 656 326 00000098 0000006f
C 656 00000098 1 0 0 1 5 0
T 657 00000098 0 1 0 0 0 0 0 0 1 0 0 0 0 0
C 657 00000098 0 0 0 0 5 0
T 658 00000098 1 1 0 0 0 0 0 0 1 0 1 1 0 0
R 658 327 00000098 0000006f
C 658 00000098 1 0 0 1 5 0
T 659 00000098 0 1 0 0 0 0 0 0 1 0 0 0 0 0
C 659 00000098 0 0 0 0 5 0
T 660 00000098 1 1 0 0 0 0 0 0 1 0 1 1 0 0
R 660 328 00000098 0000006f
C 660 00000098 1 0 0 1 5 0
T 661 00000098 0 1 0 0 0 0 0 0 1 0 0 0 0 0
C 661 00000098 0 0 0 0 5 0
T 662 00000098 1 1 0 0 0 0 0 0 1 0 1 1 0 0
R 662 329 00000098 0000006f
C 662 00000098 1 0 0 1 5 0
T 663 00000098 0 1 0 0 0 0 0 0 1 0 0 0 0 0
C 663 00000098 0 0 0 0 5 0
T 664 00000098 1 1 0 0 0 0 0 0 1 0 1 1 0 0
R 664 330 00000098 0000006f
C 664 00000098 1 0 0 1 5 0
T 665 00000098 0 1 0 0 0 0 0 0 1 0 0 0 0 0
C 665 00000098 0 0 0 0 5 0
T 666 00000098 1 1 0 0 0 0 0 0 1 0 1 1 0 0
R 666 331 00000098 0000006f
C 666 00000098 1 0 0 1 5 0
T 667 00000098 0 1 0 0 0 0 0 0 1 0 0 0 0 0
C 667 00000098 0 0 0 0 5 0
T 668 00000098 1 1 0 0 0 0 0 0 1 0 1 1 0 0
R 668 332 00000098 0000006f
C 668 00000098 1 0 0 1 5 0
T 669 00000098 0 1 0 0 0 0 0 0 1 0 0 0 0 0
C 669 00000098 0 0 0 0 5 0
T 670 00000098 1 1 0 0 0 0 0 0 1 0 1 1 0 0
R 670 333 00000098 0000006f
C 670 00000098 1 0 0 1 5 0
T 671 00000098 0 1 0 0 0 0 0 0 1 0 0 0 0 0
C 671 00000098 0 0 0 0 5 0
T 672 00000098 1 1 0 0 0 0 0 0 1 0 1 1 0 0
R 672 334 00000098 0000006f
C 672 00000098 1 0 0 1 5 0
T 673 00000098 0 1 0 0 0 0 0 0 1 0 0 0 0 0
C 673 00000098 0 0 0 0 5 0
T 674 00000098 1 1 0 0 0 0 0 0 1 0 1 1 0 0
R 674 335 00000098 0000006f
C 674 00000098 1 0 0 1 5 0
T 675 00000098 0 1 0 0 0 0 0 0 1 0 0 0 0 0
C 675 00000098 0 0 0 0 5 0
T 676 00000098 1 1 0 0 0 0 0 0 1 0 1 1 0 0
R 676 336 00000098 0000006f
C 676 00000098 1 0 0 1 5 0
T 677 00000098 0 1 0 0 0 0 0 0 1 0 0 0 0 0
C 677 00000098 0 0 0 0 5 0
T 678 00000098 1 1 0 0 0 0 0 0 1 0 1 1 0 0
R 678 337 00000098 0000006f
C 678 00000098 1 0 0 1 5 0
T 679 00000098 0 1 0 0 0 0 0 0 1 0 0 0 0 0
C 679 00000098 0 0 0 0 5 0
T 680 00000098 1 1 0 0 0 0 0 0 1 0 1 1 0 0
R 680 338 00000098 0000006f
C 680 00000098 1 0 0 1 5 0
T 681 00000098 0 1 0 0 0 0 0 0 1 0 0 0 0 0
C 681 00000098 0 0 0 0 5 0
T 682 00000098 1 1 0 0 0 0 0 0 1 0 1 1 0 0
R 682 339 00000098 0000006f
C 682 00000098 1 0 0 1 5 0
T 683 00000098 0 1 0 0 0 0 0 0 1 0 0 0 0 0
C 683 00000098 0 0 0 0 5 0
T 684 00000098 1 1 0 0 0 0 0 0 1 0 1 1 0 0
R 684 340 00000098 0000006f
C 684 00000098 1 0 0 1 5 0
T 685 00000098 0 1 0 0 0 0 0 0 1 0 0 0 0 0
C 685 00000098 0 0 0 0 5 0
T 686 00000098 1 1 0 0 0 0 0 0 1 0 1 1 0 0
R 686 341 00000098 0000006f
C 686 00000098 1 0 0 1 5 0
T 687 00000098 0 1 0 0 0 0 0 0 1 0 0 0 0 0
C 687 00000098 0 0 0 0 5 0
T 688 00000098 1 1 0 0 0 0 0 0 1 0 1 1 0 0
R 688 342 00000098 0000006f
C 688 00000098 1 0 0 1 5 0
T 689 00000098 0 1 0 0 0 0 0 0 1 0 0 0 0 0
C 689 00000098 0 0 0 0 5 0
T 690 00000098 1 1 0 0 0 0 0 0 1 0 1 1 0 0
R 690 343 00000098 0000006f
C 690 00000098 1 0 0 1 5 0
T 691 00000098 0 1 0 0 0 0 0 0 1 0 0 0 0 0
C 691 00000098 0 0 0 0 5 0
T 692 00000098 1 1 0 0 0 0 0 0 1 0 1 1 0 0
R 692 344 00000098 0000006f
C 692 00000098 1 0 0 1 5 0
T 693 00000098 0 1 0 0 0 0 0 0 1 0 0 0 0 0
C 693 00000098 0 0 0 0 5 0
T 694 00000098 1 1 0 0 0 0 0 0 1 0 1 1 0 0
R 694 345 00000098 0000006f
C 694 00000098 1 0 0 1 5 0
T 695 00000098 0 1 0 0 0 0 0 0 1 0 0 0 0 0
C 695 00000098 0 0 0 0 5 0
T 696 00000098 1 1 0 0 0 0 0 0 1 0 1 1 0 0
R 696 346 00000098 0000006f
C 696 00000098 1 0 0 1 5 0
T 697 00000098 0 1 0 0 0 0 0 0 1 0 0 0 0 0
C 697 00000098 0 0 0 0 5 0
T 698 00000098 1 1 0 0 0 0 0 0 1 0 1 1 0 0
R 698 347 00000098 0000006f
C 698 00000098 1 0 0 1 5 0
T 699 00000098 0 1 0 0 0 0 0 0 1 0 0 0 0 0
C 699 00000098 0 0 0 0 5 0
T 700 00000098 1 1 0 0 0 0 0 0 1 0 1 1 0 0
R 700 348 00000098 0000006f
C 700 00000098 1 0 0 1 5 0
T 701 00000098 0 1 0 0 0 0 0 0 1 0 0 0 0 0
C 701 00000098 0 0 0 0 5 0
T 702 00000098 1 1 0 0 0 0 0 0 1 0 1 1 0 0
R 702 349 00000098 0000006f
C 702 00000098 1 0 0 1 5 0
T 703 00000098 0 1 0 0 0 0 0 0 1 0 0 0 0 0
C 703 00000098 0 0 0 0 5 0
T 704 00000098 1 1 0 0 0 0 0 0 1 0 1 1 0 0
R 704 350 00000098 0000006f
C 704 00000098 1 0 0 1 5 0
T 705 00000098 0 1 0 0 0 0 0 0 1 0 0 0 0 0
C 705 00000098 0 0 0 0 5 0
T 706 00000098 1 1 0 0 0 0 0 0 1 0 1 1 0 0
R 706 351 00000098 0000006f
C 706 00000098 1 0 0 1 5 0
T 707 00000098 0 1 0 0 0 0 0 0 1 0 0 0 0 0
C 707 00000098 0 0 0 0 5 0
T 708 00000098 1 1 0 0 0 0 0 0 1 0 1 1 0 0
R 708 352 00000098 0000006f
C 708 00000098 1 0 0 1 5 0
T 709 00000098 0 1 0 0 0 0 0 0 1 0 0 0 0 0
C 709 00000098 0 0 0 0 5 0
T 710 00000098 1 1 0 0 0 0 0 0 1 0 1 1 0 0
R 710 353 00000098 0000006f
C 710 00000098 1 0 0 1 5 0
T 711 00000098 0 1 0 0 0 0 0 0 1 0 0 0 0 0
C 711 00000098 0 0 0 0 5 0
T 712 00000098 1 1 0 0 0 0 0 0 1 0 1 1 0 0
R 712 354 00000098 0000006f
C 712 00000098 1 0 0 1 5 0
T 713 00000098 0 1 0 0 0 0 0 0 1 0 0 0 0 0
C 713 00000098 0 0 0 0 5 0
T 714 00000098 1 1 0 0 0 0 0 0 1 0 1 1 0 0
R 714 355 00000098 0000006f
C 714 00000098 1 0 0 1 5 0
T 715 00000098 0 1 0 0 0 0 0 0 1 0 0 0 0 0
C 715 00000098 0 0 0 0 5 0
T 716 00000098 1 1 0 0 0 0 0 0 1 0 1 1 0 0
R 716 356 00000098 0000006f
C 716 00000098 1 0 0 1 5 0
T 717 00000098 0 1 0 0 0 0 0 0 1 0 0 0 0 0
C 717 00000098 0 0 0 0 5 0
T 718 00000098 1 1 0 0 0 0 0 0 1 0 1 1 0 0
R 718 357 00000098 0000006f
C 718 00000098 1 0 0 1 5 0
T 719 00000098 0 1 0 0 0 0 0 0 1 0 0 0 0 0
C 719 00000098 0 0 0 0 5 0
T 720 00000098 1 1 0 0 0 0 0 0 1 0 1 1 0 0
R 720 358 00000098 0000006f
C 720 00000098 1 0 0 1 5 0
T 721 00000098 0 1 0 0 0 0 0 0 1 0 0 0 0 0
C 721 00000098 0 0 0 0 5 0
T 722 00000098 1 1 0 0 0 0 0 0 1 0 1 1 0 0
R 722 359 00000098 0000006f
C 722 00000098 1 0 0 1 5 0
T 723 00000098 0 1 0 0 0 0 0 0 1 0 0 0 0 0
C 723 00000098 0 0 0 0 5 0
T 724 00000098 1 1 0 0 0 0 0 0 1 0 1 1 0 0
R 724 360 00000098 0000006f
C 724 00000098 1 0 0 1 5 0
T 725 00000098 0 1 0 0 0 0 0 0 1 0 0 0 0 0
C 725 00000098 0 0 0 0 5 0
T 726 00000098 1 1 0 0 0 0 0 0 1 0 1 1 0 0
R 726 361 00000098 0000006f
C 726 00000098 1 0 0 1 5 0
T 727 00000098 0 1 0 0 0 0 0 0 1 0 0 0 0 0
C 727 00000098 0 0 0 0 5 0
T 728 00000098 1 1 0 0 0 0 0 0 1 0 1 1 0 0
R 728 362 00000098 0000006f
C 728 00000098 1 0 0 1 5 0
T 729 00000098 0 1 0 0 0 0 0 0 1 0 0 0 0 0
C 729 00000098 0 0 0 0 5 0
T 730 00000098 1 1 0 0 0 0 0 0 1 0 1 1 0 0
R 730 363 00000098 0000006f
C 730 00000098 1 0 0 1 5 0
T 731 00000098 0 1 0 0 0 0 0 0 1 0 0 0 0 0
C 731 00000098 0 0 0 0 5 0
T 732 00000098 1 1 0 0 0 0 0 0 1 0 1 1 0 0
R 732 364 00000098 0000006f
C 732 00000098 1 0 0 1 5 0
T 733 00000098 0 1 0 0 0 0 0 0 1 0 0 0 0 0
C 733 00000098 0 0 0 0 5 0
T 734 00000098 1 1 0 0 0 0 0 0 1 0 1 1 0 0
R 734 365 00000098 0000006f
C 734 00000098 1 0 0 1 5 0
T 735 00000098 0 1 0 0 0 0 0 0 1 0 0 0 0 0
C 735 00000098 0 0 0 0 5 0
T 736 00000098 1 1 0 0 0 0 0 0 1 0 1 1 0 0
R 736 366 00000098 0000006f
C 736 00000098 1 0 0 1 5 0
T 737 00000098 0 1 0 0 0 0 0 0 1 0 0 0 0 0
C 737 00000098 0 0 0 0 5 0
T 738 00000098 1 1 0 0 0 0 0 0 1 0 1 1 0 0
R 738 367 00000098 0000006f
C 738 00000098 1 0 0 1 5 0
T 739 00000098 0 1 0 0 0 0 0 0 1 0 0 0 0 0
C 739 00000098 0 0 0 0 5 0
T 740 00000098 1 1 0 0 0 0 0 0 1 0 1 1 0 0
R 740 368 00000098 0000006f
C 740 00000098 1 0 0 1 5 0
T 741 00000098 0 1 0 0 0 0 0 0 1 0 0 0 0 0
C 741 00000098 0 0 0 0 5 0
T 742 00000098 1 1 0 0 0 0 0 0 1 0 1 1 0 0
R 742 369 00000098 0000006f
C 742 00000098 1 0 0 1 5 0
T 743 00000098 0 1 0 0 0 0 0 0 1 0 0 0 0 0
C 743 00000098 0 0 0 0 5 0
T 744 00000098 1 1 0 0 0 0 0 0 1 0 1 1 0 0
R 744 370 00000098 0000006f
C 744 00000098 1 0 0 1 5 0
T 745 00000098 0 1 0 0 0 0 0 0 1 0 0 0 0 0
C 745 00000098 0 0 0 0 5 0
T 746 00000098 1 1 0 0 0 0 0 0 1 0 1 1 0 0
R 746 371 00000098 0000006f
C 746 00000098 1 0 0 1 5 0
T 747 00000098 0 1 0 0 0 0 0 0 1 0 0 0 0 0
C 747 00000098 0 0 0 0 5 0
T 748 00000098 1 1 0 0 0 0 0 0 1 0 1 1 0 0
R 748 372 00000098 0000006f
C 748 00000098 1 0 0 1 5 0
T 749 00000098 0 1 0 0 0 0 0 0 1 0 0 0 0 0
C 749 00000098 0 0 0 0 5 0
T 750 00000098 1 1 0 0 0 0 0 0 1 0 1 1 0 0
R 750 373 00000098 0000006f
C 750 00000098 1 0 0 1 5 0
T 751 00000098 0 1 0 0 0 0 0 0 1 0 0 0 0 0
C 751 00000098 0 0 0 0 5 0
T 752 00000098 1 1 0 0 0 0 0 0 1 0 1 1 0 0
R 752 374 00000098 0000006f
C 752 00000098 1 0 0 1 5 0
T 753 00000098 0 1 0 0 0 0 0 0 1 0 0 0 0 0
C 753 00000098 0 0 0 0 5 0
T 754 00000098 1 1 0 0 0 0 0 0 1 0 1 1 0 0
R 754 375 00000098 0000006f
C 754 00000098 1 0 0 1 5 0
T 755 00000098 0 1 0 0 0 0 0 0 1 0 0 0 0 0
C 755 00000098 0 0 0 0 5 0
T 756 00000098 1 1 0 0 0 0 0 0 1 0 1 1 0 0
R 756 376 00000098 0000006f
C 756 00000098 1 0 0 1 5 0
T 757 00000098 0 1 0 0 0 0 0 0 1 0 0 0 0 0
C 757 00000098 0 0 0 0 5 0
T 758 00000098 1 1 0 0 0 0 0 0 1 0 1 1 0 0
R 758 377 00000098 0000006f
C 758 00000098 1 0 0 1 5 0
T 759 00000098 0 1 0 0 0 0 0 0 1 0 0 0 0 0
C 759 00000098 0 0 0 0 5 0
T 760 00000098 1 1 0 0 0 0 0 0 1 0 1 1 0 0
R 760 378 00000098 0000006f
C 760 00000098 1 0 0 1 5 0
T 761 00000098 0 1 0 0 0 0 0 0 1 0 0 0 0 0
C 761 00000098 0 0 0 0 5 0
T 762 00000098 1 1 0 0 0 0 0 0 1 0 1 1 0 0
R 762 379 00000098 0000006f
C 762 00000098 1 0 0 1 5 0
T 763 00000098 0 1 0 0 0 0 0 0 1 0 0 0 0 0
C 763 00000098 0 0 0 0 5 0
T 764 00000098 1 1 0 0 0 0 0 0 1 0 1 1 0 0
R 764 380 00000098 0000006f
C 764 00000098 1 0 0 1 5 0
T 765 00000098 0 1 0 0 0 0 0 0 1 0 0 0 0 0
C 765 00000098 0 0 0 0 5 0
T 766 00000098 1 1 0 0 0 0 0 0 1 0 1 1 0 0
R 766 381 00000098 0000006f
C 766 00000098 1 0 0 1 5 0
T 767 00000098 0 1 0 0 0 0 0 0 1 0 0 0 0 0
C 767 00000098 0 0 0 0 5 0
T 768 00000098 1 1 0 0 0 0 0 0 1 0 1 1 0 0
R 768 382 00000098 0000006f
C 768 00000098 1 0 0 1 5 0
T 769 00000098 0 1 0 0 0 0 0 0 1 0 0 0 0 0
C 769 00000098 0 0 0 0 5 0
T 770 00000098 1 1 0 0 0 0 0 0 1 0 1 1 0 0
R 770 383 00000098 0000006f
C 770 00000098 1 0 0 1 5 0
T 771 00000098 0 1 0 0 0 0 0 0 1 0 0 0 0 0
C 771 00000098 0 0 0 0 5 0
T 772 00000098 1 1 0 0 0 0 0 0 1 0 1 1 0 0
R 772 384 00000098 0000006f
C 772 00000098 1 0 0 1 5 0
T 773 00000098 0 1 0 0 0 0 0 0 1 0 0 0 0 0
C 773 00000098 0 0 0 0 5 0
T 774 00000098 1 1 0 0 0 0 0 0 1 0 1 1 0 0
R 774 385 00000098 0000006f
C 774 00000098 1 0 0 1 5 0
T 775 00000098 0 1 0 0 0 0 0 0 1 0 0 0 0 0
C 775 00000098 0 0 0 0 5 0
T 776 00000098 1 1 0 0 0 0 0 0 1 0 1 1 0 0
R 776 386 00000098 0000006f
C 776 00000098 1 0 0 1 5 0
T 777 00000098 0 1 0 0 0 0 0 0 1 0 0 0 0 0
C 777 00000098 0 0 0 0 5 0
T 778 00000098 1 1 0 0 0 0 0 0 1 0 1 1 0 0
R 778 387 00000098 0000006f
C 778 00000098 1 0 0 1 5 0
T 779 00000098 0 1 0 0 0 0 0 0 1 0 0 0 0 0
C 779 00000098 0 0 0 0 5 0
T 780 00000098 1 1 0 0 0 0 0 0 1 0 1 1 0 0
R 780 388 00000098 0000006f
C 780 00000098 1 0 0 1 5 0
T 781 00000098 0 1 0 0 0 0 0 0 1 0 0 0 0 0
C 781 00000098 0 0 0 0 5 0
T 782 00000098 1 1 0 0 0 0 0 0 1 0 1 1 0 0
R 782 389 00000098 0000006f
C 782 00000098 1 0 0 1 5 0
T 783 00000098 0 1 0 0 0 0 0 0 1 0 0 0 0 0
C 783 00000098 0 0 0 0 5 0
T 784 00000098 1 1 0 0 0 0 0 0 1 0 1 1 0 0
R 784 390 00000098 0000006f
C 784 00000098 1 0 0 1 5 0
T 785 00000098 0 1 0 0 0 0 0 0 1 0 0 0 0 0
C 785 00000098 0 0 0 0 5 0
T 786 00000098 1 1 0 0 0 0 0 0 1 0 1 1 0 0
R 786 391 00000098 0000006f
C 786 00000098 1 0 0 1 5 0
T 787 00000098 0 1 0 0 0 0 0 0 1 0 0 0 0 0
C 787 00000098 0 0 0 0 5 0
T 788 00000098 1 1 0 0 0 0 0 0 1 0 1 1 0 0
R 788 392 00000098 0000006f
C 788 00000098 1 0 0 1 5 0
T 789 00000098 0 1 0 0 0 0 0 0 1 0 0 0 0 0
C 789 00000098 0 0 0 0 5 0
T 790 00000098 1 1 0 0 0 0 0 0 1 0 1 1 0 0
R 790 393 00000098 0000006f
C 790 00000098 1 0 0 1 5 0
T 791 00000098 0 1 0 0 0 0 0 0 1 0 0 0 0 0
C 791 00000098 0 0 0 0 5 0
T 792 00000098 1 1 0 0 0 0 0 0 1 0 1 1 0 0
R 792 394 00000098 0000006f
C 792 00000098 1 0 0 1 5 0
T 793 00000098 0 1 0 0 0 0 0 0 1 0 0 0 0 0
C 793 00000098 0 0 0 0 5 0
T 794 00000098 1 1 0 0 0 0 0 0 1 0 1 1 0 0
R 794 395 00000098 0000006f
C 794 00000098 1 0 0 1 5 0
T 795 00000098 0 1 0 0 0 0 0 0 1 0 0 0 0 0
C 795 00000098 0 0 0 0 5 0
T 796 00000098 1 1 0 0 0 0 0 0 1 0 1 1 0 0
R 796 396 00000098 0000006f
C 796 00000098 1 0 0 1 5 0
T 797 00000098 0 1 0 0 0 0 0 0 1 0 0 0 0 0
C 797 00000098 0 0 0 0 5 0
T 798 00000098 1 1 0 0 0 0 0 0 1 0 1 1 0 0
R 798 397 00000098 0000006f
C 798 00000098 1 0 0 1 5 0
T 799 00000098 0 1 0 0 0 0 0 0 1 0 0 0 0 0
C 799 00000098 0 0 0 0 5 0
T 800 00000098 1 1 0 0 0 0 0 0 1 0 1 1 0 0
R 800 398 00000098 0000006f
C 800 00000098 1 0 0 1 5 0
T 801 00000098 0 1 0 0 0 0 0 0 1 0 0 0 0 0
C 801 00000098 0 0 0 0 5 0
T 802 00000098 1 1 0 0 0 0 0 0 1 0 1 1 0 0
R 802 399 00000098 0000006f
C 802 00000098 1 0 0 1 5 0
T 803 00000098 0 1 0 0 0 0 0 0 1 0 0 0 0 0
C 803 00000098 0 0 0 0 5 0
T 804 00000098 1 1 0 0 0 0 0 0 1 0 1 1 0 0
R 804 400 00000098 0000006f
C 804 00000098 1 0 0 1 5 0
T 805 00000098 0 1 0 0 0 0 0 0 1 0 0 0 0 0
C 805 00000098 0 0 0 0 5 0
T 806 00000098 1 1 0 0 0 0 0 0 1 0 1 1 0 0
R 806 401 00000098 0000006f
C 806 00000098 1 0 0 1 5 0
T 807 00000098 0 1 0 0 0 0 0 0 1 0 0 0 0 0
C 807 00000098 0 0 0 0 5 0
T 808 00000098 1 1 0 0 0 0 0 0 1 0 1 1 0 0
R 808 402 00000098 0000006f
C 808 00000098 1 0 0 1 5 0
T 809 00000098 0 1 0 0 0 0 0 0 1 0 0 0 0 0
C 809 00000098 0 0 0 0 5 0
T 810 00000098 1 1 0 0 0 0 0 0 1 0 1 1 0 0
R 810 403 00000098 0000006f
C 810 00000098 1 0 0 1 5 0
T 811 00000098 0 1 0 0 0 0 0 0 1 0 0 0 0 0
C 811 00000098 0 0 0 0 5 0
T 812 00000098 1 1 0 0 0 0 0 0 1 0 1 1 0 0
R 812 404 00000098 0000006f
C 812 00000098 1 0 0 1 5 0
T 813 00000098 0 1 0 0 0 0 0 0 1 0 0 0 0 0
C 813 00000098 0 0 0 0 5 0
T 814 00000098 1 1 0 0 0 0 0 0 1 0 1 1 0 0
R 814 405 00000098 0000006f
C 814 00000098 1 0 0 1 5 0
T 815 00000098 0 1 0 0 0 0 0 0 1 0 0 0 0 0
C 815 00000098 0 0 0 0 5 0
T 816 00000098 1 1 0 0 0 0 0 0 1 0 1 1 0 0
R 816 406 00000098 0000006f
C 816 00000098 1 0 0 1 5 0
T 817 00000098 0 1 0 0 0 0 0 0 1 0 0 0 0 0
C 817 00000098 0 0 0 0 5 0
T 818 00000098 1 1 0 0 0 0 0 0 1 0 1 1 0 0
R 818 407 00000098 0000006f
C 818 00000098 1 0 0 1 5 0
T 819 00000098 0 1 0 0 0 0 0 0 1 0 0 0 0 0
C 819 00000098 0 0 0 0 5 0
T 820 00000098 1 1 0 0 0 0 0 0 1 0 1 1 0 0
R 820 408 00000098 0000006f
C 820 00000098 1 0 0 1 5 0
T 821 00000098 0 1 0 0 0 0 0 0 1 0 0 0 0 0
C 821 00000098 0 0 0 0 5 0
T 822 00000098 1 1 0 0 0 0 0 0 1 0 1 1 0 0
R 822 409 00000098 0000006f
C 822 00000098 1 0 0 1 5 0
T 823 00000098 0 1 0 0 0 0 0 0 1 0 0 0 0 0
C 823 00000098 0 0 0 0 5 0
T 824 00000098 1 1 0 0 0 0 0 0 1 0 1 1 0 0
R 824 410 00000098 0000006f
C 824 00000098 1 0 0 1 5 0
T 825 00000098 0 1 0 0 0 0 0 0 1 0 0 0 0 0
C 825 00000098 0 0 0 0 5 0
T 826 00000098 1 1 0 0 0 0 0 0 1 0 1 1 0 0
R 826 411 00000098 0000006f
C 826 00000098 1 0 0 1 5 0
T 827 00000098 0 1 0 0 0 0 0 0 1 0 0 0 0 0
C 827 00000098 0 0 0 0 5 0
T 828 00000098 1 1 0 0 0 0 0 0 1 0 1 1 0 0
R 828 412 00000098 0000006f
C 828 00000098 1 0 0 1 5 0
T 829 00000098 0 1 0 0 0 0 0 0 1 0 0 0 0 0
C 829 00000098 0 0 0 0 5 0
T 830 00000098 1 1 0 0 0 0 0 0 1 0 1 1 0 0
R 830 413 00000098 0000006f
C 830 00000098 1 0 0 1 5 0
T 831 00000098 0 1 0 0 0 0 0 0 1 0 0 0 0 0
C 831 00000098 0 0 0 0 5 0
T 832 00000098 1 1 0 0 0 0 0 0 1 0 1 1 0 0
R 832 414 00000098 0000006f
C 832 00000098 1 0 0 1 5 0
T 833 00000098 0 1 0 0 0 0 0 0 1 0 0 0 0 0
C 833 00000098 0 0 0 0 5 0
T 834 00000098 1 1 0 0 0 0 0 0 1 0 1 1 0 0
R 834 415 00000098 0000006f
C 834 00000098 1 0 0 1 5 0
T 835 00000098 0 1 0 0 0 0 0 0 1 0 0 0 0 0
C 835 00000098 0 0 0 0 5 0
T 836 00000098 1 1 0 0 0 0 0 0 1 0 1 1 0 0
R 836 416 00000098 0000006f
C 836 00000098 1 0 0 1 5 0
T 837 00000098 0 1 0 0 0 0 0 0 1 0 0 0 0 0
C 837 00000098 0 0 0 0 5 0
T 838 00000098 1 1 0 0 0 0 0 0 1 0 1 1 0 0
R 838 417 00000098 0000006f
C 838 00000098 1 0 0 1 5 0
T 839 00000098 0 1 0 0 0 0 0 0 1 0 0 0 0 0
C 839 00000098 0 0 0 0 5 0
T 840 00000098 1 1 0 0 0 0 0 0 1 0 1 1 0 0
R 840 418 00000098 0000006f
C 840 00000098 1 0 0 1 5 0
T 841 00000098 0 1 0 0 0 0 0 0 1 0 0 0 0 0
C 841 00000098 0 0 0 0 5 0
T 842 00000098 1 1 0 0 0 0 0 0 1 0 1 1 0 0
R 842 419 00000098 0000006f
C 842 00000098 1 0 0 1 5 0
T 843 00000098 0 1 0 0 0 0 0 0 1 0 0 0 0 0
C 843 00000098 0 0 0 0 5 0
T 844 00000098 1 1 0 0 0 0 0 0 1 0 1 1 0 0
R 844 420 00000098 0000006f
C 844 00000098 1 0 0 1 5 0
T 845 00000098 0 1 0 0 0 0 0 0 1 0 0 0 0 0
C 845 00000098 0 0 0 0 5 0
T 846 00000098 1 1 0 0 0 0 0 0 1 0 1 1 0 0
R 846 421 00000098 0000006f
C 846 00000098 1 0 0 1 5 0
T 847 00000098 0 1 0 0 0 0 0 0 1 0 0 0 0 0
C 847 00000098 0 0 0 0 5 0
T 848 00000098 1 1 0 0 0 0 0 0 1 0 1 1 0 0
R 848 422 00000098 0000006f
C 848 00000098 1 0 0 1 5 0
T 849 00000098 0 1 0 0 0 0 0 0 1 0 0 0 0 0
C 849 00000098 0 0 0 0 5 0
T 850 00000098 1 1 0 0 0 0 0 0 1 0 1 1 0 0
R 850 423 00000098 0000006f
C 850 00000098 1 0 0 1 5 0
T 851 00000098 0 1 0 0 0 0 0 0 1 0 0 0 0 0
C 851 00000098 0 0 0 0 5 0
T 852 00000098 1 1 0 0 0 0 0 0 1 0 1 1 0 0
R 852 424 00000098 0000006f
C 852 00000098 1 0 0 1 5 0
T 853 00000098 0 1 0 0 0 0 0 0 1 0 0 0 0 0
C 853 00000098 0 0 0 0 5 0
T 854 00000098 1 1 0 0 0 0 0 0 1 0 1 1 0 0
R 854 425 00000098 0000006f
C 854 00000098 1 0 0 1 5 0
T 855 00000098 0 1 0 0 0 0 0 0 1 0 0 0 0 0
C 855 00000098 0 0 0 0 5 0
T 856 00000098 1 1 0 0 0 0 0 0 1 0 1 1 0 0
R 856 426 00000098 0000006f
C 856 00000098 1 0 0 1 5 0
T 857 00000098 0 1 0 0 0 0 0 0 1 0 0 0 0 0
C 857 00000098 0 0 0 0 5 0
T 858 00000098 1 1 0 0 0 0 0 0 1 0 1 1 0 0
R 858 427 00000098 0000006f
C 858 00000098 1 0 0 1 5 0
T 859 00000098 0 1 0 0 0 0 0 0 1 0 0 0 0 0
C 859 00000098 0 0 0 0 5 0
T 860 00000098 1 1 0 0 0 0 0 0 1 0 1 1 0 0
R 860 428 00000098 0000006f
C 860 00000098 1 0 0 1 5 0
T 861 00000098 0 1 0 0 0 0 0 0 1 0 0 0 0 0
C 861 00000098 0 0 0 0 5 0
T 862 00000098 1 1 0 0 0 0 0 0 1 0 1 1 0 0
R 862 429 00000098 0000006f
C 862 00000098 1 0 0 1 5 0
T 863 00000098 0 1 0 0 0 0 0 0 1 0 0 0 0 0
C 863 00000098 0 0 0 0 5 0
T 864 00000098 1 1 0 0 0 0 0 0 1 0 1 1 0 0
R 864 430 00000098 0000006f
C 864 00000098 1 0 0 1 5 0
T 865 00000098 0 1 0 0 0 0 0 0 1 0 0 0 0 0
C 865 00000098 0 0 0 0 5 0
T 866 00000098 1 1 0 0 0 0 0 0 1 0 1 1 0 0
R 866 431 00000098 0000006f
C 866 00000098 1 0 0 1 5 0
T 867 00000098 0 1 0 0 0 0 0 0 1 0 0 0 0 0
C 867 00000098 0 0 0 0 5 0
T 868 00000098 1 1 0 0 0 0 0 0 1 0 1 1 0 0
R 868 432 00000098 0000006f
C 868 00000098 1 0 0 1 5 0
T 869 00000098 0 1 0 0 0 0 0 0 1 0 0 0 0 0
C 869 00000098 0 0 0 0 5 0
T 870 00000098 1 1 0 0 0 0 0 0 1 0 1 1 0 0
R 870 433 00000098 0000006f
C 870 00000098 1 0 0 1 5 0
T 871 00000098 0 1 0 0 0 0 0 0 1 0 0 0 0 0
C 871 00000098 0 0 0 0 5 0
T 872 00000098 1 1 0 0 0 0 0 0 1 0 1 1 0 0
R 872 434 00000098 0000006f
C 872 00000098 1 0 0 1 5 0
T 873 00000098 0 1 0 0 0 0 0 0 1 0 0 0 0 0
C 873 00000098 0 0 0 0 5 0
T 874 00000098 1 1 0 0 0 0 0 0 1 0 1 1 0 0
R 874 435 00000098 0000006f
C 874 00000098 1 0 0 1 5 0
T 875 00000098 0 1 0 0 0 0 0 0 1 0 0 0 0 0
C 875 00000098 0 0 0 0 5 0
T 876 00000098 1 1 0 0 0 0 0 0 1 0 1 1 0 0
R 876 436 00000098 0000006f
C 876 00000098 1 0 0 1 5 0
T 877 00000098 0 1 0 0 0 0 0 0 1 0 0 0 0 0
C 877 00000098 0 0 0 0 5 0
T 878 00000098 1 1 0 0 0 0 0 0 1 0 1 1 0 0
R 878 437 00000098 0000006f
C 878 00000098 1 0 0 1 5 0
T 879 00000098 0 1 0 0 0 0 0 0 1 0 0 0 0 0
C 879 00000098 0 0 0 0 5 0
T 880 00000098 1 1 0 0 0 0 0 0 1 0 1 1 0 0
R 880 438 00000098 0000006f
C 880 00000098 1 0 0 1 5 0
T 881 00000098 0 1 0 0 0 0 0 0 1 0 0 0 0 0
C 881 00000098 0 0 0 0 5 0
T 882 00000098 1 1 0 0 0 0 0 0 1 0 1 1 0 0
R 882 439 00000098 0000006f
C 882 00000098 1 0 0 1 5 0
T 883 00000098 0 1 0 0 0 0 0 0 1 0 0 0 0 0
C 883 00000098 0 0 0 0 5 0
T 884 00000098 1 1 0 0 0 0 0 0 1 0 1 1 0 0
R 884 440 00000098 0000006f
C 884 00000098 1 0 0 1 5 0
T 885 00000098 0 1 0 0 0 0 0 0 1 0 0 0 0 0
C 885 00000098 0 0 0 0 5 0
T 886 00000098 1 1 0 0 0 0 0 0 1 0 1 1 0 0
R 886 441 00000098 0000006f
C 886 00000098 1 0 0 1 5 0
T 887 00000098 0 1 0 0 0 0 0 0 1 0 0 0 0 0
C 887 00000098 0 0 0 0 5 0
T 888 00000098 1 1 0 0 0 0 0 0 1 0 1 1 0 0
R 888 442 00000098 0000006f
C 888 00000098 1 0 0 1 5 0
T 889 00000098 0 1 0 0 0 0 0 0 1 0 0 0 0 0
C 889 00000098 0 0 0 0 5 0
T 890 00000098 1 1 0 0 0 0 0 0 1 0 1 1 0 0
R 890 443 00000098 0000006f
C 890 00000098 1 0 0 1 5 0
T 891 00000098 0 1 0 0 0 0 0 0 1 0 0 0 0 0
C 891 00000098 0 0 0 0 5 0
T 892 00000098 1 1 0 0 0 0 0 0 1 0 1 1 0 0
R 892 444 00000098 0000006f
C 892 00000098 1 0 0 1 5 0
T 893 00000098 0 1 0 0 0 0 0 0 1 0 0 0 0 0
C 893 00000098 0 0 0 0 5 0
T 894 00000098 1 1 0 0 0 0 0 0 1 0 1 1 0 0
R 894 445 00000098 0000006f
C 894 00000098 1 0 0 1 5 0
T 895 00000098 0 1 0 0 0 0 0 0 1 0 0 0 0 0
C 895 00000098 0 0 0 0 5 0
T 896 00000098 1 1 0 0 0 0 0 0 1 0 1 1 0 0
R 896 446 00000098 0000006f
C 896 00000098 1 0 0 1 5 0
T 897 00000098 0 1 0 0 0 0 0 0 1 0 0 0 0 0
C 897 00000098 0 0 0 0 5 0
T 898 00000098 1 1 0 0 0 0 0 0 1 0 1 1 0 0
R 898 447 00000098 0000006f
C 898 00000098 1 0 0 1 5 0
T 899 00000098 0 1 0 0 0 0 0 0 1 0 0 0 0 0
C 899 00000098 0 0 0 0 5 0
T 900 00000098 1 1 0 0 0 0 0 0 1 0 1 1 0 0
R 900 448 00000098 0000006f
C 900 00000098 1 0 0 1 5 0
T 901 00000098 0 1 0 0 0 0 0 0 1 0 0 0 0 0
C 901 00000098 0 0 0 0 5 0
T 902 00000098 1 1 0 0 0 0 0 0 1 0 1 1 0 0
R 902 449 00000098 0000006f
C 902 00000098 1 0 0 1 5 0
T 903 00000098 0 1 0 0 0 0 0 0 1 0 0 0 0 0
C 903 00000098 0 0 0 0 5 0
T 904 00000098 1 1 0 0 0 0 0 0 1 0 1 1 0 0
R 904 450 00000098 0000006f
C 904 00000098 1 0 0 1 5 0
T 905 00000098 0 1 0 0 0 0 0 0 1 0 0 0 0 0
C 905 00000098 0 0 0 0 5 0
T 906 00000098 1 1 0 0 0 0 0 0 1 0 1 1 0 0
R 906 451 00000098 0000006f
C 906 00000098 1 0 0 1 5 0
T 907 00000098 0 1 0 0 0 0 0 0 1 0 0 0 0 0
C 907 00000098 0 0 0 0 5 0
T 908 00000098 1 1 0 0 0 0 0 0 1 0 1 1 0 0
R 908 452 00000098 0000006f
C 908 00000098 1 0 0 1 5 0
T 909 00000098 0 1 0 0 0 0 0 0 1 0 0 0 0 0
C 909 00000098 0 0 0 0 5 0
T 910 00000098 1 1 0 0 0 0 0 0 1 0 1 1 0 0
R 910 453 00000098 0000006f
C 910 00000098 1 0 0 1 5 0
T 911 00000098 0 1 0 0 0 0 0 0 1 0 0 0 0 0
C 911 00000098 0 0 0 0 5 0
T 912 00000098 1 1 0 0 0 0 0 0 1 0 1 1 0 0
R 912 454 00000098 0000006f
C 912 00000098 1 0 0 1 5 0
T 913 00000098 0 1 0 0 0 0 0 0 1 0 0 0 0 0
C 913 00000098 0 0 0 0 5 0
T 914 00000098 1 1 0 0 0 0 0 0 1 0 1 1 0 0
R 914 455 00000098 0000006f
C 914 00000098 1 0 0 1 5 0
T 915 00000098 0 1 0 0 0 0 0 0 1 0 0 0 0 0
C 915 00000098 0 0 0 0 5 0
T 916 00000098 1 1 0 0 0 0 0 0 1 0 1 1 0 0
R 916 456 00000098 0000006f
C 916 00000098 1 0 0 1 5 0
T 917 00000098 0 1 0 0 0 0 0 0 1 0 0 0 0 0
C 917 00000098 0 0 0 0 5 0
T 918 00000098 1 1 0 0 0 0 0 0 1 0 1 1 0 0
R 918 457 00000098 0000006f
C 918 00000098 1 0 0 1 5 0
T 919 00000098 0 1 0 0 0 0 0 0 1 0 0 0 0 0
C 919 00000098 0 0 0 0 5 0
T 920 00000098 1 1 0 0 0 0 0 0 1 0 1 1 0 0
R 920 458 00000098 0000006f
C 920 00000098 1 0 0 1 5 0
T 921 00000098 0 1 0 0 0 0 0 0 1 0 0 0 0 0
C 921 00000098 0 0 0 0 5 0
T 922 00000098 1 1 0 0 0 0 0 0 1 0 1 1 0 0
R 922 459 00000098 0000006f
C 922 00000098 1 0 0 1 5 0
T 923 00000098 0 1 0 0 0 0 0 0 1 0 0 0 0 0
C 923 00000098 0 0 0 0 5 0
T 924 00000098 1 1 0 0 0 0 0 0 1 0 1 1 0 0
R 924 460 00000098 0000006f
C 924 00000098 1 0 0 1 5 0
T 925 00000098 0 1 0 0 0 0 0 0 1 0 0 0 0 0
C 925 00000098 0 0 0 0 5 0
T 926 00000098 1 1 0 0 0 0 0 0 1 0 1 1 0 0
R 926 461 00000098 0000006f
C 926 00000098 1 0 0 1 5 0
T 927 00000098 0 1 0 0 0 0 0 0 1 0 0 0 0 0
C 927 00000098 0 0 0 0 5 0
T 928 00000098 1 1 0 0 0 0 0 0 1 0 1 1 0 0
R 928 462 00000098 0000006f
C 928 00000098 1 0 0 1 5 0
T 929 00000098 0 1 0 0 0 0 0 0 1 0 0 0 0 0
C 929 00000098 0 0 0 0 5 0
T 930 00000098 1 1 0 0 0 0 0 0 1 0 1 1 0 0
R 930 463 00000098 0000006f
C 930 00000098 1 0 0 1 5 0
T 931 00000098 0 1 0 0 0 0 0 0 1 0 0 0 0 0
C 931 00000098 0 0 0 0 5 0
T 932 00000098 1 1 0 0 0 0 0 0 1 0 1 1 0 0
R 932 464 00000098 0000006f
C 932 00000098 1 0 0 1 5 0
T 933 00000098 0 1 0 0 0 0 0 0 1 0 0 0 0 0
C 933 00000098 0 0 0 0 5 0
T 934 00000098 1 1 0 0 0 0 0 0 1 0 1 1 0 0
R 934 465 00000098 0000006f
C 934 00000098 1 0 0 1 5 0
T 935 00000098 0 1 0 0 0 0 0 0 1 0 0 0 0 0
C 935 00000098 0 0 0 0 5 0
T 936 00000098 1 1 0 0 0 0 0 0 1 0 1 1 0 0
R 936 466 00000098 0000006f
C 936 00000098 1 0 0 1 5 0
T 937 00000098 0 1 0 0 0 0 0 0 1 0 0 0 0 0
C 937 00000098 0 0 0 0 5 0
T 938 00000098 1 1 0 0 0 0 0 0 1 0 1 1 0 0
R 938 467 00000098 0000006f
C 938 00000098 1 0 0 1 5 0
T 939 00000098 0 1 0 0 0 0 0 0 1 0 0 0 0 0
C 939 00000098 0 0 0 0 5 0
T 940 00000098 1 1 0 0 0 0 0 0 1 0 1 1 0 0
R 940 468 00000098 0000006f
C 940 00000098 1 0 0 1 5 0
T 941 00000098 0 1 0 0 0 0 0 0 1 0 0 0 0 0
C 941 00000098 0 0 0 0 5 0
T 942 00000098 1 1 0 0 0 0 0 0 1 0 1 1 0 0
R 942 469 00000098 0000006f
C 942 00000098 1 0 0 1 5 0
T 943 00000098 0 1 0 0 0 0 0 0 1 0 0 0 0 0
C 943 00000098 0 0 0 0 5 0
T 944 00000098 1 1 0 0 0 0 0 0 1 0 1 1 0 0
R 944 470 00000098 0000006f
C 944 00000098 1 0 0 1 5 0
T 945 00000098 0 1 0 0 0 0 0 0 1 0 0 0 0 0
C 945 00000098 0 0 0 0 5 0
T 946 00000098 1 1 0 0 0 0 0 0 1 0 1 1 0 0
R 946 471 00000098 0000006f
C 946 00000098 1 0 0 1 5 0
T 947 00000098 0 1 0 0 0 0 0 0 1 0 0 0 0 0
C 947 00000098 0 0 0 0 5 0
T 948 00000098 1 1 0 0 0 0 0 0 1 0 1 1 0 0
R 948 472 00000098 0000006f
C 948 00000098 1 0 0 1 5 0
T 949 00000098 0 1 0 0 0 0 0 0 1 0 0 0 0 0
C 949 00000098 0 0 0 0 5 0
T 950 00000098 1 1 0 0 0 0 0 0 1 0 1 1 0 0
R 950 473 00000098 0000006f
C 950 00000098 1 0 0 1 5 0
T 951 00000098 0 1 0 0 0 0 0 0 1 0 0 0 0 0
C 951 00000098 0 0 0 0 5 0
T 952 00000098 1 1 0 0 0 0 0 0 1 0 1 1 0 0
R 952 474 00000098 0000006f
C 952 00000098 1 0 0 1 5 0
T 953 00000098 0 1 0 0 0 0 0 0 1 0 0 0 0 0
C 953 00000098 0 0 0 0 5 0
T 954 00000098 1 1 0 0 0 0 0 0 1 0 1 1 0 0
R 954 475 00000098 0000006f
C 954 00000098 1 0 0 1 5 0
T 955 00000098 0 1 0 0 0 0 0 0 1 0 0 0 0 0
C 955 00000098 0 0 0 0 5 0
T 956 00000098 1 1 0 0 0 0 0 0 1 0 1 1 0 0
R 956 476 00000098 0000006f
C 956 00000098 1 0 0 1 5 0
T 957 00000098 0 1 0 0 0 0 0 0 1 0 0 0 0 0
C 957 00000098 0 0 0 0 5 0
T 958 00000098 1 1 0 0 0 0 0 0 1 0 1 1 0 0
R 958 477 00000098 0000006f
C 958 00000098 1 0 0 1 5 0
T 959 00000098 0 1 0 0 0 0 0 0 1 0 0 0 0 0
C 959 00000098 0 0 0 0 5 0
T 960 00000098 1 1 0 0 0 0 0 0 1 0 1 1 0 0
R 960 478 00000098 0000006f
C 960 00000098 1 0 0 1 5 0
T 961 00000098 0 1 0 0 0 0 0 0 1 0 0 0 0 0
C 961 00000098 0 0 0 0 5 0
T 962 00000098 1 1 0 0 0 0 0 0 1 0 1 1 0 0
R 962 479 00000098 0000006f
C 962 00000098 1 0 0 1 5 0
T 963 00000098 0 1 0 0 0 0 0 0 1 0 0 0 0 0
C 963 00000098 0 0 0 0 5 0
T 964 00000098 1 1 0 0 0 0 0 0 1 0 1 1 0 0
R 964 480 00000098 0000006f
C 964 00000098 1 0 0 1 5 0
T 965 00000098 0 1 0 0 0 0 0 0 1 0 0 0 0 0
C 965 00000098 0 0 0 0 5 0
T 966 00000098 1 1 0 0 0 0 0 0 1 0 1 1 0 0
R 966 481 00000098 0000006f
C 966 00000098 1 0 0 1 5 0
T 967 00000098 0 1 0 0 0 0 0 0 1 0 0 0 0 0
C 967 00000098 0 0 0 0 5 0
T 968 00000098 1 1 0 0 0 0 0 0 1 0 1 1 0 0
R 968 482 00000098 0000006f
C 968 00000098 1 0 0 1 5 0
T 969 00000098 0 1 0 0 0 0 0 0 1 0 0 0 0 0
C 969 00000098 0 0 0 0 5 0
T 970 00000098 1 1 0 0 0 0 0 0 1 0 1 1 0 0
R 970 483 00000098 0000006f
C 970 00000098 1 0 0 1 5 0
T 971 00000098 0 1 0 0 0 0 0 0 1 0 0 0 0 0
C 971 00000098 0 0 0 0 5 0
T 972 00000098 1 1 0 0 0 0 0 0 1 0 1 1 0 0
R 972 484 00000098 0000006f
C 972 00000098 1 0 0 1 5 0
T 973 00000098 0 1 0 0 0 0 0 0 1 0 0 0 0 0
C 973 00000098 0 0 0 0 5 0
T 974 00000098 1 1 0 0 0 0 0 0 1 0 1 1 0 0
R 974 485 00000098 0000006f
C 974 00000098 1 0 0 1 5 0
T 975 00000098 0 1 0 0 0 0 0 0 1 0 0 0 0 0
C 975 00000098 0 0 0 0 5 0
T 976 00000098 1 1 0 0 0 0 0 0 1 0 1 1 0 0
R 976 486 00000098 0000006f
C 976 00000098 1 0 0 1 5 0
T 977 00000098 0 1 0 0 0 0 0 0 1 0 0 0 0 0
C 977 00000098 0 0 0 0 5 0
T 978 00000098 1 1 0 0 0 0 0 0 1 0 1 1 0 0
R 978 487 00000098 0000006f
C 978 00000098 1 0 0 1 5 0
T 979 00000098 0 1 0 0 0 0 0 0 1 0 0 0 0 0
C 979 00000098 0 0 0 0 5 0
T 980 00000098 1 1 0 0 0 0 0 0 1 0 1 1 0 0
R 980 488 00000098 0000006f
C 980 00000098 1 0 0 1 5 0
T 981 00000098 0 1 0 0 0 0 0 0 1 0 0 0 0 0
C 981 00000098 0 0 0 0 5 0
T 982 00000098 1 1 0 0 0 0 0 0 1 0 1 1 0 0
R 982 489 00000098 0000006f
C 982 00000098 1 0 0 1 5 0
T 983 00000098 0 1 0 0 0 0 0 0 1 0 0 0 0 0
C 983 00000098 0 0 0 0 5 0
T 984 00000098 1 1 0 0 0 0 0 0 1 0 1 1 0 0
R 984 490 00000098 0000006f
C 984 00000098 1 0 0 1 5 0
T 985 00000098 0 1 0 0 0 0 0 0 1 0 0 0 0 0
C 985 00000098 0 0 0 0 5 0
T 986 00000098 1 1 0 0 0 0 0 0 1 0 1 1 0 0
R 986 491 00000098 0000006f
C 986 00000098 1 0 0 1 5 0
T 987 00000098 0 1 0 0 0 0 0 0 1 0 0 0 0 0
C 987 00000098 0 0 0 0 5 0
T 988 00000098 1 1 0 0 0 0 0 0 1 0 1 1 0 0
R 988 492 00000098 0000006f
C 988 00000098 1 0 0 1 5 0
T 989 00000098 0 1 0 0 0 0 0 0 1 0 0 0 0 0
C 989 00000098 0 0 0 0 5 0
T 990 00000098 1 1 0 0 0 0 0 0 1 0 1 1 0 0
R 990 493 00000098 0000006f
C 990 00000098 1 0 0 1 5 0
T 991 00000098 0 1 0 0 0 0 0 0 1 0 0 0 0 0
C 991 00000098 0 0 0 0 5 0
T 992 00000098 1 1 0 0 0 0 0 0 1 0 1 1 0 0
R 992 494 00000098 0000006f
C 992 00000098 1 0 0 1 5 0
T 993 00000098 0 1 0 0 0 0 0 0 1 0 0 0 0 0
C 993 00000098 0 0 0 0 5 0
T 994 00000098 1 1 0 0 0 0 0 0 1 0 1 1 0 0
R 994 495 00000098 0000006f
C 994 00000098 1 0 0 1 5 0
T 995 00000098 0 1 0 0 0 0 0 0 1 0 0 0 0 0
C 995 00000098 0 0 0 0 5 0
T 996 00000098 1 1 0 0 0 0 0 0 1 0 1 1 0 0
R 996 496 00000098 0000006f
C 996 00000098 1 0 0 1 5 0
T 997 00000098 0 1 0 0 0 0 0 0 1 0 0 0 0 0
C 997 00000098 0 0 0 0 5 0
T 998 00000098 1 1 0 0 0 0 0 0 1 0 1 1 0 0
R 998 497 00000098 0000006f
C 998 00000098 1 0 0 1 5 0
T 999 00000098 0 1 0 0 0 0 0 0 1 0 0 0 0 0
C 999 00000098 0 0 0 0 5 0
T 1000 00000098 1 1 0 0 0 0 0 0 1 0 1 1 0 0
R 1000 498 00000098 0000006f
C 1000 00000098 1 0 0 1 5 0
T 1001 00000098 0 1 0 0 0 0 0 0 1 0 0 0 0 0
C 1001 00000098 0 0 0 0 5 0
T 1002 00000098 1 1 0 0 0 0 0 0 1 0 1 1 0 0
R 1002 499 00000098 0000006f
C 1002 00000098 1 0 0 1 5 0
T 1003 00000098 0 1 0 0 0 0 0 0 1 0 0 0 0 0
C 1003 00000098 0 0 0 0 5 0
T 1004 00000098 1 1 0 0 0 0 0 0 1 0 1 1 0 0
R 1004 500 00000098 0000006f
C 1004 00000098 1 0 0 1 5 0
T 1005 00000098 0 1 0 0 0 0 0 0 1 0 0 0 0 0
C 1005 00000098 0 0 0 0 5 0
T 1006 00000098 1 1 0 0 0 0 0 0 1 0 1 1 0 0
R 1006 501 00000098 0000006f
C 1006 00000098 1 0 0 1 5 0
T 1007 00000098 0 1 0 0 0 0 0 0 1 0 0 0 0 0
C 1007 00000098 0 0 0 0 5 0
T 1008 00000098 1 1 0 0 0 0 0 0 1 0 1 1 0 0
R 1008 502 00000098 0000006f
C 1008 00000098 1 0 0 1 5 0
T 1009 00000098 0 1 0 0 0 0 0 0 1 0 0 0 0 0
C 1009 00000098 0 0 0 0 5 0
T 1010 00000098 1 1 0 0 0 0 0 0 1 0 1 1 0 0
R 1010 503 00000098 0000006f
C 1010 00000098 1 0 0 1 5 0
T 1011 00000098 0 1 0 0 0 0 0 0 1 0 0 0 0 0
C 1011 00000098 0 0 0 0 5 0
T 1012 00000098 1 1 0 0 0 0 0 0 1 0 1 1 0 0
R 1012 504 00000098 0000006f
C 1012 00000098 1 0 0 1 5 0
T 1013 00000098 0 1 0 0 0 0 0 0 1 0 0 0 0 0
C 1013 00000098 0 0 0 0 5 0
T 1014 00000098 1 1 0 0 0 0 0 0 1 0 1 1 0 0
R 1014 505 00000098 0000006f
C 1014 00000098 1 0 0 1 5 0
T 1015 00000098 0 1 0 0 0 0 0 0 1 0 0 0 0 0
C 1015 00000098 0 0 0 0 5 0
T 1016 00000098 1 1 0 0 0 0 0 0 1 0 1 1 0 0
R 1016 506 00000098 0000006f
C 1016 00000098 1 0 0 1 5 0
T 1017 00000098 0 1 0 0 0 0 0 0 1 0 0 0 0 0
C 1017 00000098 0 0 0 0 5 0
T 1018 00000098 1 1 0 0 0 0 0 0 1 0 1 1 0 0
R 1018 507 00000098 0000006f
C 1018 00000098 1 0 0 1 5 0
T 1019 00000098 0 1 0 0 0 0 0 0 1 0 0 0 0 0
C 1019 00000098 0 0 0 0 5 0
T 1020 00000098 1 1 0 0 0 0 0 0 1 0 1 1 0 0
R 1020 508 00000098 0000006f
C 1020 00000098 1 0 0 1 5 0
T 1021 00000098 0 1 0 0 0 0 0 0 1 0 0 0 0 0
C 1021 00000098 0 0 0 0 5 0
T 1022 00000098 1 1 0 0 0 0 0 0 1 0 1 1 0 0
R 1022 509 00000098 0000006f
C 1022 00000098 1 0 0 1 5 0
T 1023 00000098 0 1 0 0 0 0 0 0 1 0 0 0 0 0
C 1023 00000098 0 0 0 0 5 0
T 1024 00000098 1 1 0 0 0 0 0 0 1 0 1 1 0 0
R 1024 510 00000098 0000006f
C 1024 00000098 1 0 0 1 5 0
T 1025 00000098 0 1 0 0 0 0 0 0 1 0 0 0 0 0
C 1025 00000098 0 0 0 0 5 0
T 1026 00000098 1 1 0 0 0 0 0 0 1 0 1 1 0 0
R 1026 511 00000098 0000006f
C 1026 00000098 1 0 0 1 5 0
T 1027 00000098 0 1 0 0 0 0 0 0 1 0 0 0 0 0
C 1027 00000098 0 0 0 0 5 0
T 1028 00000098 1 1 0 0 0 0 0 0 1 0 1 1 0 0
R 1028 512 00000098 0000006f
C 1028 00000098 1 0 0 1 5 0
T 1029 00000098 0 1 0 0 0 0 0 0 1 0 0 0 0 0
C 1029 00000098 0 0 0 0 5 0
T 1030 00000098 1 1 0 0 0 0 0 0 1 0 1 1 0 0
R 1030 513 00000098 0000006f
C 1030 00000098 1 0 0 1 5 0
T 1031 00000098 0 1 0 0 0 0 0 0 1 0 0 0 0 0
C 1031 00000098 0 0 0 0 5 0
T 1032 00000098 1 1 0 0 0 0 0 0 1 0 1 1 0 0
R 1032 514 00000098 0000006f
C 1032 00000098 1 0 0 1 5 0
T 1033 00000098 0 1 0 0 0 0 0 0 1 0 0 0 0 0
C 1033 00000098 0 0 0 0 5 0
T 1034 00000098 1 1 0 0 0 0 0 0 1 0 1 1 0 0
R 1034 515 00000098 0000006f
C 1034 00000098 1 0 0 1 5 0
T 1035 00000098 0 1 0 0 0 0 0 0 1 0 0 0 0 0
C 1035 00000098 0 0 0 0 5 0
T 1036 00000098 1 1 0 0 0 0 0 0 1 0 1 1 0 0
R 1036 516 00000098 0000006f
C 1036 00000098 1 0 0 1 5 0
T 1037 00000098 0 1 0 0 0 0 0 0 1 0 0 0 0 0
C 1037 00000098 0 0 0 0 5 0
T 1038 00000098 1 1 0 0 0 0 0 0 1 0 1 1 0 0
R 1038 517 00000098 0000006f
C 1038 00000098 1 0 0 1 5 0
T 1039 00000098 0 1 0 0 0 0 0 0 1 0 0 0 0 0
C 1039 00000098 0 0 0 0 5 0
T 1040 00000098 1 1 0 0 0 0 0 0 1 0 1 1 0 0
R 1040 518 00000098 0000006f
C 1040 00000098 1 0 0 1 5 0
T 1041 00000098 0 1 0 0 0 0 0 0 1 0 0 0 0 0
C 1041 00000098 0 0 0 0 5 0
T 1042 00000098 1 1 0 0 0 0 0 0 1 0 1 1 0 0
R 1042 519 00000098 0000006f
C 1042 00000098 1 0 0 1 5 0
T 1043 00000098 0 1 0 0 0 0 0 0 1 0 0 0 0 0
C 1043 00000098 0 0 0 0 5 0
T 1044 00000098 1 1 0 0 0 0 0 0 1 0 1 1 0 0
R 1044 520 00000098 0000006f
C 1044 00000098 1 0 0 1 5 0
T 1045 00000098 0 1 0 0 0 0 0 0 1 0 0 0 0 0
C 1045 00000098 0 0 0 0 5 0
T 1046 00000098 1 1 0 0 0 0 0 0 1 0 1 1 0 0
R 1046 521 00000098 0000006f
C 1046 00000098 1 0 0 1 5 0
T 1047 00000098 0 1 0 0 0 0 0 0 1 0 0 0 0 0
C 1047 00000098 0 0 0 0 5 0
T 1048 00000098 1 1 0 0 0 0 0 0 1 0 1 1 0 0
R 1048 522 00000098 0000006f
C 1048 00000098 1 0 0 1 5 0
T 1049 00000098 0 1 0 0 0 0 0 0 1 0 0 0 0 0
C 1049 00000098 0 0 0 0 5 0
T 1050 00000098 1 1 0 0 0 0 0 0 1 0 1 1 0 0
R 1050 523 00000098 0000006f
C 1050 00000098 1 0 0 1 5 0
T 1051 00000098 0 1 0 0 0 0 0 0 1 0 0 0 0 0
C 1051 00000098 0 0 0 0 5 0
T 1052 00000098 1 1 0 0 0 0 0 0 1 0 1 1 0 0
R 1052 524 00000098 0000006f
C 1052 00000098 1 0 0 1 5 0
T 1053 00000098 0 1 0 0 0 0 0 0 1 0 0 0 0 0
C 1053 00000098 0 0 0 0 5 0
T 1054 00000098 1 1 0 0 0 0 0 0 1 0 1 1 0 0
R 1054 525 00000098 0000006f
C 1054 00000098 1 0 0 1 5 0
T 1055 00000098 0 1 0 0 0 0 0 0 1 0 0 0 0 0
C 1055 00000098 0 0 0 0 5 0
T 1056 00000098 1 1 0 0 0 0 0 0 1 0 1 1 0 0
R 1056 526 00000098 0000006f
C 1056 00000098 1 0 0 1 5 0
T 1057 00000098 0 1 0 0 0 0 0 0 1 0 0 0 0 0
C 1057 00000098 0 0 0 0 5 0
T 1058 00000098 1 1 0 0 0 0 0 0 1 0 1 1 0 0
R 1058 527 00000098 0000006f
C 1058 00000098 1 0 0 1 5 0
T 1059 00000098 0 1 0 0 0 0 0 0 1 0 0 0 0 0
C 1059 00000098 0 0 0 0 5 0
T 1060 00000098 1 1 0 0 0 0 0 0 1 0 1 1 0 0
R 1060 528 00000098 0000006f
C 1060 00000098 1 0 0 1 5 0
T 1061 00000098 0 1 0 0 0 0 0 0 1 0 0 0 0 0
C 1061 00000098 0 0 0 0 5 0
T 1062 00000098 1 1 0 0 0 0 0 0 1 0 1 1 0 0
R 1062 529 00000098 0000006f
C 1062 00000098 1 0 0 1 5 0
T 1063 00000098 0 1 0 0 0 0 0 0 1 0 0 0 0 0
C 1063 00000098 0 0 0 0 5 0
T 1064 00000098 1 1 0 0 0 0 0 0 1 0 1 1 0 0
R 1064 530 00000098 0000006f
C 1064 00000098 1 0 0 1 5 0
T 1065 00000098 0 1 0 0 0 0 0 0 1 0 0 0 0 0
C 1065 00000098 0 0 0 0 5 0
T 1066 00000098 1 1 0 0 0 0 0 0 1 0 1 1 0 0
R 1066 531 00000098 0000006f
C 1066 00000098 1 0 0 1 5 0
T 1067 00000098 0 1 0 0 0 0 0 0 1 0 0 0 0 0
C 1067 00000098 0 0 0 0 5 0
T 1068 00000098 1 1 0 0 0 0 0 0 1 0 1 1 0 0
R 1068 532 00000098 0000006f
C 1068 00000098 1 0 0 1 5 0
T 1069 00000098 0 1 0 0 0 0 0 0 1 0 0 0 0 0
C 1069 00000098 0 0 0 0 5 0
T 1070 00000098 1 1 0 0 0 0 0 0 1 0 1 1 0 0
R 1070 533 00000098 0000006f
C 1070 00000098 1 0 0 1 5 0
T 1071 00000098 0 1 0 0 0 0 0 0 1 0 0 0 0 0
C 1071 00000098 0 0 0 0 5 0
T 1072 00000098 1 1 0 0 0 0 0 0 1 0 1 1 0 0
R 1072 534 00000098 0000006f
C 1072 00000098 1 0 0 1 5 0
T 1073 00000098 0 1 0 0 0 0 0 0 1 0 0 0 0 0
C 1073 00000098 0 0 0 0 5 0
T 1074 00000098 1 1 0 0 0 0 0 0 1 0 1 1 0 0
R 1074 535 00000098 0000006f
C 1074 00000098 1 0 0 1 5 0
T 1075 00000098 0 1 0 0 0 0 0 0 1 0 0 0 0 0
C 1075 00000098 0 0 0 0 5 0
T 1076 00000098 1 1 0 0 0 0 0 0 1 0 1 1 0 0
R 1076 536 00000098 0000006f
C 1076 00000098 1 0 0 1 5 0
T 1077 00000098 0 1 0 0 0 0 0 0 1 0 0 0 0 0
C 1077 00000098 0 0 0 0 5 0
T 1078 00000098 1 1 0 0 0 0 0 0 1 0 1 1 0 0
R 1078 537 00000098 0000006f
C 1078 00000098 1 0 0 1 5 0
T 1079 00000098 0 1 0 0 0 0 0 0 1 0 0 0 0 0
C 1079 00000098 0 0 0 0 5 0
T 1080 00000098 1 1 0 0 0 0 0 0 1 0 1 1 0 0
R 1080 538 00000098 0000006f
C 1080 00000098 1 0 0 1 5 0
T 1081 00000098 0 1 0 0 0 0 0 0 1 0 0 0 0 0
C 1081 00000098 0 0 0 0 5 0
T 1082 00000098 1 1 0 0 0 0 0 0 1 0 1 1 0 0
R 1082 539 00000098 0000006f
C 1082 00000098 1 0 0 1 5 0
T 1083 00000098 0 1 0 0 0 0 0 0 1 0 0 0 0 0
C 1083 00000098 0 0 0 0 5 0
T 1084 00000098 1 1 0 0 0 0 0 0 1 0 1 1 0 0
R 1084 540 00000098 0000006f
C 1084 00000098 1 0 0 1 5 0
T 1085 00000098 0 1 0 0 0 0 0 0 1 0 0 0 0 0
C 1085 00000098 0 0 0 0 5 0
T 1086 00000098 1 1 0 0 0 0 0 0 1 0 1 1 0 0
R 1086 541 00000098 0000006f
C 1086 00000098 1 0 0 1 5 0
T 1087 00000098 0 1 0 0 0 0 0 0 1 0 0 0 0 0
C 1087 00000098 0 0 0 0 5 0
T 1088 00000098 1 1 0 0 0 0 0 0 1 0 1 1 0 0
R 1088 542 00000098 0000006f
C 1088 00000098 1 0 0 1 5 0
T 1089 00000098 0 1 0 0 0 0 0 0 1 0 0 0 0 0
C 1089 00000098 0 0 0 0 5 0
T 1090 00000098 1 1 0 0 0 0 0 0 1 0 1 1 0 0
R 1090 543 00000098 0000006f
C 1090 00000098 1 0 0 1 5 0
T 1091 00000098 0 1 0 0 0 0 0 0 1 0 0 0 0 0
C 1091 00000098 0 0 0 0 5 0
T 1092 00000098 1 1 0 0 0 0 0 0 1 0 1 1 0 0
R 1092 544 00000098 0000006f
C 1092 00000098 1 0 0 1 5 0
T 1093 00000098 0 1 0 0 0 0 0 0 1 0 0 0 0 0
C 1093 00000098 0 0 0 0 5 0
T 1094 00000098 1 1 0 0 0 0 0 0 1 0 1 1 0 0
R 1094 545 00000098 0000006f
C 1094 00000098 1 0 0 1 5 0
T 1095 00000098 0 1 0 0 0 0 0 0 1 0 0 0 0 0
C 1095 00000098 0 0 0 0 5 0
T 1096 00000098 1 1 0 0 0 0 0 0 1 0 1 1 0 0
R 1096 546 00000098 0000006f
C 1096 00000098 1 0 0 1 5 0
T 1097 00000098 0 1 0 0 0 0 0 0 1 0 0 0 0 0
C 1097 00000098 0 0 0 0 5 0
T 1098 00000098 1 1 0 0 0 0 0 0 1 0 1 1 0 0
R 1098 547 00000098 0000006f
C 1098 00000098 1 0 0 1 5 0
T 1099 00000098 0 1 0 0 0 0 0 0 1 0 0 0 0 0
C 1099 00000098 0 0 0 0 5 0
T 1100 00000098 1 1 0 0 0 0 0 0 1 0 1 1 0 0
R 1100 548 00000098 0000006f
C 1100 00000098 1 0 0 1 5 0
T 1101 00000098 0 1 0 0 0 0 0 0 1 0 0 0 0 0
C 1101 00000098 0 0 0 0 5 0
T 1102 00000098 1 1 0 0 0 0 0 0 1 0 1 1 0 0
R 1102 549 00000098 0000006f
C 1102 00000098 1 0 0 1 5 0
T 1103 00000098 0 1 0 0 0 0 0 0 1 0 0 0 0 0
C 1103 00000098 0 0 0 0 5 0
T 1104 00000098 1 1 0 0 0 0 0 0 1 0 1 1 0 0
R 1104 550 00000098 0000006f
C 1104 00000098 1 0 0 1 5 0
T 1105 00000098 0 1 0 0 0 0 0 0 1 0 0 0 0 0
C 1105 00000098 0 0 0 0 5 0
T 1106 00000098 1 1 0 0 0 0 0 0 1 0 1 1 0 0
R 1106 551 00000098 0000006f
C 1106 00000098 1 0 0 1 5 0
T 1107 00000098 0 1 0 0 0 0 0 0 1 0 0 0 0 0
C 1107 00000098 0 0 0 0 5 0
T 1108 00000098 1 1 0 0 0 0 0 0 1 0 1 1 0 0
R 1108 552 00000098 0000006f
C 1108 00000098 1 0 0 1 5 0
T 1109 00000098 0 1 0 0 0 0 0 0 1 0 0 0 0 0
C 1109 00000098 0 0 0 0 5 0
T 1110 00000098 1 1 0 0 0 0 0 0 1 0 1 1 0 0
R 1110 553 00000098 0000006f
C 1110 00000098 1 0 0 1 5 0
T 1111 00000098 0 1 0 0 0 0 0 0 1 0 0 0 0 0
C 1111 00000098 0 0 0 0 5 0
T 1112 00000098 1 1 0 0 0 0 0 0 1 0 1 1 0 0
R 1112 554 00000098 0000006f
C 1112 00000098 1 0 0 1 5 0
T 1113 00000098 0 1 0 0 0 0 0 0 1 0 0 0 0 0
C 1113 00000098 0 0 0 0 5 0
T 1114 00000098 1 1 0 0 0 0 0 0 1 0 1 1 0 0
R 1114 555 00000098 0000006f
C 1114 00000098 1 0 0 1 5 0
T 1115 00000098 0 1 0 0 0 0 0 0 1 0 0 0 0 0
C 1115 00000098 0 0 0 0 5 0
T 1116 00000098 1 1 0 0 0 0 0 0 1 0 1 1 0 0
R 1116 556 00000098 0000006f
C 1116 00000098 1 0 0 1 5 0
T 1117 00000098 0 1 0 0 0 0 0 0 1 0 0 0 0 0
C 1117 00000098 0 0 0 0 5 0
T 1118 00000098 1 1 0 0 0 0 0 0 1 0 1 1 0 0
R 1118 557 00000098 0000006f
C 1118 00000098 1 0 0 1 5 0
T 1119 00000098 0 1 0 0 0 0 0 0 1 0 0 0 0 0
C 1119 00000098 0 0 0 0 5 0
T 1120 00000098 1 1 0 0 0 0 0 0 1 0 1 1 0 0
R 1120 558 00000098 0000006f
C 1120 00000098 1 0 0 1 5 0
T 1121 00000098 0 1 0 0 0 0 0 0 1 0 0 0 0 0
C 1121 00000098 0 0 0 0 5 0
T 1122 00000098 1 1 0 0 0 0 0 0 1 0 1 1 0 0
R 1122 559 00000098 0000006f
C 1122 00000098 1 0 0 1 5 0
T 1123 00000098 0 1 0 0 0 0 0 0 1 0 0 0 0 0
C 1123 00000098 0 0 0 0 5 0
T 1124 00000098 1 1 0 0 0 0 0 0 1 0 1 1 0 0
R 1124 560 00000098 0000006f
C 1124 00000098 1 0 0 1 5 0
T 1125 00000098 0 1 0 0 0 0 0 0 1 0 0 0 0 0
C 1125 00000098 0 0 0 0 5 0
T 1126 00000098 1 1 0 0 0 0 0 0 1 0 1 1 0 0
R 1126 561 00000098 0000006f
C 1126 00000098 1 0 0 1 5 0
T 1127 00000098 0 1 0 0 0 0 0 0 1 0 0 0 0 0
C 1127 00000098 0 0 0 0 5 0
T 1128 00000098 1 1 0 0 0 0 0 0 1 0 1 1 0 0
R 1128 562 00000098 0000006f
C 1128 00000098 1 0 0 1 5 0
T 1129 00000098 0 1 0 0 0 0 0 0 1 0 0 0 0 0
C 1129 00000098 0 0 0 0 5 0
T 1130 00000098 1 1 0 0 0 0 0 0 1 0 1 1 0 0
R 1130 563 00000098 0000006f
C 1130 00000098 1 0 0 1 5 0
T 1131 00000098 0 1 0 0 0 0 0 0 1 0 0 0 0 0
C 1131 00000098 0 0 0 0 5 0
T 1132 00000098 1 1 0 0 0 0 0 0 1 0 1 1 0 0
R 1132 564 00000098 0000006f
C 1132 00000098 1 0 0 1 5 0
T 1133 00000098 0 1 0 0 0 0 0 0 1 0 0 0 0 0
C 1133 00000098 0 0 0 0 5 0
T 1134 00000098 1 1 0 0 0 0 0 0 1 0 1 1 0 0
R 1134 565 00000098 0000006f
C 1134 00000098 1 0 0 1 5 0
T 1135 00000098 0 1 0 0 0 0 0 0 1 0 0 0 0 0
C 1135 00000098 0 0 0 0 5 0
T 1136 00000098 1 1 0 0 0 0 0 0 1 0 1 1 0 0
R 1136 566 00000098 0000006f
C 1136 00000098 1 0 0 1 5 0
T 1137 00000098 0 1 0 0 0 0 0 0 1 0 0 0 0 0
C 1137 00000098 0 0 0 0 5 0
T 1138 00000098 1 1 0 0 0 0 0 0 1 0 1 1 0 0
R 1138 567 00000098 0000006f
C 1138 00000098 1 0 0 1 5 0
T 1139 00000098 0 1 0 0 0 0 0 0 1 0 0 0 0 0
C 1139 00000098 0 0 0 0 5 0
T 1140 00000098 1 1 0 0 0 0 0 0 1 0 1 1 0 0
R 1140 568 00000098 0000006f
C 1140 00000098 1 0 0 1 5 0
T 1141 00000098 0 1 0 0 0 0 0 0 1 0 0 0 0 0
C 1141 00000098 0 0 0 0 5 0
T 1142 00000098 1 1 0 0 0 0 0 0 1 0 1 1 0 0
R 1142 569 00000098 0000006f
C 1142 00000098 1 0 0 1 5 0
T 1143 00000098 0 1 0 0 0 0 0 0 1 0 0 0 0 0
C 1143 00000098 0 0 0 0 5 0
T 1144 00000098 1 1 0 0 0 0 0 0 1 0 1 1 0 0
R 1144 570 00000098 0000006f
C 1144 00000098 1 0 0 1 5 0
T 1145 00000098 0 1 0 0 0 0 0 0 1 0 0 0 0 0
C 1145 00000098 0 0 0 0 5 0
T 1146 00000098 1 1 0 0 0 0 0 0 1 0 1 1 0 0
R 1146 571 00000098 0000006f
C 1146 00000098 1 0 0 1 5 0
T 1147 00000098 0 1 0 0 0 0 0 0 1 0 0 0 0 0
C 1147 00000098 0 0 0 0 5 0
T 1148 00000098 1 1 0 0 0 0 0 0 1 0 1 1 0 0
R 1148 572 00000098 0000006f
C 1148 00000098 1 0 0 1 5 0
T 1149 00000098 0 1 0 0 0 0 0 0 1 0 0 0 0 0
C 1149 00000098 0 0 0 0 5 0
T 1150 00000098 1 1 0 0 0 0 0 0 1 0 1 1 0 0
R 1150 573 00000098 0000006f
C 1150 00000098 1 0 0 1 5 0
T 1151 00000098 0 1 0 0 0 0 0 0 1 0 0 0 0 0
C 1151 00000098 0 0 0 0 5 0
T 1152 00000098 1 1 0 0 0 0 0 0 1 0 1 1 0 0
R 1152 574 00000098 0000006f
C 1152 00000098 1 0 0 1 5 0
T 1153 00000098 0 1 0 0 0 0 0 0 1 0 0 0 0 0
C 1153 00000098 0 0 0 0 5 0
T 1154 00000098 1 1 0 0 0 0 0 0 1 0 1 1 0 0
R 1154 575 00000098 0000006f
C 1154 00000098 1 0 0 1 5 0
T 1155 00000098 0 1 0 0 0 0 0 0 1 0 0 0 0 0
C 1155 00000098 0 0 0 0 5 0
T 1156 00000098 1 1 0 0 0 0 0 0 1 0 1 1 0 0
R 1156 576 00000098 0000006f
C 1156 00000098 1 0 0 1 5 0
T 1157 00000098 0 1 0 0 0 0 0 0 1 0 0 0 0 0
C 1157 00000098 0 0 0 0 5 0
T 1158 00000098 1 1 0 0 0 0 0 0 1 0 1 1 0 0
R 1158 577 00000098 0000006f
C 1158 00000098 1 0 0 1 5 0
T 1159 00000098 0 1 0 0 0 0 0 0 1 0 0 0 0 0
C 1159 00000098 0 0 0 0 5 0
T 1160 00000098 1 1 0 0 0 0 0 0 1 0 1 1 0 0
R 1160 578 00000098 0000006f
C 1160 00000098 1 0 0 1 5 0
T 1161 00000098 0 1 0 0 0 0 0 0 1 0 0 0 0 0
C 1161 00000098 0 0 0 0 5 0
T 1162 00000098 1 1 0 0 0 0 0 0 1 0 1 1 0 0
R 1162 579 00000098 0000006f
C 1162 00000098 1 0 0 1 5 0
T 1163 00000098 0 1 0 0 0 0 0 0 1 0 0 0 0 0
C 1163 00000098 0 0 0 0 5 0
T 1164 00000098 1 1 0 0 0 0 0 0 1 0 1 1 0 0
R 1164 580 00000098 0000006f
C 1164 00000098 1 0 0 1 5 0
T 1165 00000098 0 1 0 0 0 0 0 0 1 0 0 0 0 0
C 1165 00000098 0 0 0 0 5 0
T 1166 00000098 1 1 0 0 0 0 0 0 1 0 1 1 0 0
R 1166 581 00000098 0000006f
C 1166 00000098 1 0 0 1 5 0
T 1167 00000098 0 1 0 0 0 0 0 0 1 0 0 0 0 0
C 1167 00000098 0 0 0 0 5 0
T 1168 00000098 1 1 0 0 0 0 0 0 1 0 1 1 0 0
R 1168 582 00000098 0000006f
C 1168 00000098 1 0 0 1 5 0
T 1169 00000098 0 1 0 0 0 0 0 0 1 0 0 0 0 0
C 1169 00000098 0 0 0 0 5 0
T 1170 00000098 1 1 0 0 0 0 0 0 1 0 1 1 0 0
R 1170 583 00000098 0000006f
C 1170 00000098 1 0 0 1 5 0
T 1171 00000098 0 1 0 0 0 0 0 0 1 0 0 0 0 0
C 1171 00000098 0 0 0 0 5 0
T 1172 00000098 1 1 0 0 0 0 0 0 1 0 1 1 0 0
R 1172 584 00000098 0000006f
C 1172 00000098 1 0 0 1 5 0
T 1173 00000098 0 1 0 0 0 0 0 0 1 0 0 0 0 0
C 1173 00000098 0 0 0 0 5 0
T 1174 00000098 1 1 0 0 0 0 0 0 1 0 1 1 0 0
R 1174 585 00000098 0000006f
C 1174 00000098 1 0 0 1 5 0
T 1175 00000098 0 1 0 0 0 0 0 0 1 0 0 0 0 0
C 1175 00000098 0 0 0 0 5 0
T 1176 00000098 1 1 0 0 0 0 0 0 1 0 1 1 0 0
R 1176 586 00000098 0000006f
C 1176 00000098 1 0 0 1 5 0
T 1177 00000098 0 1 0 0 0 0 0 0 1 0 0 0 0 0
C 1177 00000098 0 0 0 0 5 0
T 1178 00000098 1 1 0 0 0 0 0 0 1 0 1 1 0 0
R 1178 587 00000098 0000006f
C 1178 00000098 1 0 0 1 5 0
T 1179 00000098 0 1 0 0 0 0 0 0 1 0 0 0 0 0
C 1179 00000098 0 0 0 0 5 0
T 1180 00000098 1 1 0 0 0 0 0 0 1 0 1 1 0 0
R 1180 588 00000098 0000006f
C 1180 00000098 1 0 0 1 5 0
T 1181 00000098 0 1 0 0 0 0 0 0 1 0 0 0 0 0
C 1181 00000098 0 0 0 0 5 0
T 1182 00000098 1 1 0 0 0 0 0 0 1 0 1 1 0 0
R 1182 589 00000098 0000006f
C 1182 00000098 1 0 0 1 5 0
T 1183 00000098 0 1 0 0 0 0 0 0 1 0 0 0 0 0
C 1183 00000098 0 0 0 0 5 0
T 1184 00000098 1 1 0 0 0 0 0 0 1 0 1 1 0 0
R 1184 590 00000098 0000006f
C 1184 00000098 1 0 0 1 5 0
T 1185 00000098 0 1 0 0 0 0 0 0 1 0 0 0 0 0
C 1185 00000098 0 0 0 0 5 0
T 1186 00000098 1 1 0 0 0 0 0 0 1 0 1 1 0 0
R 1186 591 00000098 0000006f
C 1186 00000098 1 0 0 1 5 0
T 1187 00000098 0 1 0 0 0 0 0 0 1 0 0 0 0 0
C 1187 00000098 0 0 0 0 5 0
T 1188 00000098 1 1 0 0 0 0 0 0 1 0 1 1 0 0
R 1188 592 00000098 0000006f
C 1188 00000098 1 0 0 1 5 0
T 1189 00000098 0 1 0 0 0 0 0 0 1 0 0 0 0 0
C 1189 00000098 0 0 0 0 5 0
T 1190 00000098 1 1 0 0 0 0 0 0 1 0 1 1 0 0
R 1190 593 00000098 0000006f
C 1190 00000098 1 0 0 1 5 0
T 1191 00000098 0 1 0 0 0 0 0 0 1 0 0 0 0 0
C 1191 00000098 0 0 0 0 5 0
T 1192 00000098 1 1 0 0 0 0 0 0 1 0 1 1 0 0
R 1192 594 00000098 0000006f
C 1192 00000098 1 0 0 1 5 0
T 1193 00000098 0 1 0 0 0 0 0 0 1 0 0 0 0 0
C 1193 00000098 0 0 0 0 5 0
T 1194 00000098 1 1 0 0 0 0 0 0 1 0 1 1 0 0
R 1194 595 00000098 0000006f
C 1194 00000098 1 0 0 1 5 0
T 1195 00000098 0 1 0 0 0 0 0 0 1 0 0 0 0 0
C 1195 00000098 0 0 0 0 5 0
T 1196 00000098 1 1 0 0 0 0 0 0 1 0 1 1 0 0
R 1196 596 00000098 0000006f
C 1196 00000098 1 0 0 1 5 0
T 1197 00000098 0 1 0 0 0 0 0 0 1 0 0 0 0 0
C 1197 00000098 0 0 0 0 5 0
T 1198 00000098 1 1 0 0 0 0 0 0 1 0 1 1 0 0
R 1198 597 00000098 0000006f
C 1198 00000098 1 0 0 1 5 0
T 1199 00000098 0 1 0 0 0 0 0 0 1 0 0 0 0 0
C 1199 00000098 0 0 0 0 5 0
REG 0 00000000
REG 1 00000002
REG 2 00000001
REG 3 00000021
REG 4 00000000
REG 5 00000000
REG 6 00000000
REG 7 00000000
REG 8 00000000
REG 9 00000000
REG 10 00000000
REG 11 00000000
REG 12 00000000
REG 13 00000000
REG 14 00000000
REG 15 0000007b
REG 16 00000000
REG 17 00000000
REG 18 00000000
REG 19 00000000
REG 20 00000000
REG 21 00000000
REG 22 00000000
REG 23 00000000
REG 24 00000000
REG 25 00000000
REG 26 00000000
REG 27 00000000
REG 28 00000000
REG 29 00000000
REG 30 00000000
REG 31 00000000
COUNTS sleep=1 clocks=1197 ai=0 ab=0 am=0 ifetch=1196 data=0 bitmap=0 hit=0 miss=0 dummy=0 expanded=0 predict=0 mispredict=0 keys=0
PROTOCOL_CHECKS 1197
FINISH
- /home/dungpc/ndmoney4porche/projects/ibex/doc/dungpc/opentitan/evidence/opentitan_tb.sv:253: Verilog $finish
