CONFIG SEC=1 CACHE=1 PRED=0 DUAL=1 MODE=0 ZC=3 SCR=1 ICECC=1 OFFSET=1 PMP=1
SAMPLE 3 ai=0 ab=0 am=0 pc=0 mismatch=0 rf=0 mode=0
T 3 00000000 0 1 0 0 0 0 0 0 1 0 1 0 0 0
SECDET 3 pc=0 rf=0 intg=0
C 3 00000000 0 0 0 1 0 0
LOCK 4 rst=0 cmp=a mismatch=0 rf=0 cap=0
SAMPLE 4 ai=0 ab=0 am=0 pc=0 mismatch=0 rf=0 mode=0
T 4 00000000 0 1 0 0 0 0 0 0 1 0 1 0 0 0
SECDET 4 pc=0 rf=0 intg=0
C 4 00000000 0 0 0 1 1 0
LOCK 5 rst=1 cmp=a mismatch=0 rf=0 cap=0
SAMPLE 5 ai=0 ab=0 am=0 pc=0 mismatch=0 rf=0 mode=0
T 5 00000000 0 1 0 0 0 0 0 0 1 0 0 0 0 0
SECDET 5 pc=0 rf=0 intg=0
C 5 00000000 0 0 0 0 4 0
LOCK 6 rst=1 cmp=5 mismatch=0 rf=0 cap=0
SAMPLE 6 ai=0 ab=0 am=0 pc=0 mismatch=0 rf=0 mode=0
T 6 00000080 1 1 0 0 0 0 0 0 1 0 0 1 0 0
CSRDBG 6 addr=001 priv=3 dec=0 csr=0 raw=1 pw=0 dbg=0 op=0
SECDET 6 pc=0 rf=0 intg=0
C 6 00000080 1 0 0 0 5 0
LOCK 7 rst=1 cmp=5 mismatch=0 rf=0 cap=0
SAMPLE 7 ai=0 ab=0 am=0 pc=0 mismatch=0 rf=0 mode=0
T 7 00000084 1 0 0 0 0 0 0 0 1 0 0 1 0 0
W 7 1 00000001 000000000
CSRDBG 7 addr=7c0 priv=3 dec=0 csr=0 raw=0 pw=0 dbg=0 op=1
SECDET 7 pc=0 rf=0 intg=0
C 7 00000084 1 0 0 0 5 0
LOCK 8 rst=1 cmp=5 mismatch=0 rf=0 cap=0
SAMPLE 8 ai=0 ab=0 am=0 pc=0 mismatch=0 rf=0 mode=0
T 8 00000084 1 0 0 0 0 0 0 0 1 0 0 0 0 0
CSRDBG 8 addr=7c0 priv=3 dec=0 csr=0 raw=0 pw=0 dbg=0 op=1
SECDET 8 pc=0 rf=0 intg=0
R 8 1 00000080 00100093
C 8 00000084 1 0 0 0 6 0
LOCK 9 rst=1 cmp=5 mismatch=0 rf=0 cap=0
SAMPLE 9 ai=0 ab=0 am=0 pc=0 mismatch=0 rf=0 mode=0
T 9 00000084 0 1 0 0 0 0 0 0 1 0 0 0 0 0
SECDET 9 pc=0 rf=0 intg=0
R 9 2 00000084 7c009073
C 9 00000084 0 0 0 0 5 0
LOCK 10 rst=1 cmp=5 mismatch=0 rf=0 cap=0
SAMPLE 10 ai=0 ab=0 am=0 pc=0 mismatch=0 rf=0 mode=0
T 10 00000088 1 1 0 0 0 0 0 0 1 0 0 1 0 0
CSRDBG 10 addr=0b4 priv=3 dec=0 csr=0 raw=1 pw=0 dbg=0 op=0
SECDET 10 pc=0 rf=0 intg=0
C 10 00000088 1 0 0 0 5 0
LOCK 11 rst=1 cmp=5 mismatch=0 rf=0 cap=0
SAMPLE 11 ai=0 ab=0 am=0 pc=0 mismatch=0 rf=0 mode=0
T 11 0000008c 1 1 0 0 0 0 0 0 1 0 0 1 0 0
W 11 2 000000b4 000000000
CSRDBG 11 addr=fff priv=3 dec=0 csr=0 raw=1 pw=0 dbg=0 op=0
SECDET 11 pc=0 rf=0 intg=0
C 11 0000008c 1 0 0 0 5 0
LOCK 12 rst=1 cmp=5 mismatch=0 rf=0 cap=0
SAMPLE 12 ai=0 ab=0 am=0 pc=0 mismatch=0 rf=0 mode=0
T 12 00000090 1 1 0 0 0 0 0 0 1 0 1 1 0 0
W 12 2 000000b3 000000000
CSRDBG 12 addr=fe0 priv=3 dec=0 csr=0 raw=1 pw=0 dbg=0 op=0
SECDET 12 pc=0 rf=0 intg=0
R 12 3 00000088 0b400113
C 12 00000090 1 0 0 1 5 0
LOCK 13 rst=1 cmp=5 mismatch=0 rf=0 cap=0
SAMPLE 13 ai=0 ab=0 am=0 pc=0 mismatch=0 rf=0 mode=0
T 13 00000090 0 1 0 0 0 0 0 0 1 0 0 0 0 0
SECDET 13 pc=0 rf=0 intg=0
R 13 4 0000008c fff10113
C 13 00000090 0 0 0 0 5 0
LOCK 14 rst=1 cmp=5 mismatch=0 rf=0 cap=0
SAMPLE 14 ai=0 ab=0 am=0 pc=0 mismatch=0 rf=0 mode=0
T 14 0000008c 1 1 0 0 0 0 0 0 1 0 0 1 0 0
CSRDBG 14 addr=fff priv=3 dec=0 csr=0 raw=1 pw=0 dbg=0 op=0
SECDET 14 pc=0 rf=0 intg=0
R 14 5 00000090 fe011ee3
C 14 0000008c 1 0 0 0 5 0
LOCK 15 rst=1 cmp=5 mismatch=0 rf=0 cap=0
SAMPLE 15 ai=0 ab=0 am=0 pc=0 mismatch=0 rf=0 mode=0
T 15 0000008c 0 1 0 0 0 0 0 0 1 0 0 0 0 0
W 15 2 000000b2 000000000
SECDET 15 pc=0 rf=0 intg=0
C 15 0000008c 0 0 0 0 5 0
LOCK 16 rst=1 cmp=5 mismatch=0 rf=0 cap=0
SAMPLE 16 ai=0 ab=0 am=0 pc=0 mismatch=0 rf=0 mode=0
T 16 00000090 1 1 0 0 0 0 0 0 1 0 1 1 0 0
CSRDBG 16 addr=fe0 priv=3 dec=0 csr=0 raw=1 pw=0 dbg=0 op=0
SECDET 16 pc=0 rf=0 intg=0
R 16 6 0000008c fff10113
C 16 00000090 1 0 0 1 5 0
LOCK 17 rst=1 cmp=5 mismatch=0 rf=0 cap=0
SAMPLE 17 ai=0 ab=0 am=0 pc=0 mismatch=0 rf=0 mode=0
T 17 00000090 0 1 0 0 0 0 0 0 1 0 0 0 0 0
SECDET 17 pc=0 rf=0 intg=0
C 17 00000090 0 0 0 0 5 0
LOCK 18 rst=1 cmp=5 mismatch=0 rf=0 cap=0
SAMPLE 18 ai=0 ab=0 am=0 pc=0 mismatch=0 rf=0 mode=0
T 18 0000008c 1 1 0 0 0 0 0 0 1 0 0 1 0 0
CSRDBG 18 addr=fff priv=3 dec=0 csr=0 raw=1 pw=0 dbg=0 op=0
SECDET 18 pc=0 rf=0 intg=0
R 18 7 00000090 fe011ee3
C 18 0000008c 1 0 0 0 5 0
LOCK 19 rst=1 cmp=5 mismatch=0 rf=0 cap=0
SAMPLE 19 ai=0 ab=0 am=0 pc=0 mismatch=0 rf=0 mode=0
T 19 0000008c 0 1 0 0 0 0 0 0 1 0 0 0 0 0
W 19 2 000000b1 000000000
SECDET 19 pc=0 rf=0 intg=0
C 19 0000008c 0 0 0 0 5 0
LOCK 20 rst=1 cmp=5 mismatch=0 rf=0 cap=0
SAMPLE 20 ai=0 ab=0 am=0 pc=0 mismatch=0 rf=0 mode=0
T 20 0000008c 0 1 0 0 0 0 0 0 1 0 0 0 0 0
SECDET 20 pc=0 rf=0 intg=0
R 20 8 0000008c fff10113
C 20 0000008c 0 0 0 0 5 0
LOCK 21 rst=1 cmp=5 mismatch=0 rf=0 cap=0
SAMPLE 21 ai=0 ab=0 am=0 pc=0 mismatch=0 rf=0 mode=0
T 21 00000090 1 1 0 0 0 0 0 0 1 0 1 1 0 0
CSRDBG 21 addr=fe0 priv=3 dec=0 csr=0 raw=1 pw=0 dbg=0 op=0
SECDET 21 pc=0 rf=0 intg=0
C 21 00000090 1 0 0 1 5 0
LOCK 22 rst=1 cmp=5 mismatch=0 rf=0 cap=0
SAMPLE 22 ai=0 ab=0 am=0 pc=0 mismatch=0 rf=0 mode=0
T 22 00000090 0 1 0 0 0 0 0 0 1 0 0 0 0 0
SECDET 22 pc=0 rf=0 intg=0
C 22 00000090 0 0 0 0 5 0
LOCK 23 rst=1 cmp=5 mismatch=0 rf=0 cap=0
SAMPLE 23 ai=0 ab=0 am=0 pc=0 mismatch=0 rf=0 mode=0
T 23 0000008c 1 1 0 0 0 0 0 0 1 0 0 1 0 0
CSRDBG 23 addr=fff priv=3 dec=0 csr=0 raw=1 pw=0 dbg=0 op=0
SECDET 23 pc=0 rf=0 intg=0
R 23 9 00000090 fe011ee3
C 23 0000008c 1 0 0 0 5 0
LOCK 24 rst=1 cmp=5 mismatch=0 rf=0 cap=0
SAMPLE 24 ai=0 ab=0 am=0 pc=0 mismatch=0 rf=0 mode=0
T 24 0000008c 0 1 0 0 0 0 0 0 1 0 0 0 0 0
W 24 2 000000b0 000000000
SECDET 24 pc=0 rf=0 intg=0
C 24 0000008c 0 0 0 0 5 0
LOCK 25 rst=1 cmp=5 mismatch=0 rf=0 cap=0
SAMPLE 25 ai=0 ab=0 am=0 pc=0 mismatch=0 rf=0 mode=0
T 25 0000008c 0 1 0 0 0 0 0 0 1 0 0 0 0 0
SECDET 25 pc=0 rf=0 intg=0
R 25 10 0000008c fff10113
C 25 0000008c 0 0 0 0 5 0
LOCK 26 rst=1 cmp=5 mismatch=0 rf=0 cap=0
SAMPLE 26 ai=0 ab=0 am=0 pc=0 mismatch=0 rf=0 mode=0
T 26 00000090 1 1 0 0 0 0 0 0 1 0 1 1 0 0
CSRDBG 26 addr=fe0 priv=3 dec=0 csr=0 raw=1 pw=0 dbg=0 op=0
SECDET 26 pc=0 rf=0 intg=0
C 26 00000090 1 0 0 1 5 0
LOCK 27 rst=1 cmp=5 mismatch=0 rf=0 cap=0
SAMPLE 27 ai=0 ab=0 am=0 pc=0 mismatch=0 rf=0 mode=0
T 27 00000090 0 1 0 0 0 0 0 0 1 0 0 0 0 0
SECDET 27 pc=0 rf=0 intg=0
C 27 00000090 0 0 0 0 5 0
LOCK 28 rst=1 cmp=5 mismatch=0 rf=0 cap=0
SAMPLE 28 ai=0 ab=0 am=0 pc=0 mismatch=0 rf=0 mode=0
T 28 0000008c 1 1 0 0 0 0 0 0 1 0 0 1 0 0
CSRDBG 28 addr=fff priv=3 dec=0 csr=0 raw=1 pw=0 dbg=0 op=0
SECDET 28 pc=0 rf=0 intg=0
R 28 11 00000090 fe011ee3
C 28 0000008c 1 0 0 0 5 0
LOCK 29 rst=1 cmp=5 mismatch=0 rf=0 cap=0
SAMPLE 29 ai=0 ab=0 am=0 pc=0 mismatch=0 rf=0 mode=0
T 29 0000008c 0 1 0 0 0 0 0 0 1 0 0 0 0 0
W 29 2 000000af 000000000
SECDET 29 pc=0 rf=0 intg=0
C 29 0000008c 0 0 0 0 5 0
LOCK 30 rst=1 cmp=5 mismatch=0 rf=0 cap=0
SAMPLE 30 ai=0 ab=0 am=0 pc=0 mismatch=0 rf=0 mode=0
T 30 0000008c 0 1 0 0 0 0 0 0 1 0 0 0 0 0
SECDET 30 pc=0 rf=0 intg=0
R 30 12 0000008c fff10113
C 30 0000008c 0 0 0 0 5 0
LOCK 31 rst=1 cmp=5 mismatch=0 rf=0 cap=0
SAMPLE 31 ai=0 ab=0 am=0 pc=0 mismatch=0 rf=0 mode=0
T 31 00000090 1 1 0 0 0 0 0 0 1 0 1 1 0 0
CSRDBG 31 addr=fe0 priv=3 dec=0 csr=0 raw=1 pw=0 dbg=0 op=0
SECDET 31 pc=0 rf=0 intg=0
C 31 00000090 1 0 0 1 5 0
LOCK 32 rst=1 cmp=5 mismatch=0 rf=0 cap=0
SAMPLE 32 ai=0 ab=0 am=0 pc=0 mismatch=0 rf=0 mode=0
T 32 00000090 0 1 0 0 0 0 0 0 1 0 0 0 0 0
SECDET 32 pc=0 rf=0 intg=0
C 32 00000090 0 0 0 0 5 0
LOCK 33 rst=1 cmp=5 mismatch=0 rf=0 cap=0
SAMPLE 33 ai=0 ab=0 am=0 pc=0 mismatch=0 rf=0 mode=0
T 33 0000008c 1 1 0 0 0 0 0 0 1 0 0 1 0 0
CSRDBG 33 addr=fff priv=3 dec=0 csr=0 raw=1 pw=0 dbg=0 op=0
SECDET 33 pc=0 rf=0 intg=0
R 33 13 00000090 fe011ee3
C 33 0000008c 1 0 0 0 5 0
LOCK 34 rst=1 cmp=5 mismatch=0 rf=0 cap=0
SAMPLE 34 ai=0 ab=0 am=0 pc=0 mismatch=0 rf=0 mode=0
T 34 0000008c 0 1 0 0 0 0 0 0 1 0 0 0 0 0
W 34 2 000000ae 000000000
SECDET 34 pc=0 rf=0 intg=0
C 34 0000008c 0 0 0 0 5 0
LOCK 35 rst=1 cmp=5 mismatch=0 rf=0 cap=0
SAMPLE 35 ai=0 ab=0 am=0 pc=0 mismatch=0 rf=0 mode=0
T 35 0000008c 0 1 0 0 0 0 0 0 1 0 0 0 0 0
SECDET 35 pc=0 rf=0 intg=0
R 35 14 0000008c fff10113
C 35 0000008c 0 0 0 0 5 0
LOCK 36 rst=1 cmp=5 mismatch=0 rf=0 cap=0
SAMPLE 36 ai=0 ab=0 am=0 pc=0 mismatch=0 rf=0 mode=0
T 36 00000090 1 1 0 0 0 0 0 0 1 0 1 1 0 0
CSRDBG 36 addr=fe0 priv=3 dec=0 csr=0 raw=1 pw=0 dbg=0 op=0
SECDET 36 pc=0 rf=0 intg=0
C 36 00000090 1 0 0 1 5 0
LOCK 37 rst=1 cmp=5 mismatch=0 rf=0 cap=0
SAMPLE 37 ai=0 ab=0 am=0 pc=0 mismatch=0 rf=0 mode=0
T 37 00000090 0 1 0 0 0 0 0 0 1 0 0 0 0 0
SECDET 37 pc=0 rf=0 intg=0
C 37 00000090 0 0 0 0 5 0
LOCK 38 rst=1 cmp=5 mismatch=0 rf=0 cap=0
SAMPLE 38 ai=0 ab=0 am=0 pc=0 mismatch=0 rf=0 mode=0
T 38 0000008c 1 1 0 0 0 0 0 0 1 0 0 1 0 0
CSRDBG 38 addr=fff priv=3 dec=0 csr=0 raw=1 pw=0 dbg=0 op=0
SECDET 38 pc=0 rf=0 intg=0
R 38 15 00000090 fe011ee3
C 38 0000008c 1 0 0 0 5 0
LOCK 39 rst=1 cmp=5 mismatch=0 rf=0 cap=0
SAMPLE 39 ai=0 ab=0 am=0 pc=0 mismatch=0 rf=0 mode=0
T 39 0000008c 0 1 0 0 0 0 0 0 1 0 0 0 0 0
W 39 2 000000ad 000000000
SECDET 39 pc=0 rf=0 intg=0
C 39 0000008c 0 0 0 0 5 0
LOCK 40 rst=1 cmp=5 mismatch=0 rf=0 cap=0
SAMPLE 40 ai=0 ab=0 am=0 pc=0 mismatch=0 rf=0 mode=0
T 40 0000008c 0 1 0 0 0 0 0 0 1 0 0 0 0 0
SECDET 40 pc=0 rf=0 intg=0
R 40 16 0000008c fff10113
C 40 0000008c 0 0 0 0 5 0
LOCK 41 rst=1 cmp=5 mismatch=0 rf=0 cap=0
SAMPLE 41 ai=0 ab=0 am=0 pc=0 mismatch=0 rf=0 mode=0
T 41 00000090 1 1 0 0 0 0 0 0 1 0 1 1 0 0
CSRDBG 41 addr=fe0 priv=3 dec=0 csr=0 raw=1 pw=0 dbg=0 op=0
SECDET 41 pc=0 rf=0 intg=0
C 41 00000090 1 0 0 1 5 0
LOCK 42 rst=1 cmp=5 mismatch=0 rf=0 cap=0
SAMPLE 42 ai=0 ab=0 am=0 pc=0 mismatch=0 rf=0 mode=0
T 42 00000090 0 1 0 0 0 0 0 0 1 0 0 0 0 0
SECDET 42 pc=0 rf=0 intg=0
C 42 00000090 0 0 0 0 5 0
LOCK 43 rst=1 cmp=5 mismatch=0 rf=0 cap=0
SAMPLE 43 ai=0 ab=0 am=0 pc=0 mismatch=0 rf=0 mode=0
T 43 0000008c 1 1 0 0 0 0 0 0 1 0 0 1 0 0
CSRDBG 43 addr=fff priv=3 dec=0 csr=0 raw=1 pw=0 dbg=0 op=0
SECDET 43 pc=0 rf=0 intg=0
R 43 17 00000090 fe011ee3
C 43 0000008c 1 0 0 0 5 0
LOCK 44 rst=1 cmp=5 mismatch=0 rf=0 cap=0
SAMPLE 44 ai=0 ab=0 am=0 pc=0 mismatch=0 rf=0 mode=0
T 44 0000008c 0 1 0 0 0 0 0 0 1 0 0 0 0 0
W 44 2 000000ac 000000000
SECDET 44 pc=0 rf=0 intg=0
C 44 0000008c 0 0 0 0 5 0
LOCK 45 rst=1 cmp=5 mismatch=0 rf=0 cap=0
SAMPLE 45 ai=0 ab=0 am=0 pc=0 mismatch=0 rf=0 mode=0
T 45 0000008c 0 1 0 0 0 0 0 0 1 0 0 0 0 0
SECDET 45 pc=0 rf=0 intg=0
R 45 18 0000008c fff10113
C 45 0000008c 0 0 0 0 5 0
LOCK 46 rst=1 cmp=5 mismatch=0 rf=0 cap=0
SAMPLE 46 ai=0 ab=0 am=0 pc=0 mismatch=0 rf=0 mode=0
T 46 00000090 1 1 0 0 0 0 0 0 1 0 1 1 0 0
CSRDBG 46 addr=fe0 priv=3 dec=0 csr=0 raw=1 pw=0 dbg=0 op=0
SECDET 46 pc=0 rf=0 intg=0
C 46 00000090 1 0 0 1 5 0
LOCK 47 rst=1 cmp=5 mismatch=0 rf=0 cap=0
SAMPLE 47 ai=0 ab=0 am=0 pc=0 mismatch=0 rf=0 mode=0
T 47 00000090 0 1 0 0 0 0 0 0 1 0 0 0 0 0
SECDET 47 pc=0 rf=0 intg=0
C 47 00000090 0 0 0 0 5 0
LOCK 48 rst=1 cmp=5 mismatch=0 rf=0 cap=0
SAMPLE 48 ai=0 ab=0 am=0 pc=0 mismatch=0 rf=0 mode=0
T 48 0000008c 1 1 0 0 0 0 0 0 1 0 0 1 0 0
CSRDBG 48 addr=fff priv=3 dec=0 csr=0 raw=1 pw=0 dbg=0 op=0
SECDET 48 pc=0 rf=0 intg=0
R 48 19 00000090 fe011ee3
C 48 0000008c 1 0 0 0 5 0
LOCK 49 rst=1 cmp=5 mismatch=0 rf=0 cap=0
SAMPLE 49 ai=0 ab=0 am=0 pc=0 mismatch=0 rf=0 mode=0
T 49 0000008c 0 1 0 0 0 0 0 0 1 0 0 0 0 0
W 49 2 000000ab 000000000
SECDET 49 pc=0 rf=0 intg=0
C 49 0000008c 0 0 0 0 5 0
LOCK 50 rst=1 cmp=5 mismatch=0 rf=0 cap=0
SAMPLE 50 ai=0 ab=0 am=0 pc=0 mismatch=0 rf=0 mode=0
T 50 0000008c 0 1 0 0 0 0 0 0 1 0 0 0 0 0
SECDET 50 pc=0 rf=0 intg=0
R 50 20 0000008c fff10113
C 50 0000008c 0 0 0 0 5 0
LOCK 51 rst=1 cmp=5 mismatch=0 rf=0 cap=0
SAMPLE 51 ai=0 ab=0 am=0 pc=0 mismatch=0 rf=0 mode=0
T 51 00000090 1 1 0 0 0 0 0 0 1 0 1 1 0 0
CSRDBG 51 addr=fe0 priv=3 dec=0 csr=0 raw=1 pw=0 dbg=0 op=0
SECDET 51 pc=0 rf=0 intg=0
C 51 00000090 1 0 0 1 5 0
LOCK 52 rst=1 cmp=5 mismatch=0 rf=0 cap=0
SAMPLE 52 ai=0 ab=0 am=0 pc=0 mismatch=0 rf=0 mode=0
T 52 00000090 0 1 0 0 0 0 0 0 1 0 0 0 0 0
SECDET 52 pc=0 rf=0 intg=0
C 52 00000090 0 0 0 0 5 0
LOCK 53 rst=1 cmp=5 mismatch=0 rf=0 cap=0
SAMPLE 53 ai=0 ab=0 am=0 pc=0 mismatch=0 rf=0 mode=0
T 53 0000008c 1 1 0 0 0 0 0 0 1 0 0 1 0 0
CSRDBG 53 addr=fff priv=3 dec=0 csr=0 raw=1 pw=0 dbg=0 op=0
SECDET 53 pc=0 rf=0 intg=0
R 53 21 00000090 fe011ee3
C 53 0000008c 1 0 0 0 5 0
LOCK 54 rst=1 cmp=5 mismatch=0 rf=0 cap=0
SAMPLE 54 ai=0 ab=0 am=0 pc=0 mismatch=0 rf=0 mode=0
T 54 0000008c 0 1 0 0 0 0 0 0 1 0 0 0 0 0
W 54 2 000000aa 000000000
SECDET 54 pc=0 rf=0 intg=0
C 54 0000008c 0 0 0 0 5 0
LOCK 55 rst=1 cmp=5 mismatch=0 rf=0 cap=0
SAMPLE 55 ai=0 ab=0 am=0 pc=0 mismatch=0 rf=0 mode=0
T 55 0000008c 0 1 0 0 0 0 0 0 1 0 0 0 0 0
SECDET 55 pc=0 rf=0 intg=0
R 55 22 0000008c fff10113
C 55 0000008c 0 0 0 0 5 0
LOCK 56 rst=1 cmp=5 mismatch=0 rf=0 cap=0
SAMPLE 56 ai=0 ab=0 am=0 pc=0 mismatch=0 rf=0 mode=0
T 56 00000090 1 1 0 0 0 0 0 0 1 0 1 1 0 0
CSRDBG 56 addr=fe0 priv=3 dec=0 csr=0 raw=1 pw=0 dbg=0 op=0
SECDET 56 pc=0 rf=0 intg=0
C 56 00000090 1 0 0 1 5 0
LOCK 57 rst=1 cmp=5 mismatch=0 rf=0 cap=0
SAMPLE 57 ai=0 ab=0 am=0 pc=0 mismatch=0 rf=0 mode=0
T 57 00000090 0 1 0 0 0 0 0 0 1 0 0 0 0 0
SECDET 57 pc=0 rf=0 intg=0
C 57 00000090 0 0 0 0 5 0
LOCK 58 rst=1 cmp=5 mismatch=0 rf=0 cap=0
SAMPLE 58 ai=0 ab=0 am=0 pc=0 mismatch=0 rf=0 mode=0
T 58 0000008c 1 1 0 0 0 0 0 0 1 0 0 1 0 0
CSRDBG 58 addr=fff priv=3 dec=0 csr=0 raw=1 pw=0 dbg=0 op=0
SECDET 58 pc=0 rf=0 intg=0
R 58 23 00000090 fe011ee3
C 58 0000008c 1 0 0 0 5 0
LOCK 59 rst=1 cmp=5 mismatch=0 rf=0 cap=0
SAMPLE 59 ai=0 ab=0 am=0 pc=0 mismatch=0 rf=0 mode=0
T 59 0000008c 0 1 0 0 0 0 0 0 1 0 0 0 0 0
W 59 2 000000a9 000000000
SECDET 59 pc=0 rf=0 intg=0
C 59 0000008c 0 0 0 0 5 0
LOCK 60 rst=1 cmp=5 mismatch=0 rf=0 cap=0
SAMPLE 60 ai=0 ab=0 am=0 pc=0 mismatch=0 rf=0 mode=0
T 60 0000008c 0 1 0 0 0 0 0 0 1 0 0 0 0 0
SECDET 60 pc=0 rf=0 intg=0
R 60 24 0000008c fff10113
C 60 0000008c 0 0 0 0 5 0
LOCK 61 rst=1 cmp=5 mismatch=0 rf=0 cap=0
SAMPLE 61 ai=0 ab=0 am=0 pc=0 mismatch=0 rf=0 mode=0
T 61 00000090 1 1 0 0 0 0 0 0 1 0 1 1 0 0
CSRDBG 61 addr=fe0 priv=3 dec=0 csr=0 raw=1 pw=0 dbg=0 op=0
SECDET 61 pc=0 rf=0 intg=0
C 61 00000090 1 0 0 1 5 0
LOCK 62 rst=1 cmp=5 mismatch=0 rf=0 cap=0
SAMPLE 62 ai=0 ab=0 am=0 pc=0 mismatch=0 rf=0 mode=0
T 62 00000090 0 1 0 0 0 0 0 0 1 0 0 0 0 0
SECDET 62 pc=0 rf=0 intg=0
C 62 00000090 0 0 0 0 5 0
LOCK 63 rst=1 cmp=5 mismatch=0 rf=0 cap=0
SAMPLE 63 ai=0 ab=0 am=0 pc=0 mismatch=0 rf=0 mode=0
T 63 0000008c 1 1 0 0 0 0 0 0 1 0 0 1 0 0
CSRDBG 63 addr=fff priv=3 dec=0 csr=0 raw=1 pw=0 dbg=0 op=0
SECDET 63 pc=0 rf=0 intg=0
R 63 25 00000090 fe011ee3
C 63 0000008c 1 0 0 0 5 0
LOCK 64 rst=1 cmp=5 mismatch=0 rf=0 cap=0
SAMPLE 64 ai=0 ab=0 am=0 pc=0 mismatch=0 rf=0 mode=0
T 64 0000008c 0 1 0 0 0 0 0 0 1 0 0 0 0 0
W 64 2 000000a8 000000000
SECDET 64 pc=0 rf=0 intg=0
C 64 0000008c 0 0 0 0 5 0
LOCK 65 rst=1 cmp=5 mismatch=0 rf=0 cap=0
SAMPLE 65 ai=0 ab=0 am=0 pc=0 mismatch=0 rf=0 mode=0
T 65 0000008c 0 1 0 0 0 0 0 0 1 0 0 0 0 0
SECDET 65 pc=0 rf=0 intg=0
R 65 26 0000008c fff10113
C 65 0000008c 0 0 0 0 5 0
LOCK 66 rst=1 cmp=5 mismatch=0 rf=0 cap=0
SAMPLE 66 ai=0 ab=0 am=0 pc=0 mismatch=0 rf=0 mode=0
T 66 00000090 1 1 0 0 0 0 0 0 1 0 1 1 0 0
CSRDBG 66 addr=fe0 priv=3 dec=0 csr=0 raw=1 pw=0 dbg=0 op=0
SECDET 66 pc=0 rf=0 intg=0
C 66 00000090 1 0 0 1 5 0
LOCK 67 rst=1 cmp=5 mismatch=0 rf=0 cap=0
SAMPLE 67 ai=0 ab=0 am=0 pc=0 mismatch=0 rf=0 mode=0
T 67 00000090 0 1 0 0 0 0 0 0 1 0 0 0 0 0
SECDET 67 pc=0 rf=0 intg=0
C 67 00000090 0 0 0 0 5 0
LOCK 68 rst=1 cmp=5 mismatch=0 rf=0 cap=0
SAMPLE 68 ai=0 ab=0 am=0 pc=0 mismatch=0 rf=0 mode=0
T 68 0000008c 1 1 0 0 0 0 0 0 1 0 0 1 0 0
CSRDBG 68 addr=fff priv=3 dec=0 csr=0 raw=1 pw=0 dbg=0 op=0
SECDET 68 pc=0 rf=0 intg=0
R 68 27 00000090 fe011ee3
C 68 0000008c 1 0 0 0 5 0
LOCK 69 rst=1 cmp=5 mismatch=0 rf=0 cap=0
SAMPLE 69 ai=0 ab=0 am=0 pc=0 mismatch=0 rf=0 mode=0
T 69 0000008c 0 1 0 0 0 0 0 0 1 0 0 0 0 0
W 69 2 000000a7 000000000
SECDET 69 pc=0 rf=0 intg=0
C 69 0000008c 0 0 0 0 5 0
LOCK 70 rst=1 cmp=5 mismatch=0 rf=0 cap=0
SAMPLE 70 ai=0 ab=0 am=0 pc=0 mismatch=0 rf=0 mode=0
T 70 0000008c 0 1 0 0 0 0 0 0 1 0 0 0 0 0
SECDET 70 pc=0 rf=0 intg=0
R 70 28 0000008c fff10113
C 70 0000008c 0 0 0 0 5 0
LOCK 71 rst=1 cmp=5 mismatch=0 rf=0 cap=0
SAMPLE 71 ai=0 ab=0 am=0 pc=0 mismatch=0 rf=0 mode=0
T 71 00000090 1 1 0 0 0 0 0 0 1 0 1 1 0 0
CSRDBG 71 addr=fe0 priv=3 dec=0 csr=0 raw=1 pw=0 dbg=0 op=0
SECDET 71 pc=0 rf=0 intg=0
C 71 00000090 1 0 0 1 5 0
LOCK 72 rst=1 cmp=5 mismatch=0 rf=0 cap=0
SAMPLE 72 ai=0 ab=0 am=0 pc=0 mismatch=0 rf=0 mode=0
T 72 00000090 0 1 0 0 0 0 0 0 1 0 0 0 0 0
SECDET 72 pc=0 rf=0 intg=0
C 72 00000090 0 0 0 0 5 0
LOCK 73 rst=1 cmp=5 mismatch=0 rf=0 cap=0
SAMPLE 73 ai=0 ab=0 am=0 pc=0 mismatch=0 rf=0 mode=0
T 73 0000008c 1 1 0 0 0 0 0 0 1 0 0 1 0 0
CSRDBG 73 addr=fff priv=3 dec=0 csr=0 raw=1 pw=0 dbg=0 op=0
SECDET 73 pc=0 rf=0 intg=0
R 73 29 00000090 fe011ee3
C 73 0000008c 1 0 0 0 5 0
LOCK 74 rst=1 cmp=5 mismatch=0 rf=0 cap=0
SAMPLE 74 ai=0 ab=0 am=0 pc=0 mismatch=0 rf=0 mode=0
T 74 0000008c 0 1 0 0 0 0 0 0 1 0 0 0 0 0
W 74 2 000000a6 000000000
SECDET 74 pc=0 rf=0 intg=0
C 74 0000008c 0 0 0 0 5 0
LOCK 75 rst=1 cmp=5 mismatch=0 rf=0 cap=0
SAMPLE 75 ai=0 ab=0 am=0 pc=0 mismatch=0 rf=0 mode=0
T 75 0000008c 0 1 0 0 0 0 0 0 1 0 0 0 0 0
SECDET 75 pc=0 rf=0 intg=0
R 75 30 0000008c fff10113
C 75 0000008c 0 0 0 0 5 0
LOCK 76 rst=1 cmp=5 mismatch=0 rf=0 cap=0
SAMPLE 76 ai=0 ab=0 am=0 pc=0 mismatch=0 rf=0 mode=0
T 76 00000090 1 1 0 0 0 0 0 0 1 0 1 1 0 0
CSRDBG 76 addr=fe0 priv=3 dec=0 csr=0 raw=1 pw=0 dbg=0 op=0
SECDET 76 pc=0 rf=0 intg=0
C 76 00000090 1 0 0 1 5 0
LOCK 77 rst=1 cmp=5 mismatch=0 rf=0 cap=0
SAMPLE 77 ai=0 ab=0 am=0 pc=0 mismatch=0 rf=0 mode=0
T 77 00000090 0 1 0 0 0 0 0 0 1 0 0 0 0 0
SECDET 77 pc=0 rf=0 intg=0
C 77 00000090 0 0 0 0 5 0
LOCK 78 rst=1 cmp=5 mismatch=0 rf=0 cap=0
SAMPLE 78 ai=0 ab=0 am=0 pc=0 mismatch=0 rf=0 mode=0
T 78 0000008c 1 1 0 0 0 0 0 0 1 0 0 1 0 0
CSRDBG 78 addr=fff priv=3 dec=0 csr=0 raw=1 pw=0 dbg=0 op=0
SECDET 78 pc=0 rf=0 intg=0
R 78 31 00000090 fe011ee3
C 78 0000008c 1 0 0 0 5 0
LOCK 79 rst=1 cmp=5 mismatch=0 rf=0 cap=0
SAMPLE 79 ai=0 ab=0 am=0 pc=0 mismatch=0 rf=0 mode=0
T 79 0000008c 0 1 0 0 0 0 0 0 1 0 0 0 0 0
W 79 2 000000a5 000000000
SECDET 79 pc=0 rf=0 intg=0
C 79 0000008c 0 0 0 0 5 0
LOCK 80 rst=1 cmp=5 mismatch=0 rf=0 cap=0
SAMPLE 80 ai=0 ab=0 am=0 pc=0 mismatch=0 rf=0 mode=0
T 80 0000008c 0 1 0 0 0 0 0 0 1 0 0 0 0 0
SECDET 80 pc=0 rf=0 intg=0
R 80 32 0000008c fff10113
C 80 0000008c 0 0 0 0 5 0
LOCK 81 rst=1 cmp=5 mismatch=0 rf=0 cap=0
SAMPLE 81 ai=0 ab=0 am=0 pc=0 mismatch=0 rf=0 mode=0
T 81 00000090 1 1 0 0 0 0 0 0 1 0 1 1 0 0
SECDET 81 pc=0 rf=0 intg=0
C 81 00000090 1 0 0 1 5 0
LOCK 82 rst=1 cmp=5 mismatch=0 rf=0 cap=0
SAMPLE 82 ai=0 ab=0 am=0 pc=0 mismatch=0 rf=0 mode=0
T 82 00000090 0 1 0 0 0 0 0 0 1 0 0 0 0 0
SECDET 82 pc=0 rf=0 intg=0
C 82 00000090 0 0 0 0 5 0
LOCK 83 rst=1 cmp=5 mismatch=0 rf=0 cap=0
SAMPLE 83 ai=0 ab=0 am=0 pc=0 mismatch=0 rf=0 mode=0
T 83 0000008c 1 1 0 0 0 0 0 0 1 0 0 1 0 0
SECDET 83 pc=0 rf=0 intg=0
R 83 33 00000090 fe011ee3
C 83 0000008c 1 0 0 0 5 0
LOCK 84 rst=1 cmp=5 mismatch=0 rf=0 cap=0
SAMPLE 84 ai=0 ab=0 am=0 pc=0 mismatch=0 rf=0 mode=0
T 84 0000008c 0 1 0 0 0 0 0 0 1 0 0 0 0 0
W 84 2 000000a4 000000000
SECDET 84 pc=0 rf=0 intg=0
C 84 0000008c 0 0 0 0 5 0
LOCK 85 rst=1 cmp=5 mismatch=0 rf=0 cap=0
SAMPLE 85 ai=0 ab=0 am=0 pc=0 mismatch=0 rf=0 mode=0
T 85 0000008c 0 1 0 0 0 0 0 0 1 0 0 0 0 0
SECDET 85 pc=0 rf=0 intg=0
R 85 34 0000008c fff10113
C 85 0000008c 0 0 0 0 5 0
LOCK 86 rst=1 cmp=5 mismatch=0 rf=0 cap=0
SAMPLE 86 ai=0 ab=0 am=0 pc=0 mismatch=0 rf=0 mode=0
T 86 00000090 1 1 0 0 0 0 0 0 1 0 1 1 0 0
SECDET 86 pc=0 rf=0 intg=0
C 86 00000090 1 0 0 1 5 0
LOCK 87 rst=1 cmp=5 mismatch=0 rf=0 cap=0
SAMPLE 87 ai=0 ab=0 am=0 pc=0 mismatch=0 rf=0 mode=0
T 87 00000090 0 1 0 0 0 0 0 0 1 0 0 0 0 0
SECDET 87 pc=0 rf=0 intg=0
C 87 00000090 0 0 0 0 5 0
LOCK 88 rst=1 cmp=5 mismatch=0 rf=0 cap=0
SAMPLE 88 ai=0 ab=0 am=0 pc=0 mismatch=0 rf=0 mode=0
T 88 0000008c 1 1 0 0 0 0 0 0 1 0 0 1 0 0
SECDET 88 pc=0 rf=0 intg=0
R 88 35 00000090 fe011ee3
C 88 0000008c 1 0 0 0 5 0
LOCK 89 rst=1 cmp=5 mismatch=0 rf=0 cap=0
SAMPLE 89 ai=0 ab=0 am=0 pc=0 mismatch=0 rf=0 mode=0
T 89 0000008c 0 1 0 0 0 0 0 0 1 0 0 0 0 0
W 89 2 000000a3 000000000
SECDET 89 pc=0 rf=0 intg=0
C 89 0000008c 0 0 0 0 5 0
LOCK 90 rst=1 cmp=5 mismatch=0 rf=0 cap=0
SAMPLE 90 ai=0 ab=0 am=0 pc=0 mismatch=0 rf=0 mode=0
T 90 0000008c 0 1 0 0 0 0 0 0 1 0 0 0 0 0
SECDET 90 pc=0 rf=0 intg=0
R 90 36 0000008c fff10113
C 90 0000008c 0 0 0 0 5 0
LOCK 91 rst=1 cmp=5 mismatch=0 rf=0 cap=0
SAMPLE 91 ai=0 ab=0 am=0 pc=0 mismatch=0 rf=0 mode=0
T 91 00000090 1 1 0 0 0 0 0 0 1 0 1 1 0 0
SECDET 91 pc=0 rf=0 intg=0
C 91 00000090 1 0 0 1 5 0
LOCK 92 rst=1 cmp=5 mismatch=0 rf=0 cap=0
SAMPLE 92 ai=0 ab=0 am=0 pc=0 mismatch=0 rf=0 mode=0
T 92 00000090 0 1 0 0 0 0 0 0 1 0 0 0 0 0
SECDET 92 pc=0 rf=0 intg=0
C 92 00000090 0 0 0 0 5 0
LOCK 93 rst=1 cmp=5 mismatch=0 rf=0 cap=0
SAMPLE 93 ai=0 ab=0 am=0 pc=0 mismatch=0 rf=0 mode=0
T 93 0000008c 1 1 0 0 0 0 0 0 1 0 0 1 0 0
SECDET 93 pc=0 rf=0 intg=0
R 93 37 00000090 fe011ee3
C 93 0000008c 1 0 0 0 5 0
LOCK 94 rst=1 cmp=5 mismatch=0 rf=0 cap=0
SAMPLE 94 ai=0 ab=0 am=0 pc=0 mismatch=0 rf=0 mode=0
T 94 0000008c 0 1 0 0 0 0 0 0 1 0 0 0 0 0
W 94 2 000000a2 000000000
SECDET 94 pc=0 rf=0 intg=0
C 94 0000008c 0 0 0 0 5 0
LOCK 95 rst=1 cmp=5 mismatch=0 rf=0 cap=0
SAMPLE 95 ai=0 ab=0 am=0 pc=0 mismatch=0 rf=0 mode=0
T 95 0000008c 0 1 0 0 0 0 0 0 1 0 0 0 0 0
SECDET 95 pc=0 rf=0 intg=0
R 95 38 0000008c fff10113
C 95 0000008c 0 0 0 0 5 0
LOCK 96 rst=1 cmp=5 mismatch=0 rf=0 cap=0
SAMPLE 96 ai=0 ab=0 am=0 pc=0 mismatch=0 rf=0 mode=0
T 96 00000090 1 1 0 0 0 0 0 0 1 0 1 1 0 0
SECDET 96 pc=0 rf=0 intg=0
C 96 00000090 1 0 0 1 5 0
LOCK 97 rst=1 cmp=5 mismatch=0 rf=0 cap=0
SAMPLE 97 ai=0 ab=0 am=0 pc=0 mismatch=0 rf=0 mode=0
T 97 00000090 0 1 0 0 0 0 0 0 1 0 0 0 0 0
SECDET 97 pc=0 rf=0 intg=0
C 97 00000090 0 0 0 0 5 0
LOCK 98 rst=1 cmp=5 mismatch=0 rf=0 cap=0
SAMPLE 98 ai=0 ab=0 am=0 pc=0 mismatch=0 rf=0 mode=0
T 98 0000008c 1 1 0 0 0 0 0 0 1 0 0 1 0 0
SECDET 98 pc=0 rf=0 intg=0
R 98 39 00000090 fe011ee3
C 98 0000008c 1 0 0 0 5 0
LOCK 99 rst=1 cmp=5 mismatch=0 rf=0 cap=0
SAMPLE 99 ai=0 ab=0 am=0 pc=0 mismatch=0 rf=0 mode=0
T 99 0000008c 0 1 0 0 0 0 0 0 1 0 0 0 0 0
W 99 2 000000a1 000000000
SECDET 99 pc=0 rf=0 intg=0
C 99 0000008c 0 0 0 0 5 0
LOCK 100 rst=1 cmp=5 mismatch=0 rf=0 cap=0
INJECT 100 fault=10
SAMPLE 100 ai=0 ab=0 am=0 pc=0 mismatch=0 rf=0 mode=0
T 100 0000008c 0 1 0 0 0 0 0 0 1 0 0 0 0 0
SECDET 100 pc=0 rf=0 intg=0
R 100 40 0000008c fff10113
C 100 0000008c 0 0 0 0 5 0
LOCK 101 rst=1 cmp=5 mismatch=0 rf=0 cap=0
SAMPLE 101 ai=0 ab=0 am=0 pc=0 mismatch=0 rf=0 mode=0
T 101 00000090 1 1 0 0 0 0 0 0 1 0 1 1 0 0
SECDET 101 pc=0 rf=0 intg=0
C 101 00000090 1 0 0 1 5 0
LOCK 102 rst=1 cmp=5 mismatch=0 rf=0 cap=0
SAMPLE 102 ai=0 ab=0 am=0 pc=0 mismatch=0 rf=0 mode=0
T 102 00000090 0 1 0 0 0 0 0 0 1 0 0 0 0 0
SECDET 102 pc=0 rf=0 intg=0
C 102 00000090 0 0 0 0 5 0
LOCK 103 rst=1 cmp=5 mismatch=0 rf=0 cap=0
SAMPLE 103 ai=0 ab=0 am=0 pc=0 mismatch=0 rf=0 mode=0
T 103 0000008c 1 1 0 0 0 0 0 0 1 0 0 1 0 0
SECDET 103 pc=0 rf=0 intg=0
R 103 41 00000090 fe011ee3
C 103 0000008c 1 0 0 0 5 0
LOCK 104 rst=1 cmp=5 mismatch=0 rf=0 cap=0
SAMPLE 104 ai=0 ab=0 am=0 pc=0 mismatch=0 rf=0 mode=0
T 104 0000008c 0 1 0 0 0 0 0 0 1 0 0 0 0 0
W 104 2 000000a0 000000000
SECDET 104 pc=0 rf=0 intg=0
C 104 0000008c 0 0 0 0 5 0
LOCK 105 rst=1 cmp=5 mismatch=0 rf=0 cap=0
SAMPLE 105 ai=0 ab=0 am=0 pc=0 mismatch=0 rf=0 mode=0
T 105 0000008c 0 1 0 0 0 0 0 0 1 0 0 0 0 0
SECDET 105 pc=0 rf=0 intg=0
R 105 42 0000008c fff10113
C 105 0000008c 0 0 0 0 5 0
LOCK 106 rst=1 cmp=5 mismatch=0 rf=0 cap=0
SAMPLE 106 ai=0 ab=0 am=0 pc=0 mismatch=0 rf=0 mode=0
T 106 00000090 1 1 0 0 0 0 0 0 1 0 1 1 0 0
SECDET 106 pc=0 rf=0 intg=0
C 106 00000090 1 0 0 1 5 0
LOCK 107 rst=1 cmp=5 mismatch=0 rf=0 cap=0
SAMPLE 107 ai=0 ab=0 am=0 pc=0 mismatch=0 rf=0 mode=0
T 107 00000090 0 1 0 0 0 0 0 0 1 0 0 0 0 0
SECDET 107 pc=0 rf=0 intg=0
C 107 00000090 0 0 0 0 5 0
LOCK 108 rst=1 cmp=5 mismatch=0 rf=0 cap=0
SAMPLE 108 ai=0 ab=0 am=0 pc=0 mismatch=0 rf=0 mode=0
T 108 0000008c 1 1 0 0 0 0 0 0 1 0 0 1 0 0
SECDET 108 pc=0 rf=0 intg=0
R 108 43 00000090 fe011ee3
C 108 0000008c 1 0 0 0 5 0
LOCK 109 rst=1 cmp=5 mismatch=0 rf=0 cap=0
SAMPLE 109 ai=0 ab=0 am=0 pc=0 mismatch=0 rf=0 mode=0
T 109 0000008c 0 1 0 0 0 0 0 0 1 0 0 0 0 0
W 109 2 0000009f 000000000
SECDET 109 pc=0 rf=0 intg=0
C 109 0000008c 0 0 0 0 5 0
LOCK 110 rst=1 cmp=5 mismatch=0 rf=0 cap=0
SAMPLE 110 ai=0 ab=0 am=0 pc=0 mismatch=0 rf=0 mode=0
T 110 0000008c 0 1 0 0 0 0 0 0 1 0 0 0 0 0
SECDET 110 pc=0 rf=0 intg=0
R 110 44 0000008c fff10113
C 110 0000008c 0 0 0 0 5 0
LOCK 111 rst=1 cmp=5 mismatch=0 rf=0 cap=0
SAMPLE 111 ai=0 ab=0 am=0 pc=0 mismatch=0 rf=0 mode=0
T 111 00000090 1 1 0 0 0 0 0 0 1 0 1 1 0 0
SECDET 111 pc=0 rf=0 intg=0
C 111 00000090 1 0 0 1 5 0
LOCK 112 rst=1 cmp=5 mismatch=0 rf=0 cap=0
SAMPLE 112 ai=0 ab=0 am=0 pc=0 mismatch=0 rf=0 mode=0
T 112 00000090 0 1 0 0 0 0 0 0 1 0 0 0 0 0
SECDET 112 pc=0 rf=0 intg=0
C 112 00000090 0 0 0 0 5 0
LOCK 113 rst=1 cmp=5 mismatch=0 rf=0 cap=0
SAMPLE 113 ai=0 ab=0 am=0 pc=0 mismatch=0 rf=0 mode=0
T 113 0000008c 1 1 0 0 0 0 0 0 1 0 0 1 0 0
SECDET 113 pc=0 rf=0 intg=0
R 113 45 00000090 fe011ee3
C 113 0000008c 1 0 0 0 5 0
LOCK 114 rst=1 cmp=5 mismatch=0 rf=0 cap=0
SAMPLE 114 ai=0 ab=0 am=0 pc=0 mismatch=0 rf=0 mode=0
T 114 0000008c 0 1 0 0 0 0 0 0 1 0 0 0 0 0
W 114 2 0000009e 000000000
SECDET 114 pc=0 rf=0 intg=0
C 114 0000008c 0 0 0 0 5 0
LOCK 115 rst=1 cmp=5 mismatch=0 rf=0 cap=0
SAMPLE 115 ai=0 ab=0 am=0 pc=0 mismatch=0 rf=0 mode=0
T 115 0000008c 0 1 0 0 0 0 0 0 1 0 0 0 0 0
SECDET 115 pc=0 rf=0 intg=0
R 115 46 0000008c fff10113
C 115 0000008c 0 0 0 0 5 0
LOCK 116 rst=1 cmp=5 mismatch=0 rf=0 cap=0
SAMPLE 116 ai=0 ab=0 am=0 pc=0 mismatch=0 rf=0 mode=0
T 116 00000090 1 1 0 0 0 0 0 0 1 0 1 1 0 0
SECDET 116 pc=0 rf=0 intg=0
C 116 00000090 1 0 0 1 5 0
LOCK 117 rst=1 cmp=5 mismatch=0 rf=0 cap=0
SAMPLE 117 ai=0 ab=0 am=0 pc=0 mismatch=0 rf=0 mode=0
T 117 00000090 0 1 0 0 0 0 0 0 1 0 0 0 0 0
SECDET 117 pc=0 rf=0 intg=0
C 117 00000090 0 0 0 0 5 0
LOCK 118 rst=1 cmp=5 mismatch=0 rf=0 cap=0
SAMPLE 118 ai=0 ab=0 am=0 pc=0 mismatch=0 rf=0 mode=0
T 118 0000008c 1 1 0 0 0 0 0 0 1 0 0 1 0 0
SECDET 118 pc=0 rf=0 intg=0
R 118 47 00000090 fe011ee3
C 118 0000008c 1 0 0 0 5 0
LOCK 119 rst=1 cmp=5 mismatch=0 rf=0 cap=0
SAMPLE 119 ai=0 ab=0 am=0 pc=0 mismatch=0 rf=0 mode=0
T 119 0000008c 0 1 0 0 0 0 0 0 1 0 0 0 0 0
W 119 2 0000009d 000000000
SECDET 119 pc=0 rf=0 intg=0
C 119 0000008c 0 0 0 0 5 0
T 120 0000008c 0 1 0 0 0 0 0 0 1 0 0 0 0 0
R 120 48 0000008c fff10113
C 120 0000008c 0 0 0 0 5 0
T 121 00000090 1 1 0 0 0 0 0 0 1 0 1 1 0 0
C 121 00000090 1 0 0 1 5 0
T 122 00000090 0 1 0 0 0 0 0 0 1 0 0 0 0 0
C 122 00000090 0 0 0 0 5 0
T 123 0000008c 1 1 0 0 0 0 0 0 1 0 0 1 0 0
R 123 49 00000090 fe011ee3
C 123 0000008c 1 0 0 0 5 0
T 124 0000008c 0 1 0 0 0 0 0 0 1 0 0 0 0 0
W 124 2 0000009c 000000000
C 124 0000008c 0 0 0 0 5 0
T 125 0000008c 0 1 0 0 0 0 0 0 1 0 0 0 0 0
R 125 50 0000008c fff10113
C 125 0000008c 0 0 0 0 5 0
T 126 00000090 1 1 0 0 0 0 0 0 1 0 1 1 0 0
C 126 00000090 1 0 0 1 5 0
T 127 00000090 0 1 0 0 0 0 0 0 1 0 0 0 0 0
C 127 00000090 0 0 0 0 5 0
T 128 0000008c 1 1 0 0 0 0 0 0 1 0 0 1 0 0
R 128 51 00000090 fe011ee3
C 128 0000008c 1 0 0 0 5 0
T 129 0000008c 0 1 0 0 0 0 0 0 1 0 0 0 0 0
W 129 2 0000009b 000000000
C 129 0000008c 0 0 0 0 5 0
T 130 0000008c 0 1 0 0 0 0 0 0 1 0 0 0 0 0
R 130 52 0000008c fff10113
C 130 0000008c 0 0 0 0 5 0
T 131 00000090 1 1 0 0 0 0 0 0 1 0 1 1 0 0
C 131 00000090 1 0 0 1 5 0
T 132 00000090 0 1 0 0 0 0 0 0 1 0 0 0 0 0
C 132 00000090 0 0 0 0 5 0
T 133 0000008c 1 1 0 0 0 0 0 0 1 0 0 1 0 0
R 133 53 00000090 fe011ee3
C 133 0000008c 1 0 0 0 5 0
T 134 0000008c 0 1 0 0 0 0 0 0 1 0 0 0 0 0
W 134 2 0000009a 000000000
C 134 0000008c 0 0 0 0 5 0
T 135 0000008c 0 1 0 0 0 0 0 0 1 0 0 0 0 0
R 135 54 0000008c fff10113
C 135 0000008c 0 0 0 0 5 0
T 136 00000090 1 1 0 0 0 0 0 0 1 0 1 1 0 0
C 136 00000090 1 0 0 1 5 0
T 137 00000090 0 1 0 0 0 0 0 0 1 0 0 0 0 0
C 137 00000090 0 0 0 0 5 0
T 138 0000008c 1 1 0 0 0 0 0 0 1 0 0 1 0 0
R 138 55 00000090 fe011ee3
C 138 0000008c 1 0 0 0 5 0
T 139 0000008c 0 1 0 0 0 0 0 0 1 0 0 0 0 0
W 139 2 00000099 000000000
C 139 0000008c 0 0 0 0 5 0
T 140 0000008c 0 1 0 0 0 0 0 0 1 0 0 0 0 0
R 140 56 0000008c fff10113
C 140 0000008c 0 0 0 0 5 0
T 141 00000090 1 1 0 0 0 0 0 0 1 0 1 1 0 0
C 141 00000090 1 0 0 1 5 0
T 142 00000090 0 1 0 0 0 0 0 0 1 0 0 0 0 0
C 142 00000090 0 0 0 0 5 0
T 143 0000008c 1 1 0 0 0 0 0 0 1 0 0 1 0 0
R 143 57 00000090 fe011ee3
C 143 0000008c 1 0 0 0 5 0
T 144 0000008c 0 1 0 0 0 0 0 0 1 0 0 0 0 0
W 144 2 00000098 000000000
C 144 0000008c 0 0 0 0 5 0
T 145 0000008c 0 1 0 0 0 0 0 0 1 0 0 0 0 0
R 145 58 0000008c fff10113
C 145 0000008c 0 0 0 0 5 0
T 146 00000090 1 1 0 0 0 0 0 0 1 0 1 1 0 0
C 146 00000090 1 0 0 1 5 0
T 147 00000090 0 1 0 0 0 0 0 0 1 0 0 0 0 0
C 147 00000090 0 0 0 0 5 0
T 148 0000008c 1 1 0 0 0 0 0 0 1 0 0 1 0 0
R 148 59 00000090 fe011ee3
C 148 0000008c 1 0 0 0 5 0
T 149 0000008c 0 1 0 0 0 0 0 0 1 0 0 0 0 0
W 149 2 00000097 000000000
C 149 0000008c 0 0 0 0 5 0
T 150 0000008c 0 1 0 0 0 0 0 0 1 0 0 0 0 0
R 150 60 0000008c fff10113
C 150 0000008c 0 0 0 0 5 0
T 151 00000090 1 1 0 0 0 0 0 0 1 0 1 1 0 0
C 151 00000090 1 0 0 1 5 0
T 152 00000090 0 1 0 0 0 0 0 0 1 0 0 0 0 0
C 152 00000090 0 0 0 0 5 0
T 153 0000008c 1 1 0 0 0 0 0 0 1 0 0 1 0 0
R 153 61 00000090 fe011ee3
C 153 0000008c 1 0 0 0 5 0
T 154 0000008c 0 1 0 0 0 0 0 0 1 0 0 0 0 0
W 154 2 00000096 000000000
C 154 0000008c 0 0 0 0 5 0
T 155 0000008c 0 1 0 0 0 0 0 0 1 0 0 0 0 0
R 155 62 0000008c fff10113
C 155 0000008c 0 0 0 0 5 0
T 156 00000090 1 1 0 0 0 0 0 0 1 0 1 1 0 0
C 156 00000090 1 0 0 1 5 0
T 157 00000090 0 1 0 0 0 0 0 0 1 0 0 0 0 0
C 157 00000090 0 0 0 0 5 0
T 158 0000008c 1 1 0 0 0 0 0 0 1 0 0 1 0 0
R 158 63 00000090 fe011ee3
C 158 0000008c 1 0 0 0 5 0
T 159 0000008c 0 1 0 0 0 0 0 0 1 0 0 0 0 0
W 159 2 00000095 000000000
C 159 0000008c 0 0 0 0 5 0
T 160 0000008c 0 1 0 0 0 0 0 0 1 0 0 0 0 0
R 160 64 0000008c fff10113
C 160 0000008c 0 0 0 0 5 0
T 161 00000090 1 1 0 0 0 0 0 0 1 0 1 1 0 0
C 161 00000090 1 0 0 1 5 0
T 162 00000090 0 1 0 0 0 0 0 0 1 0 0 0 0 0
C 162 00000090 0 0 0 0 5 0
T 163 0000008c 1 1 0 0 0 0 0 0 1 0 0 1 0 0
R 163 65 00000090 fe011ee3
C 163 0000008c 1 0 0 0 5 0
T 164 0000008c 0 1 0 0 0 0 0 0 1 0 0 0 0 0
W 164 2 00000094 000000000
C 164 0000008c 0 0 0 0 5 0
T 165 0000008c 0 1 0 0 0 0 0 0 1 0 0 0 0 0
R 165 66 0000008c fff10113
C 165 0000008c 0 0 0 0 5 0
T 166 00000090 1 1 0 0 0 0 0 0 1 0 1 1 0 0
C 166 00000090 1 0 0 1 5 0
T 167 00000090 0 1 0 0 0 0 0 0 1 0 0 0 0 0
C 167 00000090 0 0 0 0 5 0
T 168 0000008c 1 1 0 0 0 0 0 0 1 0 0 1 0 0
R 168 67 00000090 fe011ee3
C 168 0000008c 1 0 0 0 5 0
T 169 0000008c 0 1 0 0 0 0 0 0 1 0 0 0 0 0
W 169 2 00000093 000000000
C 169 0000008c 0 0 0 0 5 0
T 170 0000008c 0 1 0 0 0 0 0 0 1 0 0 0 0 0
R 170 68 0000008c fff10113
C 170 0000008c 0 0 0 0 5 0
T 171 00000090 1 1 0 0 0 0 0 0 1 0 1 1 0 0
C 171 00000090 1 0 0 1 5 0
T 172 00000090 0 1 0 0 0 0 0 0 1 0 0 0 0 0
C 172 00000090 0 0 0 0 5 0
T 173 0000008c 1 1 0 0 0 0 0 0 1 0 0 1 0 0
R 173 69 00000090 fe011ee3
C 173 0000008c 1 0 0 0 5 0
T 174 0000008c 0 1 0 0 0 0 0 0 1 0 0 0 0 0
W 174 2 00000092 000000000
C 174 0000008c 0 0 0 0 5 0
T 175 0000008c 0 1 0 0 0 0 0 0 1 0 0 0 0 0
R 175 70 0000008c fff10113
C 175 0000008c 0 0 0 0 5 0
T 176 00000090 1 1 0 0 0 0 0 0 1 0 1 1 0 0
C 176 00000090 1 0 0 1 5 0
T 177 00000090 0 1 0 0 0 0 0 0 1 0 0 0 0 0
C 177 00000090 0 0 0 0 5 0
T 178 0000008c 1 1 0 0 0 0 0 0 1 0 0 1 0 0
R 178 71 00000090 fe011ee3
C 178 0000008c 1 0 0 0 5 0
T 179 0000008c 0 1 0 0 0 0 0 0 1 0 0 0 0 0
W 179 2 00000091 000000000
C 179 0000008c 0 0 0 0 5 0
T 180 0000008c 0 1 0 0 0 0 0 0 1 0 0 0 0 0
R 180 72 0000008c fff10113
C 180 0000008c 0 0 0 0 5 0
T 181 00000090 1 1 0 0 0 0 0 0 1 0 1 1 0 0
C 181 00000090 1 0 0 1 5 0
T 182 00000090 0 1 0 0 0 0 0 0 1 0 0 0 0 0
C 182 00000090 0 0 0 0 5 0
T 183 0000008c 1 1 0 0 0 0 0 0 1 0 0 1 0 0
R 183 73 00000090 fe011ee3
C 183 0000008c 1 0 0 0 5 0
T 184 0000008c 0 1 0 0 0 0 0 0 1 0 0 0 0 0
W 184 2 00000090 000000000
C 184 0000008c 0 0 0 0 5 0
T 185 0000008c 0 1 0 0 0 0 0 0 1 0 0 0 0 0
R 185 74 0000008c fff10113
C 185 0000008c 0 0 0 0 5 0
T 186 00000090 1 1 0 0 0 0 0 0 1 0 1 1 0 0
C 186 00000090 1 0 0 1 5 0
T 187 00000090 0 1 0 0 0 0 0 0 1 0 0 0 0 0
C 187 00000090 0 0 0 0 5 0
T 188 0000008c 1 1 0 0 0 0 0 0 1 0 0 1 0 0
R 188 75 00000090 fe011ee3
C 188 0000008c 1 0 0 0 5 0
T 189 0000008c 0 1 0 0 0 0 0 0 1 0 0 0 0 0
W 189 2 0000008f 000000000
C 189 0000008c 0 0 0 0 5 0
T 190 0000008c 0 1 0 0 0 0 0 0 1 0 0 0 0 0
R 190 76 0000008c fff10113
C 190 0000008c 0 0 0 0 5 0
T 191 00000090 1 1 0 0 0 0 0 0 1 0 1 1 0 0
C 191 00000090 1 0 0 1 5 0
T 192 00000090 0 1 0 0 0 0 0 0 1 0 0 0 0 0
C 192 00000090 0 0 0 0 5 0
T 193 0000008c 1 1 0 0 0 0 0 0 1 0 0 1 0 0
R 193 77 00000090 fe011ee3
C 193 0000008c 1 0 0 0 5 0
T 194 0000008c 0 1 0 0 0 0 0 0 1 0 0 0 0 0
W 194 2 0000008e 000000000
C 194 0000008c 0 0 0 0 5 0
T 195 0000008c 0 1 0 0 0 0 0 0 1 0 0 0 0 0
R 195 78 0000008c fff10113
C 195 0000008c 0 0 0 0 5 0
T 196 00000090 1 1 0 0 0 0 0 0 1 0 1 1 0 0
C 196 00000090 1 0 0 1 5 0
T 197 00000090 0 1 0 0 0 0 0 0 1 0 0 0 0 0
C 197 00000090 0 0 0 0 5 0
T 198 0000008c 1 1 0 0 0 0 0 0 1 0 0 1 0 0
R 198 79 00000090 fe011ee3
C 198 0000008c 1 0 0 0 5 0
T 199 0000008c 0 1 0 0 0 0 0 0 1 0 0 0 0 0
W 199 2 0000008d 000000000
C 199 0000008c 0 0 0 0 5 0
T 200 0000008c 0 1 0 0 0 0 0 0 1 0 0 0 0 0
R 200 80 0000008c fff10113
C 200 0000008c 0 0 0 0 5 0
T 201 00000090 1 1 0 0 0 0 0 0 1 0 1 1 0 0
C 201 00000090 1 0 0 1 5 0
T 202 00000090 0 1 0 0 0 0 0 0 1 0 0 0 0 0
C 202 00000090 0 0 0 0 5 0
T 203 0000008c 1 1 0 0 0 0 0 0 1 0 0 1 0 0
R 203 81 00000090 fe011ee3
C 203 0000008c 1 0 0 0 5 0
T 204 0000008c 0 1 0 0 0 0 0 0 1 0 0 0 0 0
W 204 2 0000008c 000000000
C 204 0000008c 0 0 0 0 5 0
T 205 0000008c 0 1 0 0 0 0 0 0 1 0 0 0 0 0
R 205 82 0000008c fff10113
C 205 0000008c 0 0 0 0 5 0
T 206 00000090 1 1 0 0 0 0 0 0 1 0 1 1 0 0
C 206 00000090 1 0 0 1 5 0
T 207 00000090 0 1 0 0 0 0 0 0 1 0 0 0 0 0
C 207 00000090 0 0 0 0 5 0
T 208 0000008c 1 1 0 0 0 0 0 0 1 0 0 1 0 0
R 208 83 00000090 fe011ee3
C 208 0000008c 1 0 0 0 5 0
T 209 0000008c 0 1 0 0 0 0 0 0 1 0 0 0 0 0
W 209 2 0000008b 000000000
C 209 0000008c 0 0 0 0 5 0
T 210 0000008c 0 1 0 0 0 0 0 0 1 0 0 0 0 0
R 210 84 0000008c fff10113
C 210 0000008c 0 0 0 0 5 0
T 211 00000090 1 1 0 0 0 0 0 0 1 0 1 1 0 0
C 211 00000090 1 0 0 1 5 0
T 212 00000090 0 1 0 0 0 0 0 0 1 0 0 0 0 0
C 212 00000090 0 0 0 0 5 0
T 213 0000008c 1 1 0 0 0 0 0 0 1 0 0 1 0 0
R 213 85 00000090 fe011ee3
C 213 0000008c 1 0 0 0 5 0
T 214 0000008c 0 1 0 0 0 0 0 0 1 0 0 0 0 0
W 214 2 0000008a 000000000
C 214 0000008c 0 0 0 0 5 0
T 215 0000008c 0 1 0 0 0 0 0 0 1 0 0 0 0 0
R 215 86 0000008c fff10113
C 215 0000008c 0 0 0 0 5 0
T 216 00000090 1 1 0 0 0 0 0 0 1 0 1 1 0 0
C 216 00000090 1 0 0 1 5 0
T 217 00000090 0 1 0 0 0 0 0 0 1 0 0 0 0 0
C 217 00000090 0 0 0 0 5 0
T 218 0000008c 1 1 0 0 0 0 0 0 1 0 0 1 0 0
R 218 87 00000090 fe011ee3
C 218 0000008c 1 0 0 0 5 0
T 219 0000008c 0 1 0 0 0 0 0 0 1 0 0 0 0 0
W 219 2 00000089 000000000
C 219 0000008c 0 0 0 0 5 0
T 220 0000008c 0 1 0 0 0 0 0 0 1 0 0 0 0 0
R 220 88 0000008c fff10113
C 220 0000008c 0 0 0 0 5 0
T 221 00000090 1 1 0 0 0 0 0 0 1 0 1 1 0 0
C 221 00000090 1 0 0 1 5 0
T 222 00000090 0 1 0 0 0 0 0 0 1 0 0 0 0 0
C 222 00000090 0 0 0 0 5 0
T 223 0000008c 1 1 0 0 0 0 0 0 1 0 0 1 0 0
R 223 89 00000090 fe011ee3
C 223 0000008c 1 0 0 0 5 0
T 224 0000008c 0 1 0 0 0 0 0 0 1 0 0 0 0 0
W 224 2 00000088 000000000
C 224 0000008c 0 0 0 0 5 0
T 225 0000008c 0 1 0 0 0 0 0 0 1 0 0 0 0 0
R 225 90 0000008c fff10113
C 225 0000008c 0 0 0 0 5 0
T 226 00000090 1 1 0 0 0 0 0 0 1 0 1 1 0 0
C 226 00000090 1 0 0 1 5 0
T 227 00000090 0 1 0 0 0 0 0 0 1 0 0 0 0 0
C 227 00000090 0 0 0 0 5 0
T 228 0000008c 1 1 0 0 0 0 0 0 1 0 0 1 0 0
R 228 91 00000090 fe011ee3
C 228 0000008c 1 0 0 0 5 0
T 229 0000008c 0 1 0 0 0 0 0 0 1 0 0 0 0 0
W 229 2 00000087 000000000
C 229 0000008c 0 0 0 0 5 0
T 230 0000008c 0 1 0 0 0 0 0 0 1 0 0 0 0 0
R 230 92 0000008c fff10113
C 230 0000008c 0 0 0 0 5 0
T 231 00000090 1 1 0 0 0 0 0 0 1 0 1 1 0 0
C 231 00000090 1 0 0 1 5 0
T 232 00000090 0 1 0 0 0 0 0 0 1 0 0 0 0 0
C 232 00000090 0 0 0 0 5 0
T 233 0000008c 1 1 0 0 0 0 0 0 1 0 0 1 0 0
R 233 93 00000090 fe011ee3
C 233 0000008c 1 0 0 0 5 0
T 234 0000008c 0 1 0 0 0 0 0 0 1 0 0 0 0 0
W 234 2 00000086 000000000
C 234 0000008c 0 0 0 0 5 0
T 235 0000008c 0 1 0 0 0 0 0 0 1 0 0 0 0 0
R 235 94 0000008c fff10113
C 235 0000008c 0 0 0 0 5 0
T 236 00000090 1 1 0 0 0 0 0 0 1 0 1 1 0 0
C 236 00000090 1 0 0 1 5 0
T 237 00000090 0 1 0 0 0 0 0 0 1 0 0 0 0 0
C 237 00000090 0 0 0 0 5 0
T 238 0000008c 1 1 0 0 0 0 0 0 1 0 0 1 0 0
R 238 95 00000090 fe011ee3
C 238 0000008c 1 0 0 0 5 0
T 239 0000008c 0 1 0 0 0 0 0 0 1 0 0 0 0 0
W 239 2 00000085 000000000
C 239 0000008c 0 0 0 0 5 0
T 240 0000008c 0 1 0 0 0 0 0 0 1 0 0 0 0 0
R 240 96 0000008c fff10113
C 240 0000008c 0 0 0 0 5 0
T 241 00000090 1 1 0 0 0 0 0 0 1 0 1 1 0 0
C 241 00000090 1 0 0 1 5 0
T 242 00000090 0 1 0 0 0 0 0 0 1 0 0 0 0 0
C 242 00000090 0 0 0 0 5 0
T 243 0000008c 1 1 0 0 0 0 0 0 1 0 0 1 0 0
R 243 97 00000090 fe011ee3
C 243 0000008c 1 0 0 0 5 0
T 244 0000008c 0 1 0 0 0 0 0 0 1 0 0 0 0 0
W 244 2 00000084 000000000
C 244 0000008c 0 0 0 0 5 0
T 245 0000008c 0 1 0 0 0 0 0 0 1 0 0 0 0 0
R 245 98 0000008c fff10113
C 245 0000008c 0 0 0 0 5 0
T 246 00000090 1 1 0 0 0 0 0 0 1 0 1 1 0 0
C 246 00000090 1 0 0 1 5 0
T 247 00000090 0 1 0 0 0 0 0 0 1 0 0 0 0 0
C 247 00000090 0 0 0 0 5 0
T 248 0000008c 1 1 0 0 0 0 0 0 1 0 0 1 0 0
R 248 99 00000090 fe011ee3
C 248 0000008c 1 0 0 0 5 0
T 249 0000008c 0 1 0 0 0 0 0 0 1 0 0 0 0 0
W 249 2 00000083 000000000
C 249 0000008c 0 0 0 0 5 0
T 250 0000008c 0 1 0 0 0 0 0 0 1 0 0 0 0 0
R 250 100 0000008c fff10113
C 250 0000008c 0 0 0 0 5 0
T 251 00000090 1 1 0 0 0 0 0 0 1 0 1 1 0 0
C 251 00000090 1 0 0 1 5 0
T 252 00000090 0 1 0 0 0 0 0 0 1 0 0 0 0 0
C 252 00000090 0 0 0 0 5 0
T 253 0000008c 1 1 0 0 0 0 0 0 1 0 0 1 0 0
R 253 101 00000090 fe011ee3
C 253 0000008c 1 0 0 0 5 0
T 254 0000008c 0 1 0 0 0 0 0 0 1 0 0 0 0 0
W 254 2 00000082 000000000
C 254 0000008c 0 0 0 0 5 0
T 255 0000008c 0 1 0 0 0 0 0 0 1 0 0 0 0 0
R 255 102 0000008c fff10113
C 255 0000008c 0 0 0 0 5 0
T 256 00000090 1 1 0 0 0 0 0 0 1 0 1 1 0 0
C 256 00000090 1 0 0 1 5 0
T 257 00000090 0 1 0 0 0 0 0 0 1 0 0 0 0 0
C 257 00000090 0 0 0 0 5 0
T 258 0000008c 1 1 0 0 0 0 0 0 1 0 0 1 0 0
R 258 103 00000090 fe011ee3
C 258 0000008c 1 0 0 0 5 0
T 259 0000008c 0 1 0 0 0 0 0 0 1 0 0 0 0 0
W 259 2 00000081 000000000
C 259 0000008c 0 0 0 0 5 0
T 260 0000008c 0 1 0 0 0 0 0 0 1 0 0 0 0 0
R 260 104 0000008c fff10113
C 260 0000008c 0 0 0 0 5 0
T 261 00000090 1 1 0 0 0 0 0 0 1 0 1 1 0 0
C 261 00000090 1 0 0 1 5 0
T 262 00000090 0 1 0 0 0 0 0 0 1 0 0 0 0 0
C 262 00000090 0 0 0 0 5 0
T 263 0000008c 1 1 0 0 0 0 0 0 1 0 0 1 0 0
R 263 105 00000090 fe011ee3
C 263 0000008c 1 0 0 0 5 0
T 264 0000008c 0 1 0 0 0 0 0 0 1 0 0 0 0 0
W 264 2 00000080 000000000
C 264 0000008c 0 0 0 0 5 0
T 265 0000008c 0 1 0 0 0 0 0 0 1 0 0 0 0 0
R 265 106 0000008c fff10113
C 265 0000008c 0 0 0 0 5 0
T 266 00000090 1 1 0 0 0 0 0 0 1 0 1 1 0 0
C 266 00000090 1 0 0 1 5 0
T 267 00000090 0 1 0 0 0 0 0 0 1 0 0 0 0 0
C 267 00000090 0 0 0 0 5 0
T 268 0000008c 1 1 0 0 0 0 0 0 1 0 0 1 0 0
R 268 107 00000090 fe011ee3
C 268 0000008c 1 0 0 0 5 0
T 269 0000008c 0 1 0 0 0 0 0 0 1 0 0 0 0 0
W 269 2 0000007f 000000000
C 269 0000008c 0 0 0 0 5 0
T 270 00000090 1 1 0 0 0 0 0 0 1 0 1 1 0 0
R 270 108 0000008c fff10113
C 270 00000090 1 0 0 1 5 0
T 271 00000090 0 1 0 0 0 0 0 0 1 0 0 0 0 0
C 271 00000090 0 0 0 0 5 0
T 272 0000008c 1 1 0 0 0 0 0 0 1 0 0 1 0 0
R 272 109 00000090 fe011ee3
C 272 0000008c 1 0 0 0 5 0
T 273 0000008c 0 1 0 0 0 0 0 0 1 0 0 0 0 0
W 273 2 0000007e 000000000
C 273 0000008c 0 0 0 0 5 0
T 274 0000008c 0 1 0 0 0 0 0 0 1 0 0 0 0 0
R 274 110 0000008c fff10113
C 274 0000008c 0 0 0 0 5 0
T 275 00000090 1 1 0 0 0 0 0 0 1 0 1 1 0 0
C 275 00000090 1 0 0 1 5 0
T 276 00000090 0 1 0 0 0 0 0 0 1 0 0 0 0 0
C 276 00000090 0 0 0 0 5 0
T 277 0000008c 1 1 0 0 0 0 0 0 1 0 0 1 0 0
R 277 111 00000090 fe011ee3
C 277 0000008c 1 0 0 0 5 0
T 278 00000090 1 1 0 0 0 0 0 0 1 0 1 1 0 0
W 278 2 0000007d 000000000
C 278 00000090 1 0 0 1 5 0
T 279 00000090 0 1 0 0 0 0 0 0 1 0 0 0 0 0
R 279 112 0000008c fff10113
C 279 00000090 0 0 0 0 5 0
T 280 0000008c 1 1 0 0 0 0 0 0 1 0 0 1 0 0
R 280 113 00000090 fe011ee3
C 280 0000008c 1 0 0 0 5 0
T 281 00000090 1 1 0 0 0 0 0 0 1 0 1 1 0 0
W 281 2 0000007c 000000000
C 281 00000090 1 0 0 1 5 0
T 282 00000090 0 1 0 0 0 0 0 0 1 0 0 0 0 0
R 282 114 0000008c fff10113
C 282 00000090 0 0 0 0 5 0
T 283 0000008c 1 1 0 0 0 0 0 0 1 0 0 1 0 0
R 283 115 00000090 fe011ee3
C 283 0000008c 1 0 0 0 5 0
T 284 00000090 1 1 0 0 0 0 0 0 1 0 1 1 0 0
W 284 2 0000007b 000000000
C 284 00000090 1 0 0 1 5 0
T 285 00000090 0 1 0 0 0 0 0 0 1 0 0 0 0 0
R 285 116 0000008c fff10113
C 285 00000090 0 0 0 0 5 0
T 286 0000008c 1 1 0 0 0 0 0 0 1 0 0 1 0 0
R 286 117 00000090 fe011ee3
C 286 0000008c 1 0 0 0 5 0
T 287 00000090 1 1 0 0 0 0 0 0 1 0 1 1 0 0
W 287 2 0000007a 000000000
C 287 00000090 1 0 0 1 5 0
T 288 00000090 0 1 0 0 0 0 0 0 1 0 0 0 0 0
R 288 118 0000008c fff10113
C 288 00000090 0 0 0 0 5 0
T 289 0000008c 1 1 0 0 0 0 0 0 1 0 0 1 0 0
R 289 119 00000090 fe011ee3
C 289 0000008c 1 0 0 0 5 0
T 290 00000090 1 1 0 0 0 0 0 0 1 0 1 1 0 0
W 290 2 00000079 000000000
C 290 00000090 1 0 0 1 5 0
T 291 00000090 0 1 0 0 0 0 0 0 1 0 0 0 0 0
R 291 120 0000008c fff10113
C 291 00000090 0 0 0 0 5 0
T 292 0000008c 1 1 0 0 0 0 0 0 1 0 0 1 0 0
R 292 121 00000090 fe011ee3
C 292 0000008c 1 0 0 0 5 0
T 293 00000090 1 1 0 0 0 0 0 0 1 0 1 1 0 0
W 293 2 00000078 000000000
C 293 00000090 1 0 0 1 5 0
T 294 00000090 0 1 0 0 0 0 0 0 1 0 0 0 0 0
R 294 122 0000008c fff10113
C 294 00000090 0 0 0 0 5 0
T 295 0000008c 1 1 0 0 0 0 0 0 1 0 0 1 0 0
R 295 123 00000090 fe011ee3
C 295 0000008c 1 0 0 0 5 0
T 296 00000090 1 1 0 0 0 0 0 0 1 0 1 1 0 0
W 296 2 00000077 000000000
C 296 00000090 1 0 0 1 5 0
T 297 00000090 0 1 0 0 0 0 0 0 1 0 0 0 0 0
R 297 124 0000008c fff10113
C 297 00000090 0 0 0 0 5 0
T 298 0000008c 1 1 0 0 0 0 0 0 1 0 0 1 0 0
R 298 125 00000090 fe011ee3
C 298 0000008c 1 0 0 0 5 0
T 299 00000090 1 1 0 0 0 0 0 0 1 0 1 1 0 0
W 299 2 00000076 000000000
C 299 00000090 1 0 0 1 5 0
T 300 00000090 0 1 0 0 0 0 0 0 1 0 0 0 0 0
R 300 126 0000008c fff10113
C 300 00000090 0 0 0 0 5 0
T 301 0000008c 1 1 0 0 0 0 0 0 1 0 0 1 0 0
R 301 127 00000090 fe011ee3
C 301 0000008c 1 0 0 0 5 0
T 302 00000090 1 1 0 0 0 0 0 0 1 0 1 1 0 0
W 302 2 00000075 000000000
C 302 00000090 1 0 0 1 5 0
T 303 00000090 0 1 0 0 0 0 0 0 1 0 0 0 0 0
R 303 128 0000008c fff10113
C 303 00000090 0 0 0 0 5 0
T 304 0000008c 1 1 0 0 0 0 0 0 1 0 0 1 0 0
R 304 129 00000090 fe011ee3
C 304 0000008c 1 0 0 0 5 0
T 305 00000090 1 1 0 0 0 0 0 0 1 0 1 1 0 0
W 305 2 00000074 000000000
C 305 00000090 1 0 0 1 5 0
T 306 00000090 0 1 0 0 0 0 0 0 1 0 0 0 0 0
R 306 130 0000008c fff10113
C 306 00000090 0 0 0 0 5 0
T 307 0000008c 1 1 0 0 0 0 0 0 1 0 0 1 0 0
R 307 131 00000090 fe011ee3
C 307 0000008c 1 0 0 0 5 0
T 308 00000090 1 1 0 0 0 0 0 0 1 0 1 1 0 0
W 308 2 00000073 000000000
C 308 00000090 1 0 0 1 5 0
T 309 00000090 0 1 0 0 0 0 0 0 1 0 0 0 0 0
R 309 132 0000008c fff10113
C 309 00000090 0 0 0 0 5 0
T 310 0000008c 1 1 0 0 0 0 0 0 1 0 0 1 0 0
R 310 133 00000090 fe011ee3
C 310 0000008c 1 0 0 0 5 0
T 311 00000090 1 1 0 0 0 0 0 0 1 0 1 1 0 0
W 311 2 00000072 000000000
C 311 00000090 1 0 0 1 5 0
T 312 00000090 0 1 0 0 0 0 0 0 1 0 0 0 0 0
R 312 134 0000008c fff10113
C 312 00000090 0 0 0 0 5 0
T 313 0000008c 1 1 0 0 0 0 0 0 1 0 0 1 0 0
R 313 135 00000090 fe011ee3
C 313 0000008c 1 0 0 0 5 0
T 314 00000090 1 1 0 0 0 0 0 0 1 0 1 1 0 0
W 314 2 00000071 000000000
C 314 00000090 1 0 0 1 5 0
T 315 00000090 0 1 0 0 0 0 0 0 1 0 0 0 0 0
R 315 136 0000008c fff10113
C 315 00000090 0 0 0 0 5 0
T 316 0000008c 1 1 0 0 0 0 0 0 1 0 0 1 0 0
R 316 137 00000090 fe011ee3
C 316 0000008c 1 0 0 0 5 0
T 317 00000090 1 1 0 0 0 0 0 0 1 0 1 1 0 0
W 317 2 00000070 000000000
C 317 00000090 1 0 0 1 5 0
T 318 00000090 0 1 0 0 0 0 0 0 1 0 0 0 0 0
R 318 138 0000008c fff10113
C 318 00000090 0 0 0 0 5 0
T 319 0000008c 1 1 0 0 0 0 0 0 1 0 0 1 0 0
R 319 139 00000090 fe011ee3
C 319 0000008c 1 0 0 0 5 0
T 320 00000090 1 1 0 0 0 0 0 0 1 0 1 1 0 0
W 320 2 0000006f 000000000
C 320 00000090 1 0 0 1 5 0
T 321 00000090 0 1 0 0 0 0 0 0 1 0 0 0 0 0
R 321 140 0000008c fff10113
C 321 00000090 0 0 0 0 5 0
T 322 0000008c 1 1 0 0 0 0 0 0 1 0 0 1 0 0
R 322 141 00000090 fe011ee3
C 322 0000008c 1 0 0 0 5 0
T 323 00000090 1 1 0 0 0 0 0 0 1 0 1 1 0 0
W 323 2 0000006e 000000000
C 323 00000090 1 0 0 1 5 0
T 324 00000090 0 1 0 0 0 0 0 0 1 0 0 0 0 0
R 324 142 0000008c fff10113
C 324 00000090 0 0 0 0 5 0
T 325 0000008c 1 1 0 0 0 0 0 0 1 0 0 1 0 0
R 325 143 00000090 fe011ee3
C 325 0000008c 1 0 0 0 5 0
T 326 00000090 1 1 0 0 0 0 0 0 1 0 1 1 0 0
W 326 2 0000006d 000000000
C 326 00000090 1 0 0 1 5 0
T 327 00000090 0 1 0 0 0 0 0 0 1 0 0 0 0 0
R 327 144 0000008c fff10113
C 327 00000090 0 0 0 0 5 0
T 328 0000008c 1 1 0 0 0 0 0 0 1 0 0 1 0 0
R 328 145 00000090 fe011ee3
C 328 0000008c 1 0 0 0 5 0
T 329 00000090 1 1 0 0 0 0 0 0 1 0 1 1 0 0
W 329 2 0000006c 000000000
C 329 00000090 1 0 0 1 5 0
T 330 00000090 0 1 0 0 0 0 0 0 1 0 0 0 0 0
R 330 146 0000008c fff10113
C 330 00000090 0 0 0 0 5 0
T 331 0000008c 1 1 0 0 0 0 0 0 1 0 0 1 0 0
R 331 147 00000090 fe011ee3
C 331 0000008c 1 0 0 0 5 0
T 332 00000090 1 1 0 0 0 0 0 0 1 0 1 1 0 0
W 332 2 0000006b 000000000
C 332 00000090 1 0 0 1 5 0
T 333 00000090 0 1 0 0 0 0 0 0 1 0 0 0 0 0
R 333 148 0000008c fff10113
C 333 00000090 0 0 0 0 5 0
T 334 0000008c 1 1 0 0 0 0 0 0 1 0 0 1 0 0
R 334 149 00000090 fe011ee3
C 334 0000008c 1 0 0 0 5 0
T 335 00000090 1 1 0 0 0 0 0 0 1 0 1 1 0 0
W 335 2 0000006a 000000000
C 335 00000090 1 0 0 1 5 0
T 336 00000090 0 1 0 0 0 0 0 0 1 0 0 0 0 0
R 336 150 0000008c fff10113
C 336 00000090 0 0 0 0 5 0
T 337 0000008c 1 1 0 0 0 0 0 0 1 0 0 1 0 0
R 337 151 00000090 fe011ee3
C 337 0000008c 1 0 0 0 5 0
T 338 00000090 1 1 0 0 0 0 0 0 1 0 1 1 0 0
W 338 2 00000069 000000000
C 338 00000090 1 0 0 1 5 0
T 339 00000090 0 1 0 0 0 0 0 0 1 0 0 0 0 0
R 339 152 0000008c fff10113
C 339 00000090 0 0 0 0 5 0
T 340 0000008c 1 1 0 0 0 0 0 0 1 0 0 1 0 0
R 340 153 00000090 fe011ee3
C 340 0000008c 1 0 0 0 5 0
T 341 00000090 1 1 0 0 0 0 0 0 1 0 1 1 0 0
W 341 2 00000068 000000000
C 341 00000090 1 0 0 1 5 0
T 342 00000090 0 1 0 0 0 0 0 0 1 0 0 0 0 0
R 342 154 0000008c fff10113
C 342 00000090 0 0 0 0 5 0
T 343 0000008c 1 1 0 0 0 0 0 0 1 0 0 1 0 0
R 343 155 00000090 fe011ee3
C 343 0000008c 1 0 0 0 5 0
T 344 00000090 1 1 0 0 0 0 0 0 1 0 1 1 0 0
W 344 2 00000067 000000000
C 344 00000090 1 0 0 1 5 0
SAMPLE 345 ai=0 ab=0 am=0 pc=0 mismatch=0 rf=0 mode=0
T 345 00000090 0 1 0 0 0 0 0 0 1 0 0 0 0 0
R 345 156 0000008c fff10113
C 345 00000090 0 0 0 0 5 0
SAMPLE 346 ai=0 ab=0 am=0 pc=0 mismatch=0 rf=0 mode=0
T 346 0000008c 1 1 0 0 0 0 0 0 1 0 0 1 0 0
R 346 157 00000090 fe011ee3
C 346 0000008c 1 0 0 0 5 0
SAMPLE 347 ai=0 ab=0 am=0 pc=0 mismatch=0 rf=0 mode=0
T 347 00000090 1 1 0 0 0 0 0 0 1 0 1 1 0 0
W 347 2 00000066 000000000
C 347 00000090 1 0 0 1 5 0
SAMPLE 348 ai=0 ab=0 am=0 pc=0 mismatch=0 rf=0 mode=0
T 348 00000090 0 1 0 0 0 0 0 0 1 0 0 0 0 0
R 348 158 0000008c fff10113
C 348 00000090 0 0 0 0 5 0
SAMPLE 349 ai=0 ab=0 am=0 pc=0 mismatch=0 rf=0 mode=0
T 349 0000008c 1 1 0 0 0 0 0 0 1 0 0 1 0 0
R 349 159 00000090 fe011ee3
C 349 0000008c 1 0 0 0 5 0
INJECT 350 cache-RAM-read-way0
SAMPLE 350 ai=0 ab=0 am=1 pc=0 mismatch=0 rf=0 mode=0
T 350 00000090 1 1 0 0 0 0 0 0 1 0 1 1 0 0
W 350 2 00000065 000000000
C 350 00000090 1 0 0 1 5 0
ALERT minor 350
SAMPLE 351 ai=0 ab=0 am=1 pc=0 mismatch=0 rf=0 mode=0
T 351 00000090 0 1 0 0 0 0 0 0 1 0 0 0 0 0
R 351 160 0000008c fff10113
C 351 00000090 0 0 0 0 5 0
SAMPLE 352 ai=0 ab=0 am=1 pc=0 mismatch=0 rf=0 mode=0
T 352 00000090 0 1 0 0 0 0 0 0 1 0 0 0 0 0
R 352 161 00000090 fe011ee3
C 352 00000090 0 0 0 0 5 0
SAMPLE 353 ai=0 ab=0 am=0 pc=0 mismatch=0 rf=0 mode=0
T 353 00000090 0 1 0 0 0 0 0 0 1 0 0 0 0 0
C 353 00000090 0 0 0 0 5 0
SAMPLE 354 ai=0 ab=0 am=1 pc=0 mismatch=0 rf=0 mode=0
T 354 0000008c 1 1 0 0 0 0 0 0 1 0 0 1 0 0
C 354 0000008c 1 0 0 0 5 0
SAMPLE 355 ai=0 ab=0 am=1 pc=0 mismatch=0 rf=0 mode=0
T 355 0000008c 0 1 0 0 0 0 0 0 1 0 0 0 0 0
W 355 2 00000064 000000000
C 355 0000008c 0 0 0 0 5 0
SAMPLE 356 ai=0 ab=0 am=0 pc=0 mismatch=0 rf=0 mode=0
T 356 00000090 1 1 0 0 0 0 0 0 1 0 1 1 0 0
R 356 162 0000008c fff10113
C 356 00000090 1 0 0 1 5 0
SAMPLE 357 ai=0 ab=0 am=0 pc=0 mismatch=0 rf=0 mode=0
T 357 00000090 0 1 0 0 0 0 0 0 1 0 0 0 0 0
C 357 00000090 0 0 0 0 5 0
SAMPLE 358 ai=0 ab=0 am=0 pc=0 mismatch=0 rf=0 mode=0
T 358 0000008c 1 1 0 0 0 0 0 0 1 0 0 1 0 0
R 358 163 00000090 fe011ee3
C 358 0000008c 1 0 0 0 5 0
SAMPLE 359 ai=0 ab=0 am=0 pc=0 mismatch=0 rf=0 mode=0
T 359 0000008c 0 1 0 0 0 0 0 0 1 0 0 0 0 0
W 359 2 00000063 000000000
C 359 0000008c 0 0 0 0 5 0
SAMPLE 360 ai=0 ab=0 am=0 pc=0 mismatch=0 rf=0 mode=0
T 360 0000008c 0 1 0 0 0 0 0 0 1 0 0 0 0 0
R 360 164 0000008c fff10113
C 360 0000008c 0 0 0 0 5 0
T 361 0000008c 0 1 0 0 0 0 0 0 1 0 0 0 0 0
C 361 0000008c 0 0 0 0 5 0
T 362 00000090 1 1 0 0 0 0 0 0 1 0 1 1 0 0
C 362 00000090 1 0 0 1 5 0
T 363 00000090 0 1 0 0 0 0 0 0 1 0 0 0 0 0
C 363 00000090 0 0 0 0 5 0
T 364 00000090 0 1 0 0 0 0 0 0 1 0 0 0 0 0
R 364 165 00000090 fe011ee3
C 364 00000090 0 0 0 0 5 0
T 365 0000008c 1 1 0 0 0 0 0 0 1 0 0 1 0 0
C 365 0000008c 1 0 0 0 5 0
T 366 00000090 1 1 0 0 0 0 0 0 1 0 1 1 0 0
W 366 2 00000062 000000000
C 366 00000090 1 0 0 1 5 0
T 367 00000090 0 1 0 0 0 0 0 0 1 0 0 0 0 0
R 367 166 0000008c fff10113
C 367 00000090 0 0 0 0 5 0
T 368 0000008c 1 1 0 0 0 0 0 0 1 0 0 1 0 0
R 368 167 00000090 fe011ee3
C 368 0000008c 1 0 0 0 5 0
T 369 00000090 1 1 0 0 0 0 0 0 1 0 1 1 0 0
W 369 2 00000061 000000000
C 369 00000090 1 0 0 1 5 0
T 370 00000090 0 1 0 0 0 0 0 0 1 0 0 0 0 0
R 370 168 0000008c fff10113
C 370 00000090 0 0 0 0 5 0
T 371 0000008c 1 1 0 0 0 0 0 0 1 0 0 1 0 0
R 371 169 00000090 fe011ee3
C 371 0000008c 1 0 0 0 5 0
T 372 00000090 1 1 0 0 0 0 0 0 1 0 1 1 0 0
W 372 2 00000060 000000000
C 372 00000090 1 0 0 1 5 0
T 373 00000090 0 1 0 0 0 0 0 0 1 0 0 0 0 0
R 373 170 0000008c fff10113
C 373 00000090 0 0 0 0 5 0
T 374 0000008c 1 1 0 0 0 0 0 0 1 0 0 1 0 0
R 374 171 00000090 fe011ee3
C 374 0000008c 1 0 0 0 5 0
T 375 00000090 1 1 0 0 0 0 0 0 1 0 1 1 0 0
W 375 2 0000005f 000000000
C 375 00000090 1 0 0 1 5 0
T 376 00000090 0 1 0 0 0 0 0 0 1 0 0 0 0 0
R 376 172 0000008c fff10113
C 376 00000090 0 0 0 0 5 0
T 377 0000008c 1 1 0 0 0 0 0 0 1 0 0 1 0 0
R 377 173 00000090 fe011ee3
C 377 0000008c 1 0 0 0 5 0
T 378 00000090 1 1 0 0 0 0 0 0 1 0 1 1 0 0
W 378 2 0000005e 000000000
C 378 00000090 1 0 0 1 5 0
T 379 00000090 0 1 0 0 0 0 0 0 1 0 0 0 0 0
R 379 174 0000008c fff10113
C 379 00000090 0 0 0 0 5 0
T 380 0000008c 1 1 0 0 0 0 0 0 1 0 0 1 0 0
R 380 175 00000090 fe011ee3
C 380 0000008c 1 0 0 0 5 0
T 381 00000090 1 1 0 0 0 0 0 0 1 0 1 1 0 0
W 381 2 0000005d 000000000
C 381 00000090 1 0 0 1 5 0
T 382 00000090 0 1 0 0 0 0 0 0 1 0 0 0 0 0
R 382 176 0000008c fff10113
C 382 00000090 0 0 0 0 5 0
T 383 0000008c 1 1 0 0 0 0 0 0 1 0 0 1 0 0
R 383 177 00000090 fe011ee3
C 383 0000008c 1 0 0 0 5 0
T 384 00000090 1 1 0 0 0 0 0 0 1 0 1 1 0 0
W 384 2 0000005c 000000000
C 384 00000090 1 0 0 1 5 0
T 385 00000090 0 1 0 0 0 0 0 0 1 0 0 0 0 0
R 385 178 0000008c fff10113
C 385 00000090 0 0 0 0 5 0
T 386 0000008c 1 1 0 0 0 0 0 0 1 0 0 1 0 0
R 386 179 00000090 fe011ee3
C 386 0000008c 1 0 0 0 5 0
T 387 00000090 1 1 0 0 0 0 0 0 1 0 1 1 0 0
W 387 2 0000005b 000000000
C 387 00000090 1 0 0 1 5 0
T 388 00000090 0 1 0 0 0 0 0 0 1 0 0 0 0 0
R 388 180 0000008c fff10113
C 388 00000090 0 0 0 0 5 0
T 389 0000008c 1 1 0 0 0 0 0 0 1 0 0 1 0 0
R 389 181 00000090 fe011ee3
C 389 0000008c 1 0 0 0 5 0
T 390 00000090 1 1 0 0 0 0 0 0 1 0 1 1 0 0
W 390 2 0000005a 000000000
C 390 00000090 1 0 0 1 5 0
T 391 00000090 0 1 0 0 0 0 0 0 1 0 0 0 0 0
R 391 182 0000008c fff10113
C 391 00000090 0 0 0 0 5 0
T 392 0000008c 1 1 0 0 0 0 0 0 1 0 0 1 0 0
R 392 183 00000090 fe011ee3
C 392 0000008c 1 0 0 0 5 0
T 393 00000090 1 1 0 0 0 0 0 0 1 0 1 1 0 0
W 393 2 00000059 000000000
C 393 00000090 1 0 0 1 5 0
T 394 00000090 0 1 0 0 0 0 0 0 1 0 0 0 0 0
R 394 184 0000008c fff10113
C 394 00000090 0 0 0 0 5 0
T 395 0000008c 1 1 0 0 0 0 0 0 1 0 0 1 0 0
R 395 185 00000090 fe011ee3
C 395 0000008c 1 0 0 0 5 0
T 396 00000090 1 1 0 0 0 0 0 0 1 0 1 1 0 0
W 396 2 00000058 000000000
C 396 00000090 1 0 0 1 5 0
T 397 00000090 0 1 0 0 0 0 0 0 1 0 0 0 0 0
R 397 186 0000008c fff10113
C 397 00000090 0 0 0 0 5 0
T 398 0000008c 1 1 0 0 0 0 0 0 1 0 0 1 0 0
R 398 187 00000090 fe011ee3
C 398 0000008c 1 0 0 0 5 0
T 399 00000090 1 1 0 0 0 0 0 0 1 0 1 1 0 0
W 399 2 00000057 000000000
C 399 00000090 1 0 0 1 5 0
T 400 00000090 0 1 0 0 0 0 0 0 1 0 0 0 0 0
R 400 188 0000008c fff10113
C 400 00000090 0 0 0 0 5 0
T 401 0000008c 1 1 0 0 0 0 0 0 1 0 0 1 0 0
R 401 189 00000090 fe011ee3
C 401 0000008c 1 0 0 0 5 0
T 402 00000090 1 1 0 0 0 0 0 0 1 0 1 1 0 0
W 402 2 00000056 000000000
C 402 00000090 1 0 0 1 5 0
T 403 00000090 0 1 0 0 0 0 0 0 1 0 0 0 0 0
R 403 190 0000008c fff10113
C 403 00000090 0 0 0 0 5 0
T 404 0000008c 1 1 0 0 0 0 0 0 1 0 0 1 0 0
R 404 191 00000090 fe011ee3
C 404 0000008c 1 0 0 0 5 0
T 405 00000090 1 1 0 0 0 0 0 0 1 0 1 1 0 0
W 405 2 00000055 000000000
C 405 00000090 1 0 0 1 5 0
T 406 00000090 0 1 0 0 0 0 0 0 1 0 0 0 0 0
R 406 192 0000008c fff10113
C 406 00000090 0 0 0 0 5 0
T 407 0000008c 1 1 0 0 0 0 0 0 1 0 0 1 0 0
R 407 193 00000090 fe011ee3
C 407 0000008c 1 0 0 0 5 0
T 408 00000090 1 1 0 0 0 0 0 0 1 0 1 1 0 0
W 408 2 00000054 000000000
C 408 00000090 1 0 0 1 5 0
T 409 00000090 0 1 0 0 0 0 0 0 1 0 0 0 0 0
R 409 194 0000008c fff10113
C 409 00000090 0 0 0 0 5 0
T 410 0000008c 1 1 0 0 0 0 0 0 1 0 0 1 0 0
R 410 195 00000090 fe011ee3
C 410 0000008c 1 0 0 0 5 0
T 411 00000090 1 1 0 0 0 0 0 0 1 0 1 1 0 0
W 411 2 00000053 000000000
C 411 00000090 1 0 0 1 5 0
T 412 00000090 0 1 0 0 0 0 0 0 1 0 0 0 0 0
R 412 196 0000008c fff10113
C 412 00000090 0 0 0 0 5 0
T 413 0000008c 1 1 0 0 0 0 0 0 1 0 0 1 0 0
R 413 197 00000090 fe011ee3
C 413 0000008c 1 0 0 0 5 0
T 414 00000090 1 1 0 0 0 0 0 0 1 0 1 1 0 0
W 414 2 00000052 000000000
C 414 00000090 1 0 0 1 5 0
T 415 00000090 0 1 0 0 0 0 0 0 1 0 0 0 0 0
R 415 198 0000008c fff10113
C 415 00000090 0 0 0 0 5 0
T 416 0000008c 1 1 0 0 0 0 0 0 1 0 0 1 0 0
R 416 199 00000090 fe011ee3
C 416 0000008c 1 0 0 0 5 0
T 417 00000090 1 1 0 0 0 0 0 0 1 0 1 1 0 0
W 417 2 00000051 000000000
C 417 00000090 1 0 0 1 5 0
T 418 00000090 0 1 0 0 0 0 0 0 1 0 0 0 0 0
R 418 200 0000008c fff10113
C 418 00000090 0 0 0 0 5 0
T 419 0000008c 1 1 0 0 0 0 0 0 1 0 0 1 0 0
R 419 201 00000090 fe011ee3
C 419 0000008c 1 0 0 0 5 0
T 420 00000090 1 1 0 0 0 0 0 0 1 0 1 1 0 0
W 420 2 00000050 000000000
C 420 00000090 1 0 0 1 5 0
T 421 00000090 0 1 0 0 0 0 0 0 1 0 0 0 0 0
R 421 202 0000008c fff10113
C 421 00000090 0 0 0 0 5 0
T 422 0000008c 1 1 0 0 0 0 0 0 1 0 0 1 0 0
R 422 203 00000090 fe011ee3
C 422 0000008c 1 0 0 0 5 0
T 423 00000090 1 1 0 0 0 0 0 0 1 0 1 1 0 0
W 423 2 0000004f 000000000
C 423 00000090 1 0 0 1 5 0
T 424 00000090 0 1 0 0 0 0 0 0 1 0 0 0 0 0
R 424 204 0000008c fff10113
C 424 00000090 0 0 0 0 5 0
T 425 0000008c 1 1 0 0 0 0 0 0 1 0 0 1 0 0
R 425 205 00000090 fe011ee3
C 425 0000008c 1 0 0 0 5 0
T 426 00000090 1 1 0 0 0 0 0 0 1 0 1 1 0 0
W 426 2 0000004e 000000000
C 426 00000090 1 0 0 1 5 0
T 427 00000090 0 1 0 0 0 0 0 0 1 0 0 0 0 0
R 427 206 0000008c fff10113
C 427 00000090 0 0 0 0 5 0
T 428 0000008c 1 1 0 0 0 0 0 0 1 0 0 1 0 0
R 428 207 00000090 fe011ee3
C 428 0000008c 1 0 0 0 5 0
T 429 00000090 1 1 0 0 0 0 0 0 1 0 1 1 0 0
W 429 2 0000004d 000000000
C 429 00000090 1 0 0 1 5 0
T 430 00000090 0 1 0 0 0 0 0 0 1 0 0 0 0 0
R 430 208 0000008c fff10113
C 430 00000090 0 0 0 0 5 0
T 431 0000008c 1 1 0 0 0 0 0 0 1 0 0 1 0 0
R 431 209 00000090 fe011ee3
C 431 0000008c 1 0 0 0 5 0
T 432 00000090 1 1 0 0 0 0 0 0 1 0 1 1 0 0
W 432 2 0000004c 000000000
C 432 00000090 1 0 0 1 5 0
T 433 00000090 0 1 0 0 0 0 0 0 1 0 0 0 0 0
R 433 210 0000008c fff10113
C 433 00000090 0 0 0 0 5 0
T 434 0000008c 1 1 0 0 0 0 0 0 1 0 0 1 0 0
R 434 211 00000090 fe011ee3
C 434 0000008c 1 0 0 0 5 0
T 435 00000090 1 1 0 0 0 0 0 0 1 0 1 1 0 0
W 435 2 0000004b 000000000
C 435 00000090 1 0 0 1 5 0
T 436 00000090 0 1 0 0 0 0 0 0 1 0 0 0 0 0
R 436 212 0000008c fff10113
C 436 00000090 0 0 0 0 5 0
T 437 0000008c 1 1 0 0 0 0 0 0 1 0 0 1 0 0
R 437 213 00000090 fe011ee3
C 437 0000008c 1 0 0 0 5 0
T 438 00000090 1 1 0 0 0 0 0 0 1 0 1 1 0 0
W 438 2 0000004a 000000000
C 438 00000090 1 0 0 1 5 0
T 439 00000090 0 1 0 0 0 0 0 0 1 0 0 0 0 0
R 439 214 0000008c fff10113
C 439 00000090 0 0 0 0 5 0
T 440 0000008c 1 1 0 0 0 0 0 0 1 0 0 1 0 0
R 440 215 00000090 fe011ee3
C 440 0000008c 1 0 0 0 5 0
T 441 00000090 1 1 0 0 0 0 0 0 1 0 1 1 0 0
W 441 2 00000049 000000000
C 441 00000090 1 0 0 1 5 0
T 442 00000090 0 1 0 0 0 0 0 0 1 0 0 0 0 0
R 442 216 0000008c fff10113
C 442 00000090 0 0 0 0 5 0
T 443 0000008c 1 1 0 0 0 0 0 0 1 0 0 1 0 0
R 443 217 00000090 fe011ee3
C 443 0000008c 1 0 0 0 5 0
T 444 00000090 1 1 0 0 0 0 0 0 1 0 1 1 0 0
W 444 2 00000048 000000000
C 444 00000090 1 0 0 1 5 0
T 445 00000090 0 1 0 0 0 0 0 0 1 0 0 0 0 0
R 445 218 0000008c fff10113
C 445 00000090 0 0 0 0 5 0
T 446 0000008c 1 1 0 0 0 0 0 0 1 0 0 1 0 0
R 446 219 00000090 fe011ee3
C 446 0000008c 1 0 0 0 5 0
T 447 00000090 1 1 0 0 0 0 0 0 1 0 1 1 0 0
W 447 2 00000047 000000000
C 447 00000090 1 0 0 1 5 0
T 448 00000090 0 1 0 0 0 0 0 0 1 0 0 0 0 0
R 448 220 0000008c fff10113
C 448 00000090 0 0 0 0 5 0
T 449 0000008c 1 1 0 0 0 0 0 0 1 0 0 1 0 0
R 449 221 00000090 fe011ee3
C 449 0000008c 1 0 0 0 5 0
T 450 00000090 1 1 0 0 0 0 0 0 1 0 1 1 0 0
W 450 2 00000046 000000000
C 450 00000090 1 0 0 1 5 0
T 451 00000090 0 1 0 0 0 0 0 0 1 0 0 0 0 0
R 451 222 0000008c fff10113
C 451 00000090 0 0 0 0 5 0
T 452 0000008c 1 1 0 0 0 0 0 0 1 0 0 1 0 0
R 452 223 00000090 fe011ee3
C 452 0000008c 1 0 0 0 5 0
T 453 00000090 1 1 0 0 0 0 0 0 1 0 1 1 0 0
W 453 2 00000045 000000000
C 453 00000090 1 0 0 1 5 0
T 454 00000090 0 1 0 0 0 0 0 0 1 0 0 0 0 0
R 454 224 0000008c fff10113
C 454 00000090 0 0 0 0 5 0
T 455 0000008c 1 1 0 0 0 0 0 0 1 0 0 1 0 0
R 455 225 00000090 fe011ee3
C 455 0000008c 1 0 0 0 5 0
T 456 00000090 1 1 0 0 0 0 0 0 1 0 1 1 0 0
W 456 2 00000044 000000000
C 456 00000090 1 0 0 1 5 0
T 457 00000090 0 1 0 0 0 0 0 0 1 0 0 0 0 0
R 457 226 0000008c fff10113
C 457 00000090 0 0 0 0 5 0
T 458 0000008c 1 1 0 0 0 0 0 0 1 0 0 1 0 0
R 458 227 00000090 fe011ee3
C 458 0000008c 1 0 0 0 5 0
T 459 00000090 1 1 0 0 0 0 0 0 1 0 1 1 0 0
W 459 2 00000043 000000000
C 459 00000090 1 0 0 1 5 0
T 460 00000090 0 1 0 0 0 0 0 0 1 0 0 0 0 0
R 460 228 0000008c fff10113
C 460 00000090 0 0 0 0 5 0
T 461 0000008c 1 1 0 0 0 0 0 0 1 0 0 1 0 0
R 461 229 00000090 fe011ee3
C 461 0000008c 1 0 0 0 5 0
T 462 00000090 1 1 0 0 0 0 0 0 1 0 1 1 0 0
W 462 2 00000042 000000000
C 462 00000090 1 0 0 1 5 0
T 463 00000090 0 1 0 0 0 0 0 0 1 0 0 0 0 0
R 463 230 0000008c fff10113
C 463 00000090 0 0 0 0 5 0
T 464 0000008c 1 1 0 0 0 0 0 0 1 0 0 1 0 0
R 464 231 00000090 fe011ee3
C 464 0000008c 1 0 0 0 5 0
T 465 00000090 1 1 0 0 0 0 0 0 1 0 1 1 0 0
W 465 2 00000041 000000000
C 465 00000090 1 0 0 1 5 0
T 466 00000090 0 1 0 0 0 0 0 0 1 0 0 0 0 0
R 466 232 0000008c fff10113
C 466 00000090 0 0 0 0 5 0
T 467 0000008c 1 1 0 0 0 0 0 0 1 0 0 1 0 0
R 467 233 00000090 fe011ee3
C 467 0000008c 1 0 0 0 5 0
T 468 00000090 1 1 0 0 0 0 0 0 1 0 1 1 0 0
W 468 2 00000040 000000000
C 468 00000090 1 0 0 1 5 0
T 469 00000090 0 1 0 0 0 0 0 0 1 0 0 0 0 0
R 469 234 0000008c fff10113
C 469 00000090 0 0 0 0 5 0
T 470 0000008c 1 1 0 0 0 0 0 0 1 0 0 1 0 0
R 470 235 00000090 fe011ee3
C 470 0000008c 1 0 0 0 5 0
T 471 00000090 1 1 0 0 0 0 0 0 1 0 1 1 0 0
W 471 2 0000003f 000000000
C 471 00000090 1 0 0 1 5 0
T 472 00000090 0 1 0 0 0 0 0 0 1 0 0 0 0 0
R 472 236 0000008c fff10113
C 472 00000090 0 0 0 0 5 0
T 473 0000008c 1 1 0 0 0 0 0 0 1 0 0 1 0 0
R 473 237 00000090 fe011ee3
C 473 0000008c 1 0 0 0 5 0
T 474 00000090 1 1 0 0 0 0 0 0 1 0 1 1 0 0
W 474 2 0000003e 000000000
C 474 00000090 1 0 0 1 5 0
T 475 00000090 0 1 0 0 0 0 0 0 1 0 0 0 0 0
R 475 238 0000008c fff10113
C 475 00000090 0 0 0 0 5 0
T 476 0000008c 1 1 0 0 0 0 0 0 1 0 0 1 0 0
R 476 239 00000090 fe011ee3
C 476 0000008c 1 0 0 0 5 0
T 477 00000090 1 1 0 0 0 0 0 0 1 0 1 1 0 0
W 477 2 0000003d 000000000
C 477 00000090 1 0 0 1 5 0
T 478 00000090 0 1 0 0 0 0 0 0 1 0 0 0 0 0
R 478 240 0000008c fff10113
C 478 00000090 0 0 0 0 5 0
T 479 0000008c 1 1 0 0 0 0 0 0 1 0 0 1 0 0
R 479 241 00000090 fe011ee3
C 479 0000008c 1 0 0 0 5 0
T 480 00000090 1 1 0 0 0 0 0 0 1 0 1 1 0 0
W 480 2 0000003c 000000000
C 480 00000090 1 0 0 1 5 0
T 481 00000090 0 1 0 0 0 0 0 0 1 0 0 0 0 0
R 481 242 0000008c fff10113
C 481 00000090 0 0 0 0 5 0
T 482 0000008c 1 1 0 0 0 0 0 0 1 0 0 1 0 0
R 482 243 00000090 fe011ee3
C 482 0000008c 1 0 0 0 5 0
T 483 00000090 1 1 0 0 0 0 0 0 1 0 1 1 0 0
W 483 2 0000003b 000000000
C 483 00000090 1 0 0 1 5 0
T 484 00000090 0 1 0 0 0 0 0 0 1 0 0 0 0 0
R 484 244 0000008c fff10113
C 484 00000090 0 0 0 0 5 0
T 485 0000008c 1 1 0 0 0 0 0 0 1 0 0 1 0 0
R 485 245 00000090 fe011ee3
C 485 0000008c 1 0 0 0 5 0
T 486 00000090 1 1 0 0 0 0 0 0 1 0 1 1 0 0
W 486 2 0000003a 000000000
C 486 00000090 1 0 0 1 5 0
T 487 00000090 0 1 0 0 0 0 0 0 1 0 0 0 0 0
R 487 246 0000008c fff10113
C 487 00000090 0 0 0 0 5 0
T 488 0000008c 1 1 0 0 0 0 0 0 1 0 0 1 0 0
R 488 247 00000090 fe011ee3
C 488 0000008c 1 0 0 0 5 0
T 489 00000090 1 1 0 0 0 0 0 0 1 0 1 1 0 0
W 489 2 00000039 000000000
C 489 00000090 1 0 0 1 5 0
T 490 00000090 0 1 0 0 0 0 0 0 1 0 0 0 0 0
R 490 248 0000008c fff10113
C 490 00000090 0 0 0 0 5 0
T 491 0000008c 1 1 0 0 0 0 0 0 1 0 0 1 0 0
R 491 249 00000090 fe011ee3
C 491 0000008c 1 0 0 0 5 0
T 492 00000090 1 1 0 0 0 0 0 0 1 0 1 1 0 0
W 492 2 00000038 000000000
C 492 00000090 1 0 0 1 5 0
T 493 00000090 0 1 0 0 0 0 0 0 1 0 0 0 0 0
R 493 250 0000008c fff10113
C 493 00000090 0 0 0 0 5 0
T 494 0000008c 1 1 0 0 0 0 0 0 1 0 0 1 0 0
R 494 251 00000090 fe011ee3
C 494 0000008c 1 0 0 0 5 0
T 495 00000090 1 1 0 0 0 0 0 0 1 0 1 1 0 0
W 495 2 00000037 000000000
C 495 00000090 1 0 0 1 5 0
T 496 00000090 0 1 0 0 0 0 0 0 1 0 0 0 0 0
R 496 252 0000008c fff10113
C 496 00000090 0 0 0 0 5 0
T 497 0000008c 1 1 0 0 0 0 0 0 1 0 0 1 0 0
R 497 253 00000090 fe011ee3
C 497 0000008c 1 0 0 0 5 0
T 498 00000090 1 1 0 0 0 0 0 0 1 0 1 1 0 0
W 498 2 00000036 000000000
C 498 00000090 1 0 0 1 5 0
T 499 00000090 0 1 0 0 0 0 0 0 1 0 0 0 0 0
R 499 254 0000008c fff10113
C 499 00000090 0 0 0 0 5 0
T 500 0000008c 1 1 0 0 0 0 0 0 1 0 0 1 0 0
R 500 255 00000090 fe011ee3
C 500 0000008c 1 0 0 0 5 0
T 501 00000090 1 1 0 0 0 0 0 0 1 0 1 1 0 0
W 501 2 00000035 000000000
C 501 00000090 1 0 0 1 5 0
T 502 00000090 0 1 0 0 0 0 0 0 1 0 0 0 0 0
R 502 256 0000008c fff10113
C 502 00000090 0 0 0 0 5 0
T 503 0000008c 1 1 0 0 0 0 0 0 1 0 0 1 0 0
R 503 257 00000090 fe011ee3
C 503 0000008c 1 0 0 0 5 0
T 504 00000090 1 1 0 0 0 0 0 0 1 0 1 1 0 0
W 504 2 00000034 000000000
C 504 00000090 1 0 0 1 5 0
T 505 00000090 0 1 0 0 0 0 0 0 1 0 0 0 0 0
R 505 258 0000008c fff10113
C 505 00000090 0 0 0 0 5 0
T 506 0000008c 1 1 0 0 0 0 0 0 1 0 0 1 0 0
R 506 259 00000090 fe011ee3
C 506 0000008c 1 0 0 0 5 0
T 507 00000090 1 1 0 0 0 0 0 0 1 0 1 1 0 0
W 507 2 00000033 000000000
C 507 00000090 1 0 0 1 5 0
T 508 00000090 0 1 0 0 0 0 0 0 1 0 0 0 0 0
R 508 260 0000008c fff10113
C 508 00000090 0 0 0 0 5 0
T 509 0000008c 1 1 0 0 0 0 0 0 1 0 0 1 0 0
R 509 261 00000090 fe011ee3
C 509 0000008c 1 0 0 0 5 0
T 510 00000090 1 1 0 0 0 0 0 0 1 0 1 1 0 0
W 510 2 00000032 000000000
C 510 00000090 1 0 0 1 5 0
T 511 00000090 0 1 0 0 0 0 0 0 1 0 0 0 0 0
R 511 262 0000008c fff10113
C 511 00000090 0 0 0 0 5 0
T 512 0000008c 1 1 0 0 0 0 0 0 1 0 0 1 0 0
R 512 263 00000090 fe011ee3
C 512 0000008c 1 0 0 0 5 0
T 513 00000090 1 1 0 0 0 0 0 0 1 0 1 1 0 0
W 513 2 00000031 000000000
C 513 00000090 1 0 0 1 5 0
T 514 00000090 0 1 0 0 0 0 0 0 1 0 0 0 0 0
R 514 264 0000008c fff10113
C 514 00000090 0 0 0 0 5 0
T 515 0000008c 1 1 0 0 0 0 0 0 1 0 0 1 0 0
R 515 265 00000090 fe011ee3
C 515 0000008c 1 0 0 0 5 0
T 516 00000090 1 1 0 0 0 0 0 0 1 0 1 1 0 0
W 516 2 00000030 000000000
C 516 00000090 1 0 0 1 5 0
T 517 00000090 0 1 0 0 0 0 0 0 1 0 0 0 0 0
R 517 266 0000008c fff10113
C 517 00000090 0 0 0 0 5 0
T 518 0000008c 1 1 0 0 0 0 0 0 1 0 0 1 0 0
R 518 267 00000090 fe011ee3
C 518 0000008c 1 0 0 0 5 0
T 519 00000090 1 1 0 0 0 0 0 0 1 0 1 1 0 0
W 519 2 0000002f 000000000
C 519 00000090 1 0 0 1 5 0
T 520 00000090 0 1 0 0 0 0 0 0 1 0 0 0 0 0
R 520 268 0000008c fff10113
C 520 00000090 0 0 0 0 5 0
T 521 0000008c 1 1 0 0 0 0 0 0 1 0 0 1 0 0
R 521 269 00000090 fe011ee3
C 521 0000008c 1 0 0 0 5 0
T 522 00000090 1 1 0 0 0 0 0 0 1 0 1 1 0 0
W 522 2 0000002e 000000000
C 522 00000090 1 0 0 1 5 0
T 523 00000090 0 1 0 0 0 0 0 0 1 0 0 0 0 0
R 523 270 0000008c fff10113
C 523 00000090 0 0 0 0 5 0
T 524 0000008c 1 1 0 0 0 0 0 0 1 0 0 1 0 0
R 524 271 00000090 fe011ee3
C 524 0000008c 1 0 0 0 5 0
T 525 00000090 1 1 0 0 0 0 0 0 1 0 1 1 0 0
W 525 2 0000002d 000000000
C 525 00000090 1 0 0 1 5 0
T 526 00000090 0 1 0 0 0 0 0 0 1 0 0 0 0 0
R 526 272 0000008c fff10113
C 526 00000090 0 0 0 0 5 0
T 527 0000008c 1 1 0 0 0 0 0 0 1 0 0 1 0 0
R 527 273 00000090 fe011ee3
C 527 0000008c 1 0 0 0 5 0
T 528 00000090 1 1 0 0 0 0 0 0 1 0 1 1 0 0
W 528 2 0000002c 000000000
C 528 00000090 1 0 0 1 5 0
T 529 00000090 0 1 0 0 0 0 0 0 1 0 0 0 0 0
R 529 274 0000008c fff10113
C 529 00000090 0 0 0 0 5 0
T 530 0000008c 1 1 0 0 0 0 0 0 1 0 0 1 0 0
R 530 275 00000090 fe011ee3
C 530 0000008c 1 0 0 0 5 0
T 531 00000090 1 1 0 0 0 0 0 0 1 0 1 1 0 0
W 531 2 0000002b 000000000
C 531 00000090 1 0 0 1 5 0
T 532 00000090 0 1 0 0 0 0 0 0 1 0 0 0 0 0
R 532 276 0000008c fff10113
C 532 00000090 0 0 0 0 5 0
T 533 0000008c 1 1 0 0 0 0 0 0 1 0 0 1 0 0
R 533 277 00000090 fe011ee3
C 533 0000008c 1 0 0 0 5 0
T 534 00000090 1 1 0 0 0 0 0 0 1 0 1 1 0 0
W 534 2 0000002a 000000000
C 534 00000090 1 0 0 1 5 0
T 535 00000090 0 1 0 0 0 0 0 0 1 0 0 0 0 0
R 535 278 0000008c fff10113
C 535 00000090 0 0 0 0 5 0
T 536 0000008c 1 1 0 0 0 0 0 0 1 0 0 1 0 0
R 536 279 00000090 fe011ee3
C 536 0000008c 1 0 0 0 5 0
T 537 00000090 1 1 0 0 0 0 0 0 1 0 1 1 0 0
W 537 2 00000029 000000000
C 537 00000090 1 0 0 1 5 0
T 538 00000090 0 1 0 0 0 0 0 0 1 0 0 0 0 0
R 538 280 0000008c fff10113
C 538 00000090 0 0 0 0 5 0
T 539 0000008c 1 1 0 0 0 0 0 0 1 0 0 1 0 0
R 539 281 00000090 fe011ee3
C 539 0000008c 1 0 0 0 5 0
T 540 00000090 1 1 0 0 0 0 0 0 1 0 1 1 0 0
W 540 2 00000028 000000000
C 540 00000090 1 0 0 1 5 0
T 541 00000090 0 1 0 0 0 0 0 0 1 0 0 0 0 0
R 541 282 0000008c fff10113
C 541 00000090 0 0 0 0 5 0
T 542 0000008c 1 1 0 0 0 0 0 0 1 0 0 1 0 0
R 542 283 00000090 fe011ee3
C 542 0000008c 1 0 0 0 5 0
T 543 00000090 1 1 0 0 0 0 0 0 1 0 1 1 0 0
W 543 2 00000027 000000000
C 543 00000090 1 0 0 1 5 0
T 544 00000090 0 1 0 0 0 0 0 0 1 0 0 0 0 0
R 544 284 0000008c fff10113
C 544 00000090 0 0 0 0 5 0
T 545 0000008c 1 1 0 0 0 0 0 0 1 0 0 1 0 0
R 545 285 00000090 fe011ee3
C 545 0000008c 1 0 0 0 5 0
T 546 00000090 1 1 0 0 0 0 0 0 1 0 1 1 0 0
W 546 2 00000026 000000000
C 546 00000090 1 0 0 1 5 0
T 547 00000090 0 1 0 0 0 0 0 0 1 0 0 0 0 0
R 547 286 0000008c fff10113
C 547 00000090 0 0 0 0 5 0
T 548 0000008c 1 1 0 0 0 0 0 0 1 0 0 1 0 0
R 548 287 00000090 fe011ee3
C 548 0000008c 1 0 0 0 5 0
T 549 00000090 1 1 0 0 0 0 0 0 1 0 1 1 0 0
W 549 2 00000025 000000000
C 549 00000090 1 0 0 1 5 0
T 550 00000090 0 1 0 0 0 0 0 0 1 0 0 0 0 0
R 550 288 0000008c fff10113
C 550 00000090 0 0 0 0 5 0
T 551 0000008c 1 1 0 0 0 0 0 0 1 0 0 1 0 0
R 551 289 00000090 fe011ee3
C 551 0000008c 1 0 0 0 5 0
T 552 00000090 1 1 0 0 0 0 0 0 1 0 1 1 0 0
W 552 2 00000024 000000000
C 552 00000090 1 0 0 1 5 0
T 553 00000090 0 1 0 0 0 0 0 0 1 0 0 0 0 0
R 553 290 0000008c fff10113
C 553 00000090 0 0 0 0 5 0
T 554 0000008c 1 1 0 0 0 0 0 0 1 0 0 1 0 0
R 554 291 00000090 fe011ee3
C 554 0000008c 1 0 0 0 5 0
T 555 00000090 1 1 0 0 0 0 0 0 1 0 1 1 0 0
W 555 2 00000023 000000000
C 555 00000090 1 0 0 1 5 0
T 556 00000090 0 1 0 0 0 0 0 0 1 0 0 0 0 0
R 556 292 0000008c fff10113
C 556 00000090 0 0 0 0 5 0
T 557 0000008c 1 1 0 0 0 0 0 0 1 0 0 1 0 0
R 557 293 00000090 fe011ee3
C 557 0000008c 1 0 0 0 5 0
T 558 00000090 1 1 0 0 0 0 0 0 1 0 1 1 0 0
W 558 2 00000022 000000000
C 558 00000090 1 0 0 1 5 0
T 559 00000090 0 1 0 0 0 0 0 0 1 0 0 0 0 0
R 559 294 0000008c fff10113
C 559 00000090 0 0 0 0 5 0
T 560 0000008c 1 1 0 0 0 0 0 0 1 0 0 1 0 0
R 560 295 00000090 fe011ee3
C 560 0000008c 1 0 0 0 5 0
T 561 00000090 1 1 0 0 0 0 0 0 1 0 1 1 0 0
W 561 2 00000021 000000000
C 561 00000090 1 0 0 1 5 0
T 562 00000090 0 1 0 0 0 0 0 0 1 0 0 0 0 0
R 562 296 0000008c fff10113
C 562 00000090 0 0 0 0 5 0
T 563 0000008c 1 1 0 0 0 0 0 0 1 0 0 1 0 0
R 563 297 00000090 fe011ee3
C 563 0000008c 1 0 0 0 5 0
T 564 00000090 1 1 0 0 0 0 0 0 1 0 1 1 0 0
W 564 2 00000020 000000000
C 564 00000090 1 0 0 1 5 0
T 565 00000090 0 1 0 0 0 0 0 0 1 0 0 0 0 0
R 565 298 0000008c fff10113
C 565 00000090 0 0 0 0 5 0
T 566 0000008c 1 1 0 0 0 0 0 0 1 0 0 1 0 0
R 566 299 00000090 fe011ee3
C 566 0000008c 1 0 0 0 5 0
T 567 00000090 1 1 0 0 0 0 0 0 1 0 1 1 0 0
W 567 2 0000001f 000000000
C 567 00000090 1 0 0 1 5 0
T 568 00000090 0 1 0 0 0 0 0 0 1 0 0 0 0 0
R 568 300 0000008c fff10113
C 568 00000090 0 0 0 0 5 0
T 569 0000008c 1 1 0 0 0 0 0 0 1 0 0 1 0 0
R 569 301 00000090 fe011ee3
C 569 0000008c 1 0 0 0 5 0
T 570 00000090 1 1 0 0 0 0 0 0 1 0 1 1 0 0
W 570 2 0000001e 000000000
C 570 00000090 1 0 0 1 5 0
T 571 00000090 0 1 0 0 0 0 0 0 1 0 0 0 0 0
R 571 302 0000008c fff10113
C 571 00000090 0 0 0 0 5 0
T 572 0000008c 1 1 0 0 0 0 0 0 1 0 0 1 0 0
R 572 303 00000090 fe011ee3
C 572 0000008c 1 0 0 0 5 0
T 573 00000090 1 1 0 0 0 0 0 0 1 0 1 1 0 0
W 573 2 0000001d 000000000
C 573 00000090 1 0 0 1 5 0
T 574 00000090 0 1 0 0 0 0 0 0 1 0 0 0 0 0
R 574 304 0000008c fff10113
C 574 00000090 0 0 0 0 5 0
T 575 0000008c 1 1 0 0 0 0 0 0 1 0 0 1 0 0
R 575 305 00000090 fe011ee3
C 575 0000008c 1 0 0 0 5 0
T 576 00000090 1 1 0 0 0 0 0 0 1 0 1 1 0 0
W 576 2 0000001c 000000000
C 576 00000090 1 0 0 1 5 0
T 577 00000090 0 1 0 0 0 0 0 0 1 0 0 0 0 0
R 577 306 0000008c fff10113
C 577 00000090 0 0 0 0 5 0
T 578 0000008c 1 1 0 0 0 0 0 0 1 0 0 1 0 0
R 578 307 00000090 fe011ee3
C 578 0000008c 1 0 0 0 5 0
T 579 00000090 1 1 0 0 0 0 0 0 1 0 1 1 0 0
W 579 2 0000001b 000000000
C 579 00000090 1 0 0 1 5 0
T 580 00000090 0 1 0 0 0 0 0 0 1 0 0 0 0 0
R 580 308 0000008c fff10113
C 580 00000090 0 0 0 0 5 0
T 581 0000008c 1 1 0 0 0 0 0 0 1 0 0 1 0 0
R 581 309 00000090 fe011ee3
C 581 0000008c 1 0 0 0 5 0
T 582 00000090 1 1 0 0 0 0 0 0 1 0 1 1 0 0
W 582 2 0000001a 000000000
C 582 00000090 1 0 0 1 5 0
T 583 00000090 0 1 0 0 0 0 0 0 1 0 0 0 0 0
R 583 310 0000008c fff10113
C 583 00000090 0 0 0 0 5 0
T 584 0000008c 1 1 0 0 0 0 0 0 1 0 0 1 0 0
R 584 311 00000090 fe011ee3
C 584 0000008c 1 0 0 0 5 0
T 585 00000090 1 1 0 0 0 0 0 0 1 0 1 1 0 0
W 585 2 00000019 000000000
C 585 00000090 1 0 0 1 5 0
T 586 00000090 0 1 0 0 0 0 0 0 1 0 0 0 0 0
R 586 312 0000008c fff10113
C 586 00000090 0 0 0 0 5 0
T 587 0000008c 1 1 0 0 0 0 0 0 1 0 0 1 0 0
R 587 313 00000090 fe011ee3
C 587 0000008c 1 0 0 0 5 0
T 588 00000090 1 1 0 0 0 0 0 0 1 0 1 1 0 0
W 588 2 00000018 000000000
C 588 00000090 1 0 0 1 5 0
T 589 00000090 0 1 0 0 0 0 0 0 1 0 0 0 0 0
R 589 314 0000008c fff10113
C 589 00000090 0 0 0 0 5 0
T 590 0000008c 1 1 0 0 0 0 0 0 1 0 0 1 0 0
R 590 315 00000090 fe011ee3
C 590 0000008c 1 0 0 0 5 0
T 591 00000090 1 1 0 0 0 0 0 0 1 0 1 1 0 0
W 591 2 00000017 000000000
C 591 00000090 1 0 0 1 5 0
T 592 00000090 0 1 0 0 0 0 0 0 1 0 0 0 0 0
R 592 316 0000008c fff10113
C 592 00000090 0 0 0 0 5 0
T 593 0000008c 1 1 0 0 0 0 0 0 1 0 0 1 0 0
R 593 317 00000090 fe011ee3
C 593 0000008c 1 0 0 0 5 0
T 594 00000090 1 1 0 0 0 0 0 0 1 0 1 1 0 0
W 594 2 00000016 000000000
C 594 00000090 1 0 0 1 5 0
T 595 00000090 0 1 0 0 0 0 0 0 1 0 0 0 0 0
R 595 318 0000008c fff10113
C 595 00000090 0 0 0 0 5 0
T 596 0000008c 1 1 0 0 0 0 0 0 1 0 0 1 0 0
R 596 319 00000090 fe011ee3
C 596 0000008c 1 0 0 0 5 0
T 597 00000090 1 1 0 0 0 0 0 0 1 0 1 1 0 0
W 597 2 00000015 000000000
C 597 00000090 1 0 0 1 5 0
T 598 00000090 0 1 0 0 0 0 0 0 1 0 0 0 0 0
R 598 320 0000008c fff10113
C 598 00000090 0 0 0 0 5 0
T 599 0000008c 1 1 0 0 0 0 0 0 1 0 0 1 0 0
R 599 321 00000090 fe011ee3
C 599 0000008c 1 0 0 0 5 0
T 600 00000090 1 1 0 0 0 0 0 0 1 0 1 1 0 0
W 600 2 00000014 000000000
C 600 00000090 1 0 0 1 5 0
T 601 00000090 0 1 0 0 0 0 0 0 1 0 0 0 0 0
R 601 322 0000008c fff10113
C 601 00000090 0 0 0 0 5 0
T 602 0000008c 1 1 0 0 0 0 0 0 1 0 0 1 0 0
R 602 323 00000090 fe011ee3
C 602 0000008c 1 0 0 0 5 0
T 603 00000090 1 1 0 0 0 0 0 0 1 0 1 1 0 0
W 603 2 00000013 000000000
C 603 00000090 1 0 0 1 5 0
T 604 00000090 0 1 0 0 0 0 0 0 1 0 0 0 0 0
R 604 324 0000008c fff10113
C 604 00000090 0 0 0 0 5 0
T 605 0000008c 1 1 0 0 0 0 0 0 1 0 0 1 0 0
R 605 325 00000090 fe011ee3
C 605 0000008c 1 0 0 0 5 0
T 606 00000090 1 1 0 0 0 0 0 0 1 0 1 1 0 0
W 606 2 00000012 000000000
C 606 00000090 1 0 0 1 5 0
T 607 00000090 0 1 0 0 0 0 0 0 1 0 0 0 0 0
R 607 326 0000008c fff10113
C 607 00000090 0 0 0 0 5 0
T 608 0000008c 1 1 0 0 0 0 0 0 1 0 0 1 0 0
R 608 327 00000090 fe011ee3
C 608 0000008c 1 0 0 0 5 0
T 609 00000090 1 1 0 0 0 0 0 0 1 0 1 1 0 0
W 609 2 00000011 000000000
C 609 00000090 1 0 0 1 5 0
T 610 00000090 0 1 0 0 0 0 0 0 1 0 0 0 0 0
R 610 328 0000008c fff10113
C 610 00000090 0 0 0 0 5 0
T 611 0000008c 1 1 0 0 0 0 0 0 1 0 0 1 0 0
R 611 329 00000090 fe011ee3
C 611 0000008c 1 0 0 0 5 0
T 612 00000090 1 1 0 0 0 0 0 0 1 0 1 1 0 0
W 612 2 00000010 000000000
C 612 00000090 1 0 0 1 5 0
T 613 00000090 0 1 0 0 0 0 0 0 1 0 0 0 0 0
R 613 330 0000008c fff10113
C 613 00000090 0 0 0 0 5 0
T 614 0000008c 1 1 0 0 0 0 0 0 1 0 0 1 0 0
R 614 331 00000090 fe011ee3
C 614 0000008c 1 0 0 0 5 0
T 615 00000090 1 1 0 0 0 0 0 0 1 0 1 1 0 0
W 615 2 0000000f 000000000
C 615 00000090 1 0 0 1 5 0
T 616 00000090 0 1 0 0 0 0 0 0 1 0 0 0 0 0
R 616 332 0000008c fff10113
C 616 00000090 0 0 0 0 5 0
T 617 0000008c 1 1 0 0 0 0 0 0 1 0 0 1 0 0
R 617 333 00000090 fe011ee3
C 617 0000008c 1 0 0 0 5 0
T 618 00000090 1 1 0 0 0 0 0 0 1 0 1 1 0 0
W 618 2 0000000e 000000000
C 618 00000090 1 0 0 1 5 0
T 619 00000090 0 1 0 0 0 0 0 0 1 0 0 0 0 0
R 619 334 0000008c fff10113
C 619 00000090 0 0 0 0 5 0
T 620 0000008c 1 1 0 0 0 0 0 0 1 0 0 1 0 0
R 620 335 00000090 fe011ee3
C 620 0000008c 1 0 0 0 5 0
T 621 00000090 1 1 0 0 0 0 0 0 1 0 1 1 0 0
W 621 2 0000000d 000000000
C 621 00000090 1 0 0 1 5 0
T 622 00000090 0 1 0 0 0 0 0 0 1 0 0 0 0 0
R 622 336 0000008c fff10113
C 622 00000090 0 0 0 0 5 0
T 623 0000008c 1 1 0 0 0 0 0 0 1 0 0 1 0 0
R 623 337 00000090 fe011ee3
C 623 0000008c 1 0 0 0 5 0
T 624 00000090 1 1 0 0 0 0 0 0 1 0 1 1 0 0
W 624 2 0000000c 000000000
C 624 00000090 1 0 0 1 5 0
T 625 00000090 0 1 0 0 0 0 0 0 1 0 0 0 0 0
R 625 338 0000008c fff10113
C 625 00000090 0 0 0 0 5 0
T 626 0000008c 1 1 0 0 0 0 0 0 1 0 0 1 0 0
R 626 339 00000090 fe011ee3
C 626 0000008c 1 0 0 0 5 0
T 627 00000090 1 1 0 0 0 0 0 0 1 0 1 1 0 0
W 627 2 0000000b 000000000
C 627 00000090 1 0 0 1 5 0
T 628 00000090 0 1 0 0 0 0 0 0 1 0 0 0 0 0
R 628 340 0000008c fff10113
C 628 00000090 0 0 0 0 5 0
T 629 0000008c 1 1 0 0 0 0 0 0 1 0 0 1 0 0
R 629 341 00000090 fe011ee3
C 629 0000008c 1 0 0 0 5 0
T 630 00000090 1 1 0 0 0 0 0 0 1 0 1 1 0 0
W 630 2 0000000a 000000000
C 630 00000090 1 0 0 1 5 0
T 631 00000090 0 1 0 0 0 0 0 0 1 0 0 0 0 0
R 631 342 0000008c fff10113
C 631 00000090 0 0 0 0 5 0
T 632 0000008c 1 1 0 0 0 0 0 0 1 0 0 1 0 0
R 632 343 00000090 fe011ee3
C 632 0000008c 1 0 0 0 5 0
T 633 00000090 1 1 0 0 0 0 0 0 1 0 1 1 0 0
W 633 2 00000009 000000000
C 633 00000090 1 0 0 1 5 0
T 634 00000090 0 1 0 0 0 0 0 0 1 0 0 0 0 0
R 634 344 0000008c fff10113
C 634 00000090 0 0 0 0 5 0
T 635 0000008c 1 1 0 0 0 0 0 0 1 0 0 1 0 0
R 635 345 00000090 fe011ee3
C 635 0000008c 1 0 0 0 5 0
T 636 00000090 1 1 0 0 0 0 0 0 1 0 1 1 0 0
W 636 2 00000008 000000000
C 636 00000090 1 0 0 1 5 0
T 637 00000090 0 1 0 0 0 0 0 0 1 0 0 0 0 0
R 637 346 0000008c fff10113
C 637 00000090 0 0 0 0 5 0
T 638 0000008c 1 1 0 0 0 0 0 0 1 0 0 1 0 0
R 638 347 00000090 fe011ee3
C 638 0000008c 1 0 0 0 5 0
T 639 00000090 1 1 0 0 0 0 0 0 1 0 1 1 0 0
W 639 2 00000007 000000000
C 639 00000090 1 0 0 1 5 0
T 640 00000090 0 1 0 0 0 0 0 0 1 0 0 0 0 0
R 640 348 0000008c fff10113
C 640 00000090 0 0 0 0 5 0
T 641 0000008c 1 1 0 0 0 0 0 0 1 0 0 1 0 0
R 641 349 00000090 fe011ee3
C 641 0000008c 1 0 0 0 5 0
T 642 00000090 1 1 0 0 0 0 0 0 1 0 1 1 0 0
W 642 2 00000006 000000000
C 642 00000090 1 0 0 1 5 0
T 643 00000090 0 1 0 0 0 0 0 0 1 0 0 0 0 0
R 643 350 0000008c fff10113
C 643 00000090 0 0 0 0 5 0
T 644 0000008c 1 1 0 0 0 0 0 0 1 0 0 1 0 0
R 644 351 00000090 fe011ee3
C 644 0000008c 1 0 0 0 5 0
T 645 00000090 1 1 0 0 0 0 0 0 1 0 1 1 0 0
W 645 2 00000005 000000000
C 645 00000090 1 0 0 1 5 0
T 646 00000090 0 1 0 0 0 0 0 0 1 0 0 0 0 0
R 646 352 0000008c fff10113
C 646 00000090 0 0 0 0 5 0
T 647 0000008c 1 1 0 0 0 0 0 0 1 0 0 1 0 0
R 647 353 00000090 fe011ee3
C 647 0000008c 1 0 0 0 5 0
T 648 00000090 1 1 0 0 0 0 0 0 1 0 1 1 0 0
W 648 2 00000004 000000000
C 648 00000090 1 0 0 1 5 0
T 649 00000090 0 1 0 0 0 0 0 0 1 0 0 0 0 0
R 649 354 0000008c fff10113
C 649 00000090 0 0 0 0 5 0
T 650 0000008c 1 1 0 0 0 0 0 0 1 0 0 1 0 0
R 650 355 00000090 fe011ee3
C 650 0000008c 1 0 0 0 5 0
T 651 00000090 1 1 0 0 0 0 0 0 1 0 1 1 0 0
W 651 2 00000003 000000000
C 651 00000090 1 0 0 1 5 0
T 652 00000090 0 1 0 0 0 0 0 0 1 0 0 0 0 0
R 652 356 0000008c fff10113
C 652 00000090 0 0 0 0 5 0
T 653 0000008c 1 1 0 0 0 0 0 0 1 0 0 1 0 0
R 653 357 00000090 fe011ee3
C 653 0000008c 1 0 0 0 5 0
T 654 00000090 1 1 0 0 0 0 0 0 1 0 1 1 0 0
W 654 2 00000002 000000000
C 654 00000090 1 0 0 1 5 0
T 655 00000090 0 1 0 0 0 0 0 0 1 0 0 0 0 0
R 655 358 0000008c fff10113
C 655 00000090 0 0 0 0 5 0
T 656 0000008c 1 1 0 0 0 0 0 0 1 0 0 1 0 0
R 656 359 00000090 fe011ee3
C 656 0000008c 1 0 0 0 5 0
T 657 00000090 1 1 0 0 0 0 0 0 1 0 1 1 0 0
W 657 2 00000001 000000000
C 657 00000090 1 0 0 1 5 0
T 658 00000090 0 1 0 0 0 0 0 0 1 0 0 0 0 0
R 658 360 0000008c fff10113
C 658 00000090 0 0 0 0 5 0
T 659 0000008c 1 1 0 0 0 0 0 0 1 0 0 1 0 0
R 659 361 00000090 fe011ee3
C 659 0000008c 1 0 0 0 5 0
T 660 00000090 1 1 0 0 0 0 0 0 1 0 0 1 0 0
W 660 2 00000000 000000000
C 660 00000090 1 0 0 0 5 0
T 661 00000094 1 1 0 0 0 0 0 0 1 0 1 1 0 0
R 661 362 0000008c fff10113
C 661 00000094 1 0 0 1 5 0
T 662 00000094 0 1 0 0 0 0 0 0 1 0 0 0 0 0
R 662 363 00000090 fe011ee3
C 662 00000094 0 0 0 0 5 0
T 663 00000094 0 1 0 0 0 0 0 0 1 0 0 0 0 0
R 663 364 00000094 0000100f
C 663 00000094 0 0 0 0 5 0
T 664 00000094 0 1 0 0 0 0 0 0 1 0 0 0 0 0
C 664 00000094 0 0 0 0 5 0
T 665 00000098 1 1 0 0 0 0 0 0 1 0 0 1 0 0
C 665 00000098 1 0 0 0 5 0
KEY 666 response
T 666 0000009c 1 1 0 0 0 0 0 0 1 0 1 1 0 0
W 666 15 0000007b 000000000
C 666 0000009c 1 0 0 1 5 0
T 667 0000009c 0 1 0 0 0 0 0 0 1 0 0 0 0 0
R 667 365 00000098 07b00793
C 667 0000009c 0 0 0 0 5 0
T 668 0000009c 1 1 0 0 0 0 0 0 1 0 1 1 0 0
R 668 366 0000009c 0000006f
C 668 0000009c 1 0 0 1 5 0
T 669 0000009c 0 1 0 0 0 0 0 0 1 0 0 0 0 0
C 669 0000009c 0 0 0 0 5 0
T 670 0000009c 1 1 0 0 0 0 0 0 1 0 1 1 0 0
R 670 367 0000009c 0000006f
C 670 0000009c 1 0 0 1 5 0
T 671 0000009c 0 1 0 0 0 0 0 0 1 0 0 0 0 0
C 671 0000009c 0 0 0 0 5 0
T 672 0000009c 1 1 0 0 0 0 0 0 1 0 1 1 0 0
R 672 368 0000009c 0000006f
C 672 0000009c 1 0 0 1 5 0
T 673 0000009c 0 1 0 0 0 0 0 0 1 0 0 0 0 0
C 673 0000009c 0 0 0 0 5 0
T 674 0000009c 1 1 0 0 0 0 0 0 1 0 1 1 0 0
R 674 369 0000009c 0000006f
C 674 0000009c 1 0 0 1 5 0
T 675 0000009c 0 1 0 0 0 0 0 0 1 0 0 0 0 0
C 675 0000009c 0 0 0 0 5 0
T 676 0000009c 1 1 0 0 0 0 0 0 1 0 1 1 0 0
R 676 370 0000009c 0000006f
C 676 0000009c 1 0 0 1 5 0
T 677 0000009c 0 1 0 0 0 0 0 0 1 0 0 0 0 0
C 677 0000009c 0 0 0 0 5 0
T 678 0000009c 1 1 0 0 0 0 0 0 1 0 1 1 0 0
R 678 371 0000009c 0000006f
C 678 0000009c 1 0 0 1 5 0
T 679 0000009c 0 1 0 0 0 0 0 0 1 0 0 0 0 0
C 679 0000009c 0 0 0 0 5 0
T 680 0000009c 1 1 0 0 0 0 0 0 1 0 1 1 0 0
R 680 372 0000009c 0000006f
C 680 0000009c 1 0 0 1 5 0
T 681 0000009c 0 1 0 0 0 0 0 0 1 0 0 0 0 0
C 681 0000009c 0 0 0 0 5 0
T 682 0000009c 1 1 0 0 0 0 0 0 1 0 1 1 0 0
R 682 373 0000009c 0000006f
C 682 0000009c 1 0 0 1 5 0
T 683 0000009c 0 1 0 0 0 0 0 0 1 0 0 0 0 0
C 683 0000009c 0 0 0 0 5 0
T 684 0000009c 1 1 0 0 0 0 0 0 1 0 1 1 0 0
R 684 374 0000009c 0000006f
C 684 0000009c 1 0 0 1 5 0
T 685 0000009c 0 1 0 0 0 0 0 0 1 0 0 0 0 0
C 685 0000009c 0 0 0 0 5 0
T 686 0000009c 1 1 0 0 0 0 0 0 1 0 1 1 0 0
R 686 375 0000009c 0000006f
C 686 0000009c 1 0 0 1 5 0
T 687 0000009c 0 1 0 0 0 0 0 0 1 0 0 0 0 0
C 687 0000009c 0 0 0 0 5 0
T 688 0000009c 1 1 0 0 0 0 0 0 1 0 1 1 0 0
R 688 376 0000009c 0000006f
C 688 0000009c 1 0 0 1 5 0
T 689 0000009c 0 1 0 0 0 0 0 0 1 0 0 0 0 0
C 689 0000009c 0 0 0 0 5 0
T 690 0000009c 1 1 0 0 0 0 0 0 1 0 1 1 0 0
R 690 377 0000009c 0000006f
C 690 0000009c 1 0 0 1 5 0
T 691 0000009c 0 1 0 0 0 0 0 0 1 0 0 0 0 0
C 691 0000009c 0 0 0 0 5 0
T 692 0000009c 1 1 0 0 0 0 0 0 1 0 1 1 0 0
R 692 378 0000009c 0000006f
C 692 0000009c 1 0 0 1 5 0
T 693 0000009c 0 1 0 0 0 0 0 0 1 0 0 0 0 0
C 693 0000009c 0 0 0 0 5 0
T 694 0000009c 1 1 0 0 0 0 0 0 1 0 1 1 0 0
R 694 379 0000009c 0000006f
C 694 0000009c 1 0 0 1 5 0
T 695 0000009c 0 1 0 0 0 0 0 0 1 0 0 0 0 0
C 695 0000009c 0 0 0 0 5 0
T 696 0000009c 1 1 0 0 0 0 0 0 1 0 1 1 0 0
R 696 380 0000009c 0000006f
C 696 0000009c 1 0 0 1 5 0
T 697 0000009c 0 1 0 0 0 0 0 0 1 0 0 0 0 0
C 697 0000009c 0 0 0 0 5 0
T 698 0000009c 1 1 0 0 0 0 0 0 1 0 1 1 0 0
R 698 381 0000009c 0000006f
C 698 0000009c 1 0 0 1 5 0
T 699 0000009c 0 1 0 0 0 0 0 0 1 0 0 0 0 0
C 699 0000009c 0 0 0 0 5 0
T 700 0000009c 1 1 0 0 0 0 0 0 1 0 1 1 0 0
R 700 382 0000009c 0000006f
C 700 0000009c 1 0 0 1 5 0
T 701 0000009c 0 1 0 0 0 0 0 0 1 0 0 0 0 0
C 701 0000009c 0 0 0 0 5 0
T 702 0000009c 1 1 0 0 0 0 0 0 1 0 1 1 0 0
R 702 383 0000009c 0000006f
C 702 0000009c 1 0 0 1 5 0
T 703 0000009c 0 1 0 0 0 0 0 0 1 0 0 0 0 0
C 703 0000009c 0 0 0 0 5 0
T 704 0000009c 1 1 0 0 0 0 0 0 1 0 1 1 0 0
R 704 384 0000009c 0000006f
C 704 0000009c 1 0 0 1 5 0
T 705 0000009c 0 1 0 0 0 0 0 0 1 0 0 0 0 0
C 705 0000009c 0 0 0 0 5 0
T 706 0000009c 1 1 0 0 0 0 0 0 1 0 1 1 0 0
R 706 385 0000009c 0000006f
C 706 0000009c 1 0 0 1 5 0
T 707 0000009c 0 1 0 0 0 0 0 0 1 0 0 0 0 0
C 707 0000009c 0 0 0 0 5 0
T 708 0000009c 1 1 0 0 0 0 0 0 1 0 1 1 0 0
R 708 386 0000009c 0000006f
C 708 0000009c 1 0 0 1 5 0
T 709 0000009c 0 1 0 0 0 0 0 0 1 0 0 0 0 0
C 709 0000009c 0 0 0 0 5 0
T 710 0000009c 1 1 0 0 0 0 0 0 1 0 1 1 0 0
R 710 387 0000009c 0000006f
C 710 0000009c 1 0 0 1 5 0
T 711 0000009c 0 1 0 0 0 0 0 0 1 0 0 0 0 0
C 711 0000009c 0 0 0 0 5 0
T 712 0000009c 1 1 0 0 0 0 0 0 1 0 1 1 0 0
R 712 388 0000009c 0000006f
C 712 0000009c 1 0 0 1 5 0
T 713 0000009c 0 1 0 0 0 0 0 0 1 0 0 0 0 0
C 713 0000009c 0 0 0 0 5 0
T 714 0000009c 1 1 0 0 0 0 0 0 1 0 1 1 0 0
R 714 389 0000009c 0000006f
C 714 0000009c 1 0 0 1 5 0
T 715 0000009c 0 1 0 0 0 0 0 0 1 0 0 0 0 0
C 715 0000009c 0 0 0 0 5 0
T 716 0000009c 1 1 0 0 0 0 0 0 1 0 1 1 0 0
R 716 390 0000009c 0000006f
C 716 0000009c 1 0 0 1 5 0
T 717 0000009c 0 1 0 0 0 0 0 0 1 0 0 0 0 0
C 717 0000009c 0 0 0 0 5 0
T 718 0000009c 1 1 0 0 0 0 0 0 1 0 1 1 0 0
R 718 391 0000009c 0000006f
C 718 0000009c 1 0 0 1 5 0
T 719 0000009c 0 1 0 0 0 0 0 0 1 0 0 0 0 0
C 719 0000009c 0 0 0 0 5 0
T 720 0000009c 1 1 0 0 0 0 0 0 1 0 1 1 0 0
R 720 392 0000009c 0000006f
C 720 0000009c 1 0 0 1 5 0
T 721 0000009c 0 1 0 0 0 0 0 0 1 0 0 0 0 0
C 721 0000009c 0 0 0 0 5 0
T 722 0000009c 1 1 0 0 0 0 0 0 1 0 1 1 0 0
R 722 393 0000009c 0000006f
C 722 0000009c 1 0 0 1 5 0
T 723 0000009c 0 1 0 0 0 0 0 0 1 0 0 0 0 0
C 723 0000009c 0 0 0 0 5 0
T 724 0000009c 1 1 0 0 0 0 0 0 1 0 1 1 0 0
R 724 394 0000009c 0000006f
C 724 0000009c 1 0 0 1 5 0
T 725 0000009c 0 1 0 0 0 0 0 0 1 0 0 0 0 0
C 725 0000009c 0 0 0 0 5 0
T 726 0000009c 1 1 0 0 0 0 0 0 1 0 1 1 0 0
R 726 395 0000009c 0000006f
C 726 0000009c 1 0 0 1 5 0
T 727 0000009c 0 1 0 0 0 0 0 0 1 0 0 0 0 0
C 727 0000009c 0 0 0 0 5 0
T 728 0000009c 1 1 0 0 0 0 0 0 1 0 1 1 0 0
R 728 396 0000009c 0000006f
C 728 0000009c 1 0 0 1 5 0
T 729 0000009c 0 1 0 0 0 0 0 0 1 0 0 0 0 0
C 729 0000009c 0 0 0 0 5 0
T 730 0000009c 1 1 0 0 0 0 0 0 1 0 1 1 0 0
R 730 397 0000009c 0000006f
C 730 0000009c 1 0 0 1 5 0
T 731 0000009c 0 1 0 0 0 0 0 0 1 0 0 0 0 0
C 731 0000009c 0 0 0 0 5 0
T 732 0000009c 1 1 0 0 0 0 0 0 1 0 1 1 0 0
R 732 398 0000009c 0000006f
C 732 0000009c 1 0 0 1 5 0
T 733 0000009c 0 1 0 0 0 0 0 0 1 0 0 0 0 0
C 733 0000009c 0 0 0 0 5 0
T 734 0000009c 1 1 0 0 0 0 0 0 1 0 1 1 0 0
R 734 399 0000009c 0000006f
C 734 0000009c 1 0 0 1 5 0
T 735 0000009c 0 1 0 0 0 0 0 0 1 0 0 0 0 0
C 735 0000009c 0 0 0 0 5 0
T 736 0000009c 1 1 0 0 0 0 0 0 1 0 1 1 0 0
R 736 400 0000009c 0000006f
C 736 0000009c 1 0 0 1 5 0
T 737 0000009c 0 1 0 0 0 0 0 0 1 0 0 0 0 0
C 737 0000009c 0 0 0 0 5 0
T 738 0000009c 1 1 0 0 0 0 0 0 1 0 1 1 0 0
R 738 401 0000009c 0000006f
C 738 0000009c 1 0 0 1 5 0
T 739 0000009c 0 1 0 0 0 0 0 0 1 0 0 0 0 0
C 739 0000009c 0 0 0 0 5 0
T 740 0000009c 1 1 0 0 0 0 0 0 1 0 1 1 0 0
R 740 402 0000009c 0000006f
C 740 0000009c 1 0 0 1 5 0
T 741 0000009c 0 1 0 0 0 0 0 0 1 0 0 0 0 0
C 741 0000009c 0 0 0 0 5 0
T 742 0000009c 1 1 0 0 0 0 0 0 1 0 1 1 0 0
R 742 403 0000009c 0000006f
C 742 0000009c 1 0 0 1 5 0
T 743 0000009c 0 1 0 0 0 0 0 0 1 0 0 0 0 0
C 743 0000009c 0 0 0 0 5 0
T 744 0000009c 1 1 0 0 0 0 0 0 1 0 1 1 0 0
R 744 404 0000009c 0000006f
C 744 0000009c 1 0 0 1 5 0
T 745 0000009c 0 1 0 0 0 0 0 0 1 0 0 0 0 0
C 745 0000009c 0 0 0 0 5 0
T 746 0000009c 1 1 0 0 0 0 0 0 1 0 1 1 0 0
R 746 405 0000009c 0000006f
C 746 0000009c 1 0 0 1 5 0
T 747 0000009c 0 1 0 0 0 0 0 0 1 0 0 0 0 0
C 747 0000009c 0 0 0 0 5 0
T 748 0000009c 1 1 0 0 0 0 0 0 1 0 1 1 0 0
R 748 406 0000009c 0000006f
C 748 0000009c 1 0 0 1 5 0
T 749 0000009c 0 1 0 0 0 0 0 0 1 0 0 0 0 0
C 749 0000009c 0 0 0 0 5 0
T 750 0000009c 1 1 0 0 0 0 0 0 1 0 1 1 0 0
R 750 407 0000009c 0000006f
C 750 0000009c 1 0 0 1 5 0
T 751 0000009c 0 1 0 0 0 0 0 0 1 0 0 0 0 0
C 751 0000009c 0 0 0 0 5 0
T 752 0000009c 1 1 0 0 0 0 0 0 1 0 1 1 0 0
R 752 408 0000009c 0000006f
C 752 0000009c 1 0 0 1 5 0
T 753 0000009c 0 1 0 0 0 0 0 0 1 0 0 0 0 0
C 753 0000009c 0 0 0 0 5 0
T 754 0000009c 1 1 0 0 0 0 0 0 1 0 1 1 0 0
R 754 409 0000009c 0000006f
C 754 0000009c 1 0 0 1 5 0
T 755 0000009c 0 1 0 0 0 0 0 0 1 0 0 0 0 0
C 755 0000009c 0 0 0 0 5 0
T 756 0000009c 1 1 0 0 0 0 0 0 1 0 1 1 0 0
R 756 410 0000009c 0000006f
C 756 0000009c 1 0 0 1 5 0
T 757 0000009c 0 1 0 0 0 0 0 0 1 0 0 0 0 0
C 757 0000009c 0 0 0 0 5 0
T 758 0000009c 1 1 0 0 0 0 0 0 1 0 1 1 0 0
R 758 411 0000009c 0000006f
C 758 0000009c 1 0 0 1 5 0
T 759 0000009c 0 1 0 0 0 0 0 0 1 0 0 0 0 0
C 759 0000009c 0 0 0 0 5 0
T 760 0000009c 1 1 0 0 0 0 0 0 1 0 1 1 0 0
R 760 412 0000009c 0000006f
C 760 0000009c 1 0 0 1 5 0
T 761 0000009c 0 1 0 0 0 0 0 0 1 0 0 0 0 0
C 761 0000009c 0 0 0 0 5 0
T 762 0000009c 1 1 0 0 0 0 0 0 1 0 1 1 0 0
R 762 413 0000009c 0000006f
C 762 0000009c 1 0 0 1 5 0
T 763 0000009c 0 1 0 0 0 0 0 0 1 0 0 0 0 0
C 763 0000009c 0 0 0 0 5 0
T 764 0000009c 1 1 0 0 0 0 0 0 1 0 1 1 0 0
R 764 414 0000009c 0000006f
C 764 0000009c 1 0 0 1 5 0
T 765 0000009c 0 1 0 0 0 0 0 0 1 0 0 0 0 0
C 765 0000009c 0 0 0 0 5 0
T 766 0000009c 1 1 0 0 0 0 0 0 1 0 1 1 0 0
R 766 415 0000009c 0000006f
C 766 0000009c 1 0 0 1 5 0
T 767 0000009c 0 1 0 0 0 0 0 0 1 0 0 0 0 0
C 767 0000009c 0 0 0 0 5 0
T 768 0000009c 1 1 0 0 0 0 0 0 1 0 1 1 0 0
R 768 416 0000009c 0000006f
C 768 0000009c 1 0 0 1 5 0
T 769 0000009c 0 1 0 0 0 0 0 0 1 0 0 0 0 0
C 769 0000009c 0 0 0 0 5 0
T 770 0000009c 1 1 0 0 0 0 0 0 1 0 1 1 0 0
R 770 417 0000009c 0000006f
C 770 0000009c 1 0 0 1 5 0
T 771 0000009c 0 1 0 0 0 0 0 0 1 0 0 0 0 0
C 771 0000009c 0 0 0 0 5 0
T 772 0000009c 1 1 0 0 0 0 0 0 1 0 1 1 0 0
R 772 418 0000009c 0000006f
C 772 0000009c 1 0 0 1 5 0
T 773 0000009c 0 1 0 0 0 0 0 0 1 0 0 0 0 0
C 773 0000009c 0 0 0 0 5 0
T 774 0000009c 1 1 0 0 0 0 0 0 1 0 1 1 0 0
R 774 419 0000009c 0000006f
C 774 0000009c 1 0 0 1 5 0
T 775 0000009c 0 1 0 0 0 0 0 0 1 0 0 0 0 0
C 775 0000009c 0 0 0 0 5 0
T 776 0000009c 1 1 0 0 0 0 0 0 1 0 1 1 0 0
R 776 420 0000009c 0000006f
C 776 0000009c 1 0 0 1 5 0
T 777 0000009c 0 1 0 0 0 0 0 0 1 0 0 0 0 0
C 777 0000009c 0 0 0 0 5 0
T 778 0000009c 1 1 0 0 0 0 0 0 1 0 1 1 0 0
R 778 421 0000009c 0000006f
C 778 0000009c 1 0 0 1 5 0
T 779 0000009c 0 1 0 0 0 0 0 0 1 0 0 0 0 0
C 779 0000009c 0 0 0 0 5 0
T 780 0000009c 1 1 0 0 0 0 0 0 1 0 1 1 0 0
R 780 422 0000009c 0000006f
C 780 0000009c 1 0 0 1 5 0
T 781 0000009c 0 1 0 0 0 0 0 0 1 0 0 0 0 0
C 781 0000009c 0 0 0 0 5 0
T 782 0000009c 1 1 0 0 0 0 0 0 1 0 1 1 0 0
R 782 423 0000009c 0000006f
C 782 0000009c 1 0 0 1 5 0
T 783 0000009c 0 1 0 0 0 0 0 0 1 0 0 0 0 0
C 783 0000009c 0 0 0 0 5 0
T 784 0000009c 1 1 0 0 0 0 0 0 1 0 1 1 0 0
R 784 424 0000009c 0000006f
C 784 0000009c 1 0 0 1 5 0
T 785 0000009c 0 1 0 0 0 0 0 0 1 0 0 0 0 0
C 785 0000009c 0 0 0 0 5 0
T 786 0000009c 1 1 0 0 0 0 0 0 1 0 1 1 0 0
R 786 425 0000009c 0000006f
C 786 0000009c 1 0 0 1 5 0
T 787 0000009c 0 1 0 0 0 0 0 0 1 0 0 0 0 0
C 787 0000009c 0 0 0 0 5 0
T 788 0000009c 1 1 0 0 0 0 0 0 1 0 1 1 0 0
R 788 426 0000009c 0000006f
C 788 0000009c 1 0 0 1 5 0
T 789 0000009c 0 1 0 0 0 0 0 0 1 0 0 0 0 0
C 789 0000009c 0 0 0 0 5 0
T 790 0000009c 1 1 0 0 0 0 0 0 1 0 1 1 0 0
R 790 427 0000009c 0000006f
C 790 0000009c 1 0 0 1 5 0
T 791 0000009c 0 1 0 0 0 0 0 0 1 0 0 0 0 0
C 791 0000009c 0 0 0 0 5 0
T 792 0000009c 1 1 0 0 0 0 0 0 1 0 1 1 0 0
R 792 428 0000009c 0000006f
C 792 0000009c 1 0 0 1 5 0
T 793 0000009c 0 1 0 0 0 0 0 0 1 0 0 0 0 0
C 793 0000009c 0 0 0 0 5 0
T 794 0000009c 1 1 0 0 0 0 0 0 1 0 1 1 0 0
R 794 429 0000009c 0000006f
C 794 0000009c 1 0 0 1 5 0
T 795 0000009c 0 1 0 0 0 0 0 0 1 0 0 0 0 0
C 795 0000009c 0 0 0 0 5 0
T 796 0000009c 1 1 0 0 0 0 0 0 1 0 1 1 0 0
R 796 430 0000009c 0000006f
C 796 0000009c 1 0 0 1 5 0
T 797 0000009c 0 1 0 0 0 0 0 0 1 0 0 0 0 0
C 797 0000009c 0 0 0 0 5 0
T 798 0000009c 1 1 0 0 0 0 0 0 1 0 1 1 0 0
R 798 431 0000009c 0000006f
C 798 0000009c 1 0 0 1 5 0
T 799 0000009c 0 1 0 0 0 0 0 0 1 0 0 0 0 0
C 799 0000009c 0 0 0 0 5 0
T 800 0000009c 1 1 0 0 0 0 0 0 1 0 1 1 0 0
R 800 432 0000009c 0000006f
C 800 0000009c 1 0 0 1 5 0
T 801 0000009c 0 1 0 0 0 0 0 0 1 0 0 0 0 0
C 801 0000009c 0 0 0 0 5 0
T 802 0000009c 1 1 0 0 0 0 0 0 1 0 1 1 0 0
R 802 433 0000009c 0000006f
C 802 0000009c 1 0 0 1 5 0
T 803 0000009c 0 1 0 0 0 0 0 0 1 0 0 0 0 0
C 803 0000009c 0 0 0 0 5 0
T 804 0000009c 1 1 0 0 0 0 0 0 1 0 1 1 0 0
R 804 434 0000009c 0000006f
C 804 0000009c 1 0 0 1 5 0
T 805 0000009c 0 1 0 0 0 0 0 0 1 0 0 0 0 0
C 805 0000009c 0 0 0 0 5 0
T 806 0000009c 1 1 0 0 0 0 0 0 1 0 1 1 0 0
R 806 435 0000009c 0000006f
C 806 0000009c 1 0 0 1 5 0
T 807 0000009c 0 1 0 0 0 0 0 0 1 0 0 0 0 0
C 807 0000009c 0 0 0 0 5 0
T 808 0000009c 1 1 0 0 0 0 0 0 1 0 1 1 0 0
R 808 436 0000009c 0000006f
C 808 0000009c 1 0 0 1 5 0
T 809 0000009c 0 1 0 0 0 0 0 0 1 0 0 0 0 0
C 809 0000009c 0 0 0 0 5 0
T 810 0000009c 1 1 0 0 0 0 0 0 1 0 1 1 0 0
R 810 437 0000009c 0000006f
C 810 0000009c 1 0 0 1 5 0
T 811 0000009c 0 1 0 0 0 0 0 0 1 0 0 0 0 0
C 811 0000009c 0 0 0 0 5 0
T 812 0000009c 1 1 0 0 0 0 0 0 1 0 1 1 0 0
R 812 438 0000009c 0000006f
C 812 0000009c 1 0 0 1 5 0
T 813 0000009c 0 1 0 0 0 0 0 0 1 0 0 0 0 0
C 813 0000009c 0 0 0 0 5 0
T 814 0000009c 1 1 0 0 0 0 0 0 1 0 1 1 0 0
R 814 439 0000009c 0000006f
C 814 0000009c 1 0 0 1 5 0
T 815 0000009c 0 1 0 0 0 0 0 0 1 0 0 0 0 0
C 815 0000009c 0 0 0 0 5 0
T 816 0000009c 1 1 0 0 0 0 0 0 1 0 1 1 0 0
R 816 440 0000009c 0000006f
C 816 0000009c 1 0 0 1 5 0
T 817 0000009c 0 1 0 0 0 0 0 0 1 0 0 0 0 0
C 817 0000009c 0 0 0 0 5 0
T 818 0000009c 1 1 0 0 0 0 0 0 1 0 1 1 0 0
R 818 441 0000009c 0000006f
C 818 0000009c 1 0 0 1 5 0
T 819 0000009c 0 1 0 0 0 0 0 0 1 0 0 0 0 0
C 819 0000009c 0 0 0 0 5 0
T 820 0000009c 1 1 0 0 0 0 0 0 1 0 1 1 0 0
R 820 442 0000009c 0000006f
C 820 0000009c 1 0 0 1 5 0
T 821 0000009c 0 1 0 0 0 0 0 0 1 0 0 0 0 0
C 821 0000009c 0 0 0 0 5 0
T 822 0000009c 1 1 0 0 0 0 0 0 1 0 1 1 0 0
R 822 443 0000009c 0000006f
C 822 0000009c 1 0 0 1 5 0
T 823 0000009c 0 1 0 0 0 0 0 0 1 0 0 0 0 0
C 823 0000009c 0 0 0 0 5 0
T 824 0000009c 1 1 0 0 0 0 0 0 1 0 1 1 0 0
R 824 444 0000009c 0000006f
C 824 0000009c 1 0 0 1 5 0
T 825 0000009c 0 1 0 0 0 0 0 0 1 0 0 0 0 0
C 825 0000009c 0 0 0 0 5 0
T 826 0000009c 1 1 0 0 0 0 0 0 1 0 1 1 0 0
R 826 445 0000009c 0000006f
C 826 0000009c 1 0 0 1 5 0
T 827 0000009c 0 1 0 0 0 0 0 0 1 0 0 0 0 0
C 827 0000009c 0 0 0 0 5 0
T 828 0000009c 1 1 0 0 0 0 0 0 1 0 1 1 0 0
R 828 446 0000009c 0000006f
C 828 0000009c 1 0 0 1 5 0
T 829 0000009c 0 1 0 0 0 0 0 0 1 0 0 0 0 0
C 829 0000009c 0 0 0 0 5 0
T 830 0000009c 1 1 0 0 0 0 0 0 1 0 1 1 0 0
R 830 447 0000009c 0000006f
C 830 0000009c 1 0 0 1 5 0
T 831 0000009c 0 1 0 0 0 0 0 0 1 0 0 0 0 0
C 831 0000009c 0 0 0 0 5 0
T 832 0000009c 1 1 0 0 0 0 0 0 1 0 1 1 0 0
R 832 448 0000009c 0000006f
C 832 0000009c 1 0 0 1 5 0
T 833 0000009c 0 1 0 0 0 0 0 0 1 0 0 0 0 0
C 833 0000009c 0 0 0 0 5 0
T 834 0000009c 1 1 0 0 0 0 0 0 1 0 1 1 0 0
R 834 449 0000009c 0000006f
C 834 0000009c 1 0 0 1 5 0
T 835 0000009c 0 1 0 0 0 0 0 0 1 0 0 0 0 0
C 835 0000009c 0 0 0 0 5 0
T 836 0000009c 1 1 0 0 0 0 0 0 1 0 1 1 0 0
R 836 450 0000009c 0000006f
C 836 0000009c 1 0 0 1 5 0
T 837 0000009c 0 1 0 0 0 0 0 0 1 0 0 0 0 0
C 837 0000009c 0 0 0 0 5 0
T 838 0000009c 1 1 0 0 0 0 0 0 1 0 1 1 0 0
R 838 451 0000009c 0000006f
C 838 0000009c 1 0 0 1 5 0
T 839 0000009c 0 1 0 0 0 0 0 0 1 0 0 0 0 0
C 839 0000009c 0 0 0 0 5 0
T 840 0000009c 1 1 0 0 0 0 0 0 1 0 1 1 0 0
R 840 452 0000009c 0000006f
C 840 0000009c 1 0 0 1 5 0
T 841 0000009c 0 1 0 0 0 0 0 0 1 0 0 0 0 0
C 841 0000009c 0 0 0 0 5 0
T 842 0000009c 1 1 0 0 0 0 0 0 1 0 1 1 0 0
R 842 453 0000009c 0000006f
C 842 0000009c 1 0 0 1 5 0
T 843 0000009c 0 1 0 0 0 0 0 0 1 0 0 0 0 0
C 843 0000009c 0 0 0 0 5 0
T 844 0000009c 1 1 0 0 0 0 0 0 1 0 1 1 0 0
R 844 454 0000009c 0000006f
C 844 0000009c 1 0 0 1 5 0
T 845 0000009c 0 1 0 0 0 0 0 0 1 0 0 0 0 0
C 845 0000009c 0 0 0 0 5 0
T 846 0000009c 1 1 0 0 0 0 0 0 1 0 1 1 0 0
R 846 455 0000009c 0000006f
C 846 0000009c 1 0 0 1 5 0
T 847 0000009c 0 1 0 0 0 0 0 0 1 0 0 0 0 0
C 847 0000009c 0 0 0 0 5 0
T 848 0000009c 1 1 0 0 0 0 0 0 1 0 1 1 0 0
R 848 456 0000009c 0000006f
C 848 0000009c 1 0 0 1 5 0
T 849 0000009c 0 1 0 0 0 0 0 0 1 0 0 0 0 0
C 849 0000009c 0 0 0 0 5 0
T 850 0000009c 1 1 0 0 0 0 0 0 1 0 1 1 0 0
R 850 457 0000009c 0000006f
C 850 0000009c 1 0 0 1 5 0
T 851 0000009c 0 1 0 0 0 0 0 0 1 0 0 0 0 0
C 851 0000009c 0 0 0 0 5 0
T 852 0000009c 1 1 0 0 0 0 0 0 1 0 1 1 0 0
R 852 458 0000009c 0000006f
C 852 0000009c 1 0 0 1 5 0
T 853 0000009c 0 1 0 0 0 0 0 0 1 0 0 0 0 0
C 853 0000009c 0 0 0 0 5 0
T 854 0000009c 1 1 0 0 0 0 0 0 1 0 1 1 0 0
R 854 459 0000009c 0000006f
C 854 0000009c 1 0 0 1 5 0
T 855 0000009c 0 1 0 0 0 0 0 0 1 0 0 0 0 0
C 855 0000009c 0 0 0 0 5 0
T 856 0000009c 1 1 0 0 0 0 0 0 1 0 1 1 0 0
R 856 460 0000009c 0000006f
C 856 0000009c 1 0 0 1 5 0
T 857 0000009c 0 1 0 0 0 0 0 0 1 0 0 0 0 0
C 857 0000009c 0 0 0 0 5 0
T 858 0000009c 1 1 0 0 0 0 0 0 1 0 1 1 0 0
R 858 461 0000009c 0000006f
C 858 0000009c 1 0 0 1 5 0
T 859 0000009c 0 1 0 0 0 0 0 0 1 0 0 0 0 0
C 859 0000009c 0 0 0 0 5 0
T 860 0000009c 1 1 0 0 0 0 0 0 1 0 1 1 0 0
R 860 462 0000009c 0000006f
C 860 0000009c 1 0 0 1 5 0
T 861 0000009c 0 1 0 0 0 0 0 0 1 0 0 0 0 0
C 861 0000009c 0 0 0 0 5 0
T 862 0000009c 1 1 0 0 0 0 0 0 1 0 1 1 0 0
R 862 463 0000009c 0000006f
C 862 0000009c 1 0 0 1 5 0
T 863 0000009c 0 1 0 0 0 0 0 0 1 0 0 0 0 0
C 863 0000009c 0 0 0 0 5 0
T 864 0000009c 1 1 0 0 0 0 0 0 1 0 1 1 0 0
R 864 464 0000009c 0000006f
C 864 0000009c 1 0 0 1 5 0
T 865 0000009c 0 1 0 0 0 0 0 0 1 0 0 0 0 0
C 865 0000009c 0 0 0 0 5 0
T 866 0000009c 1 1 0 0 0 0 0 0 1 0 1 1 0 0
R 866 465 0000009c 0000006f
C 866 0000009c 1 0 0 1 5 0
T 867 0000009c 0 1 0 0 0 0 0 0 1 0 0 0 0 0
C 867 0000009c 0 0 0 0 5 0
T 868 0000009c 1 1 0 0 0 0 0 0 1 0 1 1 0 0
R 868 466 0000009c 0000006f
C 868 0000009c 1 0 0 1 5 0
T 869 0000009c 0 1 0 0 0 0 0 0 1 0 0 0 0 0
C 869 0000009c 0 0 0 0 5 0
T 870 0000009c 1 1 0 0 0 0 0 0 1 0 1 1 0 0
R 870 467 0000009c 0000006f
C 870 0000009c 1 0 0 1 5 0
T 871 0000009c 0 1 0 0 0 0 0 0 1 0 0 0 0 0
C 871 0000009c 0 0 0 0 5 0
T 872 0000009c 1 1 0 0 0 0 0 0 1 0 1 1 0 0
R 872 468 0000009c 0000006f
C 872 0000009c 1 0 0 1 5 0
T 873 0000009c 0 1 0 0 0 0 0 0 1 0 0 0 0 0
C 873 0000009c 0 0 0 0 5 0
T 874 0000009c 1 1 0 0 0 0 0 0 1 0 1 1 0 0
R 874 469 0000009c 0000006f
C 874 0000009c 1 0 0 1 5 0
T 875 0000009c 0 1 0 0 0 0 0 0 1 0 0 0 0 0
C 875 0000009c 0 0 0 0 5 0
T 876 0000009c 1 1 0 0 0 0 0 0 1 0 1 1 0 0
R 876 470 0000009c 0000006f
C 876 0000009c 1 0 0 1 5 0
T 877 0000009c 0 1 0 0 0 0 0 0 1 0 0 0 0 0
C 877 0000009c 0 0 0 0 5 0
T 878 0000009c 1 1 0 0 0 0 0 0 1 0 1 1 0 0
R 878 471 0000009c 0000006f
C 878 0000009c 1 0 0 1 5 0
T 879 0000009c 0 1 0 0 0 0 0 0 1 0 0 0 0 0
C 879 0000009c 0 0 0 0 5 0
T 880 0000009c 1 1 0 0 0 0 0 0 1 0 1 1 0 0
R 880 472 0000009c 0000006f
C 880 0000009c 1 0 0 1 5 0
T 881 0000009c 0 1 0 0 0 0 0 0 1 0 0 0 0 0
C 881 0000009c 0 0 0 0 5 0
T 882 0000009c 1 1 0 0 0 0 0 0 1 0 1 1 0 0
R 882 473 0000009c 0000006f
C 882 0000009c 1 0 0 1 5 0
T 883 0000009c 0 1 0 0 0 0 0 0 1 0 0 0 0 0
C 883 0000009c 0 0 0 0 5 0
T 884 0000009c 1 1 0 0 0 0 0 0 1 0 1 1 0 0
R 884 474 0000009c 0000006f
C 884 0000009c 1 0 0 1 5 0
T 885 0000009c 0 1 0 0 0 0 0 0 1 0 0 0 0 0
C 885 0000009c 0 0 0 0 5 0
T 886 0000009c 1 1 0 0 0 0 0 0 1 0 1 1 0 0
R 886 475 0000009c 0000006f
C 886 0000009c 1 0 0 1 5 0
T 887 0000009c 0 1 0 0 0 0 0 0 1 0 0 0 0 0
C 887 0000009c 0 0 0 0 5 0
T 888 0000009c 1 1 0 0 0 0 0 0 1 0 1 1 0 0
R 888 476 0000009c 0000006f
C 888 0000009c 1 0 0 1 5 0
T 889 0000009c 0 1 0 0 0 0 0 0 1 0 0 0 0 0
C 889 0000009c 0 0 0 0 5 0
T 890 0000009c 1 1 0 0 0 0 0 0 1 0 1 1 0 0
R 890 477 0000009c 0000006f
C 890 0000009c 1 0 0 1 5 0
T 891 0000009c 0 1 0 0 0 0 0 0 1 0 0 0 0 0
C 891 0000009c 0 0 0 0 5 0
T 892 0000009c 1 1 0 0 0 0 0 0 1 0 1 1 0 0
R 892 478 0000009c 0000006f
C 892 0000009c 1 0 0 1 5 0
T 893 0000009c 0 1 0 0 0 0 0 0 1 0 0 0 0 0
C 893 0000009c 0 0 0 0 5 0
T 894 0000009c 1 1 0 0 0 0 0 0 1 0 1 1 0 0
R 894 479 0000009c 0000006f
C 894 0000009c 1 0 0 1 5 0
T 895 0000009c 0 1 0 0 0 0 0 0 1 0 0 0 0 0
C 895 0000009c 0 0 0 0 5 0
T 896 0000009c 1 1 0 0 0 0 0 0 1 0 1 1 0 0
R 896 480 0000009c 0000006f
C 896 0000009c 1 0 0 1 5 0
T 897 0000009c 0 1 0 0 0 0 0 0 1 0 0 0 0 0
C 897 0000009c 0 0 0 0 5 0
T 898 0000009c 1 1 0 0 0 0 0 0 1 0 1 1 0 0
R 898 481 0000009c 0000006f
C 898 0000009c 1 0 0 1 5 0
T 899 0000009c 0 1 0 0 0 0 0 0 1 0 0 0 0 0
C 899 0000009c 0 0 0 0 5 0
T 900 0000009c 1 1 0 0 0 0 0 0 1 0 1 1 0 0
R 900 482 0000009c 0000006f
C 900 0000009c 1 0 0 1 5 0
T 901 0000009c 0 1 0 0 0 0 0 0 1 0 0 0 0 0
C 901 0000009c 0 0 0 0 5 0
T 902 0000009c 1 1 0 0 0 0 0 0 1 0 1 1 0 0
R 902 483 0000009c 0000006f
C 902 0000009c 1 0 0 1 5 0
T 903 0000009c 0 1 0 0 0 0 0 0 1 0 0 0 0 0
C 903 0000009c 0 0 0 0 5 0
T 904 0000009c 1 1 0 0 0 0 0 0 1 0 1 1 0 0
R 904 484 0000009c 0000006f
C 904 0000009c 1 0 0 1 5 0
T 905 0000009c 0 1 0 0 0 0 0 0 1 0 0 0 0 0
C 905 0000009c 0 0 0 0 5 0
T 906 0000009c 1 1 0 0 0 0 0 0 1 0 1 1 0 0
R 906 485 0000009c 0000006f
C 906 0000009c 1 0 0 1 5 0
T 907 0000009c 0 1 0 0 0 0 0 0 1 0 0 0 0 0
C 907 0000009c 0 0 0 0 5 0
T 908 0000009c 1 1 0 0 0 0 0 0 1 0 1 1 0 0
R 908 486 0000009c 0000006f
C 908 0000009c 1 0 0 1 5 0
T 909 0000009c 0 1 0 0 0 0 0 0 1 0 0 0 0 0
C 909 0000009c 0 0 0 0 5 0
T 910 0000009c 1 1 0 0 0 0 0 0 1 0 1 1 0 0
R 910 487 0000009c 0000006f
C 910 0000009c 1 0 0 1 5 0
T 911 0000009c 0 1 0 0 0 0 0 0 1 0 0 0 0 0
C 911 0000009c 0 0 0 0 5 0
T 912 0000009c 1 1 0 0 0 0 0 0 1 0 1 1 0 0
R 912 488 0000009c 0000006f
C 912 0000009c 1 0 0 1 5 0
T 913 0000009c 0 1 0 0 0 0 0 0 1 0 0 0 0 0
C 913 0000009c 0 0 0 0 5 0
T 914 0000009c 1 1 0 0 0 0 0 0 1 0 1 1 0 0
R 914 489 0000009c 0000006f
C 914 0000009c 1 0 0 1 5 0
T 915 0000009c 0 1 0 0 0 0 0 0 1 0 0 0 0 0
C 915 0000009c 0 0 0 0 5 0
T 916 0000009c 1 1 0 0 0 0 0 0 1 0 1 1 0 0
R 916 490 0000009c 0000006f
C 916 0000009c 1 0 0 1 5 0
T 917 0000009c 0 1 0 0 0 0 0 0 1 0 0 0 0 0
C 917 0000009c 0 0 0 0 5 0
T 918 0000009c 1 1 0 0 0 0 0 0 1 0 1 1 0 0
R 918 491 0000009c 0000006f
C 918 0000009c 1 0 0 1 5 0
T 919 0000009c 0 1 0 0 0 0 0 0 1 0 0 0 0 0
C 919 0000009c 0 0 0 0 5 0
T 920 0000009c 1 1 0 0 0 0 0 0 1 0 1 1 0 0
R 920 492 0000009c 0000006f
C 920 0000009c 1 0 0 1 5 0
T 921 0000009c 0 1 0 0 0 0 0 0 1 0 0 0 0 0
C 921 0000009c 0 0 0 0 5 0
T 922 0000009c 1 1 0 0 0 0 0 0 1 0 1 1 0 0
R 922 493 0000009c 0000006f
C 922 0000009c 1 0 0 1 5 0
T 923 0000009c 0 1 0 0 0 0 0 0 1 0 0 0 0 0
C 923 0000009c 0 0 0 0 5 0
T 924 0000009c 1 1 0 0 0 0 0 0 1 0 1 1 0 0
R 924 494 0000009c 0000006f
C 924 0000009c 1 0 0 1 5 0
T 925 0000009c 0 1 0 0 0 0 0 0 1 0 0 0 0 0
C 925 0000009c 0 0 0 0 5 0
T 926 0000009c 1 1 0 0 0 0 0 0 1 0 1 1 0 0
R 926 495 0000009c 0000006f
C 926 0000009c 1 0 0 1 5 0
T 927 0000009c 0 1 0 0 0 0 0 0 1 0 0 0 0 0
C 927 0000009c 0 0 0 0 5 0
T 928 0000009c 0 1 0 0 0 0 0 0 1 0 0 0 0 0
R 928 496 0000009c 0000006f
C 928 0000009c 0 0 0 0 5 0
T 929 0000009c 0 1 0 0 0 0 0 0 1 0 0 0 0 0
C 929 0000009c 0 0 0 0 5 0
T 930 0000009c 1 1 0 0 0 0 0 0 1 0 1 1 0 0
C 930 0000009c 1 0 0 1 5 0
T 931 0000009c 0 1 0 0 0 0 0 0 1 0 0 0 0 0
C 931 0000009c 0 0 0 0 5 0
T 932 0000009c 1 1 0 0 0 0 0 0 1 0 1 1 0 0
R 932 497 0000009c 0000006f
C 932 0000009c 1 0 0 1 5 0
T 933 0000009c 0 1 0 0 0 0 0 0 1 0 0 0 0 0
C 933 0000009c 0 0 0 0 5 0
T 934 0000009c 0 1 0 0 0 0 0 0 1 0 0 0 0 0
R 934 498 0000009c 0000006f
C 934 0000009c 0 0 0 0 5 0
T 935 0000009c 1 1 0 0 0 0 0 0 1 0 1 1 0 0
C 935 0000009c 1 0 0 1 5 0
T 936 0000009c 0 1 0 0 0 0 0 0 1 0 0 0 0 0
C 936 0000009c 0 0 0 0 5 0
T 937 0000009c 1 1 0 0 0 0 0 0 1 0 1 1 0 0
R 937 499 0000009c 0000006f
C 937 0000009c 1 0 0 1 5 0
T 938 0000009c 0 1 0 0 0 0 0 0 1 0 0 0 0 0
C 938 0000009c 0 0 0 0 5 0
T 939 0000009c 1 1 0 0 0 0 0 0 1 0 1 1 0 0
R 939 500 0000009c 0000006f
C 939 0000009c 1 0 0 1 5 0
T 940 0000009c 0 1 0 0 0 0 0 0 1 0 0 0 0 0
C 940 0000009c 0 0 0 0 5 0
T 941 0000009c 1 1 0 0 0 0 0 0 1 0 1 1 0 0
R 941 501 0000009c 0000006f
C 941 0000009c 1 0 0 1 5 0
T 942 0000009c 0 1 0 0 0 0 0 0 1 0 0 0 0 0
C 942 0000009c 0 0 0 0 5 0
T 943 0000009c 1 1 0 0 0 0 0 0 1 0 1 1 0 0
R 943 502 0000009c 0000006f
C 943 0000009c 1 0 0 1 5 0
T 944 0000009c 0 1 0 0 0 0 0 0 1 0 0 0 0 0
C 944 0000009c 0 0 0 0 5 0
T 945 0000009c 1 1 0 0 0 0 0 0 1 0 1 1 0 0
R 945 503 0000009c 0000006f
C 945 0000009c 1 0 0 1 5 0
T 946 0000009c 0 1 0 0 0 0 0 0 1 0 0 0 0 0
C 946 0000009c 0 0 0 0 5 0
T 947 0000009c 1 1 0 0 0 0 0 0 1 0 1 1 0 0
R 947 504 0000009c 0000006f
C 947 0000009c 1 0 0 1 5 0
T 948 0000009c 0 1 0 0 0 0 0 0 1 0 0 0 0 0
C 948 0000009c 0 0 0 0 5 0
T 949 0000009c 1 1 0 0 0 0 0 0 1 0 1 1 0 0
R 949 505 0000009c 0000006f
C 949 0000009c 1 0 0 1 5 0
T 950 0000009c 0 1 0 0 0 0 0 0 1 0 0 0 0 0
C 950 0000009c 0 0 0 0 5 0
T 951 0000009c 1 1 0 0 0 0 0 0 1 0 1 1 0 0
R 951 506 0000009c 0000006f
C 951 0000009c 1 0 0 1 5 0
T 952 0000009c 0 1 0 0 0 0 0 0 1 0 0 0 0 0
C 952 0000009c 0 0 0 0 5 0
T 953 0000009c 1 1 0 0 0 0 0 0 1 0 1 1 0 0
R 953 507 0000009c 0000006f
C 953 0000009c 1 0 0 1 5 0
T 954 0000009c 0 1 0 0 0 0 0 0 1 0 0 0 0 0
C 954 0000009c 0 0 0 0 5 0
T 955 0000009c 1 1 0 0 0 0 0 0 1 0 1 1 0 0
R 955 508 0000009c 0000006f
C 955 0000009c 1 0 0 1 5 0
T 956 0000009c 0 1 0 0 0 0 0 0 1 0 0 0 0 0
C 956 0000009c 0 0 0 0 5 0
T 957 0000009c 1 1 0 0 0 0 0 0 1 0 1 1 0 0
R 957 509 0000009c 0000006f
C 957 0000009c 1 0 0 1 5 0
T 958 0000009c 0 1 0 0 0 0 0 0 1 0 0 0 0 0
C 958 0000009c 0 0 0 0 5 0
T 959 0000009c 1 1 0 0 0 0 0 0 1 0 1 1 0 0
R 959 510 0000009c 0000006f
C 959 0000009c 1 0 0 1 5 0
T 960 0000009c 0 1 0 0 0 0 0 0 1 0 0 0 0 0
C 960 0000009c 0 0 0 0 5 0
T 961 0000009c 1 1 0 0 0 0 0 0 1 0 1 1 0 0
R 961 511 0000009c 0000006f
C 961 0000009c 1 0 0 1 5 0
T 962 0000009c 0 1 0 0 0 0 0 0 1 0 0 0 0 0
C 962 0000009c 0 0 0 0 5 0
T 963 0000009c 1 1 0 0 0 0 0 0 1 0 1 1 0 0
R 963 512 0000009c 0000006f
C 963 0000009c 1 0 0 1 5 0
T 964 0000009c 0 1 0 0 0 0 0 0 1 0 0 0 0 0
C 964 0000009c 0 0 0 0 5 0
T 965 0000009c 1 1 0 0 0 0 0 0 1 0 1 1 0 0
R 965 513 0000009c 0000006f
C 965 0000009c 1 0 0 1 5 0
T 966 0000009c 0 1 0 0 0 0 0 0 1 0 0 0 0 0
C 966 0000009c 0 0 0 0 5 0
T 967 0000009c 1 1 0 0 0 0 0 0 1 0 1 1 0 0
R 967 514 0000009c 0000006f
C 967 0000009c 1 0 0 1 5 0
T 968 0000009c 0 1 0 0 0 0 0 0 1 0 0 0 0 0
C 968 0000009c 0 0 0 0 5 0
T 969 0000009c 1 1 0 0 0 0 0 0 1 0 1 1 0 0
R 969 515 0000009c 0000006f
C 969 0000009c 1 0 0 1 5 0
T 970 0000009c 0 1 0 0 0 0 0 0 1 0 0 0 0 0
C 970 0000009c 0 0 0 0 5 0
T 971 0000009c 1 1 0 0 0 0 0 0 1 0 1 1 0 0
R 971 516 0000009c 0000006f
C 971 0000009c 1 0 0 1 5 0
T 972 0000009c 0 1 0 0 0 0 0 0 1 0 0 0 0 0
C 972 0000009c 0 0 0 0 5 0
T 973 0000009c 1 1 0 0 0 0 0 0 1 0 1 1 0 0
R 973 517 0000009c 0000006f
C 973 0000009c 1 0 0 1 5 0
T 974 0000009c 0 1 0 0 0 0 0 0 1 0 0 0 0 0
C 974 0000009c 0 0 0 0 5 0
T 975 0000009c 1 1 0 0 0 0 0 0 1 0 1 1 0 0
R 975 518 0000009c 0000006f
C 975 0000009c 1 0 0 1 5 0
T 976 0000009c 0 1 0 0 0 0 0 0 1 0 0 0 0 0
C 976 0000009c 0 0 0 0 5 0
T 977 0000009c 1 1 0 0 0 0 0 0 1 0 1 1 0 0
R 977 519 0000009c 0000006f
C 977 0000009c 1 0 0 1 5 0
T 978 0000009c 0 1 0 0 0 0 0 0 1 0 0 0 0 0
C 978 0000009c 0 0 0 0 5 0
T 979 0000009c 1 1 0 0 0 0 0 0 1 0 1 1 0 0
R 979 520 0000009c 0000006f
C 979 0000009c 1 0 0 1 5 0
T 980 0000009c 0 1 0 0 0 0 0 0 1 0 0 0 0 0
C 980 0000009c 0 0 0 0 5 0
T 981 0000009c 1 1 0 0 0 0 0 0 1 0 1 1 0 0
R 981 521 0000009c 0000006f
C 981 0000009c 1 0 0 1 5 0
T 982 0000009c 0 1 0 0 0 0 0 0 1 0 0 0 0 0
C 982 0000009c 0 0 0 0 5 0
T 983 0000009c 1 1 0 0 0 0 0 0 1 0 1 1 0 0
R 983 522 0000009c 0000006f
C 983 0000009c 1 0 0 1 5 0
T 984 0000009c 0 1 0 0 0 0 0 0 1 0 0 0 0 0
C 984 0000009c 0 0 0 0 5 0
T 985 0000009c 1 1 0 0 0 0 0 0 1 0 1 1 0 0
R 985 523 0000009c 0000006f
C 985 0000009c 1 0 0 1 5 0
T 986 0000009c 0 1 0 0 0 0 0 0 1 0 0 0 0 0
C 986 0000009c 0 0 0 0 5 0
T 987 0000009c 1 1 0 0 0 0 0 0 1 0 1 1 0 0
R 987 524 0000009c 0000006f
C 987 0000009c 1 0 0 1 5 0
T 988 0000009c 0 1 0 0 0 0 0 0 1 0 0 0 0 0
C 988 0000009c 0 0 0 0 5 0
T 989 0000009c 1 1 0 0 0 0 0 0 1 0 1 1 0 0
R 989 525 0000009c 0000006f
C 989 0000009c 1 0 0 1 5 0
T 990 0000009c 0 1 0 0 0 0 0 0 1 0 0 0 0 0
C 990 0000009c 0 0 0 0 5 0
T 991 0000009c 1 1 0 0 0 0 0 0 1 0 1 1 0 0
R 991 526 0000009c 0000006f
C 991 0000009c 1 0 0 1 5 0
T 992 0000009c 0 1 0 0 0 0 0 0 1 0 0 0 0 0
C 992 0000009c 0 0 0 0 5 0
T 993 0000009c 1 1 0 0 0 0 0 0 1 0 1 1 0 0
R 993 527 0000009c 0000006f
C 993 0000009c 1 0 0 1 5 0
T 994 0000009c 0 1 0 0 0 0 0 0 1 0 0 0 0 0
C 994 0000009c 0 0 0 0 5 0
T 995 0000009c 1 1 0 0 0 0 0 0 1 0 1 1 0 0
R 995 528 0000009c 0000006f
C 995 0000009c 1 0 0 1 5 0
T 996 0000009c 0 1 0 0 0 0 0 0 1 0 0 0 0 0
C 996 0000009c 0 0 0 0 5 0
T 997 0000009c 1 1 0 0 0 0 0 0 1 0 1 1 0 0
R 997 529 0000009c 0000006f
C 997 0000009c 1 0 0 1 5 0
T 998 0000009c 0 1 0 0 0 0 0 0 1 0 0 0 0 0
C 998 0000009c 0 0 0 0 5 0
T 999 0000009c 1 1 0 0 0 0 0 0 1 0 1 1 0 0
R 999 530 0000009c 0000006f
C 999 0000009c 1 0 0 1 5 0
T 1000 0000009c 0 1 0 0 0 0 0 0 1 0 0 0 0 0
C 1000 0000009c 0 0 0 0 5 0
T 1001 0000009c 1 1 0 0 0 0 0 0 1 0 1 1 0 0
R 1001 531 0000009c 0000006f
C 1001 0000009c 1 0 0 1 5 0
T 1002 0000009c 0 1 0 0 0 0 0 0 1 0 0 0 0 0
C 1002 0000009c 0 0 0 0 5 0
T 1003 0000009c 1 1 0 0 0 0 0 0 1 0 1 1 0 0
R 1003 532 0000009c 0000006f
C 1003 0000009c 1 0 0 1 5 0
T 1004 0000009c 0 1 0 0 0 0 0 0 1 0 0 0 0 0
C 1004 0000009c 0 0 0 0 5 0
T 1005 0000009c 1 1 0 0 0 0 0 0 1 0 1 1 0 0
R 1005 533 0000009c 0000006f
C 1005 0000009c 1 0 0 1 5 0
T 1006 0000009c 0 1 0 0 0 0 0 0 1 0 0 0 0 0
C 1006 0000009c 0 0 0 0 5 0
T 1007 0000009c 1 1 0 0 0 0 0 0 1 0 1 1 0 0
R 1007 534 0000009c 0000006f
C 1007 0000009c 1 0 0 1 5 0
T 1008 0000009c 0 1 0 0 0 0 0 0 1 0 0 0 0 0
C 1008 0000009c 0 0 0 0 5 0
T 1009 0000009c 1 1 0 0 0 0 0 0 1 0 1 1 0 0
R 1009 535 0000009c 0000006f
C 1009 0000009c 1 0 0 1 5 0
T 1010 0000009c 0 1 0 0 0 0 0 0 1 0 0 0 0 0
C 1010 0000009c 0 0 0 0 5 0
T 1011 0000009c 1 1 0 0 0 0 0 0 1 0 1 1 0 0
R 1011 536 0000009c 0000006f
C 1011 0000009c 1 0 0 1 5 0
T 1012 0000009c 0 1 0 0 0 0 0 0 1 0 0 0 0 0
C 1012 0000009c 0 0 0 0 5 0
T 1013 0000009c 1 1 0 0 0 0 0 0 1 0 1 1 0 0
R 1013 537 0000009c 0000006f
C 1013 0000009c 1 0 0 1 5 0
T 1014 0000009c 0 1 0 0 0 0 0 0 1 0 0 0 0 0
C 1014 0000009c 0 0 0 0 5 0
T 1015 0000009c 1 1 0 0 0 0 0 0 1 0 1 1 0 0
R 1015 538 0000009c 0000006f
C 1015 0000009c 1 0 0 1 5 0
T 1016 0000009c 0 1 0 0 0 0 0 0 1 0 0 0 0 0
C 1016 0000009c 0 0 0 0 5 0
T 1017 0000009c 1 1 0 0 0 0 0 0 1 0 1 1 0 0
R 1017 539 0000009c 0000006f
C 1017 0000009c 1 0 0 1 5 0
T 1018 0000009c 0 1 0 0 0 0 0 0 1 0 0 0 0 0
C 1018 0000009c 0 0 0 0 5 0
T 1019 0000009c 1 1 0 0 0 0 0 0 1 0 1 1 0 0
R 1019 540 0000009c 0000006f
C 1019 0000009c 1 0 0 1 5 0
T 1020 0000009c 0 1 0 0 0 0 0 0 1 0 0 0 0 0
C 1020 0000009c 0 0 0 0 5 0
T 1021 0000009c 1 1 0 0 0 0 0 0 1 0 1 1 0 0
R 1021 541 0000009c 0000006f
C 1021 0000009c 1 0 0 1 5 0
T 1022 0000009c 0 1 0 0 0 0 0 0 1 0 0 0 0 0
C 1022 0000009c 0 0 0 0 5 0
T 1023 0000009c 1 1 0 0 0 0 0 0 1 0 1 1 0 0
R 1023 542 0000009c 0000006f
C 1023 0000009c 1 0 0 1 5 0
T 1024 0000009c 0 1 0 0 0 0 0 0 1 0 0 0 0 0
C 1024 0000009c 0 0 0 0 5 0
T 1025 0000009c 1 1 0 0 0 0 0 0 1 0 1 1 0 0
R 1025 543 0000009c 0000006f
C 1025 0000009c 1 0 0 1 5 0
T 1026 0000009c 0 1 0 0 0 0 0 0 1 0 0 0 0 0
C 1026 0000009c 0 0 0 0 5 0
T 1027 0000009c 1 1 0 0 0 0 0 0 1 0 1 1 0 0
R 1027 544 0000009c 0000006f
C 1027 0000009c 1 0 0 1 5 0
T 1028 0000009c 0 1 0 0 0 0 0 0 1 0 0 0 0 0
C 1028 0000009c 0 0 0 0 5 0
T 1029 0000009c 1 1 0 0 0 0 0 0 1 0 1 1 0 0
R 1029 545 0000009c 0000006f
C 1029 0000009c 1 0 0 1 5 0
T 1030 0000009c 0 1 0 0 0 0 0 0 1 0 0 0 0 0
C 1030 0000009c 0 0 0 0 5 0
T 1031 0000009c 1 1 0 0 0 0 0 0 1 0 1 1 0 0
R 1031 546 0000009c 0000006f
C 1031 0000009c 1 0 0 1 5 0
T 1032 0000009c 0 1 0 0 0 0 0 0 1 0 0 0 0 0
C 1032 0000009c 0 0 0 0 5 0
T 1033 0000009c 1 1 0 0 0 0 0 0 1 0 1 1 0 0
R 1033 547 0000009c 0000006f
C 1033 0000009c 1 0 0 1 5 0
T 1034 0000009c 0 1 0 0 0 0 0 0 1 0 0 0 0 0
C 1034 0000009c 0 0 0 0 5 0
T 1035 0000009c 1 1 0 0 0 0 0 0 1 0 1 1 0 0
R 1035 548 0000009c 0000006f
C 1035 0000009c 1 0 0 1 5 0
T 1036 0000009c 0 1 0 0 0 0 0 0 1 0 0 0 0 0
C 1036 0000009c 0 0 0 0 5 0
T 1037 0000009c 1 1 0 0 0 0 0 0 1 0 1 1 0 0
R 1037 549 0000009c 0000006f
C 1037 0000009c 1 0 0 1 5 0
T 1038 0000009c 0 1 0 0 0 0 0 0 1 0 0 0 0 0
C 1038 0000009c 0 0 0 0 5 0
T 1039 0000009c 1 1 0 0 0 0 0 0 1 0 1 1 0 0
R 1039 550 0000009c 0000006f
C 1039 0000009c 1 0 0 1 5 0
T 1040 0000009c 0 1 0 0 0 0 0 0 1 0 0 0 0 0
C 1040 0000009c 0 0 0 0 5 0
T 1041 0000009c 1 1 0 0 0 0 0 0 1 0 1 1 0 0
R 1041 551 0000009c 0000006f
C 1041 0000009c 1 0 0 1 5 0
T 1042 0000009c 0 1 0 0 0 0 0 0 1 0 0 0 0 0
C 1042 0000009c 0 0 0 0 5 0
T 1043 0000009c 1 1 0 0 0 0 0 0 1 0 1 1 0 0
R 1043 552 0000009c 0000006f
C 1043 0000009c 1 0 0 1 5 0
T 1044 0000009c 0 1 0 0 0 0 0 0 1 0 0 0 0 0
C 1044 0000009c 0 0 0 0 5 0
T 1045 0000009c 1 1 0 0 0 0 0 0 1 0 1 1 0 0
R 1045 553 0000009c 0000006f
C 1045 0000009c 1 0 0 1 5 0
T 1046 0000009c 0 1 0 0 0 0 0 0 1 0 0 0 0 0
C 1046 0000009c 0 0 0 0 5 0
T 1047 0000009c 1 1 0 0 0 0 0 0 1 0 1 1 0 0
R 1047 554 0000009c 0000006f
C 1047 0000009c 1 0 0 1 5 0
T 1048 0000009c 0 1 0 0 0 0 0 0 1 0 0 0 0 0
C 1048 0000009c 0 0 0 0 5 0
T 1049 0000009c 1 1 0 0 0 0 0 0 1 0 1 1 0 0
R 1049 555 0000009c 0000006f
C 1049 0000009c 1 0 0 1 5 0
T 1050 0000009c 0 1 0 0 0 0 0 0 1 0 0 0 0 0
C 1050 0000009c 0 0 0 0 5 0
T 1051 0000009c 1 1 0 0 0 0 0 0 1 0 1 1 0 0
R 1051 556 0000009c 0000006f
C 1051 0000009c 1 0 0 1 5 0
T 1052 0000009c 0 1 0 0 0 0 0 0 1 0 0 0 0 0
C 1052 0000009c 0 0 0 0 5 0
T 1053 0000009c 1 1 0 0 0 0 0 0 1 0 1 1 0 0
R 1053 557 0000009c 0000006f
C 1053 0000009c 1 0 0 1 5 0
T 1054 0000009c 0 1 0 0 0 0 0 0 1 0 0 0 0 0
C 1054 0000009c 0 0 0 0 5 0
T 1055 0000009c 1 1 0 0 0 0 0 0 1 0 1 1 0 0
R 1055 558 0000009c 0000006f
C 1055 0000009c 1 0 0 1 5 0
T 1056 0000009c 0 1 0 0 0 0 0 0 1 0 0 0 0 0
C 1056 0000009c 0 0 0 0 5 0
T 1057 0000009c 1 1 0 0 0 0 0 0 1 0 1 1 0 0
R 1057 559 0000009c 0000006f
C 1057 0000009c 1 0 0 1 5 0
T 1058 0000009c 0 1 0 0 0 0 0 0 1 0 0 0 0 0
C 1058 0000009c 0 0 0 0 5 0
T 1059 0000009c 1 1 0 0 0 0 0 0 1 0 1 1 0 0
R 1059 560 0000009c 0000006f
C 1059 0000009c 1 0 0 1 5 0
T 1060 0000009c 0 1 0 0 0 0 0 0 1 0 0 0 0 0
C 1060 0000009c 0 0 0 0 5 0
T 1061 0000009c 1 1 0 0 0 0 0 0 1 0 1 1 0 0
R 1061 561 0000009c 0000006f
C 1061 0000009c 1 0 0 1 5 0
T 1062 0000009c 0 1 0 0 0 0 0 0 1 0 0 0 0 0
C 1062 0000009c 0 0 0 0 5 0
T 1063 0000009c 1 1 0 0 0 0 0 0 1 0 1 1 0 0
R 1063 562 0000009c 0000006f
C 1063 0000009c 1 0 0 1 5 0
T 1064 0000009c 0 1 0 0 0 0 0 0 1 0 0 0 0 0
C 1064 0000009c 0 0 0 0 5 0
T 1065 0000009c 1 1 0 0 0 0 0 0 1 0 1 1 0 0
R 1065 563 0000009c 0000006f
C 1065 0000009c 1 0 0 1 5 0
T 1066 0000009c 0 1 0 0 0 0 0 0 1 0 0 0 0 0
C 1066 0000009c 0 0 0 0 5 0
T 1067 0000009c 1 1 0 0 0 0 0 0 1 0 1 1 0 0
R 1067 564 0000009c 0000006f
C 1067 0000009c 1 0 0 1 5 0
T 1068 0000009c 0 1 0 0 0 0 0 0 1 0 0 0 0 0
C 1068 0000009c 0 0 0 0 5 0
T 1069 0000009c 1 1 0 0 0 0 0 0 1 0 1 1 0 0
R 1069 565 0000009c 0000006f
C 1069 0000009c 1 0 0 1 5 0
T 1070 0000009c 0 1 0 0 0 0 0 0 1 0 0 0 0 0
C 1070 0000009c 0 0 0 0 5 0
T 1071 0000009c 1 1 0 0 0 0 0 0 1 0 1 1 0 0
R 1071 566 0000009c 0000006f
C 1071 0000009c 1 0 0 1 5 0
T 1072 0000009c 0 1 0 0 0 0 0 0 1 0 0 0 0 0
C 1072 0000009c 0 0 0 0 5 0
T 1073 0000009c 1 1 0 0 0 0 0 0 1 0 1 1 0 0
R 1073 567 0000009c 0000006f
C 1073 0000009c 1 0 0 1 5 0
T 1074 0000009c 0 1 0 0 0 0 0 0 1 0 0 0 0 0
C 1074 0000009c 0 0 0 0 5 0
T 1075 0000009c 1 1 0 0 0 0 0 0 1 0 1 1 0 0
R 1075 568 0000009c 0000006f
C 1075 0000009c 1 0 0 1 5 0
T 1076 0000009c 0 1 0 0 0 0 0 0 1 0 0 0 0 0
C 1076 0000009c 0 0 0 0 5 0
T 1077 0000009c 1 1 0 0 0 0 0 0 1 0 1 1 0 0
R 1077 569 0000009c 0000006f
C 1077 0000009c 1 0 0 1 5 0
T 1078 0000009c 0 1 0 0 0 0 0 0 1 0 0 0 0 0
C 1078 0000009c 0 0 0 0 5 0
T 1079 0000009c 1 1 0 0 0 0 0 0 1 0 1 1 0 0
R 1079 570 0000009c 0000006f
C 1079 0000009c 1 0 0 1 5 0
T 1080 0000009c 0 1 0 0 0 0 0 0 1 0 0 0 0 0
C 1080 0000009c 0 0 0 0 5 0
T 1081 0000009c 1 1 0 0 0 0 0 0 1 0 1 1 0 0
R 1081 571 0000009c 0000006f
C 1081 0000009c 1 0 0 1 5 0
T 1082 0000009c 0 1 0 0 0 0 0 0 1 0 0 0 0 0
C 1082 0000009c 0 0 0 0 5 0
T 1083 0000009c 1 1 0 0 0 0 0 0 1 0 1 1 0 0
R 1083 572 0000009c 0000006f
C 1083 0000009c 1 0 0 1 5 0
T 1084 0000009c 0 1 0 0 0 0 0 0 1 0 0 0 0 0
C 1084 0000009c 0 0 0 0 5 0
T 1085 0000009c 1 1 0 0 0 0 0 0 1 0 1 1 0 0
R 1085 573 0000009c 0000006f
C 1085 0000009c 1 0 0 1 5 0
T 1086 0000009c 0 1 0 0 0 0 0 0 1 0 0 0 0 0
C 1086 0000009c 0 0 0 0 5 0
T 1087 0000009c 1 1 0 0 0 0 0 0 1 0 1 1 0 0
R 1087 574 0000009c 0000006f
C 1087 0000009c 1 0 0 1 5 0
T 1088 0000009c 0 1 0 0 0 0 0 0 1 0 0 0 0 0
C 1088 0000009c 0 0 0 0 5 0
T 1089 0000009c 1 1 0 0 0 0 0 0 1 0 1 1 0 0
R 1089 575 0000009c 0000006f
C 1089 0000009c 1 0 0 1 5 0
T 1090 0000009c 0 1 0 0 0 0 0 0 1 0 0 0 0 0
C 1090 0000009c 0 0 0 0 5 0
T 1091 0000009c 1 1 0 0 0 0 0 0 1 0 1 1 0 0
R 1091 576 0000009c 0000006f
C 1091 0000009c 1 0 0 1 5 0
T 1092 0000009c 0 1 0 0 0 0 0 0 1 0 0 0 0 0
C 1092 0000009c 0 0 0 0 5 0
T 1093 0000009c 1 1 0 0 0 0 0 0 1 0 1 1 0 0
R 1093 577 0000009c 0000006f
C 1093 0000009c 1 0 0 1 5 0
T 1094 0000009c 0 1 0 0 0 0 0 0 1 0 0 0 0 0
C 1094 0000009c 0 0 0 0 5 0
T 1095 0000009c 1 1 0 0 0 0 0 0 1 0 1 1 0 0
R 1095 578 0000009c 0000006f
C 1095 0000009c 1 0 0 1 5 0
T 1096 0000009c 0 1 0 0 0 0 0 0 1 0 0 0 0 0
C 1096 0000009c 0 0 0 0 5 0
T 1097 0000009c 1 1 0 0 0 0 0 0 1 0 1 1 0 0
R 1097 579 0000009c 0000006f
C 1097 0000009c 1 0 0 1 5 0
T 1098 0000009c 0 1 0 0 0 0 0 0 1 0 0 0 0 0
C 1098 0000009c 0 0 0 0 5 0
T 1099 0000009c 1 1 0 0 0 0 0 0 1 0 1 1 0 0
R 1099 580 0000009c 0000006f
C 1099 0000009c 1 0 0 1 5 0
T 1100 0000009c 0 1 0 0 0 0 0 0 1 0 0 0 0 0
C 1100 0000009c 0 0 0 0 5 0
T 1101 0000009c 1 1 0 0 0 0 0 0 1 0 1 1 0 0
R 1101 581 0000009c 0000006f
C 1101 0000009c 1 0 0 1 5 0
T 1102 0000009c 0 1 0 0 0 0 0 0 1 0 0 0 0 0
C 1102 0000009c 0 0 0 0 5 0
T 1103 0000009c 1 1 0 0 0 0 0 0 1 0 1 1 0 0
R 1103 582 0000009c 0000006f
C 1103 0000009c 1 0 0 1 5 0
T 1104 0000009c 0 1 0 0 0 0 0 0 1 0 0 0 0 0
C 1104 0000009c 0 0 0 0 5 0
T 1105 0000009c 1 1 0 0 0 0 0 0 1 0 1 1 0 0
R 1105 583 0000009c 0000006f
C 1105 0000009c 1 0 0 1 5 0
T 1106 0000009c 0 1 0 0 0 0 0 0 1 0 0 0 0 0
C 1106 0000009c 0 0 0 0 5 0
T 1107 0000009c 1 1 0 0 0 0 0 0 1 0 1 1 0 0
R 1107 584 0000009c 0000006f
C 1107 0000009c 1 0 0 1 5 0
T 1108 0000009c 0 1 0 0 0 0 0 0 1 0 0 0 0 0
C 1108 0000009c 0 0 0 0 5 0
T 1109 0000009c 1 1 0 0 0 0 0 0 1 0 1 1 0 0
R 1109 585 0000009c 0000006f
C 1109 0000009c 1 0 0 1 5 0
T 1110 0000009c 0 1 0 0 0 0 0 0 1 0 0 0 0 0
C 1110 0000009c 0 0 0 0 5 0
T 1111 0000009c 1 1 0 0 0 0 0 0 1 0 1 1 0 0
R 1111 586 0000009c 0000006f
C 1111 0000009c 1 0 0 1 5 0
T 1112 0000009c 0 1 0 0 0 0 0 0 1 0 0 0 0 0
C 1112 0000009c 0 0 0 0 5 0
T 1113 0000009c 1 1 0 0 0 0 0 0 1 0 1 1 0 0
R 1113 587 0000009c 0000006f
C 1113 0000009c 1 0 0 1 5 0
T 1114 0000009c 0 1 0 0 0 0 0 0 1 0 0 0 0 0
C 1114 0000009c 0 0 0 0 5 0
T 1115 0000009c 1 1 0 0 0 0 0 0 1 0 1 1 0 0
R 1115 588 0000009c 0000006f
C 1115 0000009c 1 0 0 1 5 0
T 1116 0000009c 0 1 0 0 0 0 0 0 1 0 0 0 0 0
C 1116 0000009c 0 0 0 0 5 0
T 1117 0000009c 1 1 0 0 0 0 0 0 1 0 1 1 0 0
R 1117 589 0000009c 0000006f
C 1117 0000009c 1 0 0 1 5 0
T 1118 0000009c 0 1 0 0 0 0 0 0 1 0 0 0 0 0
C 1118 0000009c 0 0 0 0 5 0
T 1119 0000009c 1 1 0 0 0 0 0 0 1 0 1 1 0 0
R 1119 590 0000009c 0000006f
C 1119 0000009c 1 0 0 1 5 0
T 1120 0000009c 0 1 0 0 0 0 0 0 1 0 0 0 0 0
C 1120 0000009c 0 0 0 0 5 0
T 1121 0000009c 1 1 0 0 0 0 0 0 1 0 1 1 0 0
R 1121 591 0000009c 0000006f
C 1121 0000009c 1 0 0 1 5 0
T 1122 0000009c 0 1 0 0 0 0 0 0 1 0 0 0 0 0
C 1122 0000009c 0 0 0 0 5 0
T 1123 0000009c 1 1 0 0 0 0 0 0 1 0 1 1 0 0
R 1123 592 0000009c 0000006f
C 1123 0000009c 1 0 0 1 5 0
T 1124 0000009c 0 1 0 0 0 0 0 0 1 0 0 0 0 0
C 1124 0000009c 0 0 0 0 5 0
T 1125 0000009c 1 1 0 0 0 0 0 0 1 0 1 1 0 0
R 1125 593 0000009c 0000006f
C 1125 0000009c 1 0 0 1 5 0
T 1126 0000009c 0 1 0 0 0 0 0 0 1 0 0 0 0 0
C 1126 0000009c 0 0 0 0 5 0
T 1127 0000009c 1 1 0 0 0 0 0 0 1 0 1 1 0 0
R 1127 594 0000009c 0000006f
C 1127 0000009c 1 0 0 1 5 0
T 1128 0000009c 0 1 0 0 0 0 0 0 1 0 0 0 0 0
C 1128 0000009c 0 0 0 0 5 0
T 1129 0000009c 1 1 0 0 0 0 0 0 1 0 1 1 0 0
R 1129 595 0000009c 0000006f
C 1129 0000009c 1 0 0 1 5 0
T 1130 0000009c 0 1 0 0 0 0 0 0 1 0 0 0 0 0
C 1130 0000009c 0 0 0 0 5 0
T 1131 0000009c 1 1 0 0 0 0 0 0 1 0 1 1 0 0
R 1131 596 0000009c 0000006f
C 1131 0000009c 1 0 0 1 5 0
T 1132 0000009c 0 1 0 0 0 0 0 0 1 0 0 0 0 0
C 1132 0000009c 0 0 0 0 5 0
T 1133 0000009c 1 1 0 0 0 0 0 0 1 0 1 1 0 0
R 1133 597 0000009c 0000006f
C 1133 0000009c 1 0 0 1 5 0
T 1134 0000009c 0 1 0 0 0 0 0 0 1 0 0 0 0 0
C 1134 0000009c 0 0 0 0 5 0
T 1135 0000009c 1 1 0 0 0 0 0 0 1 0 1 1 0 0
R 1135 598 0000009c 0000006f
C 1135 0000009c 1 0 0 1 5 0
T 1136 0000009c 0 1 0 0 0 0 0 0 1 0 0 0 0 0
C 1136 0000009c 0 0 0 0 5 0
T 1137 0000009c 1 1 0 0 0 0 0 0 1 0 1 1 0 0
R 1137 599 0000009c 0000006f
C 1137 0000009c 1 0 0 1 5 0
T 1138 0000009c 0 1 0 0 0 0 0 0 1 0 0 0 0 0
C 1138 0000009c 0 0 0 0 5 0
T 1139 0000009c 1 1 0 0 0 0 0 0 1 0 1 1 0 0
R 1139 600 0000009c 0000006f
C 1139 0000009c 1 0 0 1 5 0
T 1140 0000009c 0 1 0 0 0 0 0 0 1 0 0 0 0 0
C 1140 0000009c 0 0 0 0 5 0
T 1141 0000009c 1 1 0 0 0 0 0 0 1 0 1 1 0 0
R 1141 601 0000009c 0000006f
C 1141 0000009c 1 0 0 1 5 0
T 1142 0000009c 0 1 0 0 0 0 0 0 1 0 0 0 0 0
C 1142 0000009c 0 0 0 0 5 0
T 1143 0000009c 1 1 0 0 0 0 0 0 1 0 1 1 0 0
R 1143 602 0000009c 0000006f
C 1143 0000009c 1 0 0 1 5 0
T 1144 0000009c 0 1 0 0 0 0 0 0 1 0 0 0 0 0
C 1144 0000009c 0 0 0 0 5 0
T 1145 0000009c 1 1 0 0 0 0 0 0 1 0 1 1 0 0
R 1145 603 0000009c 0000006f
C 1145 0000009c 1 0 0 1 5 0
T 1146 0000009c 0 1 0 0 0 0 0 0 1 0 0 0 0 0
C 1146 0000009c 0 0 0 0 5 0
T 1147 0000009c 1 1 0 0 0 0 0 0 1 0 1 1 0 0
R 1147 604 0000009c 0000006f
C 1147 0000009c 1 0 0 1 5 0
T 1148 0000009c 0 1 0 0 0 0 0 0 1 0 0 0 0 0
C 1148 0000009c 0 0 0 0 5 0
T 1149 0000009c 1 1 0 0 0 0 0 0 1 0 1 1 0 0
R 1149 605 0000009c 0000006f
C 1149 0000009c 1 0 0 1 5 0
T 1150 0000009c 0 1 0 0 0 0 0 0 1 0 0 0 0 0
C 1150 0000009c 0 0 0 0 5 0
T 1151 0000009c 1 1 0 0 0 0 0 0 1 0 1 1 0 0
R 1151 606 0000009c 0000006f
C 1151 0000009c 1 0 0 1 5 0
T 1152 0000009c 0 1 0 0 0 0 0 0 1 0 0 0 0 0
C 1152 0000009c 0 0 0 0 5 0
T 1153 0000009c 1 1 0 0 0 0 0 0 1 0 1 1 0 0
R 1153 607 0000009c 0000006f
C 1153 0000009c 1 0 0 1 5 0
T 1154 0000009c 0 1 0 0 0 0 0 0 1 0 0 0 0 0
C 1154 0000009c 0 0 0 0 5 0
T 1155 0000009c 1 1 0 0 0 0 0 0 1 0 1 1 0 0
R 1155 608 0000009c 0000006f
C 1155 0000009c 1 0 0 1 5 0
T 1156 0000009c 0 1 0 0 0 0 0 0 1 0 0 0 0 0
C 1156 0000009c 0 0 0 0 5 0
T 1157 0000009c 1 1 0 0 0 0 0 0 1 0 1 1 0 0
R 1157 609 0000009c 0000006f
C 1157 0000009c 1 0 0 1 5 0
T 1158 0000009c 0 1 0 0 0 0 0 0 1 0 0 0 0 0
C 1158 0000009c 0 0 0 0 5 0
T 1159 0000009c 1 1 0 0 0 0 0 0 1 0 1 1 0 0
R 1159 610 0000009c 0000006f
C 1159 0000009c 1 0 0 1 5 0
T 1160 0000009c 0 1 0 0 0 0 0 0 1 0 0 0 0 0
C 1160 0000009c 0 0 0 0 5 0
T 1161 0000009c 1 1 0 0 0 0 0 0 1 0 1 1 0 0
R 1161 611 0000009c 0000006f
C 1161 0000009c 1 0 0 1 5 0
T 1162 0000009c 0 1 0 0 0 0 0 0 1 0 0 0 0 0
C 1162 0000009c 0 0 0 0 5 0
T 1163 0000009c 1 1 0 0 0 0 0 0 1 0 1 1 0 0
R 1163 612 0000009c 0000006f
C 1163 0000009c 1 0 0 1 5 0
T 1164 0000009c 0 1 0 0 0 0 0 0 1 0 0 0 0 0
C 1164 0000009c 0 0 0 0 5 0
T 1165 0000009c 1 1 0 0 0 0 0 0 1 0 1 1 0 0
R 1165 613 0000009c 0000006f
C 1165 0000009c 1 0 0 1 5 0
T 1166 0000009c 0 1 0 0 0 0 0 0 1 0 0 0 0 0
C 1166 0000009c 0 0 0 0 5 0
T 1167 0000009c 1 1 0 0 0 0 0 0 1 0 1 1 0 0
R 1167 614 0000009c 0000006f
C 1167 0000009c 1 0 0 1 5 0
T 1168 0000009c 0 1 0 0 0 0 0 0 1 0 0 0 0 0
C 1168 0000009c 0 0 0 0 5 0
T 1169 0000009c 1 1 0 0 0 0 0 0 1 0 1 1 0 0
R 1169 615 0000009c 0000006f
C 1169 0000009c 1 0 0 1 5 0
T 1170 0000009c 0 1 0 0 0 0 0 0 1 0 0 0 0 0
C 1170 0000009c 0 0 0 0 5 0
T 1171 0000009c 1 1 0 0 0 0 0 0 1 0 1 1 0 0
R 1171 616 0000009c 0000006f
C 1171 0000009c 1 0 0 1 5 0
T 1172 0000009c 0 1 0 0 0 0 0 0 1 0 0 0 0 0
C 1172 0000009c 0 0 0 0 5 0
T 1173 0000009c 1 1 0 0 0 0 0 0 1 0 1 1 0 0
R 1173 617 0000009c 0000006f
C 1173 0000009c 1 0 0 1 5 0
T 1174 0000009c 0 1 0 0 0 0 0 0 1 0 0 0 0 0
C 1174 0000009c 0 0 0 0 5 0
T 1175 0000009c 1 1 0 0 0 0 0 0 1 0 1 1 0 0
R 1175 618 0000009c 0000006f
C 1175 0000009c 1 0 0 1 5 0
T 1176 0000009c 0 1 0 0 0 0 0 0 1 0 0 0 0 0
C 1176 0000009c 0 0 0 0 5 0
T 1177 0000009c 1 1 0 0 0 0 0 0 1 0 1 1 0 0
R 1177 619 0000009c 0000006f
C 1177 0000009c 1 0 0 1 5 0
T 1178 0000009c 0 1 0 0 0 0 0 0 1 0 0 0 0 0
C 1178 0000009c 0 0 0 0 5 0
T 1179 0000009c 1 1 0 0 0 0 0 0 1 0 1 1 0 0
R 1179 620 0000009c 0000006f
C 1179 0000009c 1 0 0 1 5 0
T 1180 0000009c 0 1 0 0 0 0 0 0 1 0 0 0 0 0
C 1180 0000009c 0 0 0 0 5 0
T 1181 0000009c 1 1 0 0 0 0 0 0 1 0 1 1 0 0
R 1181 621 0000009c 0000006f
C 1181 0000009c 1 0 0 1 5 0
T 1182 0000009c 0 1 0 0 0 0 0 0 1 0 0 0 0 0
C 1182 0000009c 0 0 0 0 5 0
T 1183 0000009c 1 1 0 0 0 0 0 0 1 0 1 1 0 0
R 1183 622 0000009c 0000006f
C 1183 0000009c 1 0 0 1 5 0
T 1184 0000009c 0 1 0 0 0 0 0 0 1 0 0 0 0 0
C 1184 0000009c 0 0 0 0 5 0
T 1185 0000009c 1 1 0 0 0 0 0 0 1 0 1 1 0 0
R 1185 623 0000009c 0000006f
C 1185 0000009c 1 0 0 1 5 0
T 1186 0000009c 0 1 0 0 0 0 0 0 1 0 0 0 0 0
C 1186 0000009c 0 0 0 0 5 0
T 1187 0000009c 1 1 0 0 0 0 0 0 1 0 1 1 0 0
R 1187 624 0000009c 0000006f
C 1187 0000009c 1 0 0 1 5 0
T 1188 0000009c 0 1 0 0 0 0 0 0 1 0 0 0 0 0
C 1188 0000009c 0 0 0 0 5 0
T 1189 0000009c 1 1 0 0 0 0 0 0 1 0 1 1 0 0
R 1189 625 0000009c 0000006f
C 1189 0000009c 1 0 0 1 5 0
T 1190 0000009c 0 1 0 0 0 0 0 0 1 0 0 0 0 0
C 1190 0000009c 0 0 0 0 5 0
T 1191 0000009c 1 1 0 0 0 0 0 0 1 0 1 1 0 0
R 1191 626 0000009c 0000006f
C 1191 0000009c 1 0 0 1 5 0
T 1192 0000009c 0 1 0 0 0 0 0 0 1 0 0 0 0 0
C 1192 0000009c 0 0 0 0 5 0
T 1193 0000009c 1 1 0 0 0 0 0 0 1 0 1 1 0 0
R 1193 627 0000009c 0000006f
C 1193 0000009c 1 0 0 1 5 0
T 1194 0000009c 0 1 0 0 0 0 0 0 1 0 0 0 0 0
C 1194 0000009c 0 0 0 0 5 0
T 1195 0000009c 1 1 0 0 0 0 0 0 1 0 1 1 0 0
R 1195 628 0000009c 0000006f
C 1195 0000009c 1 0 0 1 5 0
T 1196 0000009c 0 1 0 0 0 0 0 0 1 0 0 0 0 0
C 1196 0000009c 0 0 0 0 5 0
T 1197 0000009c 1 1 0 0 0 0 0 0 1 0 1 1 0 0
R 1197 629 0000009c 0000006f
C 1197 0000009c 1 0 0 1 5 0
T 1198 0000009c 0 1 0 0 0 0 0 0 1 0 0 0 0 0
C 1198 0000009c 0 0 0 0 5 0
T 1199 0000009c 1 1 0 0 0 0 0 0 1 0 1 1 0 0
R 1199 630 0000009c 0000006f
C 1199 0000009c 1 0 0 1 5 0
REG 0 00000000
REG 1 00000001
REG 2 00000000
REG 3 00000000
REG 4 00000000
REG 5 00000000
REG 6 00000000
REG 7 00000000
REG 8 00000000
REG 9 00000000
REG 10 00000000
REG 11 00000000
REG 12 00000000
REG 13 00000000
REG 14 00000000
REG 15 0000007b
REG 16 00000000
REG 17 00000000
REG 18 00000000
REG 19 00000000
REG 20 00000000
REG 21 00000000
REG 22 00000000
REG 23 00000000
REG 24 00000000
REG 25 00000000
REG 26 00000000
REG 27 00000000
REG 28 00000000
REG 29 00000000
REG 30 00000000
REG 31 00000000
COUNTS sleep=1 clocks=1197 ai=0 ab=0 am=5 ifetch=575 data=0 bitmap=0 hit=646 miss=12 dummy=0 expanded=0 predict=0 mispredict=0 keys=1
PROTOCOL_CHECKS 1197
FINISH
- /home/dungpc/ndmoney4porche/projects/ibex/doc/dungpc/opentitan/evidence/opentitan_tb.sv:253: Verilog $finish
