CONFIG SEC=1 CACHE=1 PRED=0 DUAL=1 MODE=0 ZC=3 SCR=1 ICECC=1 OFFSET=1 PMP=1
SAMPLE 3 ai=0 ab=0 am=0 pc=0 mismatch=0 rf=0 mode=0
T 3 00000000 0 1 0 0 0 0 0 0 1 0 1 0 0 0
SECDET 3 pc=0 rf=0 intg=0
C 3 00000000 0 0 0 1 0 0
LOCK 4 rst=0 cmp=a mismatch=0 rf=0 cap=0
SAMPLE 4 ai=0 ab=0 am=0 pc=0 mismatch=0 rf=0 mode=0
T 4 00000000 0 1 0 0 0 0 0 0 1 0 1 0 0 0
SECDET 4 pc=0 rf=0 intg=0
C 4 00000000 0 0 0 1 1 0
LOCK 5 rst=1 cmp=a mismatch=0 rf=0 cap=0
SAMPLE 5 ai=0 ab=0 am=0 pc=0 mismatch=0 rf=0 mode=0
T 5 00000000 0 1 0 0 0 0 0 0 1 0 0 0 0 0
SECDET 5 pc=0 rf=0 intg=0
C 5 00000000 0 0 0 0 4 0
LOCK 6 rst=1 cmp=5 mismatch=0 rf=0 cap=0
SAMPLE 6 ai=0 ab=0 am=0 pc=0 mismatch=0 rf=0 mode=0
T 6 00000080 1 1 0 0 0 0 0 0 1 0 0 1 0 0
CSRDBG 6 addr=208 priv=3 dec=0 csr=0 raw=1 pw=0 dbg=0 op=0
SECDET 6 pc=0 rf=0 intg=0
C 6 00000080 1 0 0 0 5 0
LOCK 7 rst=1 cmp=5 mismatch=0 rf=0 cap=0
SAMPLE 7 ai=0 ab=0 am=0 pc=0 mismatch=0 rf=0 mode=0
T 7 00000084 1 1 0 0 0 0 0 0 1 0 0 1 0 0
W 7 1 00000208 000000000
CSRDBG 7 addr=000 priv=3 dec=0 csr=0 raw=1 pw=0 dbg=0 op=0
SECDET 7 pc=0 rf=0 intg=0
C 7 00000084 1 0 0 0 5 0
D 7 0 00000208 f 00000000 tag=0
LOCK 8 rst=1 cmp=5 mismatch=0 rf=0 cap=0
SAMPLE 8 ai=0 ab=0 am=0 pc=0 mismatch=0 rf=0 mode=0
T 8 00000088 1 1 0 0 0 0 0 0 1 1 0 1 0 0
W 8 2 44332211 000000000
CSRDBG 8 addr=0c8 priv=3 dec=0 csr=0 raw=1 pw=0 dbg=0 op=0
SECDET 8 pc=0 rf=0 intg=0
R 8 1 00000080 20800093
C 8 00000088 1 0 0 0 5 0
LOCK 9 rst=1 cmp=5 mismatch=0 rf=0 cap=0
SAMPLE 9 ai=0 ab=0 am=0 pc=0 mismatch=0 rf=0 mode=0
T 9 0000008c 1 1 0 0 0 0 0 0 1 0 0 1 0 0
W 9 3 000000c8 000000000
CSRDBG 9 addr=fff priv=3 dec=0 csr=0 raw=1 pw=0 dbg=0 op=0
SECDET 9 pc=0 rf=0 intg=0
R 9 2 00000084 0000a103
C 9 0000008c 1 0 0 0 5 0
LOCK 10 rst=1 cmp=5 mismatch=0 rf=0 cap=0
SAMPLE 10 ai=0 ab=0 am=0 pc=0 mismatch=0 rf=0 mode=0
T 10 00000090 1 1 0 0 0 0 0 0 1 0 1 1 0 0
W 10 3 000000c7 000000000
CSRDBG 10 addr=fe0 priv=3 dec=0 csr=0 raw=1 pw=0 dbg=0 op=0
SECDET 10 pc=0 rf=0 intg=0
R 10 3 00000088 0c800193
C 10 00000090 1 0 0 1 5 0
LOCK 11 rst=1 cmp=5 mismatch=0 rf=0 cap=0
SAMPLE 11 ai=0 ab=0 am=0 pc=0 mismatch=0 rf=0 mode=0
T 11 00000090 0 1 0 0 0 0 0 0 1 0 0 0 0 0
SECDET 11 pc=0 rf=0 intg=0
R 11 4 0000008c fff18193
C 11 00000090 0 0 0 0 5 0
LOCK 12 rst=1 cmp=5 mismatch=0 rf=0 cap=0
SAMPLE 12 ai=0 ab=0 am=0 pc=0 mismatch=0 rf=0 mode=0
T 12 0000008c 1 1 0 0 0 0 0 0 1 0 0 1 0 0
CSRDBG 12 addr=fff priv=3 dec=0 csr=0 raw=1 pw=0 dbg=0 op=0
SECDET 12 pc=0 rf=0 intg=0
R 12 5 00000090 fe019ee3
C 12 0000008c 1 0 0 0 5 0
LOCK 13 rst=1 cmp=5 mismatch=0 rf=0 cap=0
SAMPLE 13 ai=0 ab=0 am=0 pc=0 mismatch=0 rf=0 mode=0
T 13 00000090 1 1 0 0 0 0 0 0 1 0 1 1 0 0
W 13 3 000000c6 000000000
CSRDBG 13 addr=fe0 priv=3 dec=0 csr=0 raw=1 pw=0 dbg=0 op=0
SECDET 13 pc=0 rf=0 intg=0
C 13 00000090 1 0 0 1 5 0
LOCK 14 rst=1 cmp=5 mismatch=0 rf=0 cap=0
SAMPLE 14 ai=0 ab=0 am=0 pc=0 mismatch=0 rf=0 mode=0
T 14 00000090 0 1 0 0 0 0 0 0 1 0 0 0 0 0
SECDET 14 pc=0 rf=0 intg=0
R 14 6 0000008c fff18193
C 14 00000090 0 0 0 0 5 0
LOCK 15 rst=1 cmp=5 mismatch=0 rf=0 cap=0
SAMPLE 15 ai=0 ab=0 am=0 pc=0 mismatch=0 rf=0 mode=0
T 15 0000008c 1 1 0 0 0 0 0 0 1 0 0 1 0 0
CSRDBG 15 addr=fff priv=3 dec=0 csr=0 raw=1 pw=0 dbg=0 op=0
SECDET 15 pc=0 rf=0 intg=0
R 15 7 00000090 fe019ee3
C 15 0000008c 1 0 0 0 5 0
LOCK 16 rst=1 cmp=5 mismatch=0 rf=0 cap=0
SAMPLE 16 ai=0 ab=0 am=0 pc=0 mismatch=0 rf=0 mode=0
T 16 00000090 1 1 0 0 0 0 0 0 1 0 1 1 0 0
W 16 3 000000c5 000000000
CSRDBG 16 addr=fe0 priv=3 dec=0 csr=0 raw=1 pw=0 dbg=0 op=0
SECDET 16 pc=0 rf=0 intg=0
C 16 00000090 1 0 0 1 5 0
LOCK 17 rst=1 cmp=5 mismatch=0 rf=0 cap=0
SAMPLE 17 ai=0 ab=0 am=0 pc=0 mismatch=0 rf=0 mode=0
T 17 00000090 0 1 0 0 0 0 0 0 1 0 0 0 0 0
SECDET 17 pc=0 rf=0 intg=0
R 17 8 0000008c fff18193
C 17 00000090 0 0 0 0 5 0
LOCK 18 rst=1 cmp=5 mismatch=0 rf=0 cap=0
SAMPLE 18 ai=0 ab=0 am=0 pc=0 mismatch=0 rf=0 mode=0
T 18 0000008c 1 1 0 0 0 0 0 0 1 0 0 1 0 0
CSRDBG 18 addr=fff priv=3 dec=0 csr=0 raw=1 pw=0 dbg=0 op=0
SECDET 18 pc=0 rf=0 intg=0
R 18 9 00000090 fe019ee3
C 18 0000008c 1 0 0 0 5 0
LOCK 19 rst=1 cmp=5 mismatch=0 rf=0 cap=0
SAMPLE 19 ai=0 ab=0 am=0 pc=0 mismatch=0 rf=0 mode=0
T 19 00000090 1 1 0 0 0 0 0 0 1 0 1 1 0 0
W 19 3 000000c4 000000000
CSRDBG 19 addr=fe0 priv=3 dec=0 csr=0 raw=1 pw=0 dbg=0 op=0
SECDET 19 pc=0 rf=0 intg=0
C 19 00000090 1 0 0 1 5 0
LOCK 20 rst=1 cmp=5 mismatch=0 rf=0 cap=0
SAMPLE 20 ai=0 ab=0 am=0 pc=0 mismatch=0 rf=0 mode=0
T 20 00000090 0 1 0 0 0 0 0 0 1 0 0 0 0 0
SECDET 20 pc=0 rf=0 intg=0
R 20 10 0000008c fff18193
C 20 00000090 0 0 0 0 5 0
LOCK 21 rst=1 cmp=5 mismatch=0 rf=0 cap=0
SAMPLE 21 ai=0 ab=0 am=0 pc=0 mismatch=0 rf=0 mode=0
T 21 0000008c 1 1 0 0 0 0 0 0 1 0 0 1 0 0
CSRDBG 21 addr=fff priv=3 dec=0 csr=0 raw=1 pw=0 dbg=0 op=0
SECDET 21 pc=0 rf=0 intg=0
R 21 11 00000090 fe019ee3
C 21 0000008c 1 0 0 0 5 0
LOCK 22 rst=1 cmp=5 mismatch=0 rf=0 cap=0
SAMPLE 22 ai=0 ab=0 am=0 pc=0 mismatch=0 rf=0 mode=0
T 22 00000090 1 1 0 0 0 0 0 0 1 0 1 1 0 0
W 22 3 000000c3 000000000
CSRDBG 22 addr=fe0 priv=3 dec=0 csr=0 raw=1 pw=0 dbg=0 op=0
SECDET 22 pc=0 rf=0 intg=0
C 22 00000090 1 0 0 1 5 0
LOCK 23 rst=1 cmp=5 mismatch=0 rf=0 cap=0
SAMPLE 23 ai=0 ab=0 am=0 pc=0 mismatch=0 rf=0 mode=0
T 23 00000090 0 1 0 0 0 0 0 0 1 0 0 0 0 0
SECDET 23 pc=0 rf=0 intg=0
R 23 12 0000008c fff18193
C 23 00000090 0 0 0 0 5 0
LOCK 24 rst=1 cmp=5 mismatch=0 rf=0 cap=0
SAMPLE 24 ai=0 ab=0 am=0 pc=0 mismatch=0 rf=0 mode=0
T 24 0000008c 1 1 0 0 0 0 0 0 1 0 0 1 0 0
CSRDBG 24 addr=fff priv=3 dec=0 csr=0 raw=1 pw=0 dbg=0 op=0
SECDET 24 pc=0 rf=0 intg=0
R 24 13 00000090 fe019ee3
C 24 0000008c 1 0 0 0 5 0
LOCK 25 rst=1 cmp=5 mismatch=0 rf=0 cap=0
SAMPLE 25 ai=0 ab=0 am=0 pc=0 mismatch=0 rf=0 mode=0
T 25 00000090 1 1 0 0 0 0 0 0 1 0 1 1 0 0
W 25 3 000000c2 000000000
CSRDBG 25 addr=fe0 priv=3 dec=0 csr=0 raw=1 pw=0 dbg=0 op=0
SECDET 25 pc=0 rf=0 intg=0
C 25 00000090 1 0 0 1 5 0
LOCK 26 rst=1 cmp=5 mismatch=0 rf=0 cap=0
SAMPLE 26 ai=0 ab=0 am=0 pc=0 mismatch=0 rf=0 mode=0
T 26 00000090 0 1 0 0 0 0 0 0 1 0 0 0 0 0
SECDET 26 pc=0 rf=0 intg=0
R 26 14 0000008c fff18193
C 26 00000090 0 0 0 0 5 0
LOCK 27 rst=1 cmp=5 mismatch=0 rf=0 cap=0
SAMPLE 27 ai=0 ab=0 am=0 pc=0 mismatch=0 rf=0 mode=0
T 27 0000008c 1 1 0 0 0 0 0 0 1 0 0 1 0 0
CSRDBG 27 addr=fff priv=3 dec=0 csr=0 raw=1 pw=0 dbg=0 op=0
SECDET 27 pc=0 rf=0 intg=0
R 27 15 00000090 fe019ee3
C 27 0000008c 1 0 0 0 5 0
LOCK 28 rst=1 cmp=5 mismatch=0 rf=0 cap=0
SAMPLE 28 ai=0 ab=0 am=0 pc=0 mismatch=0 rf=0 mode=0
T 28 00000090 1 1 0 0 0 0 0 0 1 0 1 1 0 0
W 28 3 000000c1 000000000
CSRDBG 28 addr=fe0 priv=3 dec=0 csr=0 raw=1 pw=0 dbg=0 op=0
SECDET 28 pc=0 rf=0 intg=0
C 28 00000090 1 0 0 1 5 0
LOCK 29 rst=1 cmp=5 mismatch=0 rf=0 cap=0
SAMPLE 29 ai=0 ab=0 am=0 pc=0 mismatch=0 rf=0 mode=0
T 29 00000090 0 1 0 0 0 0 0 0 1 0 0 0 0 0
SECDET 29 pc=0 rf=0 intg=0
R 29 16 0000008c fff18193
C 29 00000090 0 0 0 0 5 0
LOCK 30 rst=1 cmp=5 mismatch=0 rf=0 cap=0
SAMPLE 30 ai=0 ab=0 am=0 pc=0 mismatch=0 rf=0 mode=0
T 30 0000008c 1 1 0 0 0 0 0 0 1 0 0 1 0 0
CSRDBG 30 addr=fff priv=3 dec=0 csr=0 raw=1 pw=0 dbg=0 op=0
SECDET 30 pc=0 rf=0 intg=0
R 30 17 00000090 fe019ee3
C 30 0000008c 1 0 0 0 5 0
LOCK 31 rst=1 cmp=5 mismatch=0 rf=0 cap=0
SAMPLE 31 ai=0 ab=0 am=0 pc=0 mismatch=0 rf=0 mode=0
T 31 00000090 1 1 0 0 0 0 0 0 1 0 1 1 0 0
W 31 3 000000c0 000000000
CSRDBG 31 addr=fe0 priv=3 dec=0 csr=0 raw=1 pw=0 dbg=0 op=0
SECDET 31 pc=0 rf=0 intg=0
C 31 00000090 1 0 0 1 5 0
LOCK 32 rst=1 cmp=5 mismatch=0 rf=0 cap=0
SAMPLE 32 ai=0 ab=0 am=0 pc=0 mismatch=0 rf=0 mode=0
T 32 00000090 0 1 0 0 0 0 0 0 1 0 0 0 0 0
SECDET 32 pc=0 rf=0 intg=0
R 32 18 0000008c fff18193
C 32 00000090 0 0 0 0 5 0
LOCK 33 rst=1 cmp=5 mismatch=0 rf=0 cap=0
SAMPLE 33 ai=0 ab=0 am=0 pc=0 mismatch=0 rf=0 mode=0
T 33 0000008c 1 1 0 0 0 0 0 0 1 0 0 1 0 0
CSRDBG 33 addr=fff priv=3 dec=0 csr=0 raw=1 pw=0 dbg=0 op=0
SECDET 33 pc=0 rf=0 intg=0
R 33 19 00000090 fe019ee3
C 33 0000008c 1 0 0 0 5 0
LOCK 34 rst=1 cmp=5 mismatch=0 rf=0 cap=0
SAMPLE 34 ai=0 ab=0 am=0 pc=0 mismatch=0 rf=0 mode=0
T 34 00000090 1 1 0 0 0 0 0 0 1 0 1 1 0 0
W 34 3 000000bf 000000000
CSRDBG 34 addr=fe0 priv=3 dec=0 csr=0 raw=1 pw=0 dbg=0 op=0
SECDET 34 pc=0 rf=0 intg=0
C 34 00000090 1 0 0 1 5 0
LOCK 35 rst=1 cmp=5 mismatch=0 rf=0 cap=0
SAMPLE 35 ai=0 ab=0 am=0 pc=0 mismatch=0 rf=0 mode=0
T 35 00000090 0 1 0 0 0 0 0 0 1 0 0 0 0 0
SECDET 35 pc=0 rf=0 intg=0
R 35 20 0000008c fff18193
C 35 00000090 0 0 0 0 5 0
LOCK 36 rst=1 cmp=5 mismatch=0 rf=0 cap=0
SAMPLE 36 ai=0 ab=0 am=0 pc=0 mismatch=0 rf=0 mode=0
T 36 0000008c 1 1 0 0 0 0 0 0 1 0 0 1 0 0
CSRDBG 36 addr=fff priv=3 dec=0 csr=0 raw=1 pw=0 dbg=0 op=0
SECDET 36 pc=0 rf=0 intg=0
R 36 21 00000090 fe019ee3
C 36 0000008c 1 0 0 0 5 0
LOCK 37 rst=1 cmp=5 mismatch=0 rf=0 cap=0
SAMPLE 37 ai=0 ab=0 am=0 pc=0 mismatch=0 rf=0 mode=0
T 37 00000090 1 1 0 0 0 0 0 0 1 0 1 1 0 0
W 37 3 000000be 000000000
CSRDBG 37 addr=fe0 priv=3 dec=0 csr=0 raw=1 pw=0 dbg=0 op=0
SECDET 37 pc=0 rf=0 intg=0
C 37 00000090 1 0 0 1 5 0
LOCK 38 rst=1 cmp=5 mismatch=0 rf=0 cap=0
SAMPLE 38 ai=0 ab=0 am=0 pc=0 mismatch=0 rf=0 mode=0
T 38 00000090 0 1 0 0 0 0 0 0 1 0 0 0 0 0
SECDET 38 pc=0 rf=0 intg=0
R 38 22 0000008c fff18193
C 38 00000090 0 0 0 0 5 0
LOCK 39 rst=1 cmp=5 mismatch=0 rf=0 cap=0
SAMPLE 39 ai=0 ab=0 am=0 pc=0 mismatch=0 rf=0 mode=0
T 39 0000008c 1 1 0 0 0 0 0 0 1 0 0 1 0 0
CSRDBG 39 addr=fff priv=3 dec=0 csr=0 raw=1 pw=0 dbg=0 op=0
SECDET 39 pc=0 rf=0 intg=0
R 39 23 00000090 fe019ee3
C 39 0000008c 1 0 0 0 5 0
LOCK 40 rst=1 cmp=5 mismatch=0 rf=0 cap=0
SAMPLE 40 ai=0 ab=0 am=0 pc=0 mismatch=0 rf=0 mode=0
T 40 00000090 1 1 0 0 0 0 0 0 1 0 1 1 0 0
W 40 3 000000bd 000000000
CSRDBG 40 addr=fe0 priv=3 dec=0 csr=0 raw=1 pw=0 dbg=0 op=0
SECDET 40 pc=0 rf=0 intg=0
C 40 00000090 1 0 0 1 5 0
LOCK 41 rst=1 cmp=5 mismatch=0 rf=0 cap=0
SAMPLE 41 ai=0 ab=0 am=0 pc=0 mismatch=0 rf=0 mode=0
T 41 00000090 0 1 0 0 0 0 0 0 1 0 0 0 0 0
SECDET 41 pc=0 rf=0 intg=0
R 41 24 0000008c fff18193
C 41 00000090 0 0 0 0 5 0
LOCK 42 rst=1 cmp=5 mismatch=0 rf=0 cap=0
SAMPLE 42 ai=0 ab=0 am=0 pc=0 mismatch=0 rf=0 mode=0
T 42 0000008c 1 1 0 0 0 0 0 0 1 0 0 1 0 0
CSRDBG 42 addr=fff priv=3 dec=0 csr=0 raw=1 pw=0 dbg=0 op=0
SECDET 42 pc=0 rf=0 intg=0
R 42 25 00000090 fe019ee3
C 42 0000008c 1 0 0 0 5 0
LOCK 43 rst=1 cmp=5 mismatch=0 rf=0 cap=0
SAMPLE 43 ai=0 ab=0 am=0 pc=0 mismatch=0 rf=0 mode=0
T 43 00000090 1 1 0 0 0 0 0 0 1 0 1 1 0 0
W 43 3 000000bc 000000000
CSRDBG 43 addr=fe0 priv=3 dec=0 csr=0 raw=1 pw=0 dbg=0 op=0
SECDET 43 pc=0 rf=0 intg=0
C 43 00000090 1 0 0 1 5 0
LOCK 44 rst=1 cmp=5 mismatch=0 rf=0 cap=0
SAMPLE 44 ai=0 ab=0 am=0 pc=0 mismatch=0 rf=0 mode=0
T 44 00000090 0 1 0 0 0 0 0 0 1 0 0 0 0 0
SECDET 44 pc=0 rf=0 intg=0
R 44 26 0000008c fff18193
C 44 00000090 0 0 0 0 5 0
LOCK 45 rst=1 cmp=5 mismatch=0 rf=0 cap=0
SAMPLE 45 ai=0 ab=0 am=0 pc=0 mismatch=0 rf=0 mode=0
T 45 0000008c 1 1 0 0 0 0 0 0 1 0 0 1 0 0
CSRDBG 45 addr=fff priv=3 dec=0 csr=0 raw=1 pw=0 dbg=0 op=0
SECDET 45 pc=0 rf=0 intg=0
R 45 27 00000090 fe019ee3
C 45 0000008c 1 0 0 0 5 0
LOCK 46 rst=1 cmp=5 mismatch=0 rf=0 cap=0
SAMPLE 46 ai=0 ab=0 am=0 pc=0 mismatch=0 rf=0 mode=0
T 46 00000090 1 1 0 0 0 0 0 0 1 0 1 1 0 0
W 46 3 000000bb 000000000
CSRDBG 46 addr=fe0 priv=3 dec=0 csr=0 raw=1 pw=0 dbg=0 op=0
SECDET 46 pc=0 rf=0 intg=0
C 46 00000090 1 0 0 1 5 0
LOCK 47 rst=1 cmp=5 mismatch=0 rf=0 cap=0
SAMPLE 47 ai=0 ab=0 am=0 pc=0 mismatch=0 rf=0 mode=0
T 47 00000090 0 1 0 0 0 0 0 0 1 0 0 0 0 0
SECDET 47 pc=0 rf=0 intg=0
R 47 28 0000008c fff18193
C 47 00000090 0 0 0 0 5 0
LOCK 48 rst=1 cmp=5 mismatch=0 rf=0 cap=0
SAMPLE 48 ai=0 ab=0 am=0 pc=0 mismatch=0 rf=0 mode=0
T 48 0000008c 1 1 0 0 0 0 0 0 1 0 0 1 0 0
CSRDBG 48 addr=fff priv=3 dec=0 csr=0 raw=1 pw=0 dbg=0 op=0
SECDET 48 pc=0 rf=0 intg=0
R 48 29 00000090 fe019ee3
C 48 0000008c 1 0 0 0 5 0
LOCK 49 rst=1 cmp=5 mismatch=0 rf=0 cap=0
SAMPLE 49 ai=0 ab=0 am=0 pc=0 mismatch=0 rf=0 mode=0
T 49 00000090 1 1 0 0 0 0 0 0 1 0 1 1 0 0
W 49 3 000000ba 000000000
CSRDBG 49 addr=fe0 priv=3 dec=0 csr=0 raw=1 pw=0 dbg=0 op=0
SECDET 49 pc=0 rf=0 intg=0
C 49 00000090 1 0 0 1 5 0
LOCK 50 rst=1 cmp=5 mismatch=0 rf=0 cap=0
SAMPLE 50 ai=0 ab=0 am=0 pc=0 mismatch=0 rf=0 mode=0
T 50 00000090 0 1 0 0 0 0 0 0 1 0 0 0 0 0
SECDET 50 pc=0 rf=0 intg=0
R 50 30 0000008c fff18193
C 50 00000090 0 0 0 0 5 0
LOCK 51 rst=1 cmp=5 mismatch=0 rf=0 cap=0
SAMPLE 51 ai=0 ab=0 am=0 pc=0 mismatch=0 rf=0 mode=0
T 51 0000008c 1 1 0 0 0 0 0 0 1 0 0 1 0 0
CSRDBG 51 addr=fff priv=3 dec=0 csr=0 raw=1 pw=0 dbg=0 op=0
SECDET 51 pc=0 rf=0 intg=0
R 51 31 00000090 fe019ee3
C 51 0000008c 1 0 0 0 5 0
LOCK 52 rst=1 cmp=5 mismatch=0 rf=0 cap=0
SAMPLE 52 ai=0 ab=0 am=0 pc=0 mismatch=0 rf=0 mode=0
T 52 00000090 1 1 0 0 0 0 0 0 1 0 1 1 0 0
W 52 3 000000b9 000000000
CSRDBG 52 addr=fe0 priv=3 dec=0 csr=0 raw=1 pw=0 dbg=0 op=0
SECDET 52 pc=0 rf=0 intg=0
C 52 00000090 1 0 0 1 5 0
LOCK 53 rst=1 cmp=5 mismatch=0 rf=0 cap=0
SAMPLE 53 ai=0 ab=0 am=0 pc=0 mismatch=0 rf=0 mode=0
T 53 00000090 0 1 0 0 0 0 0 0 1 0 0 0 0 0
SECDET 53 pc=0 rf=0 intg=0
R 53 32 0000008c fff18193
C 53 00000090 0 0 0 0 5 0
LOCK 54 rst=1 cmp=5 mismatch=0 rf=0 cap=0
SAMPLE 54 ai=0 ab=0 am=0 pc=0 mismatch=0 rf=0 mode=0
T 54 0000008c 1 1 0 0 0 0 0 0 1 0 0 1 0 0
CSRDBG 54 addr=fff priv=3 dec=0 csr=0 raw=1 pw=0 dbg=0 op=0
SECDET 54 pc=0 rf=0 intg=0
R 54 33 00000090 fe019ee3
C 54 0000008c 1 0 0 0 5 0
LOCK 55 rst=1 cmp=5 mismatch=0 rf=0 cap=0
SAMPLE 55 ai=0 ab=0 am=0 pc=0 mismatch=0 rf=0 mode=0
T 55 00000090 1 1 0 0 0 0 0 0 1 0 1 1 0 0
W 55 3 000000b8 000000000
CSRDBG 55 addr=fe0 priv=3 dec=0 csr=0 raw=1 pw=0 dbg=0 op=0
SECDET 55 pc=0 rf=0 intg=0
C 55 00000090 1 0 0 1 5 0
LOCK 56 rst=1 cmp=5 mismatch=0 rf=0 cap=0
SAMPLE 56 ai=0 ab=0 am=0 pc=0 mismatch=0 rf=0 mode=0
T 56 00000090 0 1 0 0 0 0 0 0 1 0 0 0 0 0
SECDET 56 pc=0 rf=0 intg=0
R 56 34 0000008c fff18193
C 56 00000090 0 0 0 0 5 0
LOCK 57 rst=1 cmp=5 mismatch=0 rf=0 cap=0
SAMPLE 57 ai=0 ab=0 am=0 pc=0 mismatch=0 rf=0 mode=0
T 57 0000008c 1 1 0 0 0 0 0 0 1 0 0 1 0 0
CSRDBG 57 addr=fff priv=3 dec=0 csr=0 raw=1 pw=0 dbg=0 op=0
SECDET 57 pc=0 rf=0 intg=0
R 57 35 00000090 fe019ee3
C 57 0000008c 1 0 0 0 5 0
LOCK 58 rst=1 cmp=5 mismatch=0 rf=0 cap=0
SAMPLE 58 ai=0 ab=0 am=0 pc=0 mismatch=0 rf=0 mode=0
T 58 00000090 1 1 0 0 0 0 0 0 1 0 1 1 0 0
W 58 3 000000b7 000000000
CSRDBG 58 addr=fe0 priv=3 dec=0 csr=0 raw=1 pw=0 dbg=0 op=0
SECDET 58 pc=0 rf=0 intg=0
C 58 00000090 1 0 0 1 5 0
LOCK 59 rst=1 cmp=5 mismatch=0 rf=0 cap=0
SAMPLE 59 ai=0 ab=0 am=0 pc=0 mismatch=0 rf=0 mode=0
T 59 00000090 0 1 0 0 0 0 0 0 1 0 0 0 0 0
SECDET 59 pc=0 rf=0 intg=0
R 59 36 0000008c fff18193
C 59 00000090 0 0 0 0 5 0
LOCK 60 rst=1 cmp=5 mismatch=0 rf=0 cap=0
SAMPLE 60 ai=0 ab=0 am=0 pc=0 mismatch=0 rf=0 mode=0
T 60 0000008c 1 1 0 0 0 0 0 0 1 0 0 1 0 0
CSRDBG 60 addr=fff priv=3 dec=0 csr=0 raw=1 pw=0 dbg=0 op=0
SECDET 60 pc=0 rf=0 intg=0
R 60 37 00000090 fe019ee3
C 60 0000008c 1 0 0 0 5 0
LOCK 61 rst=1 cmp=5 mismatch=0 rf=0 cap=0
SAMPLE 61 ai=0 ab=0 am=0 pc=0 mismatch=0 rf=0 mode=0
T 61 00000090 1 1 0 0 0 0 0 0 1 0 1 1 0 0
W 61 3 000000b6 000000000
CSRDBG 61 addr=fe0 priv=3 dec=0 csr=0 raw=1 pw=0 dbg=0 op=0
SECDET 61 pc=0 rf=0 intg=0
C 61 00000090 1 0 0 1 5 0
LOCK 62 rst=1 cmp=5 mismatch=0 rf=0 cap=0
SAMPLE 62 ai=0 ab=0 am=0 pc=0 mismatch=0 rf=0 mode=0
T 62 00000090 0 1 0 0 0 0 0 0 1 0 0 0 0 0
SECDET 62 pc=0 rf=0 intg=0
R 62 38 0000008c fff18193
C 62 00000090 0 0 0 0 5 0
LOCK 63 rst=1 cmp=5 mismatch=0 rf=0 cap=0
SAMPLE 63 ai=0 ab=0 am=0 pc=0 mismatch=0 rf=0 mode=0
T 63 0000008c 1 1 0 0 0 0 0 0 1 0 0 1 0 0
CSRDBG 63 addr=fff priv=3 dec=0 csr=0 raw=1 pw=0 dbg=0 op=0
SECDET 63 pc=0 rf=0 intg=0
R 63 39 00000090 fe019ee3
C 63 0000008c 1 0 0 0 5 0
LOCK 64 rst=1 cmp=5 mismatch=0 rf=0 cap=0
SAMPLE 64 ai=0 ab=0 am=0 pc=0 mismatch=0 rf=0 mode=0
T 64 00000090 1 1 0 0 0 0 0 0 1 0 1 1 0 0
W 64 3 000000b5 000000000
CSRDBG 64 addr=fe0 priv=3 dec=0 csr=0 raw=1 pw=0 dbg=0 op=0
SECDET 64 pc=0 rf=0 intg=0
C 64 00000090 1 0 0 1 5 0
LOCK 65 rst=1 cmp=5 mismatch=0 rf=0 cap=0
SAMPLE 65 ai=0 ab=0 am=0 pc=0 mismatch=0 rf=0 mode=0
T 65 00000090 0 1 0 0 0 0 0 0 1 0 0 0 0 0
SECDET 65 pc=0 rf=0 intg=0
R 65 40 0000008c fff18193
C 65 00000090 0 0 0 0 5 0
LOCK 66 rst=1 cmp=5 mismatch=0 rf=0 cap=0
SAMPLE 66 ai=0 ab=0 am=0 pc=0 mismatch=0 rf=0 mode=0
T 66 0000008c 1 1 0 0 0 0 0 0 1 0 0 1 0 0
CSRDBG 66 addr=fff priv=3 dec=0 csr=0 raw=1 pw=0 dbg=0 op=0
SECDET 66 pc=0 rf=0 intg=0
R 66 41 00000090 fe019ee3
C 66 0000008c 1 0 0 0 5 0
LOCK 67 rst=1 cmp=5 mismatch=0 rf=0 cap=0
SAMPLE 67 ai=0 ab=0 am=0 pc=0 mismatch=0 rf=0 mode=0
T 67 00000090 1 1 0 0 0 0 0 0 1 0 1 1 0 0
W 67 3 000000b4 000000000
CSRDBG 67 addr=fe0 priv=3 dec=0 csr=0 raw=1 pw=0 dbg=0 op=0
SECDET 67 pc=0 rf=0 intg=0
C 67 00000090 1 0 0 1 5 0
LOCK 68 rst=1 cmp=5 mismatch=0 rf=0 cap=0
SAMPLE 68 ai=0 ab=0 am=0 pc=0 mismatch=0 rf=0 mode=0
T 68 00000090 0 1 0 0 0 0 0 0 1 0 0 0 0 0
SECDET 68 pc=0 rf=0 intg=0
R 68 42 0000008c fff18193
C 68 00000090 0 0 0 0 5 0
LOCK 69 rst=1 cmp=5 mismatch=0 rf=0 cap=0
SAMPLE 69 ai=0 ab=0 am=0 pc=0 mismatch=0 rf=0 mode=0
T 69 0000008c 1 1 0 0 0 0 0 0 1 0 0 1 0 0
CSRDBG 69 addr=fff priv=3 dec=0 csr=0 raw=1 pw=0 dbg=0 op=0
SECDET 69 pc=0 rf=0 intg=0
R 69 43 00000090 fe019ee3
C 69 0000008c 1 0 0 0 5 0
LOCK 70 rst=1 cmp=5 mismatch=0 rf=0 cap=0
SAMPLE 70 ai=0 ab=0 am=0 pc=0 mismatch=0 rf=0 mode=0
T 70 00000090 1 1 0 0 0 0 0 0 1 0 1 1 0 0
W 70 3 000000b3 000000000
CSRDBG 70 addr=fe0 priv=3 dec=0 csr=0 raw=1 pw=0 dbg=0 op=0
SECDET 70 pc=0 rf=0 intg=0
C 70 00000090 1 0 0 1 5 0
LOCK 71 rst=1 cmp=5 mismatch=0 rf=0 cap=0
SAMPLE 71 ai=0 ab=0 am=0 pc=0 mismatch=0 rf=0 mode=0
T 71 00000090 0 1 0 0 0 0 0 0 1 0 0 0 0 0
SECDET 71 pc=0 rf=0 intg=0
R 71 44 0000008c fff18193
C 71 00000090 0 0 0 0 5 0
LOCK 72 rst=1 cmp=5 mismatch=0 rf=0 cap=0
SAMPLE 72 ai=0 ab=0 am=0 pc=0 mismatch=0 rf=0 mode=0
T 72 0000008c 1 1 0 0 0 0 0 0 1 0 0 1 0 0
CSRDBG 72 addr=fff priv=3 dec=0 csr=0 raw=1 pw=0 dbg=0 op=0
SECDET 72 pc=0 rf=0 intg=0
R 72 45 00000090 fe019ee3
C 72 0000008c 1 0 0 0 5 0
LOCK 73 rst=1 cmp=5 mismatch=0 rf=0 cap=0
SAMPLE 73 ai=0 ab=0 am=0 pc=0 mismatch=0 rf=0 mode=0
T 73 00000090 1 1 0 0 0 0 0 0 1 0 1 1 0 0
W 73 3 000000b2 000000000
CSRDBG 73 addr=fe0 priv=3 dec=0 csr=0 raw=1 pw=0 dbg=0 op=0
SECDET 73 pc=0 rf=0 intg=0
C 73 00000090 1 0 0 1 5 0
LOCK 74 rst=1 cmp=5 mismatch=0 rf=0 cap=0
SAMPLE 74 ai=0 ab=0 am=0 pc=0 mismatch=0 rf=0 mode=0
T 74 00000090 0 1 0 0 0 0 0 0 1 0 0 0 0 0
SECDET 74 pc=0 rf=0 intg=0
R 74 46 0000008c fff18193
C 74 00000090 0 0 0 0 5 0
LOCK 75 rst=1 cmp=5 mismatch=0 rf=0 cap=0
SAMPLE 75 ai=0 ab=0 am=0 pc=0 mismatch=0 rf=0 mode=0
T 75 0000008c 1 1 0 0 0 0 0 0 1 0 0 1 0 0
CSRDBG 75 addr=fff priv=3 dec=0 csr=0 raw=1 pw=0 dbg=0 op=0
SECDET 75 pc=0 rf=0 intg=0
R 75 47 00000090 fe019ee3
C 75 0000008c 1 0 0 0 5 0
LOCK 76 rst=1 cmp=5 mismatch=0 rf=0 cap=0
SAMPLE 76 ai=0 ab=0 am=0 pc=0 mismatch=0 rf=0 mode=0
T 76 00000090 1 1 0 0 0 0 0 0 1 0 1 1 0 0
W 76 3 000000b1 000000000
CSRDBG 76 addr=fe0 priv=3 dec=0 csr=0 raw=1 pw=0 dbg=0 op=0
SECDET 76 pc=0 rf=0 intg=0
C 76 00000090 1 0 0 1 5 0
LOCK 77 rst=1 cmp=5 mismatch=0 rf=0 cap=0
SAMPLE 77 ai=0 ab=0 am=0 pc=0 mismatch=0 rf=0 mode=0
T 77 00000090 0 1 0 0 0 0 0 0 1 0 0 0 0 0
SECDET 77 pc=0 rf=0 intg=0
R 77 48 0000008c fff18193
C 77 00000090 0 0 0 0 5 0
LOCK 78 rst=1 cmp=5 mismatch=0 rf=0 cap=0
SAMPLE 78 ai=0 ab=0 am=0 pc=0 mismatch=0 rf=0 mode=0
T 78 0000008c 1 1 0 0 0 0 0 0 1 0 0 1 0 0
CSRDBG 78 addr=fff priv=3 dec=0 csr=0 raw=1 pw=0 dbg=0 op=0
SECDET 78 pc=0 rf=0 intg=0
R 78 49 00000090 fe019ee3
C 78 0000008c 1 0 0 0 5 0
LOCK 79 rst=1 cmp=5 mismatch=0 rf=0 cap=0
SAMPLE 79 ai=0 ab=0 am=0 pc=0 mismatch=0 rf=0 mode=0
T 79 00000090 1 1 0 0 0 0 0 0 1 0 1 1 0 0
W 79 3 000000b0 000000000
CSRDBG 79 addr=fe0 priv=3 dec=0 csr=0 raw=1 pw=0 dbg=0 op=0
SECDET 79 pc=0 rf=0 intg=0
C 79 00000090 1 0 0 1 5 0
LOCK 80 rst=1 cmp=5 mismatch=0 rf=0 cap=0
SAMPLE 80 ai=0 ab=0 am=0 pc=0 mismatch=0 rf=0 mode=0
T 80 00000090 0 1 0 0 0 0 0 0 1 0 0 0 0 0
SECDET 80 pc=0 rf=0 intg=0
R 80 50 0000008c fff18193
C 80 00000090 0 0 0 0 5 0
LOCK 81 rst=1 cmp=5 mismatch=0 rf=0 cap=0
SAMPLE 81 ai=0 ab=0 am=0 pc=0 mismatch=0 rf=0 mode=0
T 81 0000008c 1 1 0 0 0 0 0 0 1 0 0 1 0 0
SECDET 81 pc=0 rf=0 intg=0
R 81 51 00000090 fe019ee3
C 81 0000008c 1 0 0 0 5 0
LOCK 82 rst=1 cmp=5 mismatch=0 rf=0 cap=0
SAMPLE 82 ai=0 ab=0 am=0 pc=0 mismatch=0 rf=0 mode=0
T 82 00000090 1 1 0 0 0 0 0 0 1 0 1 1 0 0
W 82 3 000000af 000000000
SECDET 82 pc=0 rf=0 intg=0
C 82 00000090 1 0 0 1 5 0
LOCK 83 rst=1 cmp=5 mismatch=0 rf=0 cap=0
SAMPLE 83 ai=0 ab=0 am=0 pc=0 mismatch=0 rf=0 mode=0
T 83 00000090 0 1 0 0 0 0 0 0 1 0 0 0 0 0
SECDET 83 pc=0 rf=0 intg=0
R 83 52 0000008c fff18193
C 83 00000090 0 0 0 0 5 0
LOCK 84 rst=1 cmp=5 mismatch=0 rf=0 cap=0
SAMPLE 84 ai=0 ab=0 am=0 pc=0 mismatch=0 rf=0 mode=0
T 84 0000008c 1 1 0 0 0 0 0 0 1 0 0 1 0 0
SECDET 84 pc=0 rf=0 intg=0
R 84 53 00000090 fe019ee3
C 84 0000008c 1 0 0 0 5 0
LOCK 85 rst=1 cmp=5 mismatch=0 rf=0 cap=0
SAMPLE 85 ai=0 ab=0 am=0 pc=0 mismatch=0 rf=0 mode=0
T 85 00000090 1 1 0 0 0 0 0 0 1 0 1 1 0 0
W 85 3 000000ae 000000000
SECDET 85 pc=0 rf=0 intg=0
C 85 00000090 1 0 0 1 5 0
LOCK 86 rst=1 cmp=5 mismatch=0 rf=0 cap=0
SAMPLE 86 ai=0 ab=0 am=0 pc=0 mismatch=0 rf=0 mode=0
T 86 00000090 0 1 0 0 0 0 0 0 1 0 0 0 0 0
SECDET 86 pc=0 rf=0 intg=0
R 86 54 0000008c fff18193
C 86 00000090 0 0 0 0 5 0
LOCK 87 rst=1 cmp=5 mismatch=0 rf=0 cap=0
SAMPLE 87 ai=0 ab=0 am=0 pc=0 mismatch=0 rf=0 mode=0
T 87 0000008c 1 1 0 0 0 0 0 0 1 0 0 1 0 0
SECDET 87 pc=0 rf=0 intg=0
R 87 55 00000090 fe019ee3
C 87 0000008c 1 0 0 0 5 0
LOCK 88 rst=1 cmp=5 mismatch=0 rf=0 cap=0
SAMPLE 88 ai=0 ab=0 am=0 pc=0 mismatch=0 rf=0 mode=0
T 88 00000090 1 1 0 0 0 0 0 0 1 0 1 1 0 0
W 88 3 000000ad 000000000
SECDET 88 pc=0 rf=0 intg=0
C 88 00000090 1 0 0 1 5 0
LOCK 89 rst=1 cmp=5 mismatch=0 rf=0 cap=0
SAMPLE 89 ai=0 ab=0 am=0 pc=0 mismatch=0 rf=0 mode=0
T 89 00000090 0 1 0 0 0 0 0 0 1 0 0 0 0 0
SECDET 89 pc=0 rf=0 intg=0
R 89 56 0000008c fff18193
C 89 00000090 0 0 0 0 5 0
LOCK 90 rst=1 cmp=5 mismatch=0 rf=0 cap=0
SAMPLE 90 ai=0 ab=0 am=0 pc=0 mismatch=0 rf=0 mode=0
T 90 0000008c 1 1 0 0 0 0 0 0 1 0 0 1 0 0
SECDET 90 pc=0 rf=0 intg=0
R 90 57 00000090 fe019ee3
C 90 0000008c 1 0 0 0 5 0
LOCK 91 rst=1 cmp=5 mismatch=0 rf=0 cap=0
SAMPLE 91 ai=0 ab=0 am=0 pc=0 mismatch=0 rf=0 mode=0
T 91 00000090 1 1 0 0 0 0 0 0 1 0 1 1 0 0
W 91 3 000000ac 000000000
SECDET 91 pc=0 rf=0 intg=0
C 91 00000090 1 0 0 1 5 0
LOCK 92 rst=1 cmp=5 mismatch=0 rf=0 cap=0
SAMPLE 92 ai=0 ab=0 am=0 pc=0 mismatch=0 rf=0 mode=0
T 92 00000090 0 1 0 0 0 0 0 0 1 0 0 0 0 0
SECDET 92 pc=0 rf=0 intg=0
R 92 58 0000008c fff18193
C 92 00000090 0 0 0 0 5 0
LOCK 93 rst=1 cmp=5 mismatch=0 rf=0 cap=0
SAMPLE 93 ai=0 ab=0 am=0 pc=0 mismatch=0 rf=0 mode=0
T 93 0000008c 1 1 0 0 0 0 0 0 1 0 0 1 0 0
SECDET 93 pc=0 rf=0 intg=0
R 93 59 00000090 fe019ee3
C 93 0000008c 1 0 0 0 5 0
LOCK 94 rst=1 cmp=5 mismatch=0 rf=0 cap=0
SAMPLE 94 ai=0 ab=0 am=0 pc=0 mismatch=0 rf=0 mode=0
T 94 00000090 1 1 0 0 0 0 0 0 1 0 1 1 0 0
W 94 3 000000ab 000000000
SECDET 94 pc=0 rf=0 intg=0
C 94 00000090 1 0 0 1 5 0
LOCK 95 rst=1 cmp=5 mismatch=0 rf=0 cap=0
SAMPLE 95 ai=0 ab=0 am=0 pc=0 mismatch=0 rf=0 mode=0
T 95 00000090 0 1 0 0 0 0 0 0 1 0 0 0 0 0
SECDET 95 pc=0 rf=0 intg=0
R 95 60 0000008c fff18193
C 95 00000090 0 0 0 0 5 0
LOCK 96 rst=1 cmp=5 mismatch=0 rf=0 cap=0
SAMPLE 96 ai=0 ab=0 am=0 pc=0 mismatch=0 rf=0 mode=0
T 96 0000008c 1 1 0 0 0 0 0 0 1 0 0 1 0 0
SECDET 96 pc=0 rf=0 intg=0
R 96 61 00000090 fe019ee3
C 96 0000008c 1 0 0 0 5 0
LOCK 97 rst=1 cmp=5 mismatch=0 rf=0 cap=0
SAMPLE 97 ai=0 ab=0 am=0 pc=0 mismatch=0 rf=0 mode=0
T 97 00000090 1 1 0 0 0 0 0 0 1 0 1 1 0 0
W 97 3 000000aa 000000000
SECDET 97 pc=0 rf=0 intg=0
C 97 00000090 1 0 0 1 5 0
LOCK 98 rst=1 cmp=5 mismatch=0 rf=0 cap=0
SAMPLE 98 ai=0 ab=0 am=0 pc=0 mismatch=0 rf=0 mode=0
T 98 00000090 0 1 0 0 0 0 0 0 1 0 0 0 0 0
SECDET 98 pc=0 rf=0 intg=0
R 98 62 0000008c fff18193
C 98 00000090 0 0 0 0 5 0
LOCK 99 rst=1 cmp=5 mismatch=0 rf=0 cap=0
SAMPLE 99 ai=0 ab=0 am=0 pc=0 mismatch=0 rf=0 mode=0
T 99 0000008c 1 1 0 0 0 0 0 0 1 0 0 1 0 0
SECDET 99 pc=0 rf=0 intg=0
R 99 63 00000090 fe019ee3
C 99 0000008c 1 0 0 0 5 0
LOCK 100 rst=1 cmp=5 mismatch=0 rf=0 cap=0
INJECT 100 fault=4
SAMPLE 100 ai=0 ab=0 am=0 pc=0 mismatch=0 rf=0 mode=0
T 100 00000090 1 1 0 0 0 0 0 0 1 0 1 1 0 0
W 100 3 000000a9 000000000
SECDET 100 pc=0 rf=0 intg=0
C 100 00000090 1 0 0 1 5 0
LOCK 101 rst=1 cmp=5 mismatch=0 rf=0 cap=0
SAMPLE 101 ai=0 ab=0 am=0 pc=0 mismatch=0 rf=0 mode=0
T 101 00000090 0 1 0 0 0 0 0 0 1 0 0 0 0 0
SECDET 101 pc=0 rf=0 intg=0
R 101 64 0000008c fff18193
C 101 00000090 0 0 0 0 5 0
LOCK 102 rst=1 cmp=5 mismatch=0 rf=0 cap=0
SAMPLE 102 ai=0 ab=0 am=0 pc=0 mismatch=0 rf=0 mode=0
T 102 0000008c 1 1 0 0 0 0 0 0 1 0 0 1 0 0
SECDET 102 pc=0 rf=0 intg=0
R 102 65 00000090 fe019ee3
C 102 0000008c 1 0 0 0 5 0
LOCK 103 rst=1 cmp=5 mismatch=0 rf=0 cap=0
SAMPLE 103 ai=0 ab=0 am=0 pc=0 mismatch=0 rf=0 mode=0
T 103 00000090 1 1 0 0 0 0 0 0 1 0 1 1 0 0
W 103 3 cafef00d 000000000
SECDET 103 pc=0 rf=0 intg=0
C 103 00000090 1 0 0 1 5 0
LOCK 104 rst=1 cmp=5 mismatch=0 rf=0 cap=0
SAMPLE 104 ai=0 ab=0 am=0 pc=0 mismatch=0 rf=0 mode=0
T 104 00000090 0 1 0 0 0 0 0 0 1 0 0 0 0 0
SECDET 104 pc=0 rf=0 intg=0
R 104 66 0000008c fff18193
C 104 00000090 0 0 0 0 5 0
LOCK 105 rst=1 cmp=5 mismatch=0 rf=0 cap=0
SAMPLE 105 ai=1 ab=0 am=0 pc=0 mismatch=1 rf=0 mode=0
T 105 0000008c 1 1 0 0 0 0 0 0 1 0 0 1 0 0
SECDET 105 pc=0 rf=0 intg=0
R 105 67 00000090 fe019ee3
C 105 0000008c 1 0 0 0 5 0
ALERT internal 105
LOCK 106 rst=1 cmp=5 mismatch=1 rf=0 cap=0
SAMPLE 106 ai=1 ab=0 am=0 pc=0 mismatch=0 rf=1 mode=0
T 106 00000090 1 1 0 0 0 0 0 0 1 0 1 1 0 0
W 106 3 cafef00d 000000000
SECDET 106 pc=0 rf=0 intg=0
C 106 00000090 1 0 0 1 5 0
LOCK 107 rst=1 cmp=5 mismatch=0 rf=1 cap=0
SAMPLE 107 ai=0 ab=0 am=0 pc=0 mismatch=0 rf=0 mode=0
T 107 00000090 0 1 0 0 0 0 0 0 1 0 0 0 0 0
SECDET 107 pc=0 rf=0 intg=0
R 107 68 0000008c fff18193
C 107 00000090 0 0 0 0 5 0
LOCK 108 rst=1 cmp=5 mismatch=0 rf=0 cap=0
SAMPLE 108 ai=1 ab=0 am=0 pc=0 mismatch=1 rf=0 mode=0
T 108 0000008c 1 1 0 0 0 0 0 0 1 0 0 1 0 0
SECDET 108 pc=0 rf=0 intg=0
R 108 69 00000090 fe019ee3
C 108 0000008c 1 0 0 0 5 0
LOCK 109 rst=1 cmp=5 mismatch=1 rf=0 cap=0
SAMPLE 109 ai=1 ab=0 am=0 pc=0 mismatch=0 rf=1 mode=0
T 109 00000090 1 1 0 0 0 0 0 0 1 0 1 1 0 0
W 109 3 cafef00d 000000000
SECDET 109 pc=0 rf=0 intg=0
C 109 00000090 1 0 0 1 5 0
LOCK 110 rst=1 cmp=5 mismatch=0 rf=1 cap=0
SAMPLE 110 ai=0 ab=0 am=0 pc=0 mismatch=0 rf=0 mode=0
T 110 00000090 0 1 0 0 0 0 0 0 1 0 0 0 0 0
SECDET 110 pc=0 rf=0 intg=0
R 110 70 0000008c fff18193
C 110 00000090 0 0 0 0 5 0
LOCK 111 rst=1 cmp=5 mismatch=0 rf=0 cap=0
SAMPLE 111 ai=1 ab=0 am=0 pc=0 mismatch=1 rf=0 mode=0
T 111 0000008c 1 1 0 0 0 0 0 0 1 0 0 1 0 0
SECDET 111 pc=0 rf=0 intg=0
R 111 71 00000090 fe019ee3
C 111 0000008c 1 0 0 0 5 0
LOCK 112 rst=1 cmp=5 mismatch=1 rf=0 cap=0
SAMPLE 112 ai=1 ab=0 am=0 pc=0 mismatch=0 rf=1 mode=0
T 112 00000090 1 1 0 0 0 0 0 0 1 0 1 1 0 0
W 112 3 cafef00c 000000000
SECDET 112 pc=0 rf=0 intg=0
C 112 00000090 1 0 0 1 5 0
LOCK 113 rst=1 cmp=5 mismatch=0 rf=1 cap=0
SAMPLE 113 ai=0 ab=0 am=0 pc=0 mismatch=0 rf=0 mode=0
T 113 00000090 0 1 0 0 0 0 0 0 1 0 0 0 0 0
SECDET 113 pc=0 rf=0 intg=0
R 113 72 0000008c fff18193
C 113 00000090 0 0 0 0 5 0
LOCK 114 rst=1 cmp=5 mismatch=0 rf=0 cap=0
SAMPLE 114 ai=0 ab=0 am=0 pc=0 mismatch=0 rf=0 mode=0
T 114 0000008c 1 1 0 0 0 0 0 0 1 0 0 1 0 0
SECDET 114 pc=0 rf=0 intg=0
R 114 73 00000090 fe019ee3
C 114 0000008c 1 0 0 0 5 0
LOCK 115 rst=1 cmp=5 mismatch=0 rf=0 cap=0
SAMPLE 115 ai=0 ab=0 am=0 pc=0 mismatch=0 rf=0 mode=0
T 115 00000090 1 1 0 0 0 0 0 0 1 0 1 1 0 0
W 115 3 cafef00b 000000000
SECDET 115 pc=0 rf=0 intg=0
C 115 00000090 1 0 0 1 5 0
LOCK 116 rst=1 cmp=5 mismatch=0 rf=0 cap=0
SAMPLE 116 ai=0 ab=0 am=0 pc=0 mismatch=0 rf=0 mode=0
T 116 00000090 0 1 0 0 0 0 0 0 1 0 0 0 0 0
SECDET 116 pc=0 rf=0 intg=0
R 116 74 0000008c fff18193
C 116 00000090 0 0 0 0 5 0
LOCK 117 rst=1 cmp=5 mismatch=0 rf=0 cap=0
SAMPLE 117 ai=0 ab=0 am=0 pc=0 mismatch=0 rf=0 mode=0
T 117 0000008c 1 1 0 0 0 0 0 0 1 0 0 1 0 0
SECDET 117 pc=0 rf=0 intg=0
R 117 75 00000090 fe019ee3
C 117 0000008c 1 0 0 0 5 0
LOCK 118 rst=1 cmp=5 mismatch=0 rf=0 cap=0
SAMPLE 118 ai=0 ab=0 am=0 pc=0 mismatch=0 rf=0 mode=0
T 118 00000090 1 1 0 0 0 0 0 0 1 0 1 1 0 0
W 118 3 cafef00a 000000000
SECDET 118 pc=0 rf=0 intg=0
C 118 00000090 1 0 0 1 5 0
LOCK 119 rst=1 cmp=5 mismatch=0 rf=0 cap=0
SAMPLE 119 ai=0 ab=0 am=0 pc=0 mismatch=0 rf=0 mode=0
T 119 00000090 0 1 0 0 0 0 0 0 1 0 0 0 0 0
SECDET 119 pc=0 rf=0 intg=0
R 119 76 0000008c fff18193
C 119 00000090 0 0 0 0 5 0
T 120 0000008c 1 1 0 0 0 0 0 0 1 0 0 1 0 0
R 120 77 00000090 fe019ee3
C 120 0000008c 1 0 0 0 5 0
T 121 00000090 1 1 0 0 0 0 0 0 1 0 1 1 0 0
W 121 3 cafef009 000000000
C 121 00000090 1 0 0 1 5 0
T 122 00000090 0 1 0 0 0 0 0 0 1 0 0 0 0 0
R 122 78 0000008c fff18193
C 122 00000090 0 0 0 0 5 0
T 123 0000008c 1 1 0 0 0 0 0 0 1 0 0 1 0 0
R 123 79 00000090 fe019ee3
C 123 0000008c 1 0 0 0 5 0
T 124 00000090 1 1 0 0 0 0 0 0 1 0 1 1 0 0
W 124 3 cafef008 000000000
C 124 00000090 1 0 0 1 5 0
T 125 00000090 0 1 0 0 0 0 0 0 1 0 0 0 0 0
R 125 80 0000008c fff18193
C 125 00000090 0 0 0 0 5 0
T 126 0000008c 1 1 0 0 0 0 0 0 1 0 0 1 0 0
R 126 81 00000090 fe019ee3
C 126 0000008c 1 0 0 0 5 0
T 127 00000090 1 1 0 0 0 0 0 0 1 0 1 1 0 0
W 127 3 cafef007 000000000
C 127 00000090 1 0 0 1 5 0
T 128 00000090 0 1 0 0 0 0 0 0 1 0 0 0 0 0
R 128 82 0000008c fff18193
C 128 00000090 0 0 0 0 5 0
T 129 0000008c 1 1 0 0 0 0 0 0 1 0 0 1 0 0
R 129 83 00000090 fe019ee3
C 129 0000008c 1 0 0 0 5 0
T 130 00000090 1 1 0 0 0 0 0 0 1 0 1 1 0 0
W 130 3 cafef006 000000000
C 130 00000090 1 0 0 1 5 0
T 131 00000090 0 1 0 0 0 0 0 0 1 0 0 0 0 0
R 131 84 0000008c fff18193
C 131 00000090 0 0 0 0 5 0
T 132 0000008c 1 1 0 0 0 0 0 0 1 0 0 1 0 0
R 132 85 00000090 fe019ee3
C 132 0000008c 1 0 0 0 5 0
T 133 00000090 1 1 0 0 0 0 0 0 1 0 1 1 0 0
W 133 3 cafef005 000000000
C 133 00000090 1 0 0 1 5 0
T 134 00000090 0 1 0 0 0 0 0 0 1 0 0 0 0 0
R 134 86 0000008c fff18193
C 134 00000090 0 0 0 0 5 0
T 135 0000008c 1 1 0 0 0 0 0 0 1 0 0 1 0 0
R 135 87 00000090 fe019ee3
C 135 0000008c 1 0 0 0 5 0
T 136 00000090 1 1 0 0 0 0 0 0 1 0 1 1 0 0
W 136 3 cafef004 000000000
C 136 00000090 1 0 0 1 5 0
T 137 00000090 0 1 0 0 0 0 0 0 1 0 0 0 0 0
R 137 88 0000008c fff18193
C 137 00000090 0 0 0 0 5 0
T 138 0000008c 1 1 0 0 0 0 0 0 1 0 0 1 0 0
R 138 89 00000090 fe019ee3
C 138 0000008c 1 0 0 0 5 0
T 139 00000090 1 1 0 0 0 0 0 0 1 0 1 1 0 0
W 139 3 cafef003 000000000
C 139 00000090 1 0 0 1 5 0
T 140 00000090 0 1 0 0 0 0 0 0 1 0 0 0 0 0
R 140 90 0000008c fff18193
C 140 00000090 0 0 0 0 5 0
T 141 0000008c 1 1 0 0 0 0 0 0 1 0 0 1 0 0
R 141 91 00000090 fe019ee3
C 141 0000008c 1 0 0 0 5 0
T 142 00000090 1 1 0 0 0 0 0 0 1 0 1 1 0 0
W 142 3 cafef002 000000000
C 142 00000090 1 0 0 1 5 0
T 143 00000090 0 1 0 0 0 0 0 0 1 0 0 0 0 0
R 143 92 0000008c fff18193
C 143 00000090 0 0 0 0 5 0
T 144 0000008c 1 1 0 0 0 0 0 0 1 0 0 1 0 0
R 144 93 00000090 fe019ee3
C 144 0000008c 1 0 0 0 5 0
T 145 00000090 1 1 0 0 0 0 0 0 1 0 1 1 0 0
W 145 3 cafef001 000000000
C 145 00000090 1 0 0 1 5 0
T 146 00000090 0 1 0 0 0 0 0 0 1 0 0 0 0 0
R 146 94 0000008c fff18193
C 146 00000090 0 0 0 0 5 0
T 147 0000008c 1 1 0 0 0 0 0 0 1 0 0 1 0 0
R 147 95 00000090 fe019ee3
C 147 0000008c 1 0 0 0 5 0
T 148 00000090 1 1 0 0 0 0 0 0 1 0 1 1 0 0
W 148 3 cafef000 000000000
C 148 00000090 1 0 0 1 5 0
T 149 00000090 0 1 0 0 0 0 0 0 1 0 0 0 0 0
R 149 96 0000008c fff18193
C 149 00000090 0 0 0 0 5 0
T 150 0000008c 1 1 0 0 0 0 0 0 1 0 0 1 0 0
R 150 97 00000090 fe019ee3
C 150 0000008c 1 0 0 0 5 0
T 151 00000090 1 1 0 0 0 0 0 0 1 0 1 1 0 0
W 151 3 cafeefff 000000000
C 151 00000090 1 0 0 1 5 0
T 152 00000090 0 1 0 0 0 0 0 0 1 0 0 0 0 0
R 152 98 0000008c fff18193
C 152 00000090 0 0 0 0 5 0
T 153 0000008c 1 1 0 0 0 0 0 0 1 0 0 1 0 0
R 153 99 00000090 fe019ee3
C 153 0000008c 1 0 0 0 5 0
T 154 00000090 1 1 0 0 0 0 0 0 1 0 1 1 0 0
W 154 3 cafeeffe 000000000
C 154 00000090 1 0 0 1 5 0
T 155 00000090 0 1 0 0 0 0 0 0 1 0 0 0 0 0
R 155 100 0000008c fff18193
C 155 00000090 0 0 0 0 5 0
T 156 0000008c 1 1 0 0 0 0 0 0 1 0 0 1 0 0
R 156 101 00000090 fe019ee3
C 156 0000008c 1 0 0 0 5 0
T 157 00000090 1 1 0 0 0 0 0 0 1 0 1 1 0 0
W 157 3 cafeeffd 000000000
C 157 00000090 1 0 0 1 5 0
T 158 00000090 0 1 0 0 0 0 0 0 1 0 0 0 0 0
R 158 102 0000008c fff18193
C 158 00000090 0 0 0 0 5 0
T 159 0000008c 1 1 0 0 0 0 0 0 1 0 0 1 0 0
R 159 103 00000090 fe019ee3
C 159 0000008c 1 0 0 0 5 0
T 160 00000090 1 1 0 0 0 0 0 0 1 0 1 1 0 0
W 160 3 cafeeffc 000000000
C 160 00000090 1 0 0 1 5 0
T 161 00000090 0 1 0 0 0 0 0 0 1 0 0 0 0 0
R 161 104 0000008c fff18193
C 161 00000090 0 0 0 0 5 0
T 162 0000008c 1 1 0 0 0 0 0 0 1 0 0 1 0 0
R 162 105 00000090 fe019ee3
C 162 0000008c 1 0 0 0 5 0
T 163 00000090 1 1 0 0 0 0 0 0 1 0 1 1 0 0
W 163 3 cafeeffb 000000000
C 163 00000090 1 0 0 1 5 0
T 164 00000090 0 1 0 0 0 0 0 0 1 0 0 0 0 0
R 164 106 0000008c fff18193
C 164 00000090 0 0 0 0 5 0
T 165 0000008c 1 1 0 0 0 0 0 0 1 0 0 1 0 0
R 165 107 00000090 fe019ee3
C 165 0000008c 1 0 0 0 5 0
T 166 00000090 1 1 0 0 0 0 0 0 1 0 1 1 0 0
W 166 3 cafeeffa 000000000
C 166 00000090 1 0 0 1 5 0
T 167 00000090 0 1 0 0 0 0 0 0 1 0 0 0 0 0
R 167 108 0000008c fff18193
C 167 00000090 0 0 0 0 5 0
T 168 0000008c 1 1 0 0 0 0 0 0 1 0 0 1 0 0
R 168 109 00000090 fe019ee3
C 168 0000008c 1 0 0 0 5 0
T 169 00000090 1 1 0 0 0 0 0 0 1 0 1 1 0 0
W 169 3 cafeeff9 000000000
C 169 00000090 1 0 0 1 5 0
T 170 00000090 0 1 0 0 0 0 0 0 1 0 0 0 0 0
R 170 110 0000008c fff18193
C 170 00000090 0 0 0 0 5 0
T 171 0000008c 1 1 0 0 0 0 0 0 1 0 0 1 0 0
R 171 111 00000090 fe019ee3
C 171 0000008c 1 0 0 0 5 0
T 172 00000090 1 1 0 0 0 0 0 0 1 0 1 1 0 0
W 172 3 cafeeff8 000000000
C 172 00000090 1 0 0 1 5 0
T 173 00000090 0 1 0 0 0 0 0 0 1 0 0 0 0 0
R 173 112 0000008c fff18193
C 173 00000090 0 0 0 0 5 0
T 174 0000008c 1 1 0 0 0 0 0 0 1 0 0 1 0 0
R 174 113 00000090 fe019ee3
C 174 0000008c 1 0 0 0 5 0
T 175 00000090 1 1 0 0 0 0 0 0 1 0 1 1 0 0
W 175 3 cafeeff7 000000000
C 175 00000090 1 0 0 1 5 0
T 176 00000090 0 1 0 0 0 0 0 0 1 0 0 0 0 0
R 176 114 0000008c fff18193
C 176 00000090 0 0 0 0 5 0
T 177 0000008c 1 1 0 0 0 0 0 0 1 0 0 1 0 0
R 177 115 00000090 fe019ee3
C 177 0000008c 1 0 0 0 5 0
T 178 00000090 1 1 0 0 0 0 0 0 1 0 1 1 0 0
W 178 3 cafeeff6 000000000
C 178 00000090 1 0 0 1 5 0
T 179 00000090 0 1 0 0 0 0 0 0 1 0 0 0 0 0
R 179 116 0000008c fff18193
C 179 00000090 0 0 0 0 5 0
T 180 0000008c 1 1 0 0 0 0 0 0 1 0 0 1 0 0
R 180 117 00000090 fe019ee3
C 180 0000008c 1 0 0 0 5 0
T 181 00000090 1 1 0 0 0 0 0 0 1 0 1 1 0 0
W 181 3 cafeeff5 000000000
C 181 00000090 1 0 0 1 5 0
T 182 00000090 0 1 0 0 0 0 0 0 1 0 0 0 0 0
R 182 118 0000008c fff18193
C 182 00000090 0 0 0 0 5 0
T 183 0000008c 1 1 0 0 0 0 0 0 1 0 0 1 0 0
R 183 119 00000090 fe019ee3
C 183 0000008c 1 0 0 0 5 0
T 184 00000090 1 1 0 0 0 0 0 0 1 0 1 1 0 0
W 184 3 cafeeff4 000000000
C 184 00000090 1 0 0 1 5 0
T 185 00000090 0 1 0 0 0 0 0 0 1 0 0 0 0 0
R 185 120 0000008c fff18193
C 185 00000090 0 0 0 0 5 0
T 186 0000008c 1 1 0 0 0 0 0 0 1 0 0 1 0 0
R 186 121 00000090 fe019ee3
C 186 0000008c 1 0 0 0 5 0
T 187 00000090 1 1 0 0 0 0 0 0 1 0 1 1 0 0
W 187 3 cafeeff3 000000000
C 187 00000090 1 0 0 1 5 0
T 188 00000090 0 1 0 0 0 0 0 0 1 0 0 0 0 0
R 188 122 0000008c fff18193
C 188 00000090 0 0 0 0 5 0
T 189 0000008c 1 1 0 0 0 0 0 0 1 0 0 1 0 0
R 189 123 00000090 fe019ee3
C 189 0000008c 1 0 0 0 5 0
T 190 00000090 1 1 0 0 0 0 0 0 1 0 1 1 0 0
W 190 3 cafeeff2 000000000
C 190 00000090 1 0 0 1 5 0
T 191 00000090 0 1 0 0 0 0 0 0 1 0 0 0 0 0
R 191 124 0000008c fff18193
C 191 00000090 0 0 0 0 5 0
T 192 0000008c 1 1 0 0 0 0 0 0 1 0 0 1 0 0
R 192 125 00000090 fe019ee3
C 192 0000008c 1 0 0 0 5 0
T 193 00000090 1 1 0 0 0 0 0 0 1 0 1 1 0 0
W 193 3 cafeeff1 000000000
C 193 00000090 1 0 0 1 5 0
T 194 00000090 0 1 0 0 0 0 0 0 1 0 0 0 0 0
R 194 126 0000008c fff18193
C 194 00000090 0 0 0 0 5 0
T 195 0000008c 1 1 0 0 0 0 0 0 1 0 0 1 0 0
R 195 127 00000090 fe019ee3
C 195 0000008c 1 0 0 0 5 0
T 196 00000090 1 1 0 0 0 0 0 0 1 0 1 1 0 0
W 196 3 cafeeff0 000000000
C 196 00000090 1 0 0 1 5 0
T 197 00000090 0 1 0 0 0 0 0 0 1 0 0 0 0 0
R 197 128 0000008c fff18193
C 197 00000090 0 0 0 0 5 0
T 198 0000008c 1 1 0 0 0 0 0 0 1 0 0 1 0 0
R 198 129 00000090 fe019ee3
C 198 0000008c 1 0 0 0 5 0
T 199 00000090 1 1 0 0 0 0 0 0 1 0 1 1 0 0
W 199 3 cafeefef 000000000
C 199 00000090 1 0 0 1 5 0
T 200 00000090 0 1 0 0 0 0 0 0 1 0 0 0 0 0
R 200 130 0000008c fff18193
C 200 00000090 0 0 0 0 5 0
T 201 0000008c 1 1 0 0 0 0 0 0 1 0 0 1 0 0
R 201 131 00000090 fe019ee3
C 201 0000008c 1 0 0 0 5 0
T 202 00000090 1 1 0 0 0 0 0 0 1 0 1 1 0 0
W 202 3 cafeefee 000000000
C 202 00000090 1 0 0 1 5 0
T 203 00000090 0 1 0 0 0 0 0 0 1 0 0 0 0 0
R 203 132 0000008c fff18193
C 203 00000090 0 0 0 0 5 0
T 204 0000008c 1 1 0 0 0 0 0 0 1 0 0 1 0 0
R 204 133 00000090 fe019ee3
C 204 0000008c 1 0 0 0 5 0
T 205 00000090 1 1 0 0 0 0 0 0 1 0 1 1 0 0
W 205 3 cafeefed 000000000
C 205 00000090 1 0 0 1 5 0
T 206 00000090 0 1 0 0 0 0 0 0 1 0 0 0 0 0
R 206 134 0000008c fff18193
C 206 00000090 0 0 0 0 5 0
T 207 0000008c 1 1 0 0 0 0 0 0 1 0 0 1 0 0
R 207 135 00000090 fe019ee3
C 207 0000008c 1 0 0 0 5 0
T 208 00000090 1 1 0 0 0 0 0 0 1 0 1 1 0 0
W 208 3 cafeefec 000000000
C 208 00000090 1 0 0 1 5 0
T 209 00000090 0 1 0 0 0 0 0 0 1 0 0 0 0 0
R 209 136 0000008c fff18193
C 209 00000090 0 0 0 0 5 0
T 210 0000008c 1 1 0 0 0 0 0 0 1 0 0 1 0 0
R 210 137 00000090 fe019ee3
C 210 0000008c 1 0 0 0 5 0
T 211 00000090 1 1 0 0 0 0 0 0 1 0 1 1 0 0
W 211 3 cafeefeb 000000000
C 211 00000090 1 0 0 1 5 0
T 212 00000090 0 1 0 0 0 0 0 0 1 0 0 0 0 0
R 212 138 0000008c fff18193
C 212 00000090 0 0 0 0 5 0
T 213 0000008c 1 1 0 0 0 0 0 0 1 0 0 1 0 0
R 213 139 00000090 fe019ee3
C 213 0000008c 1 0 0 0 5 0
T 214 00000090 1 1 0 0 0 0 0 0 1 0 1 1 0 0
W 214 3 cafeefea 000000000
C 214 00000090 1 0 0 1 5 0
T 215 00000090 0 1 0 0 0 0 0 0 1 0 0 0 0 0
R 215 140 0000008c fff18193
C 215 00000090 0 0 0 0 5 0
T 216 0000008c 1 1 0 0 0 0 0 0 1 0 0 1 0 0
R 216 141 00000090 fe019ee3
C 216 0000008c 1 0 0 0 5 0
T 217 00000090 1 1 0 0 0 0 0 0 1 0 1 1 0 0
W 217 3 cafeefe9 000000000
C 217 00000090 1 0 0 1 5 0
T 218 00000090 0 1 0 0 0 0 0 0 1 0 0 0 0 0
R 218 142 0000008c fff18193
C 218 00000090 0 0 0 0 5 0
T 219 0000008c 1 1 0 0 0 0 0 0 1 0 0 1 0 0
R 219 143 00000090 fe019ee3
C 219 0000008c 1 0 0 0 5 0
T 220 00000090 1 1 0 0 0 0 0 0 1 0 1 1 0 0
W 220 3 cafeefe8 000000000
C 220 00000090 1 0 0 1 5 0
T 221 00000090 0 1 0 0 0 0 0 0 1 0 0 0 0 0
R 221 144 0000008c fff18193
C 221 00000090 0 0 0 0 5 0
T 222 0000008c 1 1 0 0 0 0 0 0 1 0 0 1 0 0
R 222 145 00000090 fe019ee3
C 222 0000008c 1 0 0 0 5 0
T 223 00000090 1 1 0 0 0 0 0 0 1 0 1 1 0 0
W 223 3 cafeefe7 000000000
C 223 00000090 1 0 0 1 5 0
T 224 00000090 0 1 0 0 0 0 0 0 1 0 0 0 0 0
R 224 146 0000008c fff18193
C 224 00000090 0 0 0 0 5 0
T 225 0000008c 1 1 0 0 0 0 0 0 1 0 0 1 0 0
R 225 147 00000090 fe019ee3
C 225 0000008c 1 0 0 0 5 0
T 226 00000090 1 1 0 0 0 0 0 0 1 0 1 1 0 0
W 226 3 cafeefe6 000000000
C 226 00000090 1 0 0 1 5 0
T 227 00000090 0 1 0 0 0 0 0 0 1 0 0 0 0 0
R 227 148 0000008c fff18193
C 227 00000090 0 0 0 0 5 0
T 228 0000008c 1 1 0 0 0 0 0 0 1 0 0 1 0 0
R 228 149 00000090 fe019ee3
C 228 0000008c 1 0 0 0 5 0
T 229 00000090 1 1 0 0 0 0 0 0 1 0 1 1 0 0
W 229 3 cafeefe5 000000000
C 229 00000090 1 0 0 1 5 0
T 230 00000090 0 1 0 0 0 0 0 0 1 0 0 0 0 0
R 230 150 0000008c fff18193
C 230 00000090 0 0 0 0 5 0
T 231 0000008c 1 1 0 0 0 0 0 0 1 0 0 1 0 0
R 231 151 00000090 fe019ee3
C 231 0000008c 1 0 0 0 5 0
T 232 00000090 1 1 0 0 0 0 0 0 1 0 1 1 0 0
W 232 3 cafeefe4 000000000
C 232 00000090 1 0 0 1 5 0
T 233 00000090 0 1 0 0 0 0 0 0 1 0 0 0 0 0
R 233 152 0000008c fff18193
C 233 00000090 0 0 0 0 5 0
T 234 0000008c 1 1 0 0 0 0 0 0 1 0 0 1 0 0
R 234 153 00000090 fe019ee3
C 234 0000008c 1 0 0 0 5 0
T 235 00000090 1 1 0 0 0 0 0 0 1 0 1 1 0 0
W 235 3 cafeefe3 000000000
C 235 00000090 1 0 0 1 5 0
T 236 00000090 0 1 0 0 0 0 0 0 1 0 0 0 0 0
R 236 154 0000008c fff18193
C 236 00000090 0 0 0 0 5 0
T 237 0000008c 1 1 0 0 0 0 0 0 1 0 0 1 0 0
R 237 155 00000090 fe019ee3
C 237 0000008c 1 0 0 0 5 0
T 238 00000090 1 1 0 0 0 0 0 0 1 0 1 1 0 0
W 238 3 cafeefe2 000000000
C 238 00000090 1 0 0 1 5 0
T 239 00000090 0 1 0 0 0 0 0 0 1 0 0 0 0 0
R 239 156 0000008c fff18193
C 239 00000090 0 0 0 0 5 0
T 240 0000008c 1 1 0 0 0 0 0 0 1 0 0 1 0 0
R 240 157 00000090 fe019ee3
C 240 0000008c 1 0 0 0 5 0
T 241 00000090 1 1 0 0 0 0 0 0 1 0 1 1 0 0
W 241 3 cafeefe1 000000000
C 241 00000090 1 0 0 1 5 0
T 242 00000090 0 1 0 0 0 0 0 0 1 0 0 0 0 0
R 242 158 0000008c fff18193
C 242 00000090 0 0 0 0 5 0
T 243 0000008c 1 1 0 0 0 0 0 0 1 0 0 1 0 0
R 243 159 00000090 fe019ee3
C 243 0000008c 1 0 0 0 5 0
T 244 00000090 1 1 0 0 0 0 0 0 1 0 1 1 0 0
W 244 3 cafeefe0 000000000
C 244 00000090 1 0 0 1 5 0
T 245 00000090 0 1 0 0 0 0 0 0 1 0 0 0 0 0
R 245 160 0000008c fff18193
C 245 00000090 0 0 0 0 5 0
T 246 0000008c 1 1 0 0 0 0 0 0 1 0 0 1 0 0
R 246 161 00000090 fe019ee3
C 246 0000008c 1 0 0 0 5 0
T 247 00000090 1 1 0 0 0 0 0 0 1 0 1 1 0 0
W 247 3 cafeefdf 000000000
C 247 00000090 1 0 0 1 5 0
T 248 00000090 0 1 0 0 0 0 0 0 1 0 0 0 0 0
R 248 162 0000008c fff18193
C 248 00000090 0 0 0 0 5 0
T 249 0000008c 1 1 0 0 0 0 0 0 1 0 0 1 0 0
R 249 163 00000090 fe019ee3
C 249 0000008c 1 0 0 0 5 0
T 250 00000090 1 1 0 0 0 0 0 0 1 0 1 1 0 0
W 250 3 cafeefde 000000000
C 250 00000090 1 0 0 1 5 0
T 251 00000090 0 1 0 0 0 0 0 0 1 0 0 0 0 0
R 251 164 0000008c fff18193
C 251 00000090 0 0 0 0 5 0
T 252 0000008c 1 1 0 0 0 0 0 0 1 0 0 1 0 0
R 252 165 00000090 fe019ee3
C 252 0000008c 1 0 0 0 5 0
T 253 00000090 1 1 0 0 0 0 0 0 1 0 1 1 0 0
W 253 3 cafeefdd 000000000
C 253 00000090 1 0 0 1 5 0
T 254 00000090 0 1 0 0 0 0 0 0 1 0 0 0 0 0
R 254 166 0000008c fff18193
C 254 00000090 0 0 0 0 5 0
T 255 0000008c 1 1 0 0 0 0 0 0 1 0 0 1 0 0
R 255 167 00000090 fe019ee3
C 255 0000008c 1 0 0 0 5 0
T 256 00000090 1 1 0 0 0 0 0 0 1 0 1 1 0 0
W 256 3 cafeefdc 000000000
C 256 00000090 1 0 0 1 5 0
T 257 00000090 0 1 0 0 0 0 0 0 1 0 0 0 0 0
R 257 168 0000008c fff18193
C 257 00000090 0 0 0 0 5 0
T 258 0000008c 1 1 0 0 0 0 0 0 1 0 0 1 0 0
R 258 169 00000090 fe019ee3
C 258 0000008c 1 0 0 0 5 0
T 259 00000090 1 1 0 0 0 0 0 0 1 0 1 1 0 0
W 259 3 cafeefdb 000000000
C 259 00000090 1 0 0 1 5 0
T 260 00000090 0 1 0 0 0 0 0 0 1 0 0 0 0 0
R 260 170 0000008c fff18193
C 260 00000090 0 0 0 0 5 0
T 261 0000008c 1 1 0 0 0 0 0 0 1 0 0 1 0 0
R 261 171 00000090 fe019ee3
C 261 0000008c 1 0 0 0 5 0
T 262 00000090 1 1 0 0 0 0 0 0 1 0 1 1 0 0
W 262 3 cafeefda 000000000
C 262 00000090 1 0 0 1 5 0
T 263 00000090 0 1 0 0 0 0 0 0 1 0 0 0 0 0
R 263 172 0000008c fff18193
C 263 00000090 0 0 0 0 5 0
T 264 0000008c 1 1 0 0 0 0 0 0 1 0 0 1 0 0
R 264 173 00000090 fe019ee3
C 264 0000008c 1 0 0 0 5 0
T 265 00000090 1 1 0 0 0 0 0 0 1 0 1 1 0 0
W 265 3 cafeefd9 000000000
C 265 00000090 1 0 0 1 5 0
T 266 00000090 0 1 0 0 0 0 0 0 1 0 0 0 0 0
R 266 174 0000008c fff18193
C 266 00000090 0 0 0 0 5 0
T 267 0000008c 1 1 0 0 0 0 0 0 1 0 0 1 0 0
R 267 175 00000090 fe019ee3
C 267 0000008c 1 0 0 0 5 0
T 268 00000090 1 1 0 0 0 0 0 0 1 0 1 1 0 0
W 268 3 cafeefd8 000000000
C 268 00000090 1 0 0 1 5 0
T 269 00000090 0 1 0 0 0 0 0 0 1 0 0 0 0 0
R 269 176 0000008c fff18193
C 269 00000090 0 0 0 0 5 0
T 270 0000008c 1 1 0 0 0 0 0 0 1 0 0 1 0 0
R 270 177 00000090 fe019ee3
C 270 0000008c 1 0 0 0 5 0
T 271 00000090 1 1 0 0 0 0 0 0 1 0 1 1 0 0
W 271 3 cafeefd7 000000000
C 271 00000090 1 0 0 1 5 0
T 272 00000090 0 1 0 0 0 0 0 0 1 0 0 0 0 0
R 272 178 0000008c fff18193
C 272 00000090 0 0 0 0 5 0
T 273 0000008c 1 1 0 0 0 0 0 0 1 0 0 1 0 0
R 273 179 00000090 fe019ee3
C 273 0000008c 1 0 0 0 5 0
T 274 00000090 1 1 0 0 0 0 0 0 1 0 1 1 0 0
W 274 3 cafeefd6 000000000
C 274 00000090 1 0 0 1 5 0
T 275 00000090 0 1 0 0 0 0 0 0 1 0 0 0 0 0
R 275 180 0000008c fff18193
C 275 00000090 0 0 0 0 5 0
T 276 0000008c 1 1 0 0 0 0 0 0 1 0 0 1 0 0
R 276 181 00000090 fe019ee3
C 276 0000008c 1 0 0 0 5 0
T 277 00000090 1 1 0 0 0 0 0 0 1 0 1 1 0 0
W 277 3 cafeefd5 000000000
C 277 00000090 1 0 0 1 5 0
T 278 00000090 0 1 0 0 0 0 0 0 1 0 0 0 0 0
R 278 182 0000008c fff18193
C 278 00000090 0 0 0 0 5 0
T 279 0000008c 1 1 0 0 0 0 0 0 1 0 0 1 0 0
R 279 183 00000090 fe019ee3
C 279 0000008c 1 0 0 0 5 0
T 280 00000090 1 1 0 0 0 0 0 0 1 0 1 1 0 0
W 280 3 cafeefd4 000000000
C 280 00000090 1 0 0 1 5 0
T 281 00000090 0 1 0 0 0 0 0 0 1 0 0 0 0 0
R 281 184 0000008c fff18193
C 281 00000090 0 0 0 0 5 0
T 282 0000008c 1 1 0 0 0 0 0 0 1 0 0 1 0 0
R 282 185 00000090 fe019ee3
C 282 0000008c 1 0 0 0 5 0
T 283 00000090 1 1 0 0 0 0 0 0 1 0 1 1 0 0
W 283 3 cafeefd3 000000000
C 283 00000090 1 0 0 1 5 0
T 284 00000090 0 1 0 0 0 0 0 0 1 0 0 0 0 0
R 284 186 0000008c fff18193
C 284 00000090 0 0 0 0 5 0
T 285 0000008c 1 1 0 0 0 0 0 0 1 0 0 1 0 0
R 285 187 00000090 fe019ee3
C 285 0000008c 1 0 0 0 5 0
T 286 00000090 1 1 0 0 0 0 0 0 1 0 1 1 0 0
W 286 3 cafeefd2 000000000
C 286 00000090 1 0 0 1 5 0
T 287 00000090 0 1 0 0 0 0 0 0 1 0 0 0 0 0
R 287 188 0000008c fff18193
C 287 00000090 0 0 0 0 5 0
T 288 0000008c 1 1 0 0 0 0 0 0 1 0 0 1 0 0
R 288 189 00000090 fe019ee3
C 288 0000008c 1 0 0 0 5 0
T 289 00000090 1 1 0 0 0 0 0 0 1 0 1 1 0 0
W 289 3 cafeefd1 000000000
C 289 00000090 1 0 0 1 5 0
T 290 00000090 0 1 0 0 0 0 0 0 1 0 0 0 0 0
R 290 190 0000008c fff18193
C 290 00000090 0 0 0 0 5 0
T 291 0000008c 1 1 0 0 0 0 0 0 1 0 0 1 0 0
R 291 191 00000090 fe019ee3
C 291 0000008c 1 0 0 0 5 0
T 292 00000090 1 1 0 0 0 0 0 0 1 0 1 1 0 0
W 292 3 cafeefd0 000000000
C 292 00000090 1 0 0 1 5 0
T 293 00000090 0 1 0 0 0 0 0 0 1 0 0 0 0 0
R 293 192 0000008c fff18193
C 293 00000090 0 0 0 0 5 0
T 294 0000008c 1 1 0 0 0 0 0 0 1 0 0 1 0 0
R 294 193 00000090 fe019ee3
C 294 0000008c 1 0 0 0 5 0
T 295 00000090 1 1 0 0 0 0 0 0 1 0 1 1 0 0
W 295 3 cafeefcf 000000000
C 295 00000090 1 0 0 1 5 0
T 296 00000090 0 1 0 0 0 0 0 0 1 0 0 0 0 0
R 296 194 0000008c fff18193
C 296 00000090 0 0 0 0 5 0
T 297 0000008c 1 1 0 0 0 0 0 0 1 0 0 1 0 0
R 297 195 00000090 fe019ee3
C 297 0000008c 1 0 0 0 5 0
T 298 00000090 1 1 0 0 0 0 0 0 1 0 1 1 0 0
W 298 3 cafeefce 000000000
C 298 00000090 1 0 0 1 5 0
T 299 00000090 0 1 0 0 0 0 0 0 1 0 0 0 0 0
R 299 196 0000008c fff18193
C 299 00000090 0 0 0 0 5 0
T 300 0000008c 1 1 0 0 0 0 0 0 1 0 0 1 0 0
R 300 197 00000090 fe019ee3
C 300 0000008c 1 0 0 0 5 0
T 301 00000090 1 1 0 0 0 0 0 0 1 0 1 1 0 0
W 301 3 cafeefcd 000000000
C 301 00000090 1 0 0 1 5 0
T 302 00000090 0 1 0 0 0 0 0 0 1 0 0 0 0 0
R 302 198 0000008c fff18193
C 302 00000090 0 0 0 0 5 0
T 303 0000008c 1 1 0 0 0 0 0 0 1 0 0 1 0 0
R 303 199 00000090 fe019ee3
C 303 0000008c 1 0 0 0 5 0
T 304 00000090 1 1 0 0 0 0 0 0 1 0 1 1 0 0
W 304 3 cafeefcc 000000000
C 304 00000090 1 0 0 1 5 0
T 305 00000090 0 1 0 0 0 0 0 0 1 0 0 0 0 0
R 305 200 0000008c fff18193
C 305 00000090 0 0 0 0 5 0
T 306 0000008c 1 1 0 0 0 0 0 0 1 0 0 1 0 0
R 306 201 00000090 fe019ee3
C 306 0000008c 1 0 0 0 5 0
T 307 00000090 1 1 0 0 0 0 0 0 1 0 1 1 0 0
W 307 3 cafeefcb 000000000
C 307 00000090 1 0 0 1 5 0
T 308 00000090 0 1 0 0 0 0 0 0 1 0 0 0 0 0
R 308 202 0000008c fff18193
C 308 00000090 0 0 0 0 5 0
T 309 0000008c 1 1 0 0 0 0 0 0 1 0 0 1 0 0
R 309 203 00000090 fe019ee3
C 309 0000008c 1 0 0 0 5 0
T 310 00000090 1 1 0 0 0 0 0 0 1 0 1 1 0 0
W 310 3 cafeefca 000000000
C 310 00000090 1 0 0 1 5 0
T 311 00000090 0 1 0 0 0 0 0 0 1 0 0 0 0 0
R 311 204 0000008c fff18193
C 311 00000090 0 0 0 0 5 0
T 312 0000008c 1 1 0 0 0 0 0 0 1 0 0 1 0 0
R 312 205 00000090 fe019ee3
C 312 0000008c 1 0 0 0 5 0
T 313 00000090 1 1 0 0 0 0 0 0 1 0 1 1 0 0
W 313 3 cafeefc9 000000000
C 313 00000090 1 0 0 1 5 0
T 314 00000090 0 1 0 0 0 0 0 0 1 0 0 0 0 0
R 314 206 0000008c fff18193
C 314 00000090 0 0 0 0 5 0
T 315 0000008c 1 1 0 0 0 0 0 0 1 0 0 1 0 0
R 315 207 00000090 fe019ee3
C 315 0000008c 1 0 0 0 5 0
T 316 00000090 1 1 0 0 0 0 0 0 1 0 1 1 0 0
W 316 3 cafeefc8 000000000
C 316 00000090 1 0 0 1 5 0
T 317 00000090 0 1 0 0 0 0 0 0 1 0 0 0 0 0
R 317 208 0000008c fff18193
C 317 00000090 0 0 0 0 5 0
T 318 0000008c 1 1 0 0 0 0 0 0 1 0 0 1 0 0
R 318 209 00000090 fe019ee3
C 318 0000008c 1 0 0 0 5 0
T 319 00000090 1 1 0 0 0 0 0 0 1 0 1 1 0 0
W 319 3 cafeefc7 000000000
C 319 00000090 1 0 0 1 5 0
T 320 00000090 0 1 0 0 0 0 0 0 1 0 0 0 0 0
R 320 210 0000008c fff18193
C 320 00000090 0 0 0 0 5 0
T 321 0000008c 1 1 0 0 0 0 0 0 1 0 0 1 0 0
R 321 211 00000090 fe019ee3
C 321 0000008c 1 0 0 0 5 0
T 322 00000090 1 1 0 0 0 0 0 0 1 0 1 1 0 0
W 322 3 cafeefc6 000000000
C 322 00000090 1 0 0 1 5 0
T 323 00000090 0 1 0 0 0 0 0 0 1 0 0 0 0 0
R 323 212 0000008c fff18193
C 323 00000090 0 0 0 0 5 0
T 324 0000008c 1 1 0 0 0 0 0 0 1 0 0 1 0 0
R 324 213 00000090 fe019ee3
C 324 0000008c 1 0 0 0 5 0
T 325 00000090 1 1 0 0 0 0 0 0 1 0 1 1 0 0
W 325 3 cafeefc5 000000000
C 325 00000090 1 0 0 1 5 0
T 326 00000090 0 1 0 0 0 0 0 0 1 0 0 0 0 0
R 326 214 0000008c fff18193
C 326 00000090 0 0 0 0 5 0
T 327 0000008c 1 1 0 0 0 0 0 0 1 0 0 1 0 0
R 327 215 00000090 fe019ee3
C 327 0000008c 1 0 0 0 5 0
T 328 00000090 1 1 0 0 0 0 0 0 1 0 1 1 0 0
W 328 3 cafeefc4 000000000
C 328 00000090 1 0 0 1 5 0
T 329 00000090 0 1 0 0 0 0 0 0 1 0 0 0 0 0
R 329 216 0000008c fff18193
C 329 00000090 0 0 0 0 5 0
T 330 0000008c 1 1 0 0 0 0 0 0 1 0 0 1 0 0
R 330 217 00000090 fe019ee3
C 330 0000008c 1 0 0 0 5 0
T 331 00000090 1 1 0 0 0 0 0 0 1 0 1 1 0 0
W 331 3 cafeefc3 000000000
C 331 00000090 1 0 0 1 5 0
T 332 00000090 0 1 0 0 0 0 0 0 1 0 0 0 0 0
R 332 218 0000008c fff18193
C 332 00000090 0 0 0 0 5 0
T 333 0000008c 1 1 0 0 0 0 0 0 1 0 0 1 0 0
R 333 219 00000090 fe019ee3
C 333 0000008c 1 0 0 0 5 0
T 334 00000090 1 1 0 0 0 0 0 0 1 0 1 1 0 0
W 334 3 cafeefc2 000000000
C 334 00000090 1 0 0 1 5 0
T 335 00000090 0 1 0 0 0 0 0 0 1 0 0 0 0 0
R 335 220 0000008c fff18193
C 335 00000090 0 0 0 0 5 0
T 336 0000008c 1 1 0 0 0 0 0 0 1 0 0 1 0 0
R 336 221 00000090 fe019ee3
C 336 0000008c 1 0 0 0 5 0
T 337 00000090 1 1 0 0 0 0 0 0 1 0 1 1 0 0
W 337 3 cafeefc1 000000000
C 337 00000090 1 0 0 1 5 0
T 338 00000090 0 1 0 0 0 0 0 0 1 0 0 0 0 0
R 338 222 0000008c fff18193
C 338 00000090 0 0 0 0 5 0
T 339 0000008c 1 1 0 0 0 0 0 0 1 0 0 1 0 0
R 339 223 00000090 fe019ee3
C 339 0000008c 1 0 0 0 5 0
T 340 00000090 1 1 0 0 0 0 0 0 1 0 1 1 0 0
W 340 3 cafeefc0 000000000
C 340 00000090 1 0 0 1 5 0
T 341 00000090 0 1 0 0 0 0 0 0 1 0 0 0 0 0
R 341 224 0000008c fff18193
C 341 00000090 0 0 0 0 5 0
T 342 0000008c 1 1 0 0 0 0 0 0 1 0 0 1 0 0
R 342 225 00000090 fe019ee3
C 342 0000008c 1 0 0 0 5 0
T 343 00000090 1 1 0 0 0 0 0 0 1 0 1 1 0 0
W 343 3 cafeefbf 000000000
C 343 00000090 1 0 0 1 5 0
T 344 00000090 0 1 0 0 0 0 0 0 1 0 0 0 0 0
R 344 226 0000008c fff18193
C 344 00000090 0 0 0 0 5 0
SAMPLE 345 ai=0 ab=0 am=0 pc=0 mismatch=0 rf=0 mode=0
T 345 0000008c 1 1 0 0 0 0 0 0 1 0 0 1 0 0
R 345 227 00000090 fe019ee3
C 345 0000008c 1 0 0 0 5 0
SAMPLE 346 ai=0 ab=0 am=0 pc=0 mismatch=0 rf=0 mode=0
T 346 00000090 1 1 0 0 0 0 0 0 1 0 1 1 0 0
W 346 3 cafeefbe 000000000
C 346 00000090 1 0 0 1 5 0
SAMPLE 347 ai=0 ab=0 am=0 pc=0 mismatch=0 rf=0 mode=0
T 347 00000090 0 1 0 0 0 0 0 0 1 0 0 0 0 0
R 347 228 0000008c fff18193
C 347 00000090 0 0 0 0 5 0
SAMPLE 348 ai=0 ab=0 am=0 pc=0 mismatch=0 rf=0 mode=0
T 348 0000008c 1 1 0 0 0 0 0 0 1 0 0 1 0 0
R 348 229 00000090 fe019ee3
C 348 0000008c 1 0 0 0 5 0
SAMPLE 349 ai=0 ab=0 am=0 pc=0 mismatch=0 rf=0 mode=0
T 349 00000090 1 1 0 0 0 0 0 0 1 0 1 1 0 0
W 349 3 cafeefbd 000000000
C 349 00000090 1 0 0 1 5 0
SAMPLE 350 ai=0 ab=0 am=0 pc=0 mismatch=0 rf=0 mode=0
T 350 00000090 0 1 0 0 0 0 0 0 1 0 0 0 0 0
R 350 230 0000008c fff18193
C 350 00000090 0 0 0 0 5 0
SAMPLE 351 ai=0 ab=0 am=0 pc=0 mismatch=0 rf=0 mode=0
T 351 0000008c 1 1 0 0 0 0 0 0 1 0 0 1 0 0
R 351 231 00000090 fe019ee3
C 351 0000008c 1 0 0 0 5 0
SAMPLE 352 ai=0 ab=0 am=0 pc=0 mismatch=0 rf=0 mode=0
T 352 00000090 1 1 0 0 0 0 0 0 1 0 1 1 0 0
W 352 3 cafeefbc 000000000
C 352 00000090 1 0 0 1 5 0
SAMPLE 353 ai=0 ab=0 am=0 pc=0 mismatch=0 rf=0 mode=0
T 353 00000090 0 1 0 0 0 0 0 0 1 0 0 0 0 0
R 353 232 0000008c fff18193
C 353 00000090 0 0 0 0 5 0
SAMPLE 354 ai=0 ab=0 am=0 pc=0 mismatch=0 rf=0 mode=0
T 354 0000008c 1 1 0 0 0 0 0 0 1 0 0 1 0 0
R 354 233 00000090 fe019ee3
C 354 0000008c 1 0 0 0 5 0
SAMPLE 355 ai=0 ab=0 am=0 pc=0 mismatch=0 rf=0 mode=0
T 355 00000090 1 1 0 0 0 0 0 0 1 0 1 1 0 0
W 355 3 cafeefbb 000000000
C 355 00000090 1 0 0 1 5 0
SAMPLE 356 ai=0 ab=0 am=0 pc=0 mismatch=0 rf=0 mode=0
T 356 00000090 0 1 0 0 0 0 0 0 1 0 0 0 0 0
R 356 234 0000008c fff18193
C 356 00000090 0 0 0 0 5 0
SAMPLE 357 ai=0 ab=0 am=0 pc=0 mismatch=0 rf=0 mode=0
T 357 0000008c 1 1 0 0 0 0 0 0 1 0 0 1 0 0
R 357 235 00000090 fe019ee3
C 357 0000008c 1 0 0 0 5 0
SAMPLE 358 ai=0 ab=0 am=0 pc=0 mismatch=0 rf=0 mode=0
T 358 00000090 1 1 0 0 0 0 0 0 1 0 1 1 0 0
W 358 3 cafeefba 000000000
C 358 00000090 1 0 0 1 5 0
SAMPLE 359 ai=0 ab=0 am=0 pc=0 mismatch=0 rf=0 mode=0
T 359 00000090 0 1 0 0 0 0 0 0 1 0 0 0 0 0
R 359 236 0000008c fff18193
C 359 00000090 0 0 0 0 5 0
SAMPLE 360 ai=0 ab=0 am=0 pc=0 mismatch=0 rf=0 mode=0
T 360 0000008c 1 1 0 0 0 0 0 0 1 0 0 1 0 0
R 360 237 00000090 fe019ee3
C 360 0000008c 1 0 0 0 5 0
T 361 00000090 1 1 0 0 0 0 0 0 1 0 1 1 0 0
W 361 3 cafeefb9 000000000
C 361 00000090 1 0 0 1 5 0
T 362 00000090 0 1 0 0 0 0 0 0 1 0 0 0 0 0
R 362 238 0000008c fff18193
C 362 00000090 0 0 0 0 5 0
T 363 0000008c 1 1 0 0 0 0 0 0 1 0 0 1 0 0
R 363 239 00000090 fe019ee3
C 363 0000008c 1 0 0 0 5 0
T 364 00000090 1 1 0 0 0 0 0 0 1 0 1 1 0 0
W 364 3 cafeefb8 000000000
C 364 00000090 1 0 0 1 5 0
T 365 00000090 0 1 0 0 0 0 0 0 1 0 0 0 0 0
R 365 240 0000008c fff18193
C 365 00000090 0 0 0 0 5 0
T 366 0000008c 1 1 0 0 0 0 0 0 1 0 0 1 0 0
R 366 241 00000090 fe019ee3
C 366 0000008c 1 0 0 0 5 0
T 367 00000090 1 1 0 0 0 0 0 0 1 0 1 1 0 0
W 367 3 cafeefb7 000000000
C 367 00000090 1 0 0 1 5 0
T 368 00000090 0 1 0 0 0 0 0 0 1 0 0 0 0 0
R 368 242 0000008c fff18193
C 368 00000090 0 0 0 0 5 0
T 369 0000008c 1 1 0 0 0 0 0 0 1 0 0 1 0 0
R 369 243 00000090 fe019ee3
C 369 0000008c 1 0 0 0 5 0
T 370 00000090 1 1 0 0 0 0 0 0 1 0 1 1 0 0
W 370 3 cafeefb6 000000000
C 370 00000090 1 0 0 1 5 0
T 371 00000090 0 1 0 0 0 0 0 0 1 0 0 0 0 0
R 371 244 0000008c fff18193
C 371 00000090 0 0 0 0 5 0
T 372 0000008c 1 1 0 0 0 0 0 0 1 0 0 1 0 0
R 372 245 00000090 fe019ee3
C 372 0000008c 1 0 0 0 5 0
T 373 00000090 1 1 0 0 0 0 0 0 1 0 1 1 0 0
W 373 3 cafeefb5 000000000
C 373 00000090 1 0 0 1 5 0
T 374 00000090 0 1 0 0 0 0 0 0 1 0 0 0 0 0
R 374 246 0000008c fff18193
C 374 00000090 0 0 0 0 5 0
T 375 0000008c 1 1 0 0 0 0 0 0 1 0 0 1 0 0
R 375 247 00000090 fe019ee3
C 375 0000008c 1 0 0 0 5 0
T 376 00000090 1 1 0 0 0 0 0 0 1 0 1 1 0 0
W 376 3 cafeefb4 000000000
C 376 00000090 1 0 0 1 5 0
T 377 00000090 0 1 0 0 0 0 0 0 1 0 0 0 0 0
R 377 248 0000008c fff18193
C 377 00000090 0 0 0 0 5 0
T 378 0000008c 1 1 0 0 0 0 0 0 1 0 0 1 0 0
R 378 249 00000090 fe019ee3
C 378 0000008c 1 0 0 0 5 0
T 379 00000090 1 1 0 0 0 0 0 0 1 0 1 1 0 0
W 379 3 cafeefb3 000000000
C 379 00000090 1 0 0 1 5 0
T 380 00000090 0 1 0 0 0 0 0 0 1 0 0 0 0 0
R 380 250 0000008c fff18193
C 380 00000090 0 0 0 0 5 0
T 381 0000008c 1 1 0 0 0 0 0 0 1 0 0 1 0 0
R 381 251 00000090 fe019ee3
C 381 0000008c 1 0 0 0 5 0
T 382 00000090 1 1 0 0 0 0 0 0 1 0 1 1 0 0
W 382 3 cafeefb2 000000000
C 382 00000090 1 0 0 1 5 0
T 383 00000090 0 1 0 0 0 0 0 0 1 0 0 0 0 0
R 383 252 0000008c fff18193
C 383 00000090 0 0 0 0 5 0
T 384 0000008c 1 1 0 0 0 0 0 0 1 0 0 1 0 0
R 384 253 00000090 fe019ee3
C 384 0000008c 1 0 0 0 5 0
T 385 00000090 1 1 0 0 0 0 0 0 1 0 1 1 0 0
W 385 3 cafeefb1 000000000
C 385 00000090 1 0 0 1 5 0
T 386 00000090 0 1 0 0 0 0 0 0 1 0 0 0 0 0
R 386 254 0000008c fff18193
C 386 00000090 0 0 0 0 5 0
T 387 0000008c 1 1 0 0 0 0 0 0 1 0 0 1 0 0
R 387 255 00000090 fe019ee3
C 387 0000008c 1 0 0 0 5 0
T 388 00000090 1 1 0 0 0 0 0 0 1 0 1 1 0 0
W 388 3 cafeefb0 000000000
C 388 00000090 1 0 0 1 5 0
T 389 00000090 0 1 0 0 0 0 0 0 1 0 0 0 0 0
R 389 256 0000008c fff18193
C 389 00000090 0 0 0 0 5 0
T 390 0000008c 1 1 0 0 0 0 0 0 1 0 0 1 0 0
R 390 257 00000090 fe019ee3
C 390 0000008c 1 0 0 0 5 0
T 391 00000090 1 1 0 0 0 0 0 0 1 0 1 1 0 0
W 391 3 cafeefaf 000000000
C 391 00000090 1 0 0 1 5 0
T 392 00000090 0 1 0 0 0 0 0 0 1 0 0 0 0 0
R 392 258 0000008c fff18193
C 392 00000090 0 0 0 0 5 0
T 393 0000008c 1 1 0 0 0 0 0 0 1 0 0 1 0 0
R 393 259 00000090 fe019ee3
C 393 0000008c 1 0 0 0 5 0
T 394 00000090 1 1 0 0 0 0 0 0 1 0 1 1 0 0
W 394 3 cafeefae 000000000
C 394 00000090 1 0 0 1 5 0
T 395 00000090 0 1 0 0 0 0 0 0 1 0 0 0 0 0
R 395 260 0000008c fff18193
C 395 00000090 0 0 0 0 5 0
T 396 0000008c 1 1 0 0 0 0 0 0 1 0 0 1 0 0
R 396 261 00000090 fe019ee3
C 396 0000008c 1 0 0 0 5 0
T 397 00000090 1 1 0 0 0 0 0 0 1 0 1 1 0 0
W 397 3 cafeefad 000000000
C 397 00000090 1 0 0 1 5 0
T 398 00000090 0 1 0 0 0 0 0 0 1 0 0 0 0 0
R 398 262 0000008c fff18193
C 398 00000090 0 0 0 0 5 0
T 399 0000008c 1 1 0 0 0 0 0 0 1 0 0 1 0 0
R 399 263 00000090 fe019ee3
C 399 0000008c 1 0 0 0 5 0
T 400 00000090 1 1 0 0 0 0 0 0 1 0 1 1 0 0
W 400 3 cafeefac 000000000
C 400 00000090 1 0 0 1 5 0
T 401 00000090 0 1 0 0 0 0 0 0 1 0 0 0 0 0
R 401 264 0000008c fff18193
C 401 00000090 0 0 0 0 5 0
T 402 0000008c 1 1 0 0 0 0 0 0 1 0 0 1 0 0
R 402 265 00000090 fe019ee3
C 402 0000008c 1 0 0 0 5 0
T 403 00000090 1 1 0 0 0 0 0 0 1 0 1 1 0 0
W 403 3 cafeefab 000000000
C 403 00000090 1 0 0 1 5 0
T 404 00000090 0 1 0 0 0 0 0 0 1 0 0 0 0 0
R 404 266 0000008c fff18193
C 404 00000090 0 0 0 0 5 0
T 405 0000008c 1 1 0 0 0 0 0 0 1 0 0 1 0 0
R 405 267 00000090 fe019ee3
C 405 0000008c 1 0 0 0 5 0
T 406 00000090 1 1 0 0 0 0 0 0 1 0 1 1 0 0
W 406 3 cafeefaa 000000000
C 406 00000090 1 0 0 1 5 0
T 407 00000090 0 1 0 0 0 0 0 0 1 0 0 0 0 0
R 407 268 0000008c fff18193
C 407 00000090 0 0 0 0 5 0
T 408 0000008c 1 1 0 0 0 0 0 0 1 0 0 1 0 0
R 408 269 00000090 fe019ee3
C 408 0000008c 1 0 0 0 5 0
T 409 00000090 1 1 0 0 0 0 0 0 1 0 1 1 0 0
W 409 3 cafeefa9 000000000
C 409 00000090 1 0 0 1 5 0
T 410 00000090 0 1 0 0 0 0 0 0 1 0 0 0 0 0
R 410 270 0000008c fff18193
C 410 00000090 0 0 0 0 5 0
T 411 0000008c 1 1 0 0 0 0 0 0 1 0 0 1 0 0
R 411 271 00000090 fe019ee3
C 411 0000008c 1 0 0 0 5 0
T 412 00000090 1 1 0 0 0 0 0 0 1 0 1 1 0 0
W 412 3 cafeefa8 000000000
C 412 00000090 1 0 0 1 5 0
T 413 00000090 0 1 0 0 0 0 0 0 1 0 0 0 0 0
R 413 272 0000008c fff18193
C 413 00000090 0 0 0 0 5 0
T 414 0000008c 1 1 0 0 0 0 0 0 1 0 0 1 0 0
R 414 273 00000090 fe019ee3
C 414 0000008c 1 0 0 0 5 0
T 415 00000090 1 1 0 0 0 0 0 0 1 0 1 1 0 0
W 415 3 cafeefa7 000000000
C 415 00000090 1 0 0 1 5 0
T 416 00000090 0 1 0 0 0 0 0 0 1 0 0 0 0 0
R 416 274 0000008c fff18193
C 416 00000090 0 0 0 0 5 0
T 417 0000008c 1 1 0 0 0 0 0 0 1 0 0 1 0 0
R 417 275 00000090 fe019ee3
C 417 0000008c 1 0 0 0 5 0
T 418 00000090 1 1 0 0 0 0 0 0 1 0 1 1 0 0
W 418 3 cafeefa6 000000000
C 418 00000090 1 0 0 1 5 0
T 419 00000090 0 1 0 0 0 0 0 0 1 0 0 0 0 0
R 419 276 0000008c fff18193
C 419 00000090 0 0 0 0 5 0
T 420 0000008c 1 1 0 0 0 0 0 0 1 0 0 1 0 0
R 420 277 00000090 fe019ee3
C 420 0000008c 1 0 0 0 5 0
T 421 00000090 1 1 0 0 0 0 0 0 1 0 1 1 0 0
W 421 3 cafeefa5 000000000
C 421 00000090 1 0 0 1 5 0
T 422 00000090 0 1 0 0 0 0 0 0 1 0 0 0 0 0
R 422 278 0000008c fff18193
C 422 00000090 0 0 0 0 5 0
T 423 0000008c 1 1 0 0 0 0 0 0 1 0 0 1 0 0
R 423 279 00000090 fe019ee3
C 423 0000008c 1 0 0 0 5 0
T 424 00000090 1 1 0 0 0 0 0 0 1 0 1 1 0 0
W 424 3 cafeefa4 000000000
C 424 00000090 1 0 0 1 5 0
T 425 00000090 0 1 0 0 0 0 0 0 1 0 0 0 0 0
R 425 280 0000008c fff18193
C 425 00000090 0 0 0 0 5 0
T 426 0000008c 1 1 0 0 0 0 0 0 1 0 0 1 0 0
R 426 281 00000090 fe019ee3
C 426 0000008c 1 0 0 0 5 0
T 427 00000090 1 1 0 0 0 0 0 0 1 0 1 1 0 0
W 427 3 cafeefa3 000000000
C 427 00000090 1 0 0 1 5 0
T 428 00000090 0 1 0 0 0 0 0 0 1 0 0 0 0 0
R 428 282 0000008c fff18193
C 428 00000090 0 0 0 0 5 0
T 429 0000008c 1 1 0 0 0 0 0 0 1 0 0 1 0 0
R 429 283 00000090 fe019ee3
C 429 0000008c 1 0 0 0 5 0
T 430 00000090 1 1 0 0 0 0 0 0 1 0 1 1 0 0
W 430 3 cafeefa2 000000000
C 430 00000090 1 0 0 1 5 0
T 431 00000090 0 1 0 0 0 0 0 0 1 0 0 0 0 0
R 431 284 0000008c fff18193
C 431 00000090 0 0 0 0 5 0
T 432 0000008c 1 1 0 0 0 0 0 0 1 0 0 1 0 0
R 432 285 00000090 fe019ee3
C 432 0000008c 1 0 0 0 5 0
T 433 00000090 1 1 0 0 0 0 0 0 1 0 1 1 0 0
W 433 3 cafeefa1 000000000
C 433 00000090 1 0 0 1 5 0
T 434 00000090 0 1 0 0 0 0 0 0 1 0 0 0 0 0
R 434 286 0000008c fff18193
C 434 00000090 0 0 0 0 5 0
T 435 0000008c 1 1 0 0 0 0 0 0 1 0 0 1 0 0
R 435 287 00000090 fe019ee3
C 435 0000008c 1 0 0 0 5 0
T 436 00000090 1 1 0 0 0 0 0 0 1 0 1 1 0 0
W 436 3 cafeefa0 000000000
C 436 00000090 1 0 0 1 5 0
T 437 00000090 0 1 0 0 0 0 0 0 1 0 0 0 0 0
R 437 288 0000008c fff18193
C 437 00000090 0 0 0 0 5 0
T 438 0000008c 1 1 0 0 0 0 0 0 1 0 0 1 0 0
R 438 289 00000090 fe019ee3
C 438 0000008c 1 0 0 0 5 0
T 439 00000090 1 1 0 0 0 0 0 0 1 0 1 1 0 0
W 439 3 cafeef9f 000000000
C 439 00000090 1 0 0 1 5 0
T 440 00000090 0 1 0 0 0 0 0 0 1 0 0 0 0 0
R 440 290 0000008c fff18193
C 440 00000090 0 0 0 0 5 0
T 441 0000008c 1 1 0 0 0 0 0 0 1 0 0 1 0 0
R 441 291 00000090 fe019ee3
C 441 0000008c 1 0 0 0 5 0
T 442 00000090 1 1 0 0 0 0 0 0 1 0 1 1 0 0
W 442 3 cafeef9e 000000000
C 442 00000090 1 0 0 1 5 0
T 443 00000090 0 1 0 0 0 0 0 0 1 0 0 0 0 0
R 443 292 0000008c fff18193
C 443 00000090 0 0 0 0 5 0
T 444 0000008c 1 1 0 0 0 0 0 0 1 0 0 1 0 0
R 444 293 00000090 fe019ee3
C 444 0000008c 1 0 0 0 5 0
T 445 00000090 1 1 0 0 0 0 0 0 1 0 1 1 0 0
W 445 3 cafeef9d 000000000
C 445 00000090 1 0 0 1 5 0
T 446 00000090 0 1 0 0 0 0 0 0 1 0 0 0 0 0
R 446 294 0000008c fff18193
C 446 00000090 0 0 0 0 5 0
T 447 0000008c 1 1 0 0 0 0 0 0 1 0 0 1 0 0
R 447 295 00000090 fe019ee3
C 447 0000008c 1 0 0 0 5 0
T 448 00000090 1 1 0 0 0 0 0 0 1 0 1 1 0 0
W 448 3 cafeef9c 000000000
C 448 00000090 1 0 0 1 5 0
T 449 00000090 0 1 0 0 0 0 0 0 1 0 0 0 0 0
R 449 296 0000008c fff18193
C 449 00000090 0 0 0 0 5 0
T 450 0000008c 1 1 0 0 0 0 0 0 1 0 0 1 0 0
R 450 297 00000090 fe019ee3
C 450 0000008c 1 0 0 0 5 0
T 451 00000090 1 1 0 0 0 0 0 0 1 0 1 1 0 0
W 451 3 cafeef9b 000000000
C 451 00000090 1 0 0 1 5 0
T 452 00000090 0 1 0 0 0 0 0 0 1 0 0 0 0 0
R 452 298 0000008c fff18193
C 452 00000090 0 0 0 0 5 0
T 453 0000008c 1 1 0 0 0 0 0 0 1 0 0 1 0 0
R 453 299 00000090 fe019ee3
C 453 0000008c 1 0 0 0 5 0
T 454 00000090 1 1 0 0 0 0 0 0 1 0 1 1 0 0
W 454 3 cafeef9a 000000000
C 454 00000090 1 0 0 1 5 0
T 455 00000090 0 1 0 0 0 0 0 0 1 0 0 0 0 0
R 455 300 0000008c fff18193
C 455 00000090 0 0 0 0 5 0
T 456 0000008c 1 1 0 0 0 0 0 0 1 0 0 1 0 0
R 456 301 00000090 fe019ee3
C 456 0000008c 1 0 0 0 5 0
T 457 00000090 1 1 0 0 0 0 0 0 1 0 1 1 0 0
W 457 3 cafeef99 000000000
C 457 00000090 1 0 0 1 5 0
T 458 00000090 0 1 0 0 0 0 0 0 1 0 0 0 0 0
R 458 302 0000008c fff18193
C 458 00000090 0 0 0 0 5 0
T 459 0000008c 1 1 0 0 0 0 0 0 1 0 0 1 0 0
R 459 303 00000090 fe019ee3
C 459 0000008c 1 0 0 0 5 0
T 460 00000090 1 1 0 0 0 0 0 0 1 0 1 1 0 0
W 460 3 cafeef98 000000000
C 460 00000090 1 0 0 1 5 0
T 461 00000090 0 1 0 0 0 0 0 0 1 0 0 0 0 0
R 461 304 0000008c fff18193
C 461 00000090 0 0 0 0 5 0
T 462 0000008c 1 1 0 0 0 0 0 0 1 0 0 1 0 0
R 462 305 00000090 fe019ee3
C 462 0000008c 1 0 0 0 5 0
T 463 00000090 1 1 0 0 0 0 0 0 1 0 1 1 0 0
W 463 3 cafeef97 000000000
C 463 00000090 1 0 0 1 5 0
T 464 00000090 0 1 0 0 0 0 0 0 1 0 0 0 0 0
R 464 306 0000008c fff18193
C 464 00000090 0 0 0 0 5 0
T 465 0000008c 1 1 0 0 0 0 0 0 1 0 0 1 0 0
R 465 307 00000090 fe019ee3
C 465 0000008c 1 0 0 0 5 0
T 466 00000090 1 1 0 0 0 0 0 0 1 0 1 1 0 0
W 466 3 cafeef96 000000000
C 466 00000090 1 0 0 1 5 0
T 467 00000090 0 1 0 0 0 0 0 0 1 0 0 0 0 0
R 467 308 0000008c fff18193
C 467 00000090 0 0 0 0 5 0
T 468 0000008c 1 1 0 0 0 0 0 0 1 0 0 1 0 0
R 468 309 00000090 fe019ee3
C 468 0000008c 1 0 0 0 5 0
T 469 00000090 1 1 0 0 0 0 0 0 1 0 1 1 0 0
W 469 3 cafeef95 000000000
C 469 00000090 1 0 0 1 5 0
T 470 00000090 0 1 0 0 0 0 0 0 1 0 0 0 0 0
R 470 310 0000008c fff18193
C 470 00000090 0 0 0 0 5 0
T 471 0000008c 1 1 0 0 0 0 0 0 1 0 0 1 0 0
R 471 311 00000090 fe019ee3
C 471 0000008c 1 0 0 0 5 0
T 472 00000090 1 1 0 0 0 0 0 0 1 0 1 1 0 0
W 472 3 cafeef94 000000000
C 472 00000090 1 0 0 1 5 0
T 473 00000090 0 1 0 0 0 0 0 0 1 0 0 0 0 0
R 473 312 0000008c fff18193
C 473 00000090 0 0 0 0 5 0
T 474 0000008c 1 1 0 0 0 0 0 0 1 0 0 1 0 0
R 474 313 00000090 fe019ee3
C 474 0000008c 1 0 0 0 5 0
T 475 00000090 1 1 0 0 0 0 0 0 1 0 1 1 0 0
W 475 3 cafeef93 000000000
C 475 00000090 1 0 0 1 5 0
T 476 00000090 0 1 0 0 0 0 0 0 1 0 0 0 0 0
R 476 314 0000008c fff18193
C 476 00000090 0 0 0 0 5 0
T 477 0000008c 1 1 0 0 0 0 0 0 1 0 0 1 0 0
R 477 315 00000090 fe019ee3
C 477 0000008c 1 0 0 0 5 0
T 478 00000090 1 1 0 0 0 0 0 0 1 0 1 1 0 0
W 478 3 cafeef92 000000000
C 478 00000090 1 0 0 1 5 0
T 479 00000090 0 1 0 0 0 0 0 0 1 0 0 0 0 0
R 479 316 0000008c fff18193
C 479 00000090 0 0 0 0 5 0
T 480 0000008c 1 1 0 0 0 0 0 0 1 0 0 1 0 0
R 480 317 00000090 fe019ee3
C 480 0000008c 1 0 0 0 5 0
T 481 00000090 1 1 0 0 0 0 0 0 1 0 1 1 0 0
W 481 3 cafeef91 000000000
C 481 00000090 1 0 0 1 5 0
T 482 00000090 0 1 0 0 0 0 0 0 1 0 0 0 0 0
R 482 318 0000008c fff18193
C 482 00000090 0 0 0 0 5 0
T 483 0000008c 1 1 0 0 0 0 0 0 1 0 0 1 0 0
R 483 319 00000090 fe019ee3
C 483 0000008c 1 0 0 0 5 0
T 484 00000090 1 1 0 0 0 0 0 0 1 0 1 1 0 0
W 484 3 cafeef90 000000000
C 484 00000090 1 0 0 1 5 0
T 485 00000090 0 1 0 0 0 0 0 0 1 0 0 0 0 0
R 485 320 0000008c fff18193
C 485 00000090 0 0 0 0 5 0
T 486 0000008c 1 1 0 0 0 0 0 0 1 0 0 1 0 0
R 486 321 00000090 fe019ee3
C 486 0000008c 1 0 0 0 5 0
T 487 00000090 1 1 0 0 0 0 0 0 1 0 1 1 0 0
W 487 3 cafeef8f 000000000
C 487 00000090 1 0 0 1 5 0
T 488 00000090 0 1 0 0 0 0 0 0 1 0 0 0 0 0
R 488 322 0000008c fff18193
C 488 00000090 0 0 0 0 5 0
T 489 0000008c 1 1 0 0 0 0 0 0 1 0 0 1 0 0
R 489 323 00000090 fe019ee3
C 489 0000008c 1 0 0 0 5 0
T 490 00000090 1 1 0 0 0 0 0 0 1 0 1 1 0 0
W 490 3 cafeef8e 000000000
C 490 00000090 1 0 0 1 5 0
T 491 00000090 0 1 0 0 0 0 0 0 1 0 0 0 0 0
R 491 324 0000008c fff18193
C 491 00000090 0 0 0 0 5 0
T 492 0000008c 1 1 0 0 0 0 0 0 1 0 0 1 0 0
R 492 325 00000090 fe019ee3
C 492 0000008c 1 0 0 0 5 0
T 493 00000090 1 1 0 0 0 0 0 0 1 0 1 1 0 0
W 493 3 cafeef8d 000000000
C 493 00000090 1 0 0 1 5 0
T 494 00000090 0 1 0 0 0 0 0 0 1 0 0 0 0 0
R 494 326 0000008c fff18193
C 494 00000090 0 0 0 0 5 0
T 495 0000008c 1 1 0 0 0 0 0 0 1 0 0 1 0 0
R 495 327 00000090 fe019ee3
C 495 0000008c 1 0 0 0 5 0
T 496 00000090 1 1 0 0 0 0 0 0 1 0 1 1 0 0
W 496 3 cafeef8c 000000000
C 496 00000090 1 0 0 1 5 0
T 497 00000090 0 1 0 0 0 0 0 0 1 0 0 0 0 0
R 497 328 0000008c fff18193
C 497 00000090 0 0 0 0 5 0
T 498 0000008c 1 1 0 0 0 0 0 0 1 0 0 1 0 0
R 498 329 00000090 fe019ee3
C 498 0000008c 1 0 0 0 5 0
T 499 00000090 1 1 0 0 0 0 0 0 1 0 1 1 0 0
W 499 3 cafeef8b 000000000
C 499 00000090 1 0 0 1 5 0
T 500 00000090 0 1 0 0 0 0 0 0 1 0 0 0 0 0
R 500 330 0000008c fff18193
C 500 00000090 0 0 0 0 5 0
T 501 0000008c 1 1 0 0 0 0 0 0 1 0 0 1 0 0
R 501 331 00000090 fe019ee3
C 501 0000008c 1 0 0 0 5 0
T 502 00000090 1 1 0 0 0 0 0 0 1 0 1 1 0 0
W 502 3 cafeef8a 000000000
C 502 00000090 1 0 0 1 5 0
T 503 00000090 0 1 0 0 0 0 0 0 1 0 0 0 0 0
R 503 332 0000008c fff18193
C 503 00000090 0 0 0 0 5 0
T 504 0000008c 1 1 0 0 0 0 0 0 1 0 0 1 0 0
R 504 333 00000090 fe019ee3
C 504 0000008c 1 0 0 0 5 0
T 505 00000090 1 1 0 0 0 0 0 0 1 0 1 1 0 0
W 505 3 cafeef89 000000000
C 505 00000090 1 0 0 1 5 0
T 506 00000090 0 1 0 0 0 0 0 0 1 0 0 0 0 0
R 506 334 0000008c fff18193
C 506 00000090 0 0 0 0 5 0
T 507 0000008c 1 1 0 0 0 0 0 0 1 0 0 1 0 0
R 507 335 00000090 fe019ee3
C 507 0000008c 1 0 0 0 5 0
T 508 00000090 1 1 0 0 0 0 0 0 1 0 1 1 0 0
W 508 3 cafeef88 000000000
C 508 00000090 1 0 0 1 5 0
T 509 00000090 0 1 0 0 0 0 0 0 1 0 0 0 0 0
R 509 336 0000008c fff18193
C 509 00000090 0 0 0 0 5 0
T 510 0000008c 1 1 0 0 0 0 0 0 1 0 0 1 0 0
R 510 337 00000090 fe019ee3
C 510 0000008c 1 0 0 0 5 0
T 511 00000090 1 1 0 0 0 0 0 0 1 0 1 1 0 0
W 511 3 cafeef87 000000000
C 511 00000090 1 0 0 1 5 0
T 512 00000090 0 1 0 0 0 0 0 0 1 0 0 0 0 0
R 512 338 0000008c fff18193
C 512 00000090 0 0 0 0 5 0
T 513 0000008c 1 1 0 0 0 0 0 0 1 0 0 1 0 0
R 513 339 00000090 fe019ee3
C 513 0000008c 1 0 0 0 5 0
T 514 00000090 1 1 0 0 0 0 0 0 1 0 1 1 0 0
W 514 3 cafeef86 000000000
C 514 00000090 1 0 0 1 5 0
T 515 00000090 0 1 0 0 0 0 0 0 1 0 0 0 0 0
R 515 340 0000008c fff18193
C 515 00000090 0 0 0 0 5 0
T 516 0000008c 1 1 0 0 0 0 0 0 1 0 0 1 0 0
R 516 341 00000090 fe019ee3
C 516 0000008c 1 0 0 0 5 0
T 517 00000090 1 1 0 0 0 0 0 0 1 0 1 1 0 0
W 517 3 cafeef85 000000000
C 517 00000090 1 0 0 1 5 0
T 518 00000090 0 1 0 0 0 0 0 0 1 0 0 0 0 0
R 518 342 0000008c fff18193
C 518 00000090 0 0 0 0 5 0
T 519 0000008c 1 1 0 0 0 0 0 0 1 0 0 1 0 0
R 519 343 00000090 fe019ee3
C 519 0000008c 1 0 0 0 5 0
T 520 00000090 1 1 0 0 0 0 0 0 1 0 1 1 0 0
W 520 3 cafeef84 000000000
C 520 00000090 1 0 0 1 5 0
T 521 00000090 0 1 0 0 0 0 0 0 1 0 0 0 0 0
R 521 344 0000008c fff18193
C 521 00000090 0 0 0 0 5 0
T 522 0000008c 1 1 0 0 0 0 0 0 1 0 0 1 0 0
R 522 345 00000090 fe019ee3
C 522 0000008c 1 0 0 0 5 0
T 523 00000090 1 1 0 0 0 0 0 0 1 0 1 1 0 0
W 523 3 cafeef83 000000000
C 523 00000090 1 0 0 1 5 0
T 524 00000090 0 1 0 0 0 0 0 0 1 0 0 0 0 0
R 524 346 0000008c fff18193
C 524 00000090 0 0 0 0 5 0
T 525 0000008c 1 1 0 0 0 0 0 0 1 0 0 1 0 0
R 525 347 00000090 fe019ee3
C 525 0000008c 1 0 0 0 5 0
T 526 00000090 1 1 0 0 0 0 0 0 1 0 1 1 0 0
W 526 3 cafeef82 000000000
C 526 00000090 1 0 0 1 5 0
T 527 00000090 0 1 0 0 0 0 0 0 1 0 0 0 0 0
R 527 348 0000008c fff18193
C 527 00000090 0 0 0 0 5 0
T 528 0000008c 1 1 0 0 0 0 0 0 1 0 0 1 0 0
R 528 349 00000090 fe019ee3
C 528 0000008c 1 0 0 0 5 0
T 529 00000090 1 1 0 0 0 0 0 0 1 0 1 1 0 0
W 529 3 cafeef81 000000000
C 529 00000090 1 0 0 1 5 0
T 530 00000090 0 1 0 0 0 0 0 0 1 0 0 0 0 0
R 530 350 0000008c fff18193
C 530 00000090 0 0 0 0 5 0
T 531 0000008c 1 1 0 0 0 0 0 0 1 0 0 1 0 0
R 531 351 00000090 fe019ee3
C 531 0000008c 1 0 0 0 5 0
T 532 00000090 1 1 0 0 0 0 0 0 1 0 1 1 0 0
W 532 3 cafeef80 000000000
C 532 00000090 1 0 0 1 5 0
T 533 00000090 0 1 0 0 0 0 0 0 1 0 0 0 0 0
R 533 352 0000008c fff18193
C 533 00000090 0 0 0 0 5 0
T 534 0000008c 1 1 0 0 0 0 0 0 1 0 0 1 0 0
R 534 353 00000090 fe019ee3
C 534 0000008c 1 0 0 0 5 0
T 535 00000090 1 1 0 0 0 0 0 0 1 0 1 1 0 0
W 535 3 cafeef7f 000000000
C 535 00000090 1 0 0 1 5 0
T 536 00000090 0 1 0 0 0 0 0 0 1 0 0 0 0 0
R 536 354 0000008c fff18193
C 536 00000090 0 0 0 0 5 0
T 537 0000008c 1 1 0 0 0 0 0 0 1 0 0 1 0 0
R 537 355 00000090 fe019ee3
C 537 0000008c 1 0 0 0 5 0
T 538 00000090 1 1 0 0 0 0 0 0 1 0 1 1 0 0
W 538 3 cafeef7e 000000000
C 538 00000090 1 0 0 1 5 0
T 539 00000090 0 1 0 0 0 0 0 0 1 0 0 0 0 0
R 539 356 0000008c fff18193
C 539 00000090 0 0 0 0 5 0
T 540 0000008c 1 1 0 0 0 0 0 0 1 0 0 1 0 0
R 540 357 00000090 fe019ee3
C 540 0000008c 1 0 0 0 5 0
T 541 00000090 1 1 0 0 0 0 0 0 1 0 1 1 0 0
W 541 3 cafeef7d 000000000
C 541 00000090 1 0 0 1 5 0
T 542 00000090 0 1 0 0 0 0 0 0 1 0 0 0 0 0
R 542 358 0000008c fff18193
C 542 00000090 0 0 0 0 5 0
T 543 0000008c 1 1 0 0 0 0 0 0 1 0 0 1 0 0
R 543 359 00000090 fe019ee3
C 543 0000008c 1 0 0 0 5 0
T 544 00000090 1 1 0 0 0 0 0 0 1 0 1 1 0 0
W 544 3 cafeef7c 000000000
C 544 00000090 1 0 0 1 5 0
T 545 00000090 0 1 0 0 0 0 0 0 1 0 0 0 0 0
R 545 360 0000008c fff18193
C 545 00000090 0 0 0 0 5 0
T 546 0000008c 1 1 0 0 0 0 0 0 1 0 0 1 0 0
R 546 361 00000090 fe019ee3
C 546 0000008c 1 0 0 0 5 0
T 547 00000090 1 1 0 0 0 0 0 0 1 0 1 1 0 0
W 547 3 cafeef7b 000000000
C 547 00000090 1 0 0 1 5 0
T 548 00000090 0 1 0 0 0 0 0 0 1 0 0 0 0 0
R 548 362 0000008c fff18193
C 548 00000090 0 0 0 0 5 0
T 549 0000008c 1 1 0 0 0 0 0 0 1 0 0 1 0 0
R 549 363 00000090 fe019ee3
C 549 0000008c 1 0 0 0 5 0
T 550 00000090 1 1 0 0 0 0 0 0 1 0 1 1 0 0
W 550 3 cafeef7a 000000000
C 550 00000090 1 0 0 1 5 0
T 551 00000090 0 1 0 0 0 0 0 0 1 0 0 0 0 0
R 551 364 0000008c fff18193
C 551 00000090 0 0 0 0 5 0
T 552 0000008c 1 1 0 0 0 0 0 0 1 0 0 1 0 0
R 552 365 00000090 fe019ee3
C 552 0000008c 1 0 0 0 5 0
T 553 00000090 1 1 0 0 0 0 0 0 1 0 1 1 0 0
W 553 3 cafeef79 000000000
C 553 00000090 1 0 0 1 5 0
T 554 00000090 0 1 0 0 0 0 0 0 1 0 0 0 0 0
R 554 366 0000008c fff18193
C 554 00000090 0 0 0 0 5 0
T 555 0000008c 1 1 0 0 0 0 0 0 1 0 0 1 0 0
R 555 367 00000090 fe019ee3
C 555 0000008c 1 0 0 0 5 0
T 556 00000090 1 1 0 0 0 0 0 0 1 0 1 1 0 0
W 556 3 cafeef78 000000000
C 556 00000090 1 0 0 1 5 0
T 557 00000090 0 1 0 0 0 0 0 0 1 0 0 0 0 0
R 557 368 0000008c fff18193
C 557 00000090 0 0 0 0 5 0
T 558 0000008c 1 1 0 0 0 0 0 0 1 0 0 1 0 0
R 558 369 00000090 fe019ee3
C 558 0000008c 1 0 0 0 5 0
T 559 00000090 1 1 0 0 0 0 0 0 1 0 1 1 0 0
W 559 3 cafeef77 000000000
C 559 00000090 1 0 0 1 5 0
T 560 00000090 0 1 0 0 0 0 0 0 1 0 0 0 0 0
R 560 370 0000008c fff18193
C 560 00000090 0 0 0 0 5 0
T 561 0000008c 1 1 0 0 0 0 0 0 1 0 0 1 0 0
R 561 371 00000090 fe019ee3
C 561 0000008c 1 0 0 0 5 0
T 562 00000090 1 1 0 0 0 0 0 0 1 0 1 1 0 0
W 562 3 cafeef76 000000000
C 562 00000090 1 0 0 1 5 0
T 563 00000090 0 1 0 0 0 0 0 0 1 0 0 0 0 0
R 563 372 0000008c fff18193
C 563 00000090 0 0 0 0 5 0
T 564 0000008c 1 1 0 0 0 0 0 0 1 0 0 1 0 0
R 564 373 00000090 fe019ee3
C 564 0000008c 1 0 0 0 5 0
T 565 00000090 1 1 0 0 0 0 0 0 1 0 1 1 0 0
W 565 3 cafeef75 000000000
C 565 00000090 1 0 0 1 5 0
T 566 00000090 0 1 0 0 0 0 0 0 1 0 0 0 0 0
R 566 374 0000008c fff18193
C 566 00000090 0 0 0 0 5 0
T 567 0000008c 1 1 0 0 0 0 0 0 1 0 0 1 0 0
R 567 375 00000090 fe019ee3
C 567 0000008c 1 0 0 0 5 0
T 568 00000090 1 1 0 0 0 0 0 0 1 0 1 1 0 0
W 568 3 cafeef74 000000000
C 568 00000090 1 0 0 1 5 0
T 569 00000090 0 1 0 0 0 0 0 0 1 0 0 0 0 0
R 569 376 0000008c fff18193
C 569 00000090 0 0 0 0 5 0
T 570 0000008c 1 1 0 0 0 0 0 0 1 0 0 1 0 0
R 570 377 00000090 fe019ee3
C 570 0000008c 1 0 0 0 5 0
T 571 00000090 1 1 0 0 0 0 0 0 1 0 1 1 0 0
W 571 3 cafeef73 000000000
C 571 00000090 1 0 0 1 5 0
T 572 00000090 0 1 0 0 0 0 0 0 1 0 0 0 0 0
R 572 378 0000008c fff18193
C 572 00000090 0 0 0 0 5 0
T 573 0000008c 1 1 0 0 0 0 0 0 1 0 0 1 0 0
R 573 379 00000090 fe019ee3
C 573 0000008c 1 0 0 0 5 0
T 574 00000090 1 1 0 0 0 0 0 0 1 0 1 1 0 0
W 574 3 cafeef72 000000000
C 574 00000090 1 0 0 1 5 0
T 575 00000090 0 1 0 0 0 0 0 0 1 0 0 0 0 0
R 575 380 0000008c fff18193
C 575 00000090 0 0 0 0 5 0
T 576 0000008c 1 1 0 0 0 0 0 0 1 0 0 1 0 0
R 576 381 00000090 fe019ee3
C 576 0000008c 1 0 0 0 5 0
T 577 00000090 1 1 0 0 0 0 0 0 1 0 1 1 0 0
W 577 3 cafeef71 000000000
C 577 00000090 1 0 0 1 5 0
T 578 00000090 0 1 0 0 0 0 0 0 1 0 0 0 0 0
R 578 382 0000008c fff18193
C 578 00000090 0 0 0 0 5 0
T 579 0000008c 1 1 0 0 0 0 0 0 1 0 0 1 0 0
R 579 383 00000090 fe019ee3
C 579 0000008c 1 0 0 0 5 0
T 580 00000090 1 1 0 0 0 0 0 0 1 0 1 1 0 0
W 580 3 cafeef70 000000000
C 580 00000090 1 0 0 1 5 0
T 581 00000090 0 1 0 0 0 0 0 0 1 0 0 0 0 0
R 581 384 0000008c fff18193
C 581 00000090 0 0 0 0 5 0
T 582 0000008c 1 1 0 0 0 0 0 0 1 0 0 1 0 0
R 582 385 00000090 fe019ee3
C 582 0000008c 1 0 0 0 5 0
T 583 00000090 1 1 0 0 0 0 0 0 1 0 1 1 0 0
W 583 3 cafeef6f 000000000
C 583 00000090 1 0 0 1 5 0
T 584 00000090 0 1 0 0 0 0 0 0 1 0 0 0 0 0
R 584 386 0000008c fff18193
C 584 00000090 0 0 0 0 5 0
T 585 0000008c 1 1 0 0 0 0 0 0 1 0 0 1 0 0
R 585 387 00000090 fe019ee3
C 585 0000008c 1 0 0 0 5 0
T 586 00000090 1 1 0 0 0 0 0 0 1 0 1 1 0 0
W 586 3 cafeef6e 000000000
C 586 00000090 1 0 0 1 5 0
T 587 00000090 0 1 0 0 0 0 0 0 1 0 0 0 0 0
R 587 388 0000008c fff18193
C 587 00000090 0 0 0 0 5 0
T 588 0000008c 1 1 0 0 0 0 0 0 1 0 0 1 0 0
R 588 389 00000090 fe019ee3
C 588 0000008c 1 0 0 0 5 0
T 589 00000090 1 1 0 0 0 0 0 0 1 0 1 1 0 0
W 589 3 cafeef6d 000000000
C 589 00000090 1 0 0 1 5 0
T 590 00000090 0 1 0 0 0 0 0 0 1 0 0 0 0 0
R 590 390 0000008c fff18193
C 590 00000090 0 0 0 0 5 0
T 591 0000008c 1 1 0 0 0 0 0 0 1 0 0 1 0 0
R 591 391 00000090 fe019ee3
C 591 0000008c 1 0 0 0 5 0
T 592 00000090 1 1 0 0 0 0 0 0 1 0 1 1 0 0
W 592 3 cafeef6c 000000000
C 592 00000090 1 0 0 1 5 0
T 593 00000090 0 1 0 0 0 0 0 0 1 0 0 0 0 0
R 593 392 0000008c fff18193
C 593 00000090 0 0 0 0 5 0
T 594 0000008c 1 1 0 0 0 0 0 0 1 0 0 1 0 0
R 594 393 00000090 fe019ee3
C 594 0000008c 1 0 0 0 5 0
T 595 00000090 1 1 0 0 0 0 0 0 1 0 1 1 0 0
W 595 3 cafeef6b 000000000
C 595 00000090 1 0 0 1 5 0
T 596 00000090 0 1 0 0 0 0 0 0 1 0 0 0 0 0
R 596 394 0000008c fff18193
C 596 00000090 0 0 0 0 5 0
T 597 0000008c 1 1 0 0 0 0 0 0 1 0 0 1 0 0
R 597 395 00000090 fe019ee3
C 597 0000008c 1 0 0 0 5 0
T 598 00000090 1 1 0 0 0 0 0 0 1 0 1 1 0 0
W 598 3 cafeef6a 000000000
C 598 00000090 1 0 0 1 5 0
T 599 00000090 0 1 0 0 0 0 0 0 1 0 0 0 0 0
R 599 396 0000008c fff18193
C 599 00000090 0 0 0 0 5 0
T 600 0000008c 1 1 0 0 0 0 0 0 1 0 0 1 0 0
R 600 397 00000090 fe019ee3
C 600 0000008c 1 0 0 0 5 0
T 601 00000090 1 1 0 0 0 0 0 0 1 0 1 1 0 0
W 601 3 cafeef69 000000000
C 601 00000090 1 0 0 1 5 0
T 602 00000090 0 1 0 0 0 0 0 0 1 0 0 0 0 0
R 602 398 0000008c fff18193
C 602 00000090 0 0 0 0 5 0
T 603 0000008c 1 1 0 0 0 0 0 0 1 0 0 1 0 0
R 603 399 00000090 fe019ee3
C 603 0000008c 1 0 0 0 5 0
T 604 00000090 1 1 0 0 0 0 0 0 1 0 1 1 0 0
W 604 3 cafeef68 000000000
C 604 00000090 1 0 0 1 5 0
T 605 00000090 0 1 0 0 0 0 0 0 1 0 0 0 0 0
R 605 400 0000008c fff18193
C 605 00000090 0 0 0 0 5 0
T 606 0000008c 1 1 0 0 0 0 0 0 1 0 0 1 0 0
R 606 401 00000090 fe019ee3
C 606 0000008c 1 0 0 0 5 0
T 607 00000090 1 1 0 0 0 0 0 0 1 0 1 1 0 0
W 607 3 cafeef67 000000000
C 607 00000090 1 0 0 1 5 0
T 608 00000090 0 1 0 0 0 0 0 0 1 0 0 0 0 0
R 608 402 0000008c fff18193
C 608 00000090 0 0 0 0 5 0
T 609 0000008c 1 1 0 0 0 0 0 0 1 0 0 1 0 0
R 609 403 00000090 fe019ee3
C 609 0000008c 1 0 0 0 5 0
T 610 00000090 1 1 0 0 0 0 0 0 1 0 1 1 0 0
W 610 3 cafeef66 000000000
C 610 00000090 1 0 0 1 5 0
T 611 00000090 0 1 0 0 0 0 0 0 1 0 0 0 0 0
R 611 404 0000008c fff18193
C 611 00000090 0 0 0 0 5 0
T 612 0000008c 1 1 0 0 0 0 0 0 1 0 0 1 0 0
R 612 405 00000090 fe019ee3
C 612 0000008c 1 0 0 0 5 0
T 613 00000090 1 1 0 0 0 0 0 0 1 0 1 1 0 0
W 613 3 cafeef65 000000000
C 613 00000090 1 0 0 1 5 0
T 614 00000090 0 1 0 0 0 0 0 0 1 0 0 0 0 0
R 614 406 0000008c fff18193
C 614 00000090 0 0 0 0 5 0
T 615 0000008c 1 1 0 0 0 0 0 0 1 0 0 1 0 0
R 615 407 00000090 fe019ee3
C 615 0000008c 1 0 0 0 5 0
T 616 00000090 1 1 0 0 0 0 0 0 1 0 1 1 0 0
W 616 3 cafeef64 000000000
C 616 00000090 1 0 0 1 5 0
T 617 00000090 0 1 0 0 0 0 0 0 1 0 0 0 0 0
R 617 408 0000008c fff18193
C 617 00000090 0 0 0 0 5 0
T 618 0000008c 1 1 0 0 0 0 0 0 1 0 0 1 0 0
R 618 409 00000090 fe019ee3
C 618 0000008c 1 0 0 0 5 0
T 619 00000090 1 1 0 0 0 0 0 0 1 0 1 1 0 0
W 619 3 cafeef63 000000000
C 619 00000090 1 0 0 1 5 0
T 620 00000090 0 1 0 0 0 0 0 0 1 0 0 0 0 0
R 620 410 0000008c fff18193
C 620 00000090 0 0 0 0 5 0
T 621 0000008c 1 1 0 0 0 0 0 0 1 0 0 1 0 0
R 621 411 00000090 fe019ee3
C 621 0000008c 1 0 0 0 5 0
T 622 00000090 1 1 0 0 0 0 0 0 1 0 1 1 0 0
W 622 3 cafeef62 000000000
C 622 00000090 1 0 0 1 5 0
T 623 00000090 0 1 0 0 0 0 0 0 1 0 0 0 0 0
R 623 412 0000008c fff18193
C 623 00000090 0 0 0 0 5 0
T 624 0000008c 1 1 0 0 0 0 0 0 1 0 0 1 0 0
R 624 413 00000090 fe019ee3
C 624 0000008c 1 0 0 0 5 0
T 625 00000090 1 1 0 0 0 0 0 0 1 0 1 1 0 0
W 625 3 cafeef61 000000000
C 625 00000090 1 0 0 1 5 0
T 626 00000090 0 1 0 0 0 0 0 0 1 0 0 0 0 0
R 626 414 0000008c fff18193
C 626 00000090 0 0 0 0 5 0
T 627 0000008c 1 1 0 0 0 0 0 0 1 0 0 1 0 0
R 627 415 00000090 fe019ee3
C 627 0000008c 1 0 0 0 5 0
T 628 00000090 1 1 0 0 0 0 0 0 1 0 1 1 0 0
W 628 3 cafeef60 000000000
C 628 00000090 1 0 0 1 5 0
T 629 00000090 0 1 0 0 0 0 0 0 1 0 0 0 0 0
R 629 416 0000008c fff18193
C 629 00000090 0 0 0 0 5 0
T 630 0000008c 1 1 0 0 0 0 0 0 1 0 0 1 0 0
R 630 417 00000090 fe019ee3
C 630 0000008c 1 0 0 0 5 0
T 631 00000090 1 1 0 0 0 0 0 0 1 0 1 1 0 0
W 631 3 cafeef5f 000000000
C 631 00000090 1 0 0 1 5 0
T 632 00000090 0 1 0 0 0 0 0 0 1 0 0 0 0 0
R 632 418 0000008c fff18193
C 632 00000090 0 0 0 0 5 0
T 633 0000008c 1 1 0 0 0 0 0 0 1 0 0 1 0 0
R 633 419 00000090 fe019ee3
C 633 0000008c 1 0 0 0 5 0
T 634 00000090 1 1 0 0 0 0 0 0 1 0 1 1 0 0
W 634 3 cafeef5e 000000000
C 634 00000090 1 0 0 1 5 0
T 635 00000090 0 1 0 0 0 0 0 0 1 0 0 0 0 0
R 635 420 0000008c fff18193
C 635 00000090 0 0 0 0 5 0
T 636 0000008c 1 1 0 0 0 0 0 0 1 0 0 1 0 0
R 636 421 00000090 fe019ee3
C 636 0000008c 1 0 0 0 5 0
T 637 00000090 1 1 0 0 0 0 0 0 1 0 1 1 0 0
W 637 3 cafeef5d 000000000
C 637 00000090 1 0 0 1 5 0
T 638 00000090 0 1 0 0 0 0 0 0 1 0 0 0 0 0
R 638 422 0000008c fff18193
C 638 00000090 0 0 0 0 5 0
T 639 0000008c 1 1 0 0 0 0 0 0 1 0 0 1 0 0
R 639 423 00000090 fe019ee3
C 639 0000008c 1 0 0 0 5 0
T 640 00000090 1 1 0 0 0 0 0 0 1 0 1 1 0 0
W 640 3 cafeef5c 000000000
C 640 00000090 1 0 0 1 5 0
T 641 00000090 0 1 0 0 0 0 0 0 1 0 0 0 0 0
R 641 424 0000008c fff18193
C 641 00000090 0 0 0 0 5 0
T 642 0000008c 1 1 0 0 0 0 0 0 1 0 0 1 0 0
R 642 425 00000090 fe019ee3
C 642 0000008c 1 0 0 0 5 0
T 643 00000090 1 1 0 0 0 0 0 0 1 0 1 1 0 0
W 643 3 cafeef5b 000000000
C 643 00000090 1 0 0 1 5 0
T 644 00000090 0 1 0 0 0 0 0 0 1 0 0 0 0 0
R 644 426 0000008c fff18193
C 644 00000090 0 0 0 0 5 0
T 645 0000008c 1 1 0 0 0 0 0 0 1 0 0 1 0 0
R 645 427 00000090 fe019ee3
C 645 0000008c 1 0 0 0 5 0
T 646 00000090 1 1 0 0 0 0 0 0 1 0 1 1 0 0
W 646 3 cafeef5a 000000000
C 646 00000090 1 0 0 1 5 0
T 647 00000090 0 1 0 0 0 0 0 0 1 0 0 0 0 0
R 647 428 0000008c fff18193
C 647 00000090 0 0 0 0 5 0
T 648 0000008c 1 1 0 0 0 0 0 0 1 0 0 1 0 0
R 648 429 00000090 fe019ee3
C 648 0000008c 1 0 0 0 5 0
T 649 00000090 1 1 0 0 0 0 0 0 1 0 1 1 0 0
W 649 3 cafeef59 000000000
C 649 00000090 1 0 0 1 5 0
T 650 00000090 0 1 0 0 0 0 0 0 1 0 0 0 0 0
R 650 430 0000008c fff18193
C 650 00000090 0 0 0 0 5 0
T 651 0000008c 1 1 0 0 0 0 0 0 1 0 0 1 0 0
R 651 431 00000090 fe019ee3
C 651 0000008c 1 0 0 0 5 0
T 652 00000090 1 1 0 0 0 0 0 0 1 0 1 1 0 0
W 652 3 cafeef58 000000000
C 652 00000090 1 0 0 1 5 0
T 653 00000090 0 1 0 0 0 0 0 0 1 0 0 0 0 0
R 653 432 0000008c fff18193
C 653 00000090 0 0 0 0 5 0
T 654 0000008c 1 1 0 0 0 0 0 0 1 0 0 1 0 0
R 654 433 00000090 fe019ee3
C 654 0000008c 1 0 0 0 5 0
T 655 00000090 1 1 0 0 0 0 0 0 1 0 1 1 0 0
W 655 3 cafeef57 000000000
C 655 00000090 1 0 0 1 5 0
T 656 00000090 0 1 0 0 0 0 0 0 1 0 0 0 0 0
R 656 434 0000008c fff18193
C 656 00000090 0 0 0 0 5 0
T 657 0000008c 1 1 0 0 0 0 0 0 1 0 0 1 0 0
R 657 435 00000090 fe019ee3
C 657 0000008c 1 0 0 0 5 0
T 658 00000090 1 1 0 0 0 0 0 0 1 0 1 1 0 0
W 658 3 cafeef56 000000000
C 658 00000090 1 0 0 1 5 0
T 659 00000090 0 1 0 0 0 0 0 0 1 0 0 0 0 0
R 659 436 0000008c fff18193
C 659 00000090 0 0 0 0 5 0
T 660 0000008c 1 1 0 0 0 0 0 0 1 0 0 1 0 0
R 660 437 00000090 fe019ee3
C 660 0000008c 1 0 0 0 5 0
T 661 00000090 1 1 0 0 0 0 0 0 1 0 1 1 0 0
W 661 3 cafeef55 000000000
C 661 00000090 1 0 0 1 5 0
T 662 00000090 0 1 0 0 0 0 0 0 1 0 0 0 0 0
R 662 438 0000008c fff18193
C 662 00000090 0 0 0 0 5 0
T 663 0000008c 1 1 0 0 0 0 0 0 1 0 0 1 0 0
R 663 439 00000090 fe019ee3
C 663 0000008c 1 0 0 0 5 0
T 664 00000090 1 1 0 0 0 0 0 0 1 0 1 1 0 0
W 664 3 cafeef54 000000000
C 664 00000090 1 0 0 1 5 0
T 665 00000090 0 1 0 0 0 0 0 0 1 0 0 0 0 0
R 665 440 0000008c fff18193
C 665 00000090 0 0 0 0 5 0
T 666 0000008c 1 1 0 0 0 0 0 0 1 0 0 1 0 0
R 666 441 00000090 fe019ee3
C 666 0000008c 1 0 0 0 5 0
T 667 00000090 1 1 0 0 0 0 0 0 1 0 1 1 0 0
W 667 3 cafeef53 000000000
C 667 00000090 1 0 0 1 5 0
T 668 00000090 0 1 0 0 0 0 0 0 1 0 0 0 0 0
R 668 442 0000008c fff18193
C 668 00000090 0 0 0 0 5 0
T 669 0000008c 1 1 0 0 0 0 0 0 1 0 0 1 0 0
R 669 443 00000090 fe019ee3
C 669 0000008c 1 0 0 0 5 0
T 670 00000090 1 1 0 0 0 0 0 0 1 0 1 1 0 0
W 670 3 cafeef52 000000000
C 670 00000090 1 0 0 1 5 0
T 671 00000090 0 1 0 0 0 0 0 0 1 0 0 0 0 0
R 671 444 0000008c fff18193
C 671 00000090 0 0 0 0 5 0
T 672 0000008c 1 1 0 0 0 0 0 0 1 0 0 1 0 0
R 672 445 00000090 fe019ee3
C 672 0000008c 1 0 0 0 5 0
T 673 00000090 1 1 0 0 0 0 0 0 1 0 1 1 0 0
W 673 3 cafeef51 000000000
C 673 00000090 1 0 0 1 5 0
T 674 00000090 0 1 0 0 0 0 0 0 1 0 0 0 0 0
R 674 446 0000008c fff18193
C 674 00000090 0 0 0 0 5 0
T 675 0000008c 1 1 0 0 0 0 0 0 1 0 0 1 0 0
R 675 447 00000090 fe019ee3
C 675 0000008c 1 0 0 0 5 0
T 676 00000090 1 1 0 0 0 0 0 0 1 0 1 1 0 0
W 676 3 cafeef50 000000000
C 676 00000090 1 0 0 1 5 0
T 677 00000090 0 1 0 0 0 0 0 0 1 0 0 0 0 0
R 677 448 0000008c fff18193
C 677 00000090 0 0 0 0 5 0
T 678 0000008c 1 1 0 0 0 0 0 0 1 0 0 1 0 0
R 678 449 00000090 fe019ee3
C 678 0000008c 1 0 0 0 5 0
T 679 00000090 1 1 0 0 0 0 0 0 1 0 1 1 0 0
W 679 3 cafeef4f 000000000
C 679 00000090 1 0 0 1 5 0
T 680 00000090 0 1 0 0 0 0 0 0 1 0 0 0 0 0
R 680 450 0000008c fff18193
C 680 00000090 0 0 0 0 5 0
T 681 0000008c 1 1 0 0 0 0 0 0 1 0 0 1 0 0
R 681 451 00000090 fe019ee3
C 681 0000008c 1 0 0 0 5 0
T 682 00000090 1 1 0 0 0 0 0 0 1 0 1 1 0 0
W 682 3 cafeef4e 000000000
C 682 00000090 1 0 0 1 5 0
T 683 00000090 0 1 0 0 0 0 0 0 1 0 0 0 0 0
R 683 452 0000008c fff18193
C 683 00000090 0 0 0 0 5 0
T 684 0000008c 1 1 0 0 0 0 0 0 1 0 0 1 0 0
R 684 453 00000090 fe019ee3
C 684 0000008c 1 0 0 0 5 0
T 685 00000090 1 1 0 0 0 0 0 0 1 0 1 1 0 0
W 685 3 cafeef4d 000000000
C 685 00000090 1 0 0 1 5 0
T 686 00000090 0 1 0 0 0 0 0 0 1 0 0 0 0 0
R 686 454 0000008c fff18193
C 686 00000090 0 0 0 0 5 0
T 687 0000008c 1 1 0 0 0 0 0 0 1 0 0 1 0 0
R 687 455 00000090 fe019ee3
C 687 0000008c 1 0 0 0 5 0
T 688 00000090 1 1 0 0 0 0 0 0 1 0 1 1 0 0
W 688 3 cafeef4c 000000000
C 688 00000090 1 0 0 1 5 0
T 689 00000090 0 1 0 0 0 0 0 0 1 0 0 0 0 0
R 689 456 0000008c fff18193
C 689 00000090 0 0 0 0 5 0
T 690 0000008c 1 1 0 0 0 0 0 0 1 0 0 1 0 0
R 690 457 00000090 fe019ee3
C 690 0000008c 1 0 0 0 5 0
T 691 00000090 1 1 0 0 0 0 0 0 1 0 1 1 0 0
W 691 3 cafeef4b 000000000
C 691 00000090 1 0 0 1 5 0
T 692 00000090 0 1 0 0 0 0 0 0 1 0 0 0 0 0
R 692 458 0000008c fff18193
C 692 00000090 0 0 0 0 5 0
T 693 0000008c 1 1 0 0 0 0 0 0 1 0 0 1 0 0
R 693 459 00000090 fe019ee3
C 693 0000008c 1 0 0 0 5 0
T 694 00000090 1 1 0 0 0 0 0 0 1 0 1 1 0 0
W 694 3 cafeef4a 000000000
C 694 00000090 1 0 0 1 5 0
T 695 00000090 0 1 0 0 0 0 0 0 1 0 0 0 0 0
R 695 460 0000008c fff18193
C 695 00000090 0 0 0 0 5 0
T 696 0000008c 1 1 0 0 0 0 0 0 1 0 0 1 0 0
R 696 461 00000090 fe019ee3
C 696 0000008c 1 0 0 0 5 0
T 697 00000090 1 1 0 0 0 0 0 0 1 0 1 1 0 0
W 697 3 cafeef49 000000000
C 697 00000090 1 0 0 1 5 0
T 698 00000090 0 1 0 0 0 0 0 0 1 0 0 0 0 0
R 698 462 0000008c fff18193
C 698 00000090 0 0 0 0 5 0
T 699 0000008c 1 1 0 0 0 0 0 0 1 0 0 1 0 0
R 699 463 00000090 fe019ee3
C 699 0000008c 1 0 0 0 5 0
T 700 00000090 1 1 0 0 0 0 0 0 1 0 1 1 0 0
W 700 3 cafeef48 000000000
C 700 00000090 1 0 0 1 5 0
T 701 00000090 0 1 0 0 0 0 0 0 1 0 0 0 0 0
R 701 464 0000008c fff18193
C 701 00000090 0 0 0 0 5 0
T 702 0000008c 1 1 0 0 0 0 0 0 1 0 0 1 0 0
R 702 465 00000090 fe019ee3
C 702 0000008c 1 0 0 0 5 0
T 703 00000090 1 1 0 0 0 0 0 0 1 0 1 1 0 0
W 703 3 cafeef47 000000000
C 703 00000090 1 0 0 1 5 0
T 704 00000090 0 1 0 0 0 0 0 0 1 0 0 0 0 0
R 704 466 0000008c fff18193
C 704 00000090 0 0 0 0 5 0
T 705 0000008c 1 1 0 0 0 0 0 0 1 0 0 1 0 0
R 705 467 00000090 fe019ee3
C 705 0000008c 1 0 0 0 5 0
T 706 00000090 1 1 0 0 0 0 0 0 1 0 1 1 0 0
W 706 3 cafeef46 000000000
C 706 00000090 1 0 0 1 5 0
T 707 00000090 0 1 0 0 0 0 0 0 1 0 0 0 0 0
R 707 468 0000008c fff18193
C 707 00000090 0 0 0 0 5 0
T 708 0000008c 1 1 0 0 0 0 0 0 1 0 0 1 0 0
R 708 469 00000090 fe019ee3
C 708 0000008c 1 0 0 0 5 0
T 709 00000090 1 1 0 0 0 0 0 0 1 0 1 1 0 0
W 709 3 cafeef45 000000000
C 709 00000090 1 0 0 1 5 0
T 710 00000090 0 1 0 0 0 0 0 0 1 0 0 0 0 0
R 710 470 0000008c fff18193
C 710 00000090 0 0 0 0 5 0
T 711 0000008c 1 1 0 0 0 0 0 0 1 0 0 1 0 0
R 711 471 00000090 fe019ee3
C 711 0000008c 1 0 0 0 5 0
T 712 00000090 1 1 0 0 0 0 0 0 1 0 1 1 0 0
W 712 3 cafeef44 000000000
C 712 00000090 1 0 0 1 5 0
T 713 00000090 0 1 0 0 0 0 0 0 1 0 0 0 0 0
R 713 472 0000008c fff18193
C 713 00000090 0 0 0 0 5 0
T 714 0000008c 1 1 0 0 0 0 0 0 1 0 0 1 0 0
R 714 473 00000090 fe019ee3
C 714 0000008c 1 0 0 0 5 0
T 715 00000090 1 1 0 0 0 0 0 0 1 0 1 1 0 0
W 715 3 cafeef43 000000000
C 715 00000090 1 0 0 1 5 0
T 716 00000090 0 1 0 0 0 0 0 0 1 0 0 0 0 0
R 716 474 0000008c fff18193
C 716 00000090 0 0 0 0 5 0
T 717 0000008c 1 1 0 0 0 0 0 0 1 0 0 1 0 0
R 717 475 00000090 fe019ee3
C 717 0000008c 1 0 0 0 5 0
T 718 00000090 1 1 0 0 0 0 0 0 1 0 1 1 0 0
W 718 3 cafeef42 000000000
C 718 00000090 1 0 0 1 5 0
T 719 00000090 0 1 0 0 0 0 0 0 1 0 0 0 0 0
R 719 476 0000008c fff18193
C 719 00000090 0 0 0 0 5 0
T 720 0000008c 1 1 0 0 0 0 0 0 1 0 0 1 0 0
R 720 477 00000090 fe019ee3
C 720 0000008c 1 0 0 0 5 0
T 721 00000090 1 1 0 0 0 0 0 0 1 0 1 1 0 0
W 721 3 cafeef41 000000000
C 721 00000090 1 0 0 1 5 0
T 722 00000090 0 1 0 0 0 0 0 0 1 0 0 0 0 0
R 722 478 0000008c fff18193
C 722 00000090 0 0 0 0 5 0
T 723 0000008c 1 1 0 0 0 0 0 0 1 0 0 1 0 0
R 723 479 00000090 fe019ee3
C 723 0000008c 1 0 0 0 5 0
T 724 00000090 1 1 0 0 0 0 0 0 1 0 1 1 0 0
W 724 3 cafeef40 000000000
C 724 00000090 1 0 0 1 5 0
T 725 00000090 0 1 0 0 0 0 0 0 1 0 0 0 0 0
R 725 480 0000008c fff18193
C 725 00000090 0 0 0 0 5 0
T 726 0000008c 1 1 0 0 0 0 0 0 1 0 0 1 0 0
R 726 481 00000090 fe019ee3
C 726 0000008c 1 0 0 0 5 0
T 727 00000090 1 1 0 0 0 0 0 0 1 0 1 1 0 0
W 727 3 cafeef3f 000000000
C 727 00000090 1 0 0 1 5 0
T 728 00000090 0 1 0 0 0 0 0 0 1 0 0 0 0 0
R 728 482 0000008c fff18193
C 728 00000090 0 0 0 0 5 0
T 729 0000008c 1 1 0 0 0 0 0 0 1 0 0 1 0 0
R 729 483 00000090 fe019ee3
C 729 0000008c 1 0 0 0 5 0
T 730 00000090 1 1 0 0 0 0 0 0 1 0 1 1 0 0
W 730 3 cafeef3e 000000000
C 730 00000090 1 0 0 1 5 0
T 731 00000090 0 1 0 0 0 0 0 0 1 0 0 0 0 0
R 731 484 0000008c fff18193
C 731 00000090 0 0 0 0 5 0
T 732 0000008c 1 1 0 0 0 0 0 0 1 0 0 1 0 0
R 732 485 00000090 fe019ee3
C 732 0000008c 1 0 0 0 5 0
T 733 00000090 1 1 0 0 0 0 0 0 1 0 1 1 0 0
W 733 3 cafeef3d 000000000
C 733 00000090 1 0 0 1 5 0
T 734 00000090 0 1 0 0 0 0 0 0 1 0 0 0 0 0
R 734 486 0000008c fff18193
C 734 00000090 0 0 0 0 5 0
T 735 0000008c 1 1 0 0 0 0 0 0 1 0 0 1 0 0
R 735 487 00000090 fe019ee3
C 735 0000008c 1 0 0 0 5 0
T 736 00000090 1 1 0 0 0 0 0 0 1 0 1 1 0 0
W 736 3 cafeef3c 000000000
C 736 00000090 1 0 0 1 5 0
T 737 00000090 0 1 0 0 0 0 0 0 1 0 0 0 0 0
R 737 488 0000008c fff18193
C 737 00000090 0 0 0 0 5 0
T 738 0000008c 1 1 0 0 0 0 0 0 1 0 0 1 0 0
R 738 489 00000090 fe019ee3
C 738 0000008c 1 0 0 0 5 0
T 739 00000090 1 1 0 0 0 0 0 0 1 0 1 1 0 0
W 739 3 cafeef3b 000000000
C 739 00000090 1 0 0 1 5 0
T 740 00000090 0 1 0 0 0 0 0 0 1 0 0 0 0 0
R 740 490 0000008c fff18193
C 740 00000090 0 0 0 0 5 0
T 741 0000008c 1 1 0 0 0 0 0 0 1 0 0 1 0 0
R 741 491 00000090 fe019ee3
C 741 0000008c 1 0 0 0 5 0
T 742 00000090 1 1 0 0 0 0 0 0 1 0 1 1 0 0
W 742 3 cafeef3a 000000000
C 742 00000090 1 0 0 1 5 0
T 743 00000090 0 1 0 0 0 0 0 0 1 0 0 0 0 0
R 743 492 0000008c fff18193
C 743 00000090 0 0 0 0 5 0
T 744 0000008c 1 1 0 0 0 0 0 0 1 0 0 1 0 0
R 744 493 00000090 fe019ee3
C 744 0000008c 1 0 0 0 5 0
T 745 00000090 1 1 0 0 0 0 0 0 1 0 1 1 0 0
W 745 3 cafeef39 000000000
C 745 00000090 1 0 0 1 5 0
T 746 00000090 0 1 0 0 0 0 0 0 1 0 0 0 0 0
R 746 494 0000008c fff18193
C 746 00000090 0 0 0 0 5 0
T 747 0000008c 1 1 0 0 0 0 0 0 1 0 0 1 0 0
R 747 495 00000090 fe019ee3
C 747 0000008c 1 0 0 0 5 0
T 748 00000090 1 1 0 0 0 0 0 0 1 0 1 1 0 0
W 748 3 cafeef38 000000000
C 748 00000090 1 0 0 1 5 0
T 749 00000090 0 1 0 0 0 0 0 0 1 0 0 0 0 0
R 749 496 0000008c fff18193
C 749 00000090 0 0 0 0 5 0
T 750 0000008c 1 1 0 0 0 0 0 0 1 0 0 1 0 0
R 750 497 00000090 fe019ee3
C 750 0000008c 1 0 0 0 5 0
T 751 00000090 1 1 0 0 0 0 0 0 1 0 1 1 0 0
W 751 3 cafeef37 000000000
C 751 00000090 1 0 0 1 5 0
T 752 00000090 0 1 0 0 0 0 0 0 1 0 0 0 0 0
R 752 498 0000008c fff18193
C 752 00000090 0 0 0 0 5 0
T 753 0000008c 1 1 0 0 0 0 0 0 1 0 0 1 0 0
R 753 499 00000090 fe019ee3
C 753 0000008c 1 0 0 0 5 0
T 754 00000090 1 1 0 0 0 0 0 0 1 0 1 1 0 0
W 754 3 cafeef36 000000000
C 754 00000090 1 0 0 1 5 0
T 755 00000090 0 1 0 0 0 0 0 0 1 0 0 0 0 0
R 755 500 0000008c fff18193
C 755 00000090 0 0 0 0 5 0
T 756 0000008c 1 1 0 0 0 0 0 0 1 0 0 1 0 0
R 756 501 00000090 fe019ee3
C 756 0000008c 1 0 0 0 5 0
T 757 00000090 1 1 0 0 0 0 0 0 1 0 1 1 0 0
W 757 3 cafeef35 000000000
C 757 00000090 1 0 0 1 5 0
T 758 00000090 0 1 0 0 0 0 0 0 1 0 0 0 0 0
R 758 502 0000008c fff18193
C 758 00000090 0 0 0 0 5 0
T 759 0000008c 1 1 0 0 0 0 0 0 1 0 0 1 0 0
R 759 503 00000090 fe019ee3
C 759 0000008c 1 0 0 0 5 0
T 760 00000090 1 1 0 0 0 0 0 0 1 0 1 1 0 0
W 760 3 cafeef34 000000000
C 760 00000090 1 0 0 1 5 0
T 761 00000090 0 1 0 0 0 0 0 0 1 0 0 0 0 0
R 761 504 0000008c fff18193
C 761 00000090 0 0 0 0 5 0
T 762 0000008c 1 1 0 0 0 0 0 0 1 0 0 1 0 0
R 762 505 00000090 fe019ee3
C 762 0000008c 1 0 0 0 5 0
T 763 00000090 1 1 0 0 0 0 0 0 1 0 1 1 0 0
W 763 3 cafeef33 000000000
C 763 00000090 1 0 0 1 5 0
T 764 00000090 0 1 0 0 0 0 0 0 1 0 0 0 0 0
R 764 506 0000008c fff18193
C 764 00000090 0 0 0 0 5 0
T 765 0000008c 1 1 0 0 0 0 0 0 1 0 0 1 0 0
R 765 507 00000090 fe019ee3
C 765 0000008c 1 0 0 0 5 0
T 766 00000090 1 1 0 0 0 0 0 0 1 0 1 1 0 0
W 766 3 cafeef32 000000000
C 766 00000090 1 0 0 1 5 0
T 767 00000090 0 1 0 0 0 0 0 0 1 0 0 0 0 0
R 767 508 0000008c fff18193
C 767 00000090 0 0 0 0 5 0
T 768 0000008c 1 1 0 0 0 0 0 0 1 0 0 1 0 0
R 768 509 00000090 fe019ee3
C 768 0000008c 1 0 0 0 5 0
T 769 00000090 1 1 0 0 0 0 0 0 1 0 1 1 0 0
W 769 3 cafeef31 000000000
C 769 00000090 1 0 0 1 5 0
T 770 00000090 0 1 0 0 0 0 0 0 1 0 0 0 0 0
R 770 510 0000008c fff18193
C 770 00000090 0 0 0 0 5 0
T 771 0000008c 1 1 0 0 0 0 0 0 1 0 0 1 0 0
R 771 511 00000090 fe019ee3
C 771 0000008c 1 0 0 0 5 0
T 772 00000090 1 1 0 0 0 0 0 0 1 0 1 1 0 0
W 772 3 cafeef30 000000000
C 772 00000090 1 0 0 1 5 0
T 773 00000090 0 1 0 0 0 0 0 0 1 0 0 0 0 0
R 773 512 0000008c fff18193
C 773 00000090 0 0 0 0 5 0
T 774 0000008c 1 1 0 0 0 0 0 0 1 0 0 1 0 0
R 774 513 00000090 fe019ee3
C 774 0000008c 1 0 0 0 5 0
T 775 00000090 1 1 0 0 0 0 0 0 1 0 1 1 0 0
W 775 3 cafeef2f 000000000
C 775 00000090 1 0 0 1 5 0
T 776 00000090 0 1 0 0 0 0 0 0 1 0 0 0 0 0
R 776 514 0000008c fff18193
C 776 00000090 0 0 0 0 5 0
T 777 0000008c 1 1 0 0 0 0 0 0 1 0 0 1 0 0
R 777 515 00000090 fe019ee3
C 777 0000008c 1 0 0 0 5 0
T 778 00000090 1 1 0 0 0 0 0 0 1 0 1 1 0 0
W 778 3 cafeef2e 000000000
C 778 00000090 1 0 0 1 5 0
T 779 00000090 0 1 0 0 0 0 0 0 1 0 0 0 0 0
R 779 516 0000008c fff18193
C 779 00000090 0 0 0 0 5 0
T 780 0000008c 1 1 0 0 0 0 0 0 1 0 0 1 0 0
R 780 517 00000090 fe019ee3
C 780 0000008c 1 0 0 0 5 0
T 781 00000090 1 1 0 0 0 0 0 0 1 0 1 1 0 0
W 781 3 cafeef2d 000000000
C 781 00000090 1 0 0 1 5 0
T 782 00000090 0 1 0 0 0 0 0 0 1 0 0 0 0 0
R 782 518 0000008c fff18193
C 782 00000090 0 0 0 0 5 0
T 783 0000008c 1 1 0 0 0 0 0 0 1 0 0 1 0 0
R 783 519 00000090 fe019ee3
C 783 0000008c 1 0 0 0 5 0
T 784 00000090 1 1 0 0 0 0 0 0 1 0 1 1 0 0
W 784 3 cafeef2c 000000000
C 784 00000090 1 0 0 1 5 0
T 785 00000090 0 1 0 0 0 0 0 0 1 0 0 0 0 0
R 785 520 0000008c fff18193
C 785 00000090 0 0 0 0 5 0
T 786 0000008c 1 1 0 0 0 0 0 0 1 0 0 1 0 0
R 786 521 00000090 fe019ee3
C 786 0000008c 1 0 0 0 5 0
T 787 00000090 1 1 0 0 0 0 0 0 1 0 1 1 0 0
W 787 3 cafeef2b 000000000
C 787 00000090 1 0 0 1 5 0
T 788 00000090 0 1 0 0 0 0 0 0 1 0 0 0 0 0
R 788 522 0000008c fff18193
C 788 00000090 0 0 0 0 5 0
T 789 0000008c 1 1 0 0 0 0 0 0 1 0 0 1 0 0
R 789 523 00000090 fe019ee3
C 789 0000008c 1 0 0 0 5 0
T 790 00000090 1 1 0 0 0 0 0 0 1 0 1 1 0 0
W 790 3 cafeef2a 000000000
C 790 00000090 1 0 0 1 5 0
T 791 00000090 0 1 0 0 0 0 0 0 1 0 0 0 0 0
R 791 524 0000008c fff18193
C 791 00000090 0 0 0 0 5 0
T 792 0000008c 1 1 0 0 0 0 0 0 1 0 0 1 0 0
R 792 525 00000090 fe019ee3
C 792 0000008c 1 0 0 0 5 0
T 793 00000090 1 1 0 0 0 0 0 0 1 0 1 1 0 0
W 793 3 cafeef29 000000000
C 793 00000090 1 0 0 1 5 0
T 794 00000090 0 1 0 0 0 0 0 0 1 0 0 0 0 0
R 794 526 0000008c fff18193
C 794 00000090 0 0 0 0 5 0
T 795 0000008c 1 1 0 0 0 0 0 0 1 0 0 1 0 0
R 795 527 00000090 fe019ee3
C 795 0000008c 1 0 0 0 5 0
T 796 00000090 1 1 0 0 0 0 0 0 1 0 1 1 0 0
W 796 3 cafeef28 000000000
C 796 00000090 1 0 0 1 5 0
T 797 00000090 0 1 0 0 0 0 0 0 1 0 0 0 0 0
R 797 528 0000008c fff18193
C 797 00000090 0 0 0 0 5 0
T 798 0000008c 1 1 0 0 0 0 0 0 1 0 0 1 0 0
R 798 529 00000090 fe019ee3
C 798 0000008c 1 0 0 0 5 0
T 799 00000090 1 1 0 0 0 0 0 0 1 0 1 1 0 0
W 799 3 cafeef27 000000000
C 799 00000090 1 0 0 1 5 0
T 800 00000090 0 1 0 0 0 0 0 0 1 0 0 0 0 0
R 800 530 0000008c fff18193
C 800 00000090 0 0 0 0 5 0
T 801 0000008c 1 1 0 0 0 0 0 0 1 0 0 1 0 0
R 801 531 00000090 fe019ee3
C 801 0000008c 1 0 0 0 5 0
T 802 00000090 1 1 0 0 0 0 0 0 1 0 1 1 0 0
W 802 3 cafeef26 000000000
C 802 00000090 1 0 0 1 5 0
T 803 00000090 0 1 0 0 0 0 0 0 1 0 0 0 0 0
R 803 532 0000008c fff18193
C 803 00000090 0 0 0 0 5 0
T 804 0000008c 1 1 0 0 0 0 0 0 1 0 0 1 0 0
R 804 533 00000090 fe019ee3
C 804 0000008c 1 0 0 0 5 0
T 805 00000090 1 1 0 0 0 0 0 0 1 0 1 1 0 0
W 805 3 cafeef25 000000000
C 805 00000090 1 0 0 1 5 0
T 806 00000090 0 1 0 0 0 0 0 0 1 0 0 0 0 0
R 806 534 0000008c fff18193
C 806 00000090 0 0 0 0 5 0
T 807 0000008c 1 1 0 0 0 0 0 0 1 0 0 1 0 0
R 807 535 00000090 fe019ee3
C 807 0000008c 1 0 0 0 5 0
T 808 00000090 1 1 0 0 0 0 0 0 1 0 1 1 0 0
W 808 3 cafeef24 000000000
C 808 00000090 1 0 0 1 5 0
T 809 00000090 0 1 0 0 0 0 0 0 1 0 0 0 0 0
R 809 536 0000008c fff18193
C 809 00000090 0 0 0 0 5 0
T 810 0000008c 1 1 0 0 0 0 0 0 1 0 0 1 0 0
R 810 537 00000090 fe019ee3
C 810 0000008c 1 0 0 0 5 0
T 811 00000090 1 1 0 0 0 0 0 0 1 0 1 1 0 0
W 811 3 cafeef23 000000000
C 811 00000090 1 0 0 1 5 0
T 812 00000090 0 1 0 0 0 0 0 0 1 0 0 0 0 0
R 812 538 0000008c fff18193
C 812 00000090 0 0 0 0 5 0
T 813 0000008c 1 1 0 0 0 0 0 0 1 0 0 1 0 0
R 813 539 00000090 fe019ee3
C 813 0000008c 1 0 0 0 5 0
T 814 00000090 1 1 0 0 0 0 0 0 1 0 1 1 0 0
W 814 3 cafeef22 000000000
C 814 00000090 1 0 0 1 5 0
T 815 00000090 0 1 0 0 0 0 0 0 1 0 0 0 0 0
R 815 540 0000008c fff18193
C 815 00000090 0 0 0 0 5 0
T 816 0000008c 1 1 0 0 0 0 0 0 1 0 0 1 0 0
R 816 541 00000090 fe019ee3
C 816 0000008c 1 0 0 0 5 0
T 817 00000090 1 1 0 0 0 0 0 0 1 0 1 1 0 0
W 817 3 cafeef21 000000000
C 817 00000090 1 0 0 1 5 0
T 818 00000090 0 1 0 0 0 0 0 0 1 0 0 0 0 0
R 818 542 0000008c fff18193
C 818 00000090 0 0 0 0 5 0
T 819 0000008c 1 1 0 0 0 0 0 0 1 0 0 1 0 0
R 819 543 00000090 fe019ee3
C 819 0000008c 1 0 0 0 5 0
T 820 00000090 1 1 0 0 0 0 0 0 1 0 1 1 0 0
W 820 3 cafeef20 000000000
C 820 00000090 1 0 0 1 5 0
T 821 00000090 0 1 0 0 0 0 0 0 1 0 0 0 0 0
R 821 544 0000008c fff18193
C 821 00000090 0 0 0 0 5 0
T 822 0000008c 1 1 0 0 0 0 0 0 1 0 0 1 0 0
R 822 545 00000090 fe019ee3
C 822 0000008c 1 0 0 0 5 0
T 823 00000090 1 1 0 0 0 0 0 0 1 0 1 1 0 0
W 823 3 cafeef1f 000000000
C 823 00000090 1 0 0 1 5 0
T 824 00000090 0 1 0 0 0 0 0 0 1 0 0 0 0 0
R 824 546 0000008c fff18193
C 824 00000090 0 0 0 0 5 0
T 825 0000008c 1 1 0 0 0 0 0 0 1 0 0 1 0 0
R 825 547 00000090 fe019ee3
C 825 0000008c 1 0 0 0 5 0
T 826 00000090 1 1 0 0 0 0 0 0 1 0 1 1 0 0
W 826 3 cafeef1e 000000000
C 826 00000090 1 0 0 1 5 0
T 827 00000090 0 1 0 0 0 0 0 0 1 0 0 0 0 0
R 827 548 0000008c fff18193
C 827 00000090 0 0 0 0 5 0
T 828 0000008c 1 1 0 0 0 0 0 0 1 0 0 1 0 0
R 828 549 00000090 fe019ee3
C 828 0000008c 1 0 0 0 5 0
T 829 00000090 1 1 0 0 0 0 0 0 1 0 1 1 0 0
W 829 3 cafeef1d 000000000
C 829 00000090 1 0 0 1 5 0
T 830 00000090 0 1 0 0 0 0 0 0 1 0 0 0 0 0
R 830 550 0000008c fff18193
C 830 00000090 0 0 0 0 5 0
T 831 0000008c 1 1 0 0 0 0 0 0 1 0 0 1 0 0
R 831 551 00000090 fe019ee3
C 831 0000008c 1 0 0 0 5 0
T 832 00000090 1 1 0 0 0 0 0 0 1 0 1 1 0 0
W 832 3 cafeef1c 000000000
C 832 00000090 1 0 0 1 5 0
T 833 00000090 0 1 0 0 0 0 0 0 1 0 0 0 0 0
R 833 552 0000008c fff18193
C 833 00000090 0 0 0 0 5 0
T 834 0000008c 1 1 0 0 0 0 0 0 1 0 0 1 0 0
R 834 553 00000090 fe019ee3
C 834 0000008c 1 0 0 0 5 0
T 835 00000090 1 1 0 0 0 0 0 0 1 0 1 1 0 0
W 835 3 cafeef1b 000000000
C 835 00000090 1 0 0 1 5 0
T 836 00000090 0 1 0 0 0 0 0 0 1 0 0 0 0 0
R 836 554 0000008c fff18193
C 836 00000090 0 0 0 0 5 0
T 837 0000008c 1 1 0 0 0 0 0 0 1 0 0 1 0 0
R 837 555 00000090 fe019ee3
C 837 0000008c 1 0 0 0 5 0
T 838 00000090 1 1 0 0 0 0 0 0 1 0 1 1 0 0
W 838 3 cafeef1a 000000000
C 838 00000090 1 0 0 1 5 0
T 839 00000090 0 1 0 0 0 0 0 0 1 0 0 0 0 0
R 839 556 0000008c fff18193
C 839 00000090 0 0 0 0 5 0
T 840 0000008c 1 1 0 0 0 0 0 0 1 0 0 1 0 0
R 840 557 00000090 fe019ee3
C 840 0000008c 1 0 0 0 5 0
T 841 00000090 1 1 0 0 0 0 0 0 1 0 1 1 0 0
W 841 3 cafeef19 000000000
C 841 00000090 1 0 0 1 5 0
T 842 00000090 0 1 0 0 0 0 0 0 1 0 0 0 0 0
R 842 558 0000008c fff18193
C 842 00000090 0 0 0 0 5 0
T 843 0000008c 1 1 0 0 0 0 0 0 1 0 0 1 0 0
R 843 559 00000090 fe019ee3
C 843 0000008c 1 0 0 0 5 0
T 844 00000090 1 1 0 0 0 0 0 0 1 0 1 1 0 0
W 844 3 cafeef18 000000000
C 844 00000090 1 0 0 1 5 0
T 845 00000090 0 1 0 0 0 0 0 0 1 0 0 0 0 0
R 845 560 0000008c fff18193
C 845 00000090 0 0 0 0 5 0
T 846 0000008c 1 1 0 0 0 0 0 0 1 0 0 1 0 0
R 846 561 00000090 fe019ee3
C 846 0000008c 1 0 0 0 5 0
T 847 00000090 1 1 0 0 0 0 0 0 1 0 1 1 0 0
W 847 3 cafeef17 000000000
C 847 00000090 1 0 0 1 5 0
T 848 00000090 0 1 0 0 0 0 0 0 1 0 0 0 0 0
R 848 562 0000008c fff18193
C 848 00000090 0 0 0 0 5 0
T 849 0000008c 1 1 0 0 0 0 0 0 1 0 0 1 0 0
R 849 563 00000090 fe019ee3
C 849 0000008c 1 0 0 0 5 0
T 850 00000090 1 1 0 0 0 0 0 0 1 0 1 1 0 0
W 850 3 cafeef16 000000000
C 850 00000090 1 0 0 1 5 0
T 851 00000090 0 1 0 0 0 0 0 0 1 0 0 0 0 0
R 851 564 0000008c fff18193
C 851 00000090 0 0 0 0 5 0
T 852 0000008c 1 1 0 0 0 0 0 0 1 0 0 1 0 0
R 852 565 00000090 fe019ee3
C 852 0000008c 1 0 0 0 5 0
T 853 00000090 1 1 0 0 0 0 0 0 1 0 1 1 0 0
W 853 3 cafeef15 000000000
C 853 00000090 1 0 0 1 5 0
T 854 00000090 0 1 0 0 0 0 0 0 1 0 0 0 0 0
R 854 566 0000008c fff18193
C 854 00000090 0 0 0 0 5 0
T 855 0000008c 1 1 0 0 0 0 0 0 1 0 0 1 0 0
R 855 567 00000090 fe019ee3
C 855 0000008c 1 0 0 0 5 0
T 856 00000090 1 1 0 0 0 0 0 0 1 0 1 1 0 0
W 856 3 cafeef14 000000000
C 856 00000090 1 0 0 1 5 0
T 857 00000090 0 1 0 0 0 0 0 0 1 0 0 0 0 0
R 857 568 0000008c fff18193
C 857 00000090 0 0 0 0 5 0
T 858 0000008c 1 1 0 0 0 0 0 0 1 0 0 1 0 0
R 858 569 00000090 fe019ee3
C 858 0000008c 1 0 0 0 5 0
T 859 00000090 1 1 0 0 0 0 0 0 1 0 1 1 0 0
W 859 3 cafeef13 000000000
C 859 00000090 1 0 0 1 5 0
T 860 00000090 0 1 0 0 0 0 0 0 1 0 0 0 0 0
R 860 570 0000008c fff18193
C 860 00000090 0 0 0 0 5 0
T 861 0000008c 1 1 0 0 0 0 0 0 1 0 0 1 0 0
R 861 571 00000090 fe019ee3
C 861 0000008c 1 0 0 0 5 0
T 862 00000090 1 1 0 0 0 0 0 0 1 0 1 1 0 0
W 862 3 cafeef12 000000000
C 862 00000090 1 0 0 1 5 0
T 863 00000090 0 1 0 0 0 0 0 0 1 0 0 0 0 0
R 863 572 0000008c fff18193
C 863 00000090 0 0 0 0 5 0
T 864 0000008c 1 1 0 0 0 0 0 0 1 0 0 1 0 0
R 864 573 00000090 fe019ee3
C 864 0000008c 1 0 0 0 5 0
T 865 00000090 1 1 0 0 0 0 0 0 1 0 1 1 0 0
W 865 3 cafeef11 000000000
C 865 00000090 1 0 0 1 5 0
T 866 00000090 0 1 0 0 0 0 0 0 1 0 0 0 0 0
R 866 574 0000008c fff18193
C 866 00000090 0 0 0 0 5 0
T 867 0000008c 1 1 0 0 0 0 0 0 1 0 0 1 0 0
R 867 575 00000090 fe019ee3
C 867 0000008c 1 0 0 0 5 0
T 868 00000090 1 1 0 0 0 0 0 0 1 0 1 1 0 0
W 868 3 cafeef10 000000000
C 868 00000090 1 0 0 1 5 0
T 869 00000090 0 1 0 0 0 0 0 0 1 0 0 0 0 0
R 869 576 0000008c fff18193
C 869 00000090 0 0 0 0 5 0
T 870 0000008c 1 1 0 0 0 0 0 0 1 0 0 1 0 0
R 870 577 00000090 fe019ee3
C 870 0000008c 1 0 0 0 5 0
T 871 00000090 1 1 0 0 0 0 0 0 1 0 1 1 0 0
W 871 3 cafeef0f 000000000
C 871 00000090 1 0 0 1 5 0
T 872 00000090 0 1 0 0 0 0 0 0 1 0 0 0 0 0
R 872 578 0000008c fff18193
C 872 00000090 0 0 0 0 5 0
T 873 0000008c 1 1 0 0 0 0 0 0 1 0 0 1 0 0
R 873 579 00000090 fe019ee3
C 873 0000008c 1 0 0 0 5 0
T 874 00000090 1 1 0 0 0 0 0 0 1 0 1 1 0 0
W 874 3 cafeef0e 000000000
C 874 00000090 1 0 0 1 5 0
T 875 00000090 0 1 0 0 0 0 0 0 1 0 0 0 0 0
R 875 580 0000008c fff18193
C 875 00000090 0 0 0 0 5 0
T 876 0000008c 1 1 0 0 0 0 0 0 1 0 0 1 0 0
R 876 581 00000090 fe019ee3
C 876 0000008c 1 0 0 0 5 0
T 877 00000090 1 1 0 0 0 0 0 0 1 0 1 1 0 0
W 877 3 cafeef0d 000000000
C 877 00000090 1 0 0 1 5 0
T 878 00000090 0 1 0 0 0 0 0 0 1 0 0 0 0 0
R 878 582 0000008c fff18193
C 878 00000090 0 0 0 0 5 0
T 879 0000008c 1 1 0 0 0 0 0 0 1 0 0 1 0 0
R 879 583 00000090 fe019ee3
C 879 0000008c 1 0 0 0 5 0
T 880 00000090 1 1 0 0 0 0 0 0 1 0 1 1 0 0
W 880 3 cafeef0c 000000000
C 880 00000090 1 0 0 1 5 0
T 881 00000090 0 1 0 0 0 0 0 0 1 0 0 0 0 0
R 881 584 0000008c fff18193
C 881 00000090 0 0 0 0 5 0
T 882 0000008c 1 1 0 0 0 0 0 0 1 0 0 1 0 0
R 882 585 00000090 fe019ee3
C 882 0000008c 1 0 0 0 5 0
T 883 00000090 1 1 0 0 0 0 0 0 1 0 1 1 0 0
W 883 3 cafeef0b 000000000
C 883 00000090 1 0 0 1 5 0
T 884 00000090 0 1 0 0 0 0 0 0 1 0 0 0 0 0
R 884 586 0000008c fff18193
C 884 00000090 0 0 0 0 5 0
T 885 0000008c 1 1 0 0 0 0 0 0 1 0 0 1 0 0
R 885 587 00000090 fe019ee3
C 885 0000008c 1 0 0 0 5 0
T 886 00000090 1 1 0 0 0 0 0 0 1 0 1 1 0 0
W 886 3 cafeef0a 000000000
C 886 00000090 1 0 0 1 5 0
T 887 00000090 0 1 0 0 0 0 0 0 1 0 0 0 0 0
R 887 588 0000008c fff18193
C 887 00000090 0 0 0 0 5 0
T 888 0000008c 1 1 0 0 0 0 0 0 1 0 0 1 0 0
R 888 589 00000090 fe019ee3
C 888 0000008c 1 0 0 0 5 0
T 889 00000090 1 1 0 0 0 0 0 0 1 0 1 1 0 0
W 889 3 cafeef09 000000000
C 889 00000090 1 0 0 1 5 0
T 890 00000090 0 1 0 0 0 0 0 0 1 0 0 0 0 0
R 890 590 0000008c fff18193
C 890 00000090 0 0 0 0 5 0
T 891 0000008c 1 1 0 0 0 0 0 0 1 0 0 1 0 0
R 891 591 00000090 fe019ee3
C 891 0000008c 1 0 0 0 5 0
T 892 00000090 1 1 0 0 0 0 0 0 1 0 1 1 0 0
W 892 3 cafeef08 000000000
C 892 00000090 1 0 0 1 5 0
T 893 00000090 0 1 0 0 0 0 0 0 1 0 0 0 0 0
R 893 592 0000008c fff18193
C 893 00000090 0 0 0 0 5 0
T 894 0000008c 1 1 0 0 0 0 0 0 1 0 0 1 0 0
R 894 593 00000090 fe019ee3
C 894 0000008c 1 0 0 0 5 0
T 895 00000090 1 1 0 0 0 0 0 0 1 0 1 1 0 0
W 895 3 cafeef07 000000000
C 895 00000090 1 0 0 1 5 0
T 896 00000090 0 1 0 0 0 0 0 0 1 0 0 0 0 0
R 896 594 0000008c fff18193
C 896 00000090 0 0 0 0 5 0
T 897 0000008c 1 1 0 0 0 0 0 0 1 0 0 1 0 0
R 897 595 00000090 fe019ee3
C 897 0000008c 1 0 0 0 5 0
T 898 00000090 1 1 0 0 0 0 0 0 1 0 1 1 0 0
W 898 3 cafeef06 000000000
C 898 00000090 1 0 0 1 5 0
T 899 00000090 0 1 0 0 0 0 0 0 1 0 0 0 0 0
R 899 596 0000008c fff18193
C 899 00000090 0 0 0 0 5 0
T 900 0000008c 1 1 0 0 0 0 0 0 1 0 0 1 0 0
R 900 597 00000090 fe019ee3
C 900 0000008c 1 0 0 0 5 0
T 901 00000090 1 1 0 0 0 0 0 0 1 0 1 1 0 0
W 901 3 cafeef05 000000000
C 901 00000090 1 0 0 1 5 0
T 902 00000090 0 1 0 0 0 0 0 0 1 0 0 0 0 0
R 902 598 0000008c fff18193
C 902 00000090 0 0 0 0 5 0
T 903 0000008c 1 1 0 0 0 0 0 0 1 0 0 1 0 0
R 903 599 00000090 fe019ee3
C 903 0000008c 1 0 0 0 5 0
T 904 00000090 1 1 0 0 0 0 0 0 1 0 1 1 0 0
W 904 3 cafeef04 000000000
C 904 00000090 1 0 0 1 5 0
T 905 00000090 0 1 0 0 0 0 0 0 1 0 0 0 0 0
R 905 600 0000008c fff18193
C 905 00000090 0 0 0 0 5 0
T 906 0000008c 1 1 0 0 0 0 0 0 1 0 0 1 0 0
R 906 601 00000090 fe019ee3
C 906 0000008c 1 0 0 0 5 0
T 907 00000090 1 1 0 0 0 0 0 0 1 0 1 1 0 0
W 907 3 cafeef03 000000000
C 907 00000090 1 0 0 1 5 0
T 908 00000090 0 1 0 0 0 0 0 0 1 0 0 0 0 0
R 908 602 0000008c fff18193
C 908 00000090 0 0 0 0 5 0
T 909 0000008c 1 1 0 0 0 0 0 0 1 0 0 1 0 0
R 909 603 00000090 fe019ee3
C 909 0000008c 1 0 0 0 5 0
T 910 00000090 1 1 0 0 0 0 0 0 1 0 1 1 0 0
W 910 3 cafeef02 000000000
C 910 00000090 1 0 0 1 5 0
T 911 00000090 0 1 0 0 0 0 0 0 1 0 0 0 0 0
R 911 604 0000008c fff18193
C 911 00000090 0 0 0 0 5 0
T 912 0000008c 1 1 0 0 0 0 0 0 1 0 0 1 0 0
R 912 605 00000090 fe019ee3
C 912 0000008c 1 0 0 0 5 0
T 913 00000090 1 1 0 0 0 0 0 0 1 0 1 1 0 0
W 913 3 cafeef01 000000000
C 913 00000090 1 0 0 1 5 0
T 914 00000090 0 1 0 0 0 0 0 0 1 0 0 0 0 0
R 914 606 0000008c fff18193
C 914 00000090 0 0 0 0 5 0
T 915 0000008c 1 1 0 0 0 0 0 0 1 0 0 1 0 0
R 915 607 00000090 fe019ee3
C 915 0000008c 1 0 0 0 5 0
T 916 00000090 1 1 0 0 0 0 0 0 1 0 1 1 0 0
W 916 3 cafeef00 000000000
C 916 00000090 1 0 0 1 5 0
T 917 00000090 0 1 0 0 0 0 0 0 1 0 0 0 0 0
R 917 608 0000008c fff18193
C 917 00000090 0 0 0 0 5 0
T 918 0000008c 1 1 0 0 0 0 0 0 1 0 0 1 0 0
R 918 609 00000090 fe019ee3
C 918 0000008c 1 0 0 0 5 0
T 919 00000090 1 1 0 0 0 0 0 0 1 0 1 1 0 0
W 919 3 cafeeeff 000000000
C 919 00000090 1 0 0 1 5 0
T 920 00000090 0 1 0 0 0 0 0 0 1 0 0 0 0 0
R 920 610 0000008c fff18193
C 920 00000090 0 0 0 0 5 0
T 921 0000008c 1 1 0 0 0 0 0 0 1 0 0 1 0 0
R 921 611 00000090 fe019ee3
C 921 0000008c 1 0 0 0 5 0
T 922 00000090 1 1 0 0 0 0 0 0 1 0 1 1 0 0
W 922 3 cafeeefe 000000000
C 922 00000090 1 0 0 1 5 0
T 923 00000090 0 1 0 0 0 0 0 0 1 0 0 0 0 0
R 923 612 0000008c fff18193
C 923 00000090 0 0 0 0 5 0
T 924 0000008c 1 1 0 0 0 0 0 0 1 0 0 1 0 0
R 924 613 00000090 fe019ee3
C 924 0000008c 1 0 0 0 5 0
T 925 00000090 1 1 0 0 0 0 0 0 1 0 1 1 0 0
W 925 3 cafeeefd 000000000
C 925 00000090 1 0 0 1 5 0
T 926 00000090 0 1 0 0 0 0 0 0 1 0 0 0 0 0
R 926 614 0000008c fff18193
C 926 00000090 0 0 0 0 5 0
T 927 0000008c 1 1 0 0 0 0 0 0 1 0 0 1 0 0
R 927 615 00000090 fe019ee3
C 927 0000008c 1 0 0 0 5 0
T 928 00000090 1 1 0 0 0 0 0 0 1 0 1 1 0 0
W 928 3 cafeeefc 000000000
C 928 00000090 1 0 0 1 5 0
T 929 00000090 0 1 0 0 0 0 0 0 1 0 0 0 0 0
R 929 616 0000008c fff18193
C 929 00000090 0 0 0 0 5 0
T 930 0000008c 1 1 0 0 0 0 0 0 1 0 0 1 0 0
R 930 617 00000090 fe019ee3
C 930 0000008c 1 0 0 0 5 0
T 931 00000090 1 1 0 0 0 0 0 0 1 0 1 1 0 0
W 931 3 cafeeefb 000000000
C 931 00000090 1 0 0 1 5 0
T 932 00000090 0 1 0 0 0 0 0 0 1 0 0 0 0 0
R 932 618 0000008c fff18193
C 932 00000090 0 0 0 0 5 0
T 933 0000008c 1 1 0 0 0 0 0 0 1 0 0 1 0 0
R 933 619 00000090 fe019ee3
C 933 0000008c 1 0 0 0 5 0
T 934 00000090 1 1 0 0 0 0 0 0 1 0 1 1 0 0
W 934 3 cafeeefa 000000000
C 934 00000090 1 0 0 1 5 0
T 935 00000090 0 1 0 0 0 0 0 0 1 0 0 0 0 0
R 935 620 0000008c fff18193
C 935 00000090 0 0 0 0 5 0
T 936 0000008c 1 1 0 0 0 0 0 0 1 0 0 1 0 0
R 936 621 00000090 fe019ee3
C 936 0000008c 1 0 0 0 5 0
T 937 00000090 1 1 0 0 0 0 0 0 1 0 1 1 0 0
W 937 3 cafeeef9 000000000
C 937 00000090 1 0 0 1 5 0
T 938 00000090 0 1 0 0 0 0 0 0 1 0 0 0 0 0
R 938 622 0000008c fff18193
C 938 00000090 0 0 0 0 5 0
T 939 0000008c 1 1 0 0 0 0 0 0 1 0 0 1 0 0
R 939 623 00000090 fe019ee3
C 939 0000008c 1 0 0 0 5 0
T 940 00000090 1 1 0 0 0 0 0 0 1 0 1 1 0 0
W 940 3 cafeeef8 000000000
C 940 00000090 1 0 0 1 5 0
T 941 00000090 0 1 0 0 0 0 0 0 1 0 0 0 0 0
R 941 624 0000008c fff18193
C 941 00000090 0 0 0 0 5 0
T 942 0000008c 1 1 0 0 0 0 0 0 1 0 0 1 0 0
R 942 625 00000090 fe019ee3
C 942 0000008c 1 0 0 0 5 0
T 943 00000090 1 1 0 0 0 0 0 0 1 0 1 1 0 0
W 943 3 cafeeef7 000000000
C 943 00000090 1 0 0 1 5 0
T 944 00000090 0 1 0 0 0 0 0 0 1 0 0 0 0 0
R 944 626 0000008c fff18193
C 944 00000090 0 0 0 0 5 0
T 945 0000008c 1 1 0 0 0 0 0 0 1 0 0 1 0 0
R 945 627 00000090 fe019ee3
C 945 0000008c 1 0 0 0 5 0
T 946 00000090 1 1 0 0 0 0 0 0 1 0 1 1 0 0
W 946 3 cafeeef6 000000000
C 946 00000090 1 0 0 1 5 0
T 947 00000090 0 1 0 0 0 0 0 0 1 0 0 0 0 0
R 947 628 0000008c fff18193
C 947 00000090 0 0 0 0 5 0
T 948 0000008c 1 1 0 0 0 0 0 0 1 0 0 1 0 0
R 948 629 00000090 fe019ee3
C 948 0000008c 1 0 0 0 5 0
T 949 00000090 1 1 0 0 0 0 0 0 1 0 1 1 0 0
W 949 3 cafeeef5 000000000
C 949 00000090 1 0 0 1 5 0
T 950 00000090 0 1 0 0 0 0 0 0 1 0 0 0 0 0
R 950 630 0000008c fff18193
C 950 00000090 0 0 0 0 5 0
T 951 0000008c 1 1 0 0 0 0 0 0 1 0 0 1 0 0
R 951 631 00000090 fe019ee3
C 951 0000008c 1 0 0 0 5 0
T 952 00000090 1 1 0 0 0 0 0 0 1 0 1 1 0 0
W 952 3 cafeeef4 000000000
C 952 00000090 1 0 0 1 5 0
T 953 00000090 0 1 0 0 0 0 0 0 1 0 0 0 0 0
R 953 632 0000008c fff18193
C 953 00000090 0 0 0 0 5 0
T 954 0000008c 1 1 0 0 0 0 0 0 1 0 0 1 0 0
R 954 633 00000090 fe019ee3
C 954 0000008c 1 0 0 0 5 0
T 955 00000090 1 1 0 0 0 0 0 0 1 0 1 1 0 0
W 955 3 cafeeef3 000000000
C 955 00000090 1 0 0 1 5 0
T 956 00000090 0 1 0 0 0 0 0 0 1 0 0 0 0 0
R 956 634 0000008c fff18193
C 956 00000090 0 0 0 0 5 0
T 957 0000008c 1 1 0 0 0 0 0 0 1 0 0 1 0 0
R 957 635 00000090 fe019ee3
C 957 0000008c 1 0 0 0 5 0
T 958 00000090 1 1 0 0 0 0 0 0 1 0 1 1 0 0
W 958 3 cafeeef2 000000000
C 958 00000090 1 0 0 1 5 0
T 959 00000090 0 1 0 0 0 0 0 0 1 0 0 0 0 0
R 959 636 0000008c fff18193
C 959 00000090 0 0 0 0 5 0
T 960 0000008c 1 1 0 0 0 0 0 0 1 0 0 1 0 0
R 960 637 00000090 fe019ee3
C 960 0000008c 1 0 0 0 5 0
T 961 00000090 1 1 0 0 0 0 0 0 1 0 1 1 0 0
W 961 3 cafeeef1 000000000
C 961 00000090 1 0 0 1 5 0
T 962 00000090 0 1 0 0 0 0 0 0 1 0 0 0 0 0
R 962 638 0000008c fff18193
C 962 00000090 0 0 0 0 5 0
T 963 0000008c 1 1 0 0 0 0 0 0 1 0 0 1 0 0
R 963 639 00000090 fe019ee3
C 963 0000008c 1 0 0 0 5 0
T 964 00000090 1 1 0 0 0 0 0 0 1 0 1 1 0 0
W 964 3 cafeeef0 000000000
C 964 00000090 1 0 0 1 5 0
T 965 00000090 0 1 0 0 0 0 0 0 1 0 0 0 0 0
R 965 640 0000008c fff18193
C 965 00000090 0 0 0 0 5 0
T 966 0000008c 1 1 0 0 0 0 0 0 1 0 0 1 0 0
R 966 641 00000090 fe019ee3
C 966 0000008c 1 0 0 0 5 0
T 967 00000090 1 1 0 0 0 0 0 0 1 0 1 1 0 0
W 967 3 cafeeeef 000000000
C 967 00000090 1 0 0 1 5 0
T 968 00000090 0 1 0 0 0 0 0 0 1 0 0 0 0 0
R 968 642 0000008c fff18193
C 968 00000090 0 0 0 0 5 0
T 969 0000008c 1 1 0 0 0 0 0 0 1 0 0 1 0 0
R 969 643 00000090 fe019ee3
C 969 0000008c 1 0 0 0 5 0
T 970 00000090 1 1 0 0 0 0 0 0 1 0 1 1 0 0
W 970 3 cafeeeee 000000000
C 970 00000090 1 0 0 1 5 0
T 971 00000090 0 1 0 0 0 0 0 0 1 0 0 0 0 0
R 971 644 0000008c fff18193
C 971 00000090 0 0 0 0 5 0
T 972 0000008c 1 1 0 0 0 0 0 0 1 0 0 1 0 0
R 972 645 00000090 fe019ee3
C 972 0000008c 1 0 0 0 5 0
T 973 00000090 1 1 0 0 0 0 0 0 1 0 1 1 0 0
W 973 3 cafeeeed 000000000
C 973 00000090 1 0 0 1 5 0
T 974 00000090 0 1 0 0 0 0 0 0 1 0 0 0 0 0
R 974 646 0000008c fff18193
C 974 00000090 0 0 0 0 5 0
T 975 0000008c 1 1 0 0 0 0 0 0 1 0 0 1 0 0
R 975 647 00000090 fe019ee3
C 975 0000008c 1 0 0 0 5 0
T 976 00000090 1 1 0 0 0 0 0 0 1 0 1 1 0 0
W 976 3 cafeeeec 000000000
C 976 00000090 1 0 0 1 5 0
T 977 00000090 0 1 0 0 0 0 0 0 1 0 0 0 0 0
R 977 648 0000008c fff18193
C 977 00000090 0 0 0 0 5 0
T 978 0000008c 1 1 0 0 0 0 0 0 1 0 0 1 0 0
R 978 649 00000090 fe019ee3
C 978 0000008c 1 0 0 0 5 0
T 979 00000090 1 1 0 0 0 0 0 0 1 0 1 1 0 0
W 979 3 cafeeeeb 000000000
C 979 00000090 1 0 0 1 5 0
T 980 00000090 0 1 0 0 0 0 0 0 1 0 0 0 0 0
R 980 650 0000008c fff18193
C 980 00000090 0 0 0 0 5 0
T 981 0000008c 1 1 0 0 0 0 0 0 1 0 0 1 0 0
R 981 651 00000090 fe019ee3
C 981 0000008c 1 0 0 0 5 0
T 982 00000090 1 1 0 0 0 0 0 0 1 0 1 1 0 0
W 982 3 cafeeeea 000000000
C 982 00000090 1 0 0 1 5 0
T 983 00000090 0 1 0 0 0 0 0 0 1 0 0 0 0 0
R 983 652 0000008c fff18193
C 983 00000090 0 0 0 0 5 0
T 984 0000008c 1 1 0 0 0 0 0 0 1 0 0 1 0 0
R 984 653 00000090 fe019ee3
C 984 0000008c 1 0 0 0 5 0
T 985 00000090 1 1 0 0 0 0 0 0 1 0 1 1 0 0
W 985 3 cafeeee9 000000000
C 985 00000090 1 0 0 1 5 0
T 986 00000090 0 1 0 0 0 0 0 0 1 0 0 0 0 0
R 986 654 0000008c fff18193
C 986 00000090 0 0 0 0 5 0
T 987 0000008c 1 1 0 0 0 0 0 0 1 0 0 1 0 0
R 987 655 00000090 fe019ee3
C 987 0000008c 1 0 0 0 5 0
T 988 00000090 1 1 0 0 0 0 0 0 1 0 1 1 0 0
W 988 3 cafeeee8 000000000
C 988 00000090 1 0 0 1 5 0
T 989 00000090 0 1 0 0 0 0 0 0 1 0 0 0 0 0
R 989 656 0000008c fff18193
C 989 00000090 0 0 0 0 5 0
T 990 0000008c 1 1 0 0 0 0 0 0 1 0 0 1 0 0
R 990 657 00000090 fe019ee3
C 990 0000008c 1 0 0 0 5 0
T 991 00000090 1 1 0 0 0 0 0 0 1 0 1 1 0 0
W 991 3 cafeeee7 000000000
C 991 00000090 1 0 0 1 5 0
T 992 00000090 0 1 0 0 0 0 0 0 1 0 0 0 0 0
R 992 658 0000008c fff18193
C 992 00000090 0 0 0 0 5 0
T 993 0000008c 1 1 0 0 0 0 0 0 1 0 0 1 0 0
R 993 659 00000090 fe019ee3
C 993 0000008c 1 0 0 0 5 0
T 994 00000090 1 1 0 0 0 0 0 0 1 0 1 1 0 0
W 994 3 cafeeee6 000000000
C 994 00000090 1 0 0 1 5 0
T 995 00000090 0 1 0 0 0 0 0 0 1 0 0 0 0 0
R 995 660 0000008c fff18193
C 995 00000090 0 0 0 0 5 0
T 996 0000008c 1 1 0 0 0 0 0 0 1 0 0 1 0 0
R 996 661 00000090 fe019ee3
C 996 0000008c 1 0 0 0 5 0
T 997 00000090 1 1 0 0 0 0 0 0 1 0 1 1 0 0
W 997 3 cafeeee5 000000000
C 997 00000090 1 0 0 1 5 0
T 998 00000090 0 1 0 0 0 0 0 0 1 0 0 0 0 0
R 998 662 0000008c fff18193
C 998 00000090 0 0 0 0 5 0
T 999 0000008c 1 1 0 0 0 0 0 0 1 0 0 1 0 0
R 999 663 00000090 fe019ee3
C 999 0000008c 1 0 0 0 5 0
T 1000 00000090 1 1 0 0 0 0 0 0 1 0 1 1 0 0
W 1000 3 cafeeee4 000000000
C 1000 00000090 1 0 0 1 5 0
T 1001 00000090 0 1 0 0 0 0 0 0 1 0 0 0 0 0
R 1001 664 0000008c fff18193
C 1001 00000090 0 0 0 0 5 0
T 1002 0000008c 1 1 0 0 0 0 0 0 1 0 0 1 0 0
R 1002 665 00000090 fe019ee3
C 1002 0000008c 1 0 0 0 5 0
T 1003 00000090 1 1 0 0 0 0 0 0 1 0 1 1 0 0
W 1003 3 cafeeee3 000000000
C 1003 00000090 1 0 0 1 5 0
T 1004 00000090 0 1 0 0 0 0 0 0 1 0 0 0 0 0
R 1004 666 0000008c fff18193
C 1004 00000090 0 0 0 0 5 0
T 1005 0000008c 1 1 0 0 0 0 0 0 1 0 0 1 0 0
R 1005 667 00000090 fe019ee3
C 1005 0000008c 1 0 0 0 5 0
T 1006 00000090 1 1 0 0 0 0 0 0 1 0 1 1 0 0
W 1006 3 cafeeee2 000000000
C 1006 00000090 1 0 0 1 5 0
T 1007 00000090 0 1 0 0 0 0 0 0 1 0 0 0 0 0
R 1007 668 0000008c fff18193
C 1007 00000090 0 0 0 0 5 0
T 1008 0000008c 1 1 0 0 0 0 0 0 1 0 0 1 0 0
R 1008 669 00000090 fe019ee3
C 1008 0000008c 1 0 0 0 5 0
T 1009 00000090 1 1 0 0 0 0 0 0 1 0 1 1 0 0
W 1009 3 cafeeee1 000000000
C 1009 00000090 1 0 0 1 5 0
T 1010 00000090 0 1 0 0 0 0 0 0 1 0 0 0 0 0
R 1010 670 0000008c fff18193
C 1010 00000090 0 0 0 0 5 0
T 1011 0000008c 1 1 0 0 0 0 0 0 1 0 0 1 0 0
R 1011 671 00000090 fe019ee3
C 1011 0000008c 1 0 0 0 5 0
T 1012 00000090 1 1 0 0 0 0 0 0 1 0 1 1 0 0
W 1012 3 cafeeee0 000000000
C 1012 00000090 1 0 0 1 5 0
T 1013 00000090 0 1 0 0 0 0 0 0 1 0 0 0 0 0
R 1013 672 0000008c fff18193
C 1013 00000090 0 0 0 0 5 0
T 1014 0000008c 1 1 0 0 0 0 0 0 1 0 0 1 0 0
R 1014 673 00000090 fe019ee3
C 1014 0000008c 1 0 0 0 5 0
T 1015 00000090 1 1 0 0 0 0 0 0 1 0 1 1 0 0
W 1015 3 cafeeedf 000000000
C 1015 00000090 1 0 0 1 5 0
T 1016 00000090 0 1 0 0 0 0 0 0 1 0 0 0 0 0
R 1016 674 0000008c fff18193
C 1016 00000090 0 0 0 0 5 0
T 1017 0000008c 1 1 0 0 0 0 0 0 1 0 0 1 0 0
R 1017 675 00000090 fe019ee3
C 1017 0000008c 1 0 0 0 5 0
T 1018 00000090 1 1 0 0 0 0 0 0 1 0 1 1 0 0
W 1018 3 cafeeede 000000000
C 1018 00000090 1 0 0 1 5 0
T 1019 00000090 0 1 0 0 0 0 0 0 1 0 0 0 0 0
R 1019 676 0000008c fff18193
C 1019 00000090 0 0 0 0 5 0
T 1020 0000008c 1 1 0 0 0 0 0 0 1 0 0 1 0 0
R 1020 677 00000090 fe019ee3
C 1020 0000008c 1 0 0 0 5 0
T 1021 00000090 1 1 0 0 0 0 0 0 1 0 1 1 0 0
W 1021 3 cafeeedd 000000000
C 1021 00000090 1 0 0 1 5 0
T 1022 00000090 0 1 0 0 0 0 0 0 1 0 0 0 0 0
R 1022 678 0000008c fff18193
C 1022 00000090 0 0 0 0 5 0
T 1023 0000008c 1 1 0 0 0 0 0 0 1 0 0 1 0 0
R 1023 679 00000090 fe019ee3
C 1023 0000008c 1 0 0 0 5 0
T 1024 00000090 1 1 0 0 0 0 0 0 1 0 1 1 0 0
W 1024 3 cafeeedc 000000000
C 1024 00000090 1 0 0 1 5 0
T 1025 00000090 0 1 0 0 0 0 0 0 1 0 0 0 0 0
R 1025 680 0000008c fff18193
C 1025 00000090 0 0 0 0 5 0
T 1026 0000008c 1 1 0 0 0 0 0 0 1 0 0 1 0 0
R 1026 681 00000090 fe019ee3
C 1026 0000008c 1 0 0 0 5 0
T 1027 00000090 1 1 0 0 0 0 0 0 1 0 1 1 0 0
W 1027 3 cafeeedb 000000000
C 1027 00000090 1 0 0 1 5 0
T 1028 00000090 0 1 0 0 0 0 0 0 1 0 0 0 0 0
R 1028 682 0000008c fff18193
C 1028 00000090 0 0 0 0 5 0
T 1029 0000008c 1 1 0 0 0 0 0 0 1 0 0 1 0 0
R 1029 683 00000090 fe019ee3
C 1029 0000008c 1 0 0 0 5 0
T 1030 00000090 1 1 0 0 0 0 0 0 1 0 1 1 0 0
W 1030 3 cafeeeda 000000000
C 1030 00000090 1 0 0 1 5 0
T 1031 00000090 0 1 0 0 0 0 0 0 1 0 0 0 0 0
R 1031 684 0000008c fff18193
C 1031 00000090 0 0 0 0 5 0
T 1032 0000008c 1 1 0 0 0 0 0 0 1 0 0 1 0 0
R 1032 685 00000090 fe019ee3
C 1032 0000008c 1 0 0 0 5 0
T 1033 00000090 1 1 0 0 0 0 0 0 1 0 1 1 0 0
W 1033 3 cafeeed9 000000000
C 1033 00000090 1 0 0 1 5 0
T 1034 00000090 0 1 0 0 0 0 0 0 1 0 0 0 0 0
R 1034 686 0000008c fff18193
C 1034 00000090 0 0 0 0 5 0
T 1035 0000008c 1 1 0 0 0 0 0 0 1 0 0 1 0 0
R 1035 687 00000090 fe019ee3
C 1035 0000008c 1 0 0 0 5 0
T 1036 00000090 1 1 0 0 0 0 0 0 1 0 1 1 0 0
W 1036 3 cafeeed8 000000000
C 1036 00000090 1 0 0 1 5 0
T 1037 00000090 0 1 0 0 0 0 0 0 1 0 0 0 0 0
R 1037 688 0000008c fff18193
C 1037 00000090 0 0 0 0 5 0
T 1038 0000008c 1 1 0 0 0 0 0 0 1 0 0 1 0 0
R 1038 689 00000090 fe019ee3
C 1038 0000008c 1 0 0 0 5 0
T 1039 00000090 1 1 0 0 0 0 0 0 1 0 1 1 0 0
W 1039 3 cafeeed7 000000000
C 1039 00000090 1 0 0 1 5 0
T 1040 00000090 0 1 0 0 0 0 0 0 1 0 0 0 0 0
R 1040 690 0000008c fff18193
C 1040 00000090 0 0 0 0 5 0
T 1041 0000008c 1 1 0 0 0 0 0 0 1 0 0 1 0 0
R 1041 691 00000090 fe019ee3
C 1041 0000008c 1 0 0 0 5 0
T 1042 00000090 1 1 0 0 0 0 0 0 1 0 1 1 0 0
W 1042 3 cafeeed6 000000000
C 1042 00000090 1 0 0 1 5 0
T 1043 00000090 0 1 0 0 0 0 0 0 1 0 0 0 0 0
R 1043 692 0000008c fff18193
C 1043 00000090 0 0 0 0 5 0
T 1044 0000008c 1 1 0 0 0 0 0 0 1 0 0 1 0 0
R 1044 693 00000090 fe019ee3
C 1044 0000008c 1 0 0 0 5 0
T 1045 00000090 1 1 0 0 0 0 0 0 1 0 1 1 0 0
W 1045 3 cafeeed5 000000000
C 1045 00000090 1 0 0 1 5 0
T 1046 00000090 0 1 0 0 0 0 0 0 1 0 0 0 0 0
R 1046 694 0000008c fff18193
C 1046 00000090 0 0 0 0 5 0
T 1047 0000008c 1 1 0 0 0 0 0 0 1 0 0 1 0 0
R 1047 695 00000090 fe019ee3
C 1047 0000008c 1 0 0 0 5 0
T 1048 00000090 1 1 0 0 0 0 0 0 1 0 1 1 0 0
W 1048 3 cafeeed4 000000000
C 1048 00000090 1 0 0 1 5 0
T 1049 00000090 0 1 0 0 0 0 0 0 1 0 0 0 0 0
R 1049 696 0000008c fff18193
C 1049 00000090 0 0 0 0 5 0
T 1050 0000008c 1 1 0 0 0 0 0 0 1 0 0 1 0 0
R 1050 697 00000090 fe019ee3
C 1050 0000008c 1 0 0 0 5 0
T 1051 00000090 1 1 0 0 0 0 0 0 1 0 1 1 0 0
W 1051 3 cafeeed3 000000000
C 1051 00000090 1 0 0 1 5 0
T 1052 00000090 0 1 0 0 0 0 0 0 1 0 0 0 0 0
R 1052 698 0000008c fff18193
C 1052 00000090 0 0 0 0 5 0
T 1053 0000008c 1 1 0 0 0 0 0 0 1 0 0 1 0 0
R 1053 699 00000090 fe019ee3
C 1053 0000008c 1 0 0 0 5 0
T 1054 00000090 1 1 0 0 0 0 0 0 1 0 1 1 0 0
W 1054 3 cafeeed2 000000000
C 1054 00000090 1 0 0 1 5 0
T 1055 00000090 0 1 0 0 0 0 0 0 1 0 0 0 0 0
R 1055 700 0000008c fff18193
C 1055 00000090 0 0 0 0 5 0
T 1056 0000008c 1 1 0 0 0 0 0 0 1 0 0 1 0 0
R 1056 701 00000090 fe019ee3
C 1056 0000008c 1 0 0 0 5 0
T 1057 00000090 1 1 0 0 0 0 0 0 1 0 1 1 0 0
W 1057 3 cafeeed1 000000000
C 1057 00000090 1 0 0 1 5 0
T 1058 00000090 0 1 0 0 0 0 0 0 1 0 0 0 0 0
R 1058 702 0000008c fff18193
C 1058 00000090 0 0 0 0 5 0
T 1059 0000008c 1 1 0 0 0 0 0 0 1 0 0 1 0 0
R 1059 703 00000090 fe019ee3
C 1059 0000008c 1 0 0 0 5 0
T 1060 00000090 1 1 0 0 0 0 0 0 1 0 1 1 0 0
W 1060 3 cafeeed0 000000000
C 1060 00000090 1 0 0 1 5 0
T 1061 00000090 0 1 0 0 0 0 0 0 1 0 0 0 0 0
R 1061 704 0000008c fff18193
C 1061 00000090 0 0 0 0 5 0
T 1062 0000008c 1 1 0 0 0 0 0 0 1 0 0 1 0 0
R 1062 705 00000090 fe019ee3
C 1062 0000008c 1 0 0 0 5 0
T 1063 00000090 1 1 0 0 0 0 0 0 1 0 1 1 0 0
W 1063 3 cafeeecf 000000000
C 1063 00000090 1 0 0 1 5 0
T 1064 00000090 0 1 0 0 0 0 0 0 1 0 0 0 0 0
R 1064 706 0000008c fff18193
C 1064 00000090 0 0 0 0 5 0
T 1065 0000008c 1 1 0 0 0 0 0 0 1 0 0 1 0 0
R 1065 707 00000090 fe019ee3
C 1065 0000008c 1 0 0 0 5 0
T 1066 00000090 1 1 0 0 0 0 0 0 1 0 1 1 0 0
W 1066 3 cafeeece 000000000
C 1066 00000090 1 0 0 1 5 0
T 1067 00000090 0 1 0 0 0 0 0 0 1 0 0 0 0 0
R 1067 708 0000008c fff18193
C 1067 00000090 0 0 0 0 5 0
T 1068 0000008c 1 1 0 0 0 0 0 0 1 0 0 1 0 0
R 1068 709 00000090 fe019ee3
C 1068 0000008c 1 0 0 0 5 0
T 1069 00000090 1 1 0 0 0 0 0 0 1 0 1 1 0 0
W 1069 3 cafeeecd 000000000
C 1069 00000090 1 0 0 1 5 0
T 1070 00000090 0 1 0 0 0 0 0 0 1 0 0 0 0 0
R 1070 710 0000008c fff18193
C 1070 00000090 0 0 0 0 5 0
T 1071 0000008c 1 1 0 0 0 0 0 0 1 0 0 1 0 0
R 1071 711 00000090 fe019ee3
C 1071 0000008c 1 0 0 0 5 0
T 1072 00000090 1 1 0 0 0 0 0 0 1 0 1 1 0 0
W 1072 3 cafeeecc 000000000
C 1072 00000090 1 0 0 1 5 0
T 1073 00000090 0 1 0 0 0 0 0 0 1 0 0 0 0 0
R 1073 712 0000008c fff18193
C 1073 00000090 0 0 0 0 5 0
T 1074 0000008c 1 1 0 0 0 0 0 0 1 0 0 1 0 0
R 1074 713 00000090 fe019ee3
C 1074 0000008c 1 0 0 0 5 0
T 1075 00000090 1 1 0 0 0 0 0 0 1 0 1 1 0 0
W 1075 3 cafeeecb 000000000
C 1075 00000090 1 0 0 1 5 0
T 1076 00000090 0 1 0 0 0 0 0 0 1 0 0 0 0 0
R 1076 714 0000008c fff18193
C 1076 00000090 0 0 0 0 5 0
T 1077 0000008c 1 1 0 0 0 0 0 0 1 0 0 1 0 0
R 1077 715 00000090 fe019ee3
C 1077 0000008c 1 0 0 0 5 0
T 1078 00000090 1 1 0 0 0 0 0 0 1 0 1 1 0 0
W 1078 3 cafeeeca 000000000
C 1078 00000090 1 0 0 1 5 0
T 1079 00000090 0 1 0 0 0 0 0 0 1 0 0 0 0 0
R 1079 716 0000008c fff18193
C 1079 00000090 0 0 0 0 5 0
T 1080 0000008c 1 1 0 0 0 0 0 0 1 0 0 1 0 0
R 1080 717 00000090 fe019ee3
C 1080 0000008c 1 0 0 0 5 0
T 1081 00000090 1 1 0 0 0 0 0 0 1 0 1 1 0 0
W 1081 3 cafeeec9 000000000
C 1081 00000090 1 0 0 1 5 0
T 1082 00000090 0 1 0 0 0 0 0 0 1 0 0 0 0 0
R 1082 718 0000008c fff18193
C 1082 00000090 0 0 0 0 5 0
T 1083 0000008c 1 1 0 0 0 0 0 0 1 0 0 1 0 0
R 1083 719 00000090 fe019ee3
C 1083 0000008c 1 0 0 0 5 0
T 1084 00000090 1 1 0 0 0 0 0 0 1 0 1 1 0 0
W 1084 3 cafeeec8 000000000
C 1084 00000090 1 0 0 1 5 0
T 1085 00000090 0 1 0 0 0 0 0 0 1 0 0 0 0 0
R 1085 720 0000008c fff18193
C 1085 00000090 0 0 0 0 5 0
T 1086 0000008c 1 1 0 0 0 0 0 0 1 0 0 1 0 0
R 1086 721 00000090 fe019ee3
C 1086 0000008c 1 0 0 0 5 0
T 1087 00000090 1 1 0 0 0 0 0 0 1 0 1 1 0 0
W 1087 3 cafeeec7 000000000
C 1087 00000090 1 0 0 1 5 0
T 1088 00000090 0 1 0 0 0 0 0 0 1 0 0 0 0 0
R 1088 722 0000008c fff18193
C 1088 00000090 0 0 0 0 5 0
T 1089 0000008c 1 1 0 0 0 0 0 0 1 0 0 1 0 0
R 1089 723 00000090 fe019ee3
C 1089 0000008c 1 0 0 0 5 0
T 1090 00000090 1 1 0 0 0 0 0 0 1 0 1 1 0 0
W 1090 3 cafeeec6 000000000
C 1090 00000090 1 0 0 1 5 0
T 1091 00000090 0 1 0 0 0 0 0 0 1 0 0 0 0 0
R 1091 724 0000008c fff18193
C 1091 00000090 0 0 0 0 5 0
T 1092 0000008c 1 1 0 0 0 0 0 0 1 0 0 1 0 0
R 1092 725 00000090 fe019ee3
C 1092 0000008c 1 0 0 0 5 0
T 1093 00000090 1 1 0 0 0 0 0 0 1 0 1 1 0 0
W 1093 3 cafeeec5 000000000
C 1093 00000090 1 0 0 1 5 0
T 1094 00000090 0 1 0 0 0 0 0 0 1 0 0 0 0 0
R 1094 726 0000008c fff18193
C 1094 00000090 0 0 0 0 5 0
T 1095 0000008c 1 1 0 0 0 0 0 0 1 0 0 1 0 0
R 1095 727 00000090 fe019ee3
C 1095 0000008c 1 0 0 0 5 0
T 1096 00000090 1 1 0 0 0 0 0 0 1 0 1 1 0 0
W 1096 3 cafeeec4 000000000
C 1096 00000090 1 0 0 1 5 0
T 1097 00000090 0 1 0 0 0 0 0 0 1 0 0 0 0 0
R 1097 728 0000008c fff18193
C 1097 00000090 0 0 0 0 5 0
T 1098 0000008c 1 1 0 0 0 0 0 0 1 0 0 1 0 0
R 1098 729 00000090 fe019ee3
C 1098 0000008c 1 0 0 0 5 0
T 1099 00000090 1 1 0 0 0 0 0 0 1 0 1 1 0 0
W 1099 3 cafeeec3 000000000
C 1099 00000090 1 0 0 1 5 0
T 1100 00000090 0 1 0 0 0 0 0 0 1 0 0 0 0 0
R 1100 730 0000008c fff18193
C 1100 00000090 0 0 0 0 5 0
T 1101 0000008c 1 1 0 0 0 0 0 0 1 0 0 1 0 0
R 1101 731 00000090 fe019ee3
C 1101 0000008c 1 0 0 0 5 0
T 1102 00000090 1 1 0 0 0 0 0 0 1 0 1 1 0 0
W 1102 3 cafeeec2 000000000
C 1102 00000090 1 0 0 1 5 0
T 1103 00000090 0 1 0 0 0 0 0 0 1 0 0 0 0 0
R 1103 732 0000008c fff18193
C 1103 00000090 0 0 0 0 5 0
T 1104 0000008c 1 1 0 0 0 0 0 0 1 0 0 1 0 0
R 1104 733 00000090 fe019ee3
C 1104 0000008c 1 0 0 0 5 0
T 1105 00000090 1 1 0 0 0 0 0 0 1 0 1 1 0 0
W 1105 3 cafeeec1 000000000
C 1105 00000090 1 0 0 1 5 0
T 1106 00000090 0 1 0 0 0 0 0 0 1 0 0 0 0 0
R 1106 734 0000008c fff18193
C 1106 00000090 0 0 0 0 5 0
T 1107 0000008c 1 1 0 0 0 0 0 0 1 0 0 1 0 0
R 1107 735 00000090 fe019ee3
C 1107 0000008c 1 0 0 0 5 0
T 1108 00000090 1 1 0 0 0 0 0 0 1 0 1 1 0 0
W 1108 3 cafeeec0 000000000
C 1108 00000090 1 0 0 1 5 0
T 1109 00000090 0 1 0 0 0 0 0 0 1 0 0 0 0 0
R 1109 736 0000008c fff18193
C 1109 00000090 0 0 0 0 5 0
T 1110 0000008c 1 1 0 0 0 0 0 0 1 0 0 1 0 0
R 1110 737 00000090 fe019ee3
C 1110 0000008c 1 0 0 0 5 0
T 1111 00000090 1 1 0 0 0 0 0 0 1 0 1 1 0 0
W 1111 3 cafeeebf 000000000
C 1111 00000090 1 0 0 1 5 0
T 1112 00000090 0 1 0 0 0 0 0 0 1 0 0 0 0 0
R 1112 738 0000008c fff18193
C 1112 00000090 0 0 0 0 5 0
T 1113 0000008c 1 1 0 0 0 0 0 0 1 0 0 1 0 0
R 1113 739 00000090 fe019ee3
C 1113 0000008c 1 0 0 0 5 0
T 1114 00000090 1 1 0 0 0 0 0 0 1 0 1 1 0 0
W 1114 3 cafeeebe 000000000
C 1114 00000090 1 0 0 1 5 0
T 1115 00000090 0 1 0 0 0 0 0 0 1 0 0 0 0 0
R 1115 740 0000008c fff18193
C 1115 00000090 0 0 0 0 5 0
T 1116 0000008c 1 1 0 0 0 0 0 0 1 0 0 1 0 0
R 1116 741 00000090 fe019ee3
C 1116 0000008c 1 0 0 0 5 0
T 1117 00000090 1 1 0 0 0 0 0 0 1 0 1 1 0 0
W 1117 3 cafeeebd 000000000
C 1117 00000090 1 0 0 1 5 0
T 1118 00000090 0 1 0 0 0 0 0 0 1 0 0 0 0 0
R 1118 742 0000008c fff18193
C 1118 00000090 0 0 0 0 5 0
T 1119 0000008c 1 1 0 0 0 0 0 0 1 0 0 1 0 0
R 1119 743 00000090 fe019ee3
C 1119 0000008c 1 0 0 0 5 0
T 1120 00000090 1 1 0 0 0 0 0 0 1 0 1 1 0 0
W 1120 3 cafeeebc 000000000
C 1120 00000090 1 0 0 1 5 0
T 1121 00000090 0 1 0 0 0 0 0 0 1 0 0 0 0 0
R 1121 744 0000008c fff18193
C 1121 00000090 0 0 0 0 5 0
T 1122 0000008c 1 1 0 0 0 0 0 0 1 0 0 1 0 0
R 1122 745 00000090 fe019ee3
C 1122 0000008c 1 0 0 0 5 0
T 1123 00000090 1 1 0 0 0 0 0 0 1 0 1 1 0 0
W 1123 3 cafeeebb 000000000
C 1123 00000090 1 0 0 1 5 0
T 1124 00000090 0 1 0 0 0 0 0 0 1 0 0 0 0 0
R 1124 746 0000008c fff18193
C 1124 00000090 0 0 0 0 5 0
T 1125 0000008c 1 1 0 0 0 0 0 0 1 0 0 1 0 0
R 1125 747 00000090 fe019ee3
C 1125 0000008c 1 0 0 0 5 0
T 1126 00000090 1 1 0 0 0 0 0 0 1 0 1 1 0 0
W 1126 3 cafeeeba 000000000
C 1126 00000090 1 0 0 1 5 0
T 1127 00000090 0 1 0 0 0 0 0 0 1 0 0 0 0 0
R 1127 748 0000008c fff18193
C 1127 00000090 0 0 0 0 5 0
T 1128 0000008c 1 1 0 0 0 0 0 0 1 0 0 1 0 0
R 1128 749 00000090 fe019ee3
C 1128 0000008c 1 0 0 0 5 0
T 1129 00000090 1 1 0 0 0 0 0 0 1 0 1 1 0 0
W 1129 3 cafeeeb9 000000000
C 1129 00000090 1 0 0 1 5 0
T 1130 00000090 0 1 0 0 0 0 0 0 1 0 0 0 0 0
R 1130 750 0000008c fff18193
C 1130 00000090 0 0 0 0 5 0
T 1131 0000008c 1 1 0 0 0 0 0 0 1 0 0 1 0 0
R 1131 751 00000090 fe019ee3
C 1131 0000008c 1 0 0 0 5 0
T 1132 00000090 1 1 0 0 0 0 0 0 1 0 1 1 0 0
W 1132 3 cafeeeb8 000000000
C 1132 00000090 1 0 0 1 5 0
T 1133 00000090 0 1 0 0 0 0 0 0 1 0 0 0 0 0
R 1133 752 0000008c fff18193
C 1133 00000090 0 0 0 0 5 0
T 1134 0000008c 1 1 0 0 0 0 0 0 1 0 0 1 0 0
R 1134 753 00000090 fe019ee3
C 1134 0000008c 1 0 0 0 5 0
T 1135 00000090 1 1 0 0 0 0 0 0 1 0 1 1 0 0
W 1135 3 cafeeeb7 000000000
C 1135 00000090 1 0 0 1 5 0
T 1136 00000090 0 1 0 0 0 0 0 0 1 0 0 0 0 0
R 1136 754 0000008c fff18193
C 1136 00000090 0 0 0 0 5 0
T 1137 0000008c 1 1 0 0 0 0 0 0 1 0 0 1 0 0
R 1137 755 00000090 fe019ee3
C 1137 0000008c 1 0 0 0 5 0
T 1138 00000090 1 1 0 0 0 0 0 0 1 0 1 1 0 0
W 1138 3 cafeeeb6 000000000
C 1138 00000090 1 0 0 1 5 0
T 1139 00000090 0 1 0 0 0 0 0 0 1 0 0 0 0 0
R 1139 756 0000008c fff18193
C 1139 00000090 0 0 0 0 5 0
T 1140 0000008c 1 1 0 0 0 0 0 0 1 0 0 1 0 0
R 1140 757 00000090 fe019ee3
C 1140 0000008c 1 0 0 0 5 0
T 1141 00000090 1 1 0 0 0 0 0 0 1 0 1 1 0 0
W 1141 3 cafeeeb5 000000000
C 1141 00000090 1 0 0 1 5 0
T 1142 00000090 0 1 0 0 0 0 0 0 1 0 0 0 0 0
R 1142 758 0000008c fff18193
C 1142 00000090 0 0 0 0 5 0
T 1143 0000008c 1 1 0 0 0 0 0 0 1 0 0 1 0 0
R 1143 759 00000090 fe019ee3
C 1143 0000008c 1 0 0 0 5 0
T 1144 00000090 1 1 0 0 0 0 0 0 1 0 1 1 0 0
W 1144 3 cafeeeb4 000000000
C 1144 00000090 1 0 0 1 5 0
T 1145 00000090 0 1 0 0 0 0 0 0 1 0 0 0 0 0
R 1145 760 0000008c fff18193
C 1145 00000090 0 0 0 0 5 0
T 1146 0000008c 1 1 0 0 0 0 0 0 1 0 0 1 0 0
R 1146 761 00000090 fe019ee3
C 1146 0000008c 1 0 0 0 5 0
T 1147 00000090 1 1 0 0 0 0 0 0 1 0 1 1 0 0
W 1147 3 cafeeeb3 000000000
C 1147 00000090 1 0 0 1 5 0
T 1148 00000090 0 1 0 0 0 0 0 0 1 0 0 0 0 0
R 1148 762 0000008c fff18193
C 1148 00000090 0 0 0 0 5 0
T 1149 0000008c 1 1 0 0 0 0 0 0 1 0 0 1 0 0
R 1149 763 00000090 fe019ee3
C 1149 0000008c 1 0 0 0 5 0
T 1150 00000090 1 1 0 0 0 0 0 0 1 0 1 1 0 0
W 1150 3 cafeeeb2 000000000
C 1150 00000090 1 0 0 1 5 0
T 1151 00000090 0 1 0 0 0 0 0 0 1 0 0 0 0 0
R 1151 764 0000008c fff18193
C 1151 00000090 0 0 0 0 5 0
T 1152 0000008c 1 1 0 0 0 0 0 0 1 0 0 1 0 0
R 1152 765 00000090 fe019ee3
C 1152 0000008c 1 0 0 0 5 0
T 1153 00000090 1 1 0 0 0 0 0 0 1 0 1 1 0 0
W 1153 3 cafeeeb1 000000000
C 1153 00000090 1 0 0 1 5 0
T 1154 00000090 0 1 0 0 0 0 0 0 1 0 0 0 0 0
R 1154 766 0000008c fff18193
C 1154 00000090 0 0 0 0 5 0
T 1155 0000008c 1 1 0 0 0 0 0 0 1 0 0 1 0 0
R 1155 767 00000090 fe019ee3
C 1155 0000008c 1 0 0 0 5 0
T 1156 00000090 1 1 0 0 0 0 0 0 1 0 1 1 0 0
W 1156 3 cafeeeb0 000000000
C 1156 00000090 1 0 0 1 5 0
T 1157 00000090 0 1 0 0 0 0 0 0 1 0 0 0 0 0
R 1157 768 0000008c fff18193
C 1157 00000090 0 0 0 0 5 0
T 1158 0000008c 1 1 0 0 0 0 0 0 1 0 0 1 0 0
R 1158 769 00000090 fe019ee3
C 1158 0000008c 1 0 0 0 5 0
T 1159 00000090 1 1 0 0 0 0 0 0 1 0 1 1 0 0
W 1159 3 cafeeeaf 000000000
C 1159 00000090 1 0 0 1 5 0
T 1160 00000090 0 1 0 0 0 0 0 0 1 0 0 0 0 0
R 1160 770 0000008c fff18193
C 1160 00000090 0 0 0 0 5 0
T 1161 0000008c 1 1 0 0 0 0 0 0 1 0 0 1 0 0
R 1161 771 00000090 fe019ee3
C 1161 0000008c 1 0 0 0 5 0
T 1162 00000090 1 1 0 0 0 0 0 0 1 0 1 1 0 0
W 1162 3 cafeeeae 000000000
C 1162 00000090 1 0 0 1 5 0
T 1163 00000090 0 1 0 0 0 0 0 0 1 0 0 0 0 0
R 1163 772 0000008c fff18193
C 1163 00000090 0 0 0 0 5 0
T 1164 0000008c 1 1 0 0 0 0 0 0 1 0 0 1 0 0
R 1164 773 00000090 fe019ee3
C 1164 0000008c 1 0 0 0 5 0
T 1165 00000090 1 1 0 0 0 0 0 0 1 0 1 1 0 0
W 1165 3 cafeeead 000000000
C 1165 00000090 1 0 0 1 5 0
T 1166 00000090 0 1 0 0 0 0 0 0 1 0 0 0 0 0
R 1166 774 0000008c fff18193
C 1166 00000090 0 0 0 0 5 0
T 1167 0000008c 1 1 0 0 0 0 0 0 1 0 0 1 0 0
R 1167 775 00000090 fe019ee3
C 1167 0000008c 1 0 0 0 5 0
T 1168 00000090 1 1 0 0 0 0 0 0 1 0 1 1 0 0
W 1168 3 cafeeeac 000000000
C 1168 00000090 1 0 0 1 5 0
T 1169 00000090 0 1 0 0 0 0 0 0 1 0 0 0 0 0
R 1169 776 0000008c fff18193
C 1169 00000090 0 0 0 0 5 0
T 1170 0000008c 1 1 0 0 0 0 0 0 1 0 0 1 0 0
R 1170 777 00000090 fe019ee3
C 1170 0000008c 1 0 0 0 5 0
T 1171 00000090 1 1 0 0 0 0 0 0 1 0 1 1 0 0
W 1171 3 cafeeeab 000000000
C 1171 00000090 1 0 0 1 5 0
T 1172 00000090 0 1 0 0 0 0 0 0 1 0 0 0 0 0
R 1172 778 0000008c fff18193
C 1172 00000090 0 0 0 0 5 0
T 1173 0000008c 1 1 0 0 0 0 0 0 1 0 0 1 0 0
R 1173 779 00000090 fe019ee3
C 1173 0000008c 1 0 0 0 5 0
T 1174 00000090 1 1 0 0 0 0 0 0 1 0 1 1 0 0
W 1174 3 cafeeeaa 000000000
C 1174 00000090 1 0 0 1 5 0
T 1175 00000090 0 1 0 0 0 0 0 0 1 0 0 0 0 0
R 1175 780 0000008c fff18193
C 1175 00000090 0 0 0 0 5 0
T 1176 0000008c 1 1 0 0 0 0 0 0 1 0 0 1 0 0
R 1176 781 00000090 fe019ee3
C 1176 0000008c 1 0 0 0 5 0
T 1177 00000090 1 1 0 0 0 0 0 0 1 0 1 1 0 0
W 1177 3 cafeeea9 000000000
C 1177 00000090 1 0 0 1 5 0
T 1178 00000090 0 1 0 0 0 0 0 0 1 0 0 0 0 0
R 1178 782 0000008c fff18193
C 1178 00000090 0 0 0 0 5 0
T 1179 0000008c 1 1 0 0 0 0 0 0 1 0 0 1 0 0
R 1179 783 00000090 fe019ee3
C 1179 0000008c 1 0 0 0 5 0
T 1180 00000090 1 1 0 0 0 0 0 0 1 0 1 1 0 0
W 1180 3 cafeeea8 000000000
C 1180 00000090 1 0 0 1 5 0
T 1181 00000090 0 1 0 0 0 0 0 0 1 0 0 0 0 0
R 1181 784 0000008c fff18193
C 1181 00000090 0 0 0 0 5 0
T 1182 0000008c 1 1 0 0 0 0 0 0 1 0 0 1 0 0
R 1182 785 00000090 fe019ee3
C 1182 0000008c 1 0 0 0 5 0
T 1183 00000090 1 1 0 0 0 0 0 0 1 0 1 1 0 0
W 1183 3 cafeeea7 000000000
C 1183 00000090 1 0 0 1 5 0
T 1184 00000090 0 1 0 0 0 0 0 0 1 0 0 0 0 0
R 1184 786 0000008c fff18193
C 1184 00000090 0 0 0 0 5 0
T 1185 0000008c 1 1 0 0 0 0 0 0 1 0 0 1 0 0
R 1185 787 00000090 fe019ee3
C 1185 0000008c 1 0 0 0 5 0
T 1186 00000090 1 1 0 0 0 0 0 0 1 0 1 1 0 0
W 1186 3 cafeeea6 000000000
C 1186 00000090 1 0 0 1 5 0
T 1187 00000090 0 1 0 0 0 0 0 0 1 0 0 0 0 0
R 1187 788 0000008c fff18193
C 1187 00000090 0 0 0 0 5 0
T 1188 0000008c 1 1 0 0 0 0 0 0 1 0 0 1 0 0
R 1188 789 00000090 fe019ee3
C 1188 0000008c 1 0 0 0 5 0
T 1189 00000090 1 1 0 0 0 0 0 0 1 0 1 1 0 0
W 1189 3 cafeeea5 000000000
C 1189 00000090 1 0 0 1 5 0
T 1190 00000090 0 1 0 0 0 0 0 0 1 0 0 0 0 0
R 1190 790 0000008c fff18193
C 1190 00000090 0 0 0 0 5 0
T 1191 0000008c 1 1 0 0 0 0 0 0 1 0 0 1 0 0
R 1191 791 00000090 fe019ee3
C 1191 0000008c 1 0 0 0 5 0
T 1192 00000090 1 1 0 0 0 0 0 0 1 0 1 1 0 0
W 1192 3 cafeeea4 000000000
C 1192 00000090 1 0 0 1 5 0
T 1193 00000090 0 1 0 0 0 0 0 0 1 0 0 0 0 0
R 1193 792 0000008c fff18193
C 1193 00000090 0 0 0 0 5 0
T 1194 0000008c 1 1 0 0 0 0 0 0 1 0 0 1 0 0
R 1194 793 00000090 fe019ee3
C 1194 0000008c 1 0 0 0 5 0
T 1195 00000090 1 1 0 0 0 0 0 0 1 0 1 1 0 0
W 1195 3 cafeeea3 000000000
C 1195 00000090 1 0 0 1 5 0
T 1196 00000090 0 1 0 0 0 0 0 0 1 0 0 0 0 0
R 1196 794 0000008c fff18193
C 1196 00000090 0 0 0 0 5 0
T 1197 0000008c 1 1 0 0 0 0 0 0 1 0 0 1 0 0
R 1197 795 00000090 fe019ee3
C 1197 0000008c 1 0 0 0 5 0
T 1198 00000090 1 1 0 0 0 0 0 0 1 0 1 1 0 0
W 1198 3 cafeeea2 000000000
C 1198 00000090 1 0 0 1 5 0
T 1199 00000090 0 1 0 0 0 0 0 0 1 0 0 0 0 0
R 1199 796 0000008c fff18193
C 1199 00000090 0 0 0 0 5 0
REG 0 00000000
REG 1 00000208
REG 2 44332211
REG 3 cafeeea2
REG 4 00000000
REG 5 00000000
REG 6 00000000
REG 7 00000000
REG 8 00000000
REG 9 00000000
REG 10 00000000
REG 11 00000000
REG 12 00000000
REG 13 00000000
REG 14 00000000
REG 15 00000000
REG 16 00000000
REG 17 00000000
REG 18 00000000
REG 19 00000000
REG 20 00000000
REG 21 00000000
REG 22 00000000
REG 23 00000000
REG 24 00000000
REG 25 00000000
REG 26 00000000
REG 27 00000000
REG 28 00000000
REG 29 00000000
REG 30 00000000
REG 31 00000000
COUNTS sleep=1 clocks=1197 ai=6 ab=0 am=0 ifetch=1196 data=1 bitmap=0 hit=0 miss=0 dummy=0 expanded=0 predict=0 mispredict=0 keys=0
PROTOCOL_CHECKS 1197
FINISH
- /home/dungpc/ndmoney4porche/projects/ibex/doc/dungpc/opentitan/evidence/opentitan_tb.sv:253: Verilog $finish
