CONFIG SEC=1 CACHE=1 PRED=0 DUAL=1 MODE=0 ZC=3 SCR=1 ICECC=1 OFFSET=1 PMP=1
SAMPLE 3 ai=0 ab=0 am=0 pc=0 mismatch=0 rf=0 mode=0
T 3 00000000 0 1 0 0 0 0 0 0 1 0 1 0 0 0
SECDET 3 pc=0 rf=0 intg=0
C 3 00000000 0 0 0 1 0 0
LOCK 4 rst=0 cmp=a mismatch=0 rf=0 cap=0
SAMPLE 4 ai=0 ab=0 am=0 pc=0 mismatch=0 rf=0 mode=0
T 4 00000000 0 1 0 0 0 0 0 0 1 0 1 0 0 0
SECDET 4 pc=0 rf=0 intg=0
C 4 00000000 0 0 0 1 1 0
LOCK 5 rst=1 cmp=a mismatch=0 rf=0 cap=0
SAMPLE 5 ai=0 ab=0 am=0 pc=0 mismatch=0 rf=0 mode=0
T 5 00000000 0 1 0 0 0 0 0 0 1 0 0 0 0 0
SECDET 5 pc=0 rf=0 intg=0
C 5 00000000 0 0 0 0 4 0
LOCK 6 rst=1 cmp=5 mismatch=0 rf=0 cap=0
SAMPLE 6 ai=0 ab=0 am=0 pc=0 mismatch=0 rf=0 mode=0
T 6 00000080 1 1 0 0 0 0 0 0 1 0 0 1 0 0
CSRDBG 6 addr=208 priv=3 dec=0 csr=0 raw=1 pw=0 dbg=0 op=0
SECDET 6 pc=0 rf=0 intg=0
C 6 00000080 1 0 0 0 5 0
LOCK 7 rst=1 cmp=5 mismatch=0 rf=0 cap=0
SAMPLE 7 ai=0 ab=0 am=0 pc=0 mismatch=0 rf=0 mode=0
T 7 00000084 1 1 0 0 0 0 0 0 1 0 0 1 0 0
W 7 1 00000208 000000000
CSRDBG 7 addr=000 priv=3 dec=0 csr=0 raw=1 pw=0 dbg=0 op=0
SECDET 7 pc=0 rf=0 intg=0
C 7 00000084 1 0 0 0 5 0
D 7 0 00000208 f 00000000 tag=0
LOCK 8 rst=1 cmp=5 mismatch=0 rf=0 cap=0
SAMPLE 8 ai=0 ab=0 am=0 pc=0 mismatch=0 rf=0 mode=0
T 8 00000088 1 1 0 0 0 0 0 0 1 1 0 1 0 0
W 8 2 44332211 000000000
CSRDBG 8 addr=0c8 priv=3 dec=0 csr=0 raw=1 pw=0 dbg=0 op=0
SECDET 8 pc=0 rf=0 intg=0
R 8 1 00000080 20800093
C 8 00000088 1 0 0 0 5 0
LOCK 9 rst=1 cmp=5 mismatch=0 rf=0 cap=0
SAMPLE 9 ai=0 ab=0 am=0 pc=0 mismatch=0 rf=0 mode=0
T 9 0000008c 1 1 0 0 0 0 0 0 1 0 0 1 0 0
W 9 3 000000c8 000000000
CSRDBG 9 addr=fff priv=3 dec=0 csr=0 raw=1 pw=0 dbg=0 op=0
SECDET 9 pc=0 rf=0 intg=0
R 9 2 00000084 0000a103
C 9 0000008c 1 0 0 0 5 0
LOCK 10 rst=1 cmp=5 mismatch=0 rf=0 cap=0
SAMPLE 10 ai=0 ab=0 am=0 pc=0 mismatch=0 rf=0 mode=0
T 10 00000090 1 1 0 0 0 0 0 0 1 0 1 1 0 0
W 10 3 000000c7 000000000
CSRDBG 10 addr=fe0 priv=3 dec=0 csr=0 raw=1 pw=0 dbg=0 op=0
SECDET 10 pc=0 rf=0 intg=0
R 10 3 00000088 0c800193
C 10 00000090 1 0 0 1 5 0
LOCK 11 rst=1 cmp=5 mismatch=0 rf=0 cap=0
SAMPLE 11 ai=0 ab=0 am=0 pc=0 mismatch=0 rf=0 mode=0
T 11 00000090 0 1 0 0 0 0 0 0 1 0 0 0 0 0
SECDET 11 pc=0 rf=0 intg=0
R 11 4 0000008c fff18193
C 11 00000090 0 0 0 0 5 0
LOCK 12 rst=1 cmp=5 mismatch=0 rf=0 cap=0
SAMPLE 12 ai=0 ab=0 am=0 pc=0 mismatch=0 rf=0 mode=0
T 12 0000008c 1 1 0 0 0 0 0 0 1 0 0 1 0 0
CSRDBG 12 addr=fff priv=3 dec=0 csr=0 raw=1 pw=0 dbg=0 op=0
SECDET 12 pc=0 rf=0 intg=0
R 12 5 00000090 fe019ee3
C 12 0000008c 1 0 0 0 5 0
LOCK 13 rst=1 cmp=5 mismatch=0 rf=0 cap=0
SAMPLE 13 ai=0 ab=0 am=0 pc=0 mismatch=0 rf=0 mode=0
T 13 00000090 1 1 0 0 0 0 0 0 1 0 1 1 0 0
W 13 3 000000c6 000000000
CSRDBG 13 addr=fe0 priv=3 dec=0 csr=0 raw=1 pw=0 dbg=0 op=0
SECDET 13 pc=0 rf=0 intg=0
C 13 00000090 1 0 0 1 5 0
LOCK 14 rst=1 cmp=5 mismatch=0 rf=0 cap=0
SAMPLE 14 ai=0 ab=0 am=0 pc=0 mismatch=0 rf=0 mode=0
T 14 00000090 0 1 0 0 0 0 0 0 1 0 0 0 0 0
SECDET 14 pc=0 rf=0 intg=0
R 14 6 0000008c fff18193
C 14 00000090 0 0 0 0 5 0
LOCK 15 rst=1 cmp=5 mismatch=0 rf=0 cap=0
SAMPLE 15 ai=0 ab=0 am=0 pc=0 mismatch=0 rf=0 mode=0
T 15 0000008c 1 1 0 0 0 0 0 0 1 0 0 1 0 0
CSRDBG 15 addr=fff priv=3 dec=0 csr=0 raw=1 pw=0 dbg=0 op=0
SECDET 15 pc=0 rf=0 intg=0
R 15 7 00000090 fe019ee3
C 15 0000008c 1 0 0 0 5 0
LOCK 16 rst=1 cmp=5 mismatch=0 rf=0 cap=0
SAMPLE 16 ai=0 ab=0 am=0 pc=0 mismatch=0 rf=0 mode=0
T 16 00000090 1 1 0 0 0 0 0 0 1 0 1 1 0 0
W 16 3 000000c5 000000000
CSRDBG 16 addr=fe0 priv=3 dec=0 csr=0 raw=1 pw=0 dbg=0 op=0
SECDET 16 pc=0 rf=0 intg=0
C 16 00000090 1 0 0 1 5 0
LOCK 17 rst=1 cmp=5 mismatch=0 rf=0 cap=0
SAMPLE 17 ai=0 ab=0 am=0 pc=0 mismatch=0 rf=0 mode=0
T 17 00000090 0 1 0 0 0 0 0 0 1 0 0 0 0 0
SECDET 17 pc=0 rf=0 intg=0
R 17 8 0000008c fff18193
C 17 00000090 0 0 0 0 5 0
LOCK 18 rst=1 cmp=5 mismatch=0 rf=0 cap=0
SAMPLE 18 ai=0 ab=0 am=0 pc=0 mismatch=0 rf=0 mode=0
T 18 0000008c 1 1 0 0 0 0 0 0 1 0 0 1 0 0
CSRDBG 18 addr=fff priv=3 dec=0 csr=0 raw=1 pw=0 dbg=0 op=0
SECDET 18 pc=0 rf=0 intg=0
R 18 9 00000090 fe019ee3
C 18 0000008c 1 0 0 0 5 0
LOCK 19 rst=1 cmp=5 mismatch=0 rf=0 cap=0
SAMPLE 19 ai=0 ab=0 am=0 pc=0 mismatch=0 rf=0 mode=0
T 19 00000090 1 1 0 0 0 0 0 0 1 0 1 1 0 0
W 19 3 000000c4 000000000
CSRDBG 19 addr=fe0 priv=3 dec=0 csr=0 raw=1 pw=0 dbg=0 op=0
SECDET 19 pc=0 rf=0 intg=0
C 19 00000090 1 0 0 1 5 0
LOCK 20 rst=1 cmp=5 mismatch=0 rf=0 cap=0
SAMPLE 20 ai=0 ab=0 am=0 pc=0 mismatch=0 rf=0 mode=0
T 20 00000090 0 1 0 0 0 0 0 0 1 0 0 0 0 0
SECDET 20 pc=0 rf=0 intg=0
R 20 10 0000008c fff18193
C 20 00000090 0 0 0 0 5 0
LOCK 21 rst=1 cmp=5 mismatch=0 rf=0 cap=0
SAMPLE 21 ai=0 ab=0 am=0 pc=0 mismatch=0 rf=0 mode=0
T 21 0000008c 1 1 0 0 0 0 0 0 1 0 0 1 0 0
CSRDBG 21 addr=fff priv=3 dec=0 csr=0 raw=1 pw=0 dbg=0 op=0
SECDET 21 pc=0 rf=0 intg=0
R 21 11 00000090 fe019ee3
C 21 0000008c 1 0 0 0 5 0
LOCK 22 rst=1 cmp=5 mismatch=0 rf=0 cap=0
SAMPLE 22 ai=0 ab=0 am=0 pc=0 mismatch=0 rf=0 mode=0
T 22 00000090 1 1 0 0 0 0 0 0 1 0 1 1 0 0
W 22 3 000000c3 000000000
CSRDBG 22 addr=fe0 priv=3 dec=0 csr=0 raw=1 pw=0 dbg=0 op=0
SECDET 22 pc=0 rf=0 intg=0
C 22 00000090 1 0 0 1 5 0
LOCK 23 rst=1 cmp=5 mismatch=0 rf=0 cap=0
SAMPLE 23 ai=0 ab=0 am=0 pc=0 mismatch=0 rf=0 mode=0
T 23 00000090 0 1 0 0 0 0 0 0 1 0 0 0 0 0
SECDET 23 pc=0 rf=0 intg=0
R 23 12 0000008c fff18193
C 23 00000090 0 0 0 0 5 0
LOCK 24 rst=1 cmp=5 mismatch=0 rf=0 cap=0
SAMPLE 24 ai=0 ab=0 am=0 pc=0 mismatch=0 rf=0 mode=0
T 24 0000008c 1 1 0 0 0 0 0 0 1 0 0 1 0 0
CSRDBG 24 addr=fff priv=3 dec=0 csr=0 raw=1 pw=0 dbg=0 op=0
SECDET 24 pc=0 rf=0 intg=0
R 24 13 00000090 fe019ee3
C 24 0000008c 1 0 0 0 5 0
LOCK 25 rst=1 cmp=5 mismatch=0 rf=0 cap=0
SAMPLE 25 ai=0 ab=0 am=0 pc=0 mismatch=0 rf=0 mode=0
T 25 00000090 1 1 0 0 0 0 0 0 1 0 1 1 0 0
W 25 3 000000c2 000000000
CSRDBG 25 addr=fe0 priv=3 dec=0 csr=0 raw=1 pw=0 dbg=0 op=0
SECDET 25 pc=0 rf=0 intg=0
C 25 00000090 1 0 0 1 5 0
LOCK 26 rst=1 cmp=5 mismatch=0 rf=0 cap=0
SAMPLE 26 ai=0 ab=0 am=0 pc=0 mismatch=0 rf=0 mode=0
T 26 00000090 0 1 0 0 0 0 0 0 1 0 0 0 0 0
SECDET 26 pc=0 rf=0 intg=0
R 26 14 0000008c fff18193
C 26 00000090 0 0 0 0 5 0
LOCK 27 rst=1 cmp=5 mismatch=0 rf=0 cap=0
SAMPLE 27 ai=0 ab=0 am=0 pc=0 mismatch=0 rf=0 mode=0
T 27 0000008c 1 1 0 0 0 0 0 0 1 0 0 1 0 0
CSRDBG 27 addr=fff priv=3 dec=0 csr=0 raw=1 pw=0 dbg=0 op=0
SECDET 27 pc=0 rf=0 intg=0
R 27 15 00000090 fe019ee3
C 27 0000008c 1 0 0 0 5 0
LOCK 28 rst=1 cmp=5 mismatch=0 rf=0 cap=0
SAMPLE 28 ai=0 ab=0 am=0 pc=0 mismatch=0 rf=0 mode=0
T 28 00000090 1 1 0 0 0 0 0 0 1 0 1 1 0 0
W 28 3 000000c1 000000000
CSRDBG 28 addr=fe0 priv=3 dec=0 csr=0 raw=1 pw=0 dbg=0 op=0
SECDET 28 pc=0 rf=0 intg=0
C 28 00000090 1 0 0 1 5 0
LOCK 29 rst=1 cmp=5 mismatch=0 rf=0 cap=0
SAMPLE 29 ai=0 ab=0 am=0 pc=0 mismatch=0 rf=0 mode=0
T 29 00000090 0 1 0 0 0 0 0 0 1 0 0 0 0 0
SECDET 29 pc=0 rf=0 intg=0
R 29 16 0000008c fff18193
C 29 00000090 0 0 0 0 5 0
LOCK 30 rst=1 cmp=5 mismatch=0 rf=0 cap=0
SAMPLE 30 ai=0 ab=0 am=0 pc=0 mismatch=0 rf=0 mode=0
T 30 0000008c 1 1 0 0 0 0 0 0 1 0 0 1 0 0
CSRDBG 30 addr=fff priv=3 dec=0 csr=0 raw=1 pw=0 dbg=0 op=0
SECDET 30 pc=0 rf=0 intg=0
R 30 17 00000090 fe019ee3
C 30 0000008c 1 0 0 0 5 0
LOCK 31 rst=1 cmp=5 mismatch=0 rf=0 cap=0
SAMPLE 31 ai=0 ab=0 am=0 pc=0 mismatch=0 rf=0 mode=0
T 31 00000090 1 1 0 0 0 0 0 0 1 0 1 1 0 0
W 31 3 000000c0 000000000
CSRDBG 31 addr=fe0 priv=3 dec=0 csr=0 raw=1 pw=0 dbg=0 op=0
SECDET 31 pc=0 rf=0 intg=0
C 31 00000090 1 0 0 1 5 0
LOCK 32 rst=1 cmp=5 mismatch=0 rf=0 cap=0
SAMPLE 32 ai=0 ab=0 am=0 pc=0 mismatch=0 rf=0 mode=0
T 32 00000090 0 1 0 0 0 0 0 0 1 0 0 0 0 0
SECDET 32 pc=0 rf=0 intg=0
R 32 18 0000008c fff18193
C 32 00000090 0 0 0 0 5 0
LOCK 33 rst=1 cmp=5 mismatch=0 rf=0 cap=0
SAMPLE 33 ai=0 ab=0 am=0 pc=0 mismatch=0 rf=0 mode=0
T 33 0000008c 1 1 0 0 0 0 0 0 1 0 0 1 0 0
CSRDBG 33 addr=fff priv=3 dec=0 csr=0 raw=1 pw=0 dbg=0 op=0
SECDET 33 pc=0 rf=0 intg=0
R 33 19 00000090 fe019ee3
C 33 0000008c 1 0 0 0 5 0
LOCK 34 rst=1 cmp=5 mismatch=0 rf=0 cap=0
SAMPLE 34 ai=0 ab=0 am=0 pc=0 mismatch=0 rf=0 mode=0
T 34 00000090 1 1 0 0 0 0 0 0 1 0 1 1 0 0
W 34 3 000000bf 000000000
CSRDBG 34 addr=fe0 priv=3 dec=0 csr=0 raw=1 pw=0 dbg=0 op=0
SECDET 34 pc=0 rf=0 intg=0
C 34 00000090 1 0 0 1 5 0
LOCK 35 rst=1 cmp=5 mismatch=0 rf=0 cap=0
SAMPLE 35 ai=0 ab=0 am=0 pc=0 mismatch=0 rf=0 mode=0
T 35 00000090 0 1 0 0 0 0 0 0 1 0 0 0 0 0
SECDET 35 pc=0 rf=0 intg=0
R 35 20 0000008c fff18193
C 35 00000090 0 0 0 0 5 0
LOCK 36 rst=1 cmp=5 mismatch=0 rf=0 cap=0
SAMPLE 36 ai=0 ab=0 am=0 pc=0 mismatch=0 rf=0 mode=0
T 36 0000008c 1 1 0 0 0 0 0 0 1 0 0 1 0 0
CSRDBG 36 addr=fff priv=3 dec=0 csr=0 raw=1 pw=0 dbg=0 op=0
SECDET 36 pc=0 rf=0 intg=0
R 36 21 00000090 fe019ee3
C 36 0000008c 1 0 0 0 5 0
LOCK 37 rst=1 cmp=5 mismatch=0 rf=0 cap=0
SAMPLE 37 ai=0 ab=0 am=0 pc=0 mismatch=0 rf=0 mode=0
T 37 00000090 1 1 0 0 0 0 0 0 1 0 1 1 0 0
W 37 3 000000be 000000000
CSRDBG 37 addr=fe0 priv=3 dec=0 csr=0 raw=1 pw=0 dbg=0 op=0
SECDET 37 pc=0 rf=0 intg=0
C 37 00000090 1 0 0 1 5 0
LOCK 38 rst=1 cmp=5 mismatch=0 rf=0 cap=0
SAMPLE 38 ai=0 ab=0 am=0 pc=0 mismatch=0 rf=0 mode=0
T 38 00000090 0 1 0 0 0 0 0 0 1 0 0 0 0 0
SECDET 38 pc=0 rf=0 intg=0
R 38 22 0000008c fff18193
C 38 00000090 0 0 0 0 5 0
LOCK 39 rst=1 cmp=5 mismatch=0 rf=0 cap=0
SAMPLE 39 ai=0 ab=0 am=0 pc=0 mismatch=0 rf=0 mode=0
T 39 0000008c 1 1 0 0 0 0 0 0 1 0 0 1 0 0
CSRDBG 39 addr=fff priv=3 dec=0 csr=0 raw=1 pw=0 dbg=0 op=0
SECDET 39 pc=0 rf=0 intg=0
R 39 23 00000090 fe019ee3
C 39 0000008c 1 0 0 0 5 0
LOCK 40 rst=1 cmp=5 mismatch=0 rf=0 cap=0
SAMPLE 40 ai=0 ab=0 am=0 pc=0 mismatch=0 rf=0 mode=0
T 40 00000090 1 1 0 0 0 0 0 0 1 0 1 1 0 0
W 40 3 000000bd 000000000
CSRDBG 40 addr=fe0 priv=3 dec=0 csr=0 raw=1 pw=0 dbg=0 op=0
SECDET 40 pc=0 rf=0 intg=0
C 40 00000090 1 0 0 1 5 0
LOCK 41 rst=1 cmp=5 mismatch=0 rf=0 cap=0
SAMPLE 41 ai=0 ab=0 am=0 pc=0 mismatch=0 rf=0 mode=0
T 41 00000090 0 1 0 0 0 0 0 0 1 0 0 0 0 0
SECDET 41 pc=0 rf=0 intg=0
R 41 24 0000008c fff18193
C 41 00000090 0 0 0 0 5 0
LOCK 42 rst=1 cmp=5 mismatch=0 rf=0 cap=0
SAMPLE 42 ai=0 ab=0 am=0 pc=0 mismatch=0 rf=0 mode=0
T 42 0000008c 1 1 0 0 0 0 0 0 1 0 0 1 0 0
CSRDBG 42 addr=fff priv=3 dec=0 csr=0 raw=1 pw=0 dbg=0 op=0
SECDET 42 pc=0 rf=0 intg=0
R 42 25 00000090 fe019ee3
C 42 0000008c 1 0 0 0 5 0
LOCK 43 rst=1 cmp=5 mismatch=0 rf=0 cap=0
SAMPLE 43 ai=0 ab=0 am=0 pc=0 mismatch=0 rf=0 mode=0
T 43 00000090 1 1 0 0 0 0 0 0 1 0 1 1 0 0
W 43 3 000000bc 000000000
CSRDBG 43 addr=fe0 priv=3 dec=0 csr=0 raw=1 pw=0 dbg=0 op=0
SECDET 43 pc=0 rf=0 intg=0
C 43 00000090 1 0 0 1 5 0
LOCK 44 rst=1 cmp=5 mismatch=0 rf=0 cap=0
SAMPLE 44 ai=0 ab=0 am=0 pc=0 mismatch=0 rf=0 mode=0
T 44 00000090 0 1 0 0 0 0 0 0 1 0 0 0 0 0
SECDET 44 pc=0 rf=0 intg=0
R 44 26 0000008c fff18193
C 44 00000090 0 0 0 0 5 0
LOCK 45 rst=1 cmp=5 mismatch=0 rf=0 cap=0
SAMPLE 45 ai=0 ab=0 am=0 pc=0 mismatch=0 rf=0 mode=0
T 45 0000008c 1 1 0 0 0 0 0 0 1 0 0 1 0 0
CSRDBG 45 addr=fff priv=3 dec=0 csr=0 raw=1 pw=0 dbg=0 op=0
SECDET 45 pc=0 rf=0 intg=0
R 45 27 00000090 fe019ee3
C 45 0000008c 1 0 0 0 5 0
LOCK 46 rst=1 cmp=5 mismatch=0 rf=0 cap=0
SAMPLE 46 ai=0 ab=0 am=0 pc=0 mismatch=0 rf=0 mode=0
T 46 00000090 1 1 0 0 0 0 0 0 1 0 1 1 0 0
W 46 3 000000bb 000000000
CSRDBG 46 addr=fe0 priv=3 dec=0 csr=0 raw=1 pw=0 dbg=0 op=0
SECDET 46 pc=0 rf=0 intg=0
C 46 00000090 1 0 0 1 5 0
LOCK 47 rst=1 cmp=5 mismatch=0 rf=0 cap=0
SAMPLE 47 ai=0 ab=0 am=0 pc=0 mismatch=0 rf=0 mode=0
T 47 00000090 0 1 0 0 0 0 0 0 1 0 0 0 0 0
SECDET 47 pc=0 rf=0 intg=0
R 47 28 0000008c fff18193
C 47 00000090 0 0 0 0 5 0
LOCK 48 rst=1 cmp=5 mismatch=0 rf=0 cap=0
SAMPLE 48 ai=0 ab=0 am=0 pc=0 mismatch=0 rf=0 mode=0
T 48 0000008c 1 1 0 0 0 0 0 0 1 0 0 1 0 0
CSRDBG 48 addr=fff priv=3 dec=0 csr=0 raw=1 pw=0 dbg=0 op=0
SECDET 48 pc=0 rf=0 intg=0
R 48 29 00000090 fe019ee3
C 48 0000008c 1 0 0 0 5 0
LOCK 49 rst=1 cmp=5 mismatch=0 rf=0 cap=0
SAMPLE 49 ai=0 ab=0 am=0 pc=0 mismatch=0 rf=0 mode=0
T 49 00000090 1 1 0 0 0 0 0 0 1 0 1 1 0 0
W 49 3 000000ba 000000000
CSRDBG 49 addr=fe0 priv=3 dec=0 csr=0 raw=1 pw=0 dbg=0 op=0
SECDET 49 pc=0 rf=0 intg=0
C 49 00000090 1 0 0 1 5 0
LOCK 50 rst=1 cmp=5 mismatch=0 rf=0 cap=0
SAMPLE 50 ai=0 ab=0 am=0 pc=0 mismatch=0 rf=0 mode=0
T 50 00000090 0 1 0 0 0 0 0 0 1 0 0 0 0 0
SECDET 50 pc=0 rf=0 intg=0
R 50 30 0000008c fff18193
C 50 00000090 0 0 0 0 5 0
LOCK 51 rst=1 cmp=5 mismatch=0 rf=0 cap=0
SAMPLE 51 ai=0 ab=0 am=0 pc=0 mismatch=0 rf=0 mode=0
T 51 0000008c 1 1 0 0 0 0 0 0 1 0 0 1 0 0
CSRDBG 51 addr=fff priv=3 dec=0 csr=0 raw=1 pw=0 dbg=0 op=0
SECDET 51 pc=0 rf=0 intg=0
R 51 31 00000090 fe019ee3
C 51 0000008c 1 0 0 0 5 0
LOCK 52 rst=1 cmp=5 mismatch=0 rf=0 cap=0
SAMPLE 52 ai=0 ab=0 am=0 pc=0 mismatch=0 rf=0 mode=0
T 52 00000090 1 1 0 0 0 0 0 0 1 0 1 1 0 0
W 52 3 000000b9 000000000
CSRDBG 52 addr=fe0 priv=3 dec=0 csr=0 raw=1 pw=0 dbg=0 op=0
SECDET 52 pc=0 rf=0 intg=0
C 52 00000090 1 0 0 1 5 0
LOCK 53 rst=1 cmp=5 mismatch=0 rf=0 cap=0
SAMPLE 53 ai=0 ab=0 am=0 pc=0 mismatch=0 rf=0 mode=0
T 53 00000090 0 1 0 0 0 0 0 0 1 0 0 0 0 0
SECDET 53 pc=0 rf=0 intg=0
R 53 32 0000008c fff18193
C 53 00000090 0 0 0 0 5 0
LOCK 54 rst=1 cmp=5 mismatch=0 rf=0 cap=0
SAMPLE 54 ai=0 ab=0 am=0 pc=0 mismatch=0 rf=0 mode=0
T 54 0000008c 1 1 0 0 0 0 0 0 1 0 0 1 0 0
CSRDBG 54 addr=fff priv=3 dec=0 csr=0 raw=1 pw=0 dbg=0 op=0
SECDET 54 pc=0 rf=0 intg=0
R 54 33 00000090 fe019ee3
C 54 0000008c 1 0 0 0 5 0
LOCK 55 rst=1 cmp=5 mismatch=0 rf=0 cap=0
SAMPLE 55 ai=0 ab=0 am=0 pc=0 mismatch=0 rf=0 mode=0
T 55 00000090 1 1 0 0 0 0 0 0 1 0 1 1 0 0
W 55 3 000000b8 000000000
CSRDBG 55 addr=fe0 priv=3 dec=0 csr=0 raw=1 pw=0 dbg=0 op=0
SECDET 55 pc=0 rf=0 intg=0
C 55 00000090 1 0 0 1 5 0
LOCK 56 rst=1 cmp=5 mismatch=0 rf=0 cap=0
SAMPLE 56 ai=0 ab=0 am=0 pc=0 mismatch=0 rf=0 mode=0
T 56 00000090 0 1 0 0 0 0 0 0 1 0 0 0 0 0
SECDET 56 pc=0 rf=0 intg=0
R 56 34 0000008c fff18193
C 56 00000090 0 0 0 0 5 0
LOCK 57 rst=1 cmp=5 mismatch=0 rf=0 cap=0
SAMPLE 57 ai=0 ab=0 am=0 pc=0 mismatch=0 rf=0 mode=0
T 57 0000008c 1 1 0 0 0 0 0 0 1 0 0 1 0 0
CSRDBG 57 addr=fff priv=3 dec=0 csr=0 raw=1 pw=0 dbg=0 op=0
SECDET 57 pc=0 rf=0 intg=0
R 57 35 00000090 fe019ee3
C 57 0000008c 1 0 0 0 5 0
LOCK 58 rst=1 cmp=5 mismatch=0 rf=0 cap=0
SAMPLE 58 ai=0 ab=0 am=0 pc=0 mismatch=0 rf=0 mode=0
T 58 00000090 1 1 0 0 0 0 0 0 1 0 1 1 0 0
W 58 3 000000b7 000000000
CSRDBG 58 addr=fe0 priv=3 dec=0 csr=0 raw=1 pw=0 dbg=0 op=0
SECDET 58 pc=0 rf=0 intg=0
C 58 00000090 1 0 0 1 5 0
LOCK 59 rst=1 cmp=5 mismatch=0 rf=0 cap=0
SAMPLE 59 ai=0 ab=0 am=0 pc=0 mismatch=0 rf=0 mode=0
T 59 00000090 0 1 0 0 0 0 0 0 1 0 0 0 0 0
SECDET 59 pc=0 rf=0 intg=0
R 59 36 0000008c fff18193
C 59 00000090 0 0 0 0 5 0
LOCK 60 rst=1 cmp=5 mismatch=0 rf=0 cap=0
SAMPLE 60 ai=0 ab=0 am=0 pc=0 mismatch=0 rf=0 mode=0
T 60 0000008c 1 1 0 0 0 0 0 0 1 0 0 1 0 0
CSRDBG 60 addr=fff priv=3 dec=0 csr=0 raw=1 pw=0 dbg=0 op=0
SECDET 60 pc=0 rf=0 intg=0
R 60 37 00000090 fe019ee3
C 60 0000008c 1 0 0 0 5 0
LOCK 61 rst=1 cmp=5 mismatch=0 rf=0 cap=0
SAMPLE 61 ai=0 ab=0 am=0 pc=0 mismatch=0 rf=0 mode=0
T 61 00000090 1 1 0 0 0 0 0 0 1 0 1 1 0 0
W 61 3 000000b6 000000000
CSRDBG 61 addr=fe0 priv=3 dec=0 csr=0 raw=1 pw=0 dbg=0 op=0
SECDET 61 pc=0 rf=0 intg=0
C 61 00000090 1 0 0 1 5 0
LOCK 62 rst=1 cmp=5 mismatch=0 rf=0 cap=0
SAMPLE 62 ai=0 ab=0 am=0 pc=0 mismatch=0 rf=0 mode=0
T 62 00000090 0 1 0 0 0 0 0 0 1 0 0 0 0 0
SECDET 62 pc=0 rf=0 intg=0
R 62 38 0000008c fff18193
C 62 00000090 0 0 0 0 5 0
LOCK 63 rst=1 cmp=5 mismatch=0 rf=0 cap=0
SAMPLE 63 ai=0 ab=0 am=0 pc=0 mismatch=0 rf=0 mode=0
T 63 0000008c 1 1 0 0 0 0 0 0 1 0 0 1 0 0
CSRDBG 63 addr=fff priv=3 dec=0 csr=0 raw=1 pw=0 dbg=0 op=0
SECDET 63 pc=0 rf=0 intg=0
R 63 39 00000090 fe019ee3
C 63 0000008c 1 0 0 0 5 0
LOCK 64 rst=1 cmp=5 mismatch=0 rf=0 cap=0
SAMPLE 64 ai=0 ab=0 am=0 pc=0 mismatch=0 rf=0 mode=0
T 64 00000090 1 1 0 0 0 0 0 0 1 0 1 1 0 0
W 64 3 000000b5 000000000
CSRDBG 64 addr=fe0 priv=3 dec=0 csr=0 raw=1 pw=0 dbg=0 op=0
SECDET 64 pc=0 rf=0 intg=0
C 64 00000090 1 0 0 1 5 0
LOCK 65 rst=1 cmp=5 mismatch=0 rf=0 cap=0
SAMPLE 65 ai=0 ab=0 am=0 pc=0 mismatch=0 rf=0 mode=0
T 65 00000090 0 1 0 0 0 0 0 0 1 0 0 0 0 0
SECDET 65 pc=0 rf=0 intg=0
R 65 40 0000008c fff18193
C 65 00000090 0 0 0 0 5 0
LOCK 66 rst=1 cmp=5 mismatch=0 rf=0 cap=0
SAMPLE 66 ai=0 ab=0 am=0 pc=0 mismatch=0 rf=0 mode=0
T 66 0000008c 1 1 0 0 0 0 0 0 1 0 0 1 0 0
CSRDBG 66 addr=fff priv=3 dec=0 csr=0 raw=1 pw=0 dbg=0 op=0
SECDET 66 pc=0 rf=0 intg=0
R 66 41 00000090 fe019ee3
C 66 0000008c 1 0 0 0 5 0
LOCK 67 rst=1 cmp=5 mismatch=0 rf=0 cap=0
SAMPLE 67 ai=0 ab=0 am=0 pc=0 mismatch=0 rf=0 mode=0
T 67 00000090 1 1 0 0 0 0 0 0 1 0 1 1 0 0
W 67 3 000000b4 000000000
CSRDBG 67 addr=fe0 priv=3 dec=0 csr=0 raw=1 pw=0 dbg=0 op=0
SECDET 67 pc=0 rf=0 intg=0
C 67 00000090 1 0 0 1 5 0
LOCK 68 rst=1 cmp=5 mismatch=0 rf=0 cap=0
SAMPLE 68 ai=0 ab=0 am=0 pc=0 mismatch=0 rf=0 mode=0
T 68 00000090 0 1 0 0 0 0 0 0 1 0 0 0 0 0
SECDET 68 pc=0 rf=0 intg=0
R 68 42 0000008c fff18193
C 68 00000090 0 0 0 0 5 0
LOCK 69 rst=1 cmp=5 mismatch=0 rf=0 cap=0
SAMPLE 69 ai=0 ab=0 am=0 pc=0 mismatch=0 rf=0 mode=0
T 69 0000008c 1 1 0 0 0 0 0 0 1 0 0 1 0 0
CSRDBG 69 addr=fff priv=3 dec=0 csr=0 raw=1 pw=0 dbg=0 op=0
SECDET 69 pc=0 rf=0 intg=0
R 69 43 00000090 fe019ee3
C 69 0000008c 1 0 0 0 5 0
LOCK 70 rst=1 cmp=5 mismatch=0 rf=0 cap=0
SAMPLE 70 ai=0 ab=0 am=0 pc=0 mismatch=0 rf=0 mode=0
T 70 00000090 1 1 0 0 0 0 0 0 1 0 1 1 0 0
W 70 3 000000b3 000000000
CSRDBG 70 addr=fe0 priv=3 dec=0 csr=0 raw=1 pw=0 dbg=0 op=0
SECDET 70 pc=0 rf=0 intg=0
C 70 00000090 1 0 0 1 5 0
LOCK 71 rst=1 cmp=5 mismatch=0 rf=0 cap=0
SAMPLE 71 ai=0 ab=0 am=0 pc=0 mismatch=0 rf=0 mode=0
T 71 00000090 0 1 0 0 0 0 0 0 1 0 0 0 0 0
SECDET 71 pc=0 rf=0 intg=0
R 71 44 0000008c fff18193
C 71 00000090 0 0 0 0 5 0
LOCK 72 rst=1 cmp=5 mismatch=0 rf=0 cap=0
SAMPLE 72 ai=0 ab=0 am=0 pc=0 mismatch=0 rf=0 mode=0
T 72 0000008c 1 1 0 0 0 0 0 0 1 0 0 1 0 0
CSRDBG 72 addr=fff priv=3 dec=0 csr=0 raw=1 pw=0 dbg=0 op=0
SECDET 72 pc=0 rf=0 intg=0
R 72 45 00000090 fe019ee3
C 72 0000008c 1 0 0 0 5 0
LOCK 73 rst=1 cmp=5 mismatch=0 rf=0 cap=0
SAMPLE 73 ai=0 ab=0 am=0 pc=0 mismatch=0 rf=0 mode=0
T 73 00000090 1 1 0 0 0 0 0 0 1 0 1 1 0 0
W 73 3 000000b2 000000000
CSRDBG 73 addr=fe0 priv=3 dec=0 csr=0 raw=1 pw=0 dbg=0 op=0
SECDET 73 pc=0 rf=0 intg=0
C 73 00000090 1 0 0 1 5 0
LOCK 74 rst=1 cmp=5 mismatch=0 rf=0 cap=0
SAMPLE 74 ai=0 ab=0 am=0 pc=0 mismatch=0 rf=0 mode=0
T 74 00000090 0 1 0 0 0 0 0 0 1 0 0 0 0 0
SECDET 74 pc=0 rf=0 intg=0
R 74 46 0000008c fff18193
C 74 00000090 0 0 0 0 5 0
LOCK 75 rst=1 cmp=5 mismatch=0 rf=0 cap=0
SAMPLE 75 ai=0 ab=0 am=0 pc=0 mismatch=0 rf=0 mode=0
T 75 0000008c 1 1 0 0 0 0 0 0 1 0 0 1 0 0
CSRDBG 75 addr=fff priv=3 dec=0 csr=0 raw=1 pw=0 dbg=0 op=0
SECDET 75 pc=0 rf=0 intg=0
R 75 47 00000090 fe019ee3
C 75 0000008c 1 0 0 0 5 0
LOCK 76 rst=1 cmp=5 mismatch=0 rf=0 cap=0
SAMPLE 76 ai=0 ab=0 am=0 pc=0 mismatch=0 rf=0 mode=0
T 76 00000090 1 1 0 0 0 0 0 0 1 0 1 1 0 0
W 76 3 000000b1 000000000
CSRDBG 76 addr=fe0 priv=3 dec=0 csr=0 raw=1 pw=0 dbg=0 op=0
SECDET 76 pc=0 rf=0 intg=0
C 76 00000090 1 0 0 1 5 0
LOCK 77 rst=1 cmp=5 mismatch=0 rf=0 cap=0
SAMPLE 77 ai=0 ab=0 am=0 pc=0 mismatch=0 rf=0 mode=0
T 77 00000090 0 1 0 0 0 0 0 0 1 0 0 0 0 0
SECDET 77 pc=0 rf=0 intg=0
R 77 48 0000008c fff18193
C 77 00000090 0 0 0 0 5 0
LOCK 78 rst=1 cmp=5 mismatch=0 rf=0 cap=0
SAMPLE 78 ai=0 ab=0 am=0 pc=0 mismatch=0 rf=0 mode=0
T 78 0000008c 1 1 0 0 0 0 0 0 1 0 0 1 0 0
CSRDBG 78 addr=fff priv=3 dec=0 csr=0 raw=1 pw=0 dbg=0 op=0
SECDET 78 pc=0 rf=0 intg=0
R 78 49 00000090 fe019ee3
C 78 0000008c 1 0 0 0 5 0
LOCK 79 rst=1 cmp=5 mismatch=0 rf=0 cap=0
SAMPLE 79 ai=0 ab=0 am=0 pc=0 mismatch=0 rf=0 mode=0
T 79 00000090 1 1 0 0 0 0 0 0 1 0 1 1 0 0
W 79 3 000000b0 000000000
CSRDBG 79 addr=fe0 priv=3 dec=0 csr=0 raw=1 pw=0 dbg=0 op=0
SECDET 79 pc=0 rf=0 intg=0
C 79 00000090 1 0 0 1 5 0
LOCK 80 rst=1 cmp=5 mismatch=0 rf=0 cap=0
SAMPLE 80 ai=0 ab=0 am=0 pc=0 mismatch=0 rf=0 mode=0
T 80 00000090 0 1 0 0 0 0 0 0 1 0 0 0 0 0
SECDET 80 pc=0 rf=0 intg=0
R 80 50 0000008c fff18193
C 80 00000090 0 0 0 0 5 0
LOCK 81 rst=1 cmp=5 mismatch=0 rf=0 cap=0
SAMPLE 81 ai=0 ab=0 am=0 pc=0 mismatch=0 rf=0 mode=0
T 81 0000008c 1 1 0 0 0 0 0 0 1 0 0 1 0 0
SECDET 81 pc=0 rf=0 intg=0
R 81 51 00000090 fe019ee3
C 81 0000008c 1 0 0 0 5 0
LOCK 82 rst=1 cmp=5 mismatch=0 rf=0 cap=0
SAMPLE 82 ai=0 ab=0 am=0 pc=0 mismatch=0 rf=0 mode=0
T 82 00000090 1 1 0 0 0 0 0 0 1 0 1 1 0 0
W 82 3 000000af 000000000
SECDET 82 pc=0 rf=0 intg=0
C 82 00000090 1 0 0 1 5 0
LOCK 83 rst=1 cmp=5 mismatch=0 rf=0 cap=0
SAMPLE 83 ai=0 ab=0 am=0 pc=0 mismatch=0 rf=0 mode=0
T 83 00000090 0 1 0 0 0 0 0 0 1 0 0 0 0 0
SECDET 83 pc=0 rf=0 intg=0
R 83 52 0000008c fff18193
C 83 00000090 0 0 0 0 5 0
LOCK 84 rst=1 cmp=5 mismatch=0 rf=0 cap=0
SAMPLE 84 ai=0 ab=0 am=0 pc=0 mismatch=0 rf=0 mode=0
T 84 0000008c 1 1 0 0 0 0 0 0 1 0 0 1 0 0
SECDET 84 pc=0 rf=0 intg=0
R 84 53 00000090 fe019ee3
C 84 0000008c 1 0 0 0 5 0
LOCK 85 rst=1 cmp=5 mismatch=0 rf=0 cap=0
SAMPLE 85 ai=0 ab=0 am=0 pc=0 mismatch=0 rf=0 mode=0
T 85 00000090 1 1 0 0 0 0 0 0 1 0 1 1 0 0
W 85 3 000000ae 000000000
SECDET 85 pc=0 rf=0 intg=0
C 85 00000090 1 0 0 1 5 0
LOCK 86 rst=1 cmp=5 mismatch=0 rf=0 cap=0
SAMPLE 86 ai=0 ab=0 am=0 pc=0 mismatch=0 rf=0 mode=0
T 86 00000090 0 1 0 0 0 0 0 0 1 0 0 0 0 0
SECDET 86 pc=0 rf=0 intg=0
R 86 54 0000008c fff18193
C 86 00000090 0 0 0 0 5 0
LOCK 87 rst=1 cmp=5 mismatch=0 rf=0 cap=0
SAMPLE 87 ai=0 ab=0 am=0 pc=0 mismatch=0 rf=0 mode=0
T 87 0000008c 1 1 0 0 0 0 0 0 1 0 0 1 0 0
SECDET 87 pc=0 rf=0 intg=0
R 87 55 00000090 fe019ee3
C 87 0000008c 1 0 0 0 5 0
LOCK 88 rst=1 cmp=5 mismatch=0 rf=0 cap=0
SAMPLE 88 ai=0 ab=0 am=0 pc=0 mismatch=0 rf=0 mode=0
T 88 00000090 1 1 0 0 0 0 0 0 1 0 1 1 0 0
W 88 3 000000ad 000000000
SECDET 88 pc=0 rf=0 intg=0
C 88 00000090 1 0 0 1 5 0
LOCK 89 rst=1 cmp=5 mismatch=0 rf=0 cap=0
SAMPLE 89 ai=0 ab=0 am=0 pc=0 mismatch=0 rf=0 mode=0
T 89 00000090 0 1 0 0 0 0 0 0 1 0 0 0 0 0
SECDET 89 pc=0 rf=0 intg=0
R 89 56 0000008c fff18193
C 89 00000090 0 0 0 0 5 0
LOCK 90 rst=1 cmp=5 mismatch=0 rf=0 cap=0
SAMPLE 90 ai=0 ab=0 am=0 pc=0 mismatch=0 rf=0 mode=0
T 90 0000008c 1 1 0 0 0 0 0 0 1 0 0 1 0 0
SECDET 90 pc=0 rf=0 intg=0
R 90 57 00000090 fe019ee3
C 90 0000008c 1 0 0 0 5 0
LOCK 91 rst=1 cmp=5 mismatch=0 rf=0 cap=0
SAMPLE 91 ai=0 ab=0 am=0 pc=0 mismatch=0 rf=0 mode=0
T 91 00000090 1 1 0 0 0 0 0 0 1 0 1 1 0 0
W 91 3 000000ac 000000000
SECDET 91 pc=0 rf=0 intg=0
C 91 00000090 1 0 0 1 5 0
LOCK 92 rst=1 cmp=5 mismatch=0 rf=0 cap=0
SAMPLE 92 ai=0 ab=0 am=0 pc=0 mismatch=0 rf=0 mode=0
T 92 00000090 0 1 0 0 0 0 0 0 1 0 0 0 0 0
SECDET 92 pc=0 rf=0 intg=0
R 92 58 0000008c fff18193
C 92 00000090 0 0 0 0 5 0
LOCK 93 rst=1 cmp=5 mismatch=0 rf=0 cap=0
SAMPLE 93 ai=0 ab=0 am=0 pc=0 mismatch=0 rf=0 mode=0
T 93 0000008c 1 1 0 0 0 0 0 0 1 0 0 1 0 0
SECDET 93 pc=0 rf=0 intg=0
R 93 59 00000090 fe019ee3
C 93 0000008c 1 0 0 0 5 0
LOCK 94 rst=1 cmp=5 mismatch=0 rf=0 cap=0
SAMPLE 94 ai=0 ab=0 am=0 pc=0 mismatch=0 rf=0 mode=0
T 94 00000090 1 1 0 0 0 0 0 0 1 0 1 1 0 0
W 94 3 000000ab 000000000
SECDET 94 pc=0 rf=0 intg=0
C 94 00000090 1 0 0 1 5 0
LOCK 95 rst=1 cmp=5 mismatch=0 rf=0 cap=0
SAMPLE 95 ai=0 ab=0 am=0 pc=0 mismatch=0 rf=0 mode=0
T 95 00000090 0 1 0 0 0 0 0 0 1 0 0 0 0 0
SECDET 95 pc=0 rf=0 intg=0
R 95 60 0000008c fff18193
C 95 00000090 0 0 0 0 5 0
LOCK 96 rst=1 cmp=5 mismatch=0 rf=0 cap=0
SAMPLE 96 ai=0 ab=0 am=0 pc=0 mismatch=0 rf=0 mode=0
T 96 0000008c 1 1 0 0 0 0 0 0 1 0 0 1 0 0
SECDET 96 pc=0 rf=0 intg=0
R 96 61 00000090 fe019ee3
C 96 0000008c 1 0 0 0 5 0
LOCK 97 rst=1 cmp=5 mismatch=0 rf=0 cap=0
SAMPLE 97 ai=0 ab=0 am=0 pc=0 mismatch=0 rf=0 mode=0
T 97 00000090 1 1 0 0 0 0 0 0 1 0 1 1 0 0
W 97 3 000000aa 000000000
SECDET 97 pc=0 rf=0 intg=0
C 97 00000090 1 0 0 1 5 0
LOCK 98 rst=1 cmp=5 mismatch=0 rf=0 cap=0
SAMPLE 98 ai=0 ab=0 am=0 pc=0 mismatch=0 rf=0 mode=0
T 98 00000090 0 1 0 0 0 0 0 0 1 0 0 0 0 0
SECDET 98 pc=0 rf=0 intg=0
R 98 62 0000008c fff18193
C 98 00000090 0 0 0 0 5 0
LOCK 99 rst=1 cmp=5 mismatch=0 rf=0 cap=0
SAMPLE 99 ai=0 ab=0 am=0 pc=0 mismatch=0 rf=0 mode=0
T 99 0000008c 1 1 0 0 0 0 0 0 1 0 0 1 0 0
SECDET 99 pc=0 rf=0 intg=0
R 99 63 00000090 fe019ee3
C 99 0000008c 1 0 0 0 5 0
LOCK 100 rst=1 cmp=5 mismatch=0 rf=0 cap=0
INJECT 100 fault=6
SAMPLE 100 ai=1 ab=0 am=0 pc=1 mismatch=0 rf=0 mode=0
T 100 00000090 1 1 0 0 0 0 0 0 1 0 1 1 0 0
W 100 3 000000a9 000000000
SECDET 100 pc=1 rf=0 intg=0
C 100 00000090 1 0 0 1 5 0
ALERT internal 100
LOCK 101 rst=1 cmp=5 mismatch=0 rf=0 cap=0
SAMPLE 101 ai=0 ab=0 am=0 pc=0 mismatch=0 rf=0 mode=0
T 101 00000090 0 1 0 0 0 0 0 0 1 0 0 0 0 0
SECDET 101 pc=0 rf=0 intg=0
R 101 64 0000008c fff18193
C 101 00000090 0 0 0 0 5 0
LOCK 102 rst=1 cmp=5 mismatch=0 rf=0 cap=0
SAMPLE 102 ai=1 ab=0 am=0 pc=1 mismatch=1 rf=0 mode=0
T 102 deadbeee 1 1 0 0 0 0 0 0 1 0 0 1 0 0
SECDET 102 pc=1 rf=0 intg=0
R 102 65 00000090 fe019ee3
C 102 deadbeee 1 0 0 0 5 0
LOCK 103 rst=1 cmp=5 mismatch=1 rf=0 cap=0
SAMPLE 103 ai=1 ab=0 am=0 pc=1 mismatch=1 rf=0 mode=0
T 103 deadbeee 1 1 0 0 0 0 0 0 1 0 1 1 0 0
W 103 3 000000a8 000000000
SECDET 103 pc=1 rf=0 intg=0
C 103 deadbeee 1 0 0 1 5 0
LOCK 104 rst=1 cmp=5 mismatch=1 rf=0 cap=0
SAMPLE 104 ai=1 ab=0 am=0 pc=0 mismatch=1 rf=0 mode=0
T 104 deadbeee 0 1 0 0 0 0 0 0 1 0 0 0 0 0
SECDET 104 pc=0 rf=0 intg=0
R 104 66 deadbeee fff18193
C 104 deadbeee 0 0 0 0 5 0
LOCK 105 rst=1 cmp=5 mismatch=1 rf=0 cap=0
SAMPLE 105 ai=1 ab=0 am=0 pc=0 mismatch=1 rf=0 mode=0
T 105 deadbeee 1 0 0 0 0 0 0 0 1 0 0 1 0 0
SECDET 105 pc=0 rf=0 intg=0
R 105 67 deadbeee fe019ee3
C 105 deadbeee 1 0 0 0 5 0
LOCK 106 rst=1 cmp=5 mismatch=1 rf=0 cap=0
SAMPLE 106 ai=1 ab=0 am=0 pc=0 mismatch=1 rf=0 mode=0
T 106 deadbeee 1 0 0 0 0 0 0 0 1 0 1 0 0 0
SECDET 106 pc=0 rf=0 intg=0
C 106 deadbeee 1 0 0 1 6 0
LOCK 107 rst=1 cmp=5 mismatch=1 rf=0 cap=0
SAMPLE 107 ai=1 ab=0 am=0 pc=0 mismatch=1 rf=0 mode=0
T 107 deadbeee 0 1 0 0 0 0 0 0 1 0 0 0 0 0
SECDET 107 pc=0 rf=0 intg=0
R 107 68 deadbeee 00000000
C 107 deadbeee 0 0 0 0 5 0
LOCK 108 rst=1 cmp=5 mismatch=1 rf=0 cap=0
SAMPLE 108 ai=1 ab=0 am=0 pc=1 mismatch=1 rf=0 mode=0
T 108 deadbeee 1 1 0 0 0 0 0 0 1 0 0 1 0 0
SECDET 108 pc=1 rf=0 intg=0
C 108 deadbeee 1 0 0 0 5 0
LOCK 109 rst=1 cmp=5 mismatch=1 rf=0 cap=0
SAMPLE 109 ai=1 ab=0 am=0 pc=1 mismatch=1 rf=0 mode=0
T 109 deadbeee 1 1 0 0 0 0 0 0 1 0 0 1 0 0
W 109 10 00000001 000000000
SECDET 109 pc=1 rf=0 intg=0
C 109 deadbeee 1 0 0 0 5 0
LOCK 110 rst=1 cmp=5 mismatch=1 rf=0 cap=0
SAMPLE 110 ai=1 ab=0 am=0 pc=1 mismatch=1 rf=0 mode=0
T 110 deadbeee 1 1 0 0 0 0 0 0 1 0 0 1 0 0
W 110 11 deadbeee 000000000
SECDET 110 pc=1 rf=0 intg=0
R 110 69 deadbeee 34202573
C 110 deadbeee 1 0 0 0 5 0
LOCK 111 rst=1 cmp=5 mismatch=1 rf=0 cap=0
SAMPLE 111 ai=1 ab=0 am=0 pc=0 mismatch=1 rf=0 mode=0
T 111 0000000c 1 1 0 0 0 0 0 0 1 0 0 1 0 0
W 111 12 deadbeee 000000000
SECDET 111 pc=0 rf=0 intg=0
R 111 70 deadbeee 341025f3
C 111 0000000c 1 0 0 0 5 0
LOCK 112 rst=1 cmp=5 mismatch=1 rf=0 cap=0
SAMPLE 112 ai=1 ab=0 am=0 pc=0 mismatch=1 rf=0 mode=0
T 112 00000010 1 1 0 0 0 0 0 0 1 0 1 1 0 0
W 112 15 00000077 000000000
SECDET 112 pc=0 rf=0 intg=0
R 112 71 deadbeee 34302673
C 112 00000010 1 0 0 1 5 0
LOCK 113 rst=1 cmp=5 mismatch=1 rf=0 cap=0
SAMPLE 113 ai=1 ab=0 am=0 pc=0 mismatch=1 rf=0 mode=0
T 113 00000010 0 1 0 0 0 0 0 0 1 0 0 0 0 0
SECDET 113 pc=0 rf=0 intg=0
R 113 72 0000000c 07700793
C 113 00000010 0 0 0 0 5 0
LOCK 114 rst=1 cmp=5 mismatch=1 rf=0 cap=0
SAMPLE 114 ai=1 ab=0 am=0 pc=0 mismatch=1 rf=0 mode=0
T 114 00000010 1 1 0 0 0 0 0 0 1 0 1 1 0 0
SECDET 114 pc=0 rf=0 intg=0
R 114 73 00000010 0000006f
C 114 00000010 1 0 0 1 5 0
LOCK 115 rst=1 cmp=5 mismatch=1 rf=0 cap=0
SAMPLE 115 ai=1 ab=0 am=0 pc=0 mismatch=1 rf=0 mode=0
T 115 00000010 0 1 0 0 0 0 0 0 1 0 0 0 0 0
SECDET 115 pc=0 rf=0 intg=0
C 115 00000010 0 0 0 0 5 0
LOCK 116 rst=1 cmp=5 mismatch=1 rf=0 cap=0
SAMPLE 116 ai=1 ab=0 am=0 pc=0 mismatch=1 rf=0 mode=0
T 116 00000010 1 1 0 0 0 0 0 0 1 0 1 1 0 0
SECDET 116 pc=0 rf=0 intg=0
R 116 74 00000010 0000006f
C 116 00000010 1 0 0 1 5 0
LOCK 117 rst=1 cmp=5 mismatch=1 rf=0 cap=0
SAMPLE 117 ai=1 ab=0 am=0 pc=0 mismatch=1 rf=0 mode=0
T 117 00000010 0 1 0 0 0 0 0 0 1 0 0 0 0 0
SECDET 117 pc=0 rf=0 intg=0
C 117 00000010 0 0 0 0 5 0
LOCK 118 rst=1 cmp=5 mismatch=1 rf=0 cap=0
SAMPLE 118 ai=1 ab=0 am=0 pc=0 mismatch=1 rf=0 mode=0
T 118 00000010 1 1 0 0 0 0 0 0 1 0 1 1 0 0
SECDET 118 pc=0 rf=0 intg=0
R 118 75 00000010 0000006f
C 118 00000010 1 0 0 1 5 0
LOCK 119 rst=1 cmp=5 mismatch=1 rf=0 cap=0
SAMPLE 119 ai=1 ab=0 am=0 pc=0 mismatch=1 rf=0 mode=0
T 119 00000010 0 1 0 0 0 0 0 0 1 0 0 0 0 0
SECDET 119 pc=0 rf=0 intg=0
C 119 00000010 0 0 0 0 5 0
T 120 00000010 1 1 0 0 0 0 0 0 1 0 1 1 0 0
R 120 76 00000010 0000006f
C 120 00000010 1 0 0 1 5 0
T 121 00000010 0 1 0 0 0 0 0 0 1 0 0 0 0 0
C 121 00000010 0 0 0 0 5 0
T 122 00000010 1 1 0 0 0 0 0 0 1 0 1 1 0 0
R 122 77 00000010 0000006f
C 122 00000010 1 0 0 1 5 0
T 123 00000010 0 1 0 0 0 0 0 0 1 0 0 0 0 0
C 123 00000010 0 0 0 0 5 0
T 124 00000010 1 1 0 0 0 0 0 0 1 0 1 1 0 0
R 124 78 00000010 0000006f
C 124 00000010 1 0 0 1 5 0
T 125 00000010 0 1 0 0 0 0 0 0 1 0 0 0 0 0
C 125 00000010 0 0 0 0 5 0
T 126 00000010 1 1 0 0 0 0 0 0 1 0 1 1 0 0
R 126 79 00000010 0000006f
C 126 00000010 1 0 0 1 5 0
T 127 00000010 0 1 0 0 0 0 0 0 1 0 0 0 0 0
C 127 00000010 0 0 0 0 5 0
T 128 00000010 1 1 0 0 0 0 0 0 1 0 1 1 0 0
R 128 80 00000010 0000006f
C 128 00000010 1 0 0 1 5 0
T 129 00000010 0 1 0 0 0 0 0 0 1 0 0 0 0 0
C 129 00000010 0 0 0 0 5 0
T 130 00000010 1 1 0 0 0 0 0 0 1 0 1 1 0 0
R 130 81 00000010 0000006f
C 130 00000010 1 0 0 1 5 0
T 131 00000010 0 1 0 0 0 0 0 0 1 0 0 0 0 0
C 131 00000010 0 0 0 0 5 0
T 132 00000010 1 1 0 0 0 0 0 0 1 0 1 1 0 0
R 132 82 00000010 0000006f
C 132 00000010 1 0 0 1 5 0
T 133 00000010 0 1 0 0 0 0 0 0 1 0 0 0 0 0
C 133 00000010 0 0 0 0 5 0
T 134 00000010 1 1 0 0 0 0 0 0 1 0 1 1 0 0
R 134 83 00000010 0000006f
C 134 00000010 1 0 0 1 5 0
T 135 00000010 0 1 0 0 0 0 0 0 1 0 0 0 0 0
C 135 00000010 0 0 0 0 5 0
T 136 00000010 1 1 0 0 0 0 0 0 1 0 1 1 0 0
R 136 84 00000010 0000006f
C 136 00000010 1 0 0 1 5 0
T 137 00000010 0 1 0 0 0 0 0 0 1 0 0 0 0 0
C 137 00000010 0 0 0 0 5 0
T 138 00000010 1 1 0 0 0 0 0 0 1 0 1 1 0 0
R 138 85 00000010 0000006f
C 138 00000010 1 0 0 1 5 0
T 139 00000010 0 1 0 0 0 0 0 0 1 0 0 0 0 0
C 139 00000010 0 0 0 0 5 0
T 140 00000010 1 1 0 0 0 0 0 0 1 0 1 1 0 0
R 140 86 00000010 0000006f
C 140 00000010 1 0 0 1 5 0
T 141 00000010 0 1 0 0 0 0 0 0 1 0 0 0 0 0
C 141 00000010 0 0 0 0 5 0
T 142 00000010 1 1 0 0 0 0 0 0 1 0 1 1 0 0
R 142 87 00000010 0000006f
C 142 00000010 1 0 0 1 5 0
T 143 00000010 0 1 0 0 0 0 0 0 1 0 0 0 0 0
C 143 00000010 0 0 0 0 5 0
T 144 00000010 1 1 0 0 0 0 0 0 1 0 1 1 0 0
R 144 88 00000010 0000006f
C 144 00000010 1 0 0 1 5 0
T 145 00000010 0 1 0 0 0 0 0 0 1 0 0 0 0 0
C 145 00000010 0 0 0 0 5 0
T 146 00000010 1 1 0 0 0 0 0 0 1 0 1 1 0 0
R 146 89 00000010 0000006f
C 146 00000010 1 0 0 1 5 0
T 147 00000010 0 1 0 0 0 0 0 0 1 0 0 0 0 0
C 147 00000010 0 0 0 0 5 0
T 148 00000010 1 1 0 0 0 0 0 0 1 0 1 1 0 0
R 148 90 00000010 0000006f
C 148 00000010 1 0 0 1 5 0
T 149 00000010 0 1 0 0 0 0 0 0 1 0 0 0 0 0
C 149 00000010 0 0 0 0 5 0
T 150 00000010 1 1 0 0 0 0 0 0 1 0 1 1 0 0
R 150 91 00000010 0000006f
C 150 00000010 1 0 0 1 5 0
T 151 00000010 0 1 0 0 0 0 0 0 1 0 0 0 0 0
C 151 00000010 0 0 0 0 5 0
T 152 00000010 1 1 0 0 0 0 0 0 1 0 1 1 0 0
R 152 92 00000010 0000006f
C 152 00000010 1 0 0 1 5 0
T 153 00000010 0 1 0 0 0 0 0 0 1 0 0 0 0 0
C 153 00000010 0 0 0 0 5 0
T 154 00000010 1 1 0 0 0 0 0 0 1 0 1 1 0 0
R 154 93 00000010 0000006f
C 154 00000010 1 0 0 1 5 0
T 155 00000010 0 1 0 0 0 0 0 0 1 0 0 0 0 0
C 155 00000010 0 0 0 0 5 0
T 156 00000010 1 1 0 0 0 0 0 0 1 0 1 1 0 0
R 156 94 00000010 0000006f
C 156 00000010 1 0 0 1 5 0
T 157 00000010 0 1 0 0 0 0 0 0 1 0 0 0 0 0
C 157 00000010 0 0 0 0 5 0
T 158 00000010 1 1 0 0 0 0 0 0 1 0 1 1 0 0
R 158 95 00000010 0000006f
C 158 00000010 1 0 0 1 5 0
T 159 00000010 0 1 0 0 0 0 0 0 1 0 0 0 0 0
C 159 00000010 0 0 0 0 5 0
T 160 00000010 1 1 0 0 0 0 0 0 1 0 1 1 0 0
R 160 96 00000010 0000006f
C 160 00000010 1 0 0 1 5 0
T 161 00000010 0 1 0 0 0 0 0 0 1 0 0 0 0 0
C 161 00000010 0 0 0 0 5 0
T 162 00000010 1 1 0 0 0 0 0 0 1 0 1 1 0 0
R 162 97 00000010 0000006f
C 162 00000010 1 0 0 1 5 0
T 163 00000010 0 1 0 0 0 0 0 0 1 0 0 0 0 0
C 163 00000010 0 0 0 0 5 0
T 164 00000010 1 1 0 0 0 0 0 0 1 0 1 1 0 0
R 164 98 00000010 0000006f
C 164 00000010 1 0 0 1 5 0
T 165 00000010 0 1 0 0 0 0 0 0 1 0 0 0 0 0
C 165 00000010 0 0 0 0 5 0
T 166 00000010 1 1 0 0 0 0 0 0 1 0 1 1 0 0
R 166 99 00000010 0000006f
C 166 00000010 1 0 0 1 5 0
T 167 00000010 0 1 0 0 0 0 0 0 1 0 0 0 0 0
C 167 00000010 0 0 0 0 5 0
T 168 00000010 1 1 0 0 0 0 0 0 1 0 1 1 0 0
R 168 100 00000010 0000006f
C 168 00000010 1 0 0 1 5 0
T 169 00000010 0 1 0 0 0 0 0 0 1 0 0 0 0 0
C 169 00000010 0 0 0 0 5 0
T 170 00000010 1 1 0 0 0 0 0 0 1 0 1 1 0 0
R 170 101 00000010 0000006f
C 170 00000010 1 0 0 1 5 0
T 171 00000010 0 1 0 0 0 0 0 0 1 0 0 0 0 0
C 171 00000010 0 0 0 0 5 0
T 172 00000010 1 1 0 0 0 0 0 0 1 0 1 1 0 0
R 172 102 00000010 0000006f
C 172 00000010 1 0 0 1 5 0
T 173 00000010 0 1 0 0 0 0 0 0 1 0 0 0 0 0
C 173 00000010 0 0 0 0 5 0
T 174 00000010 1 1 0 0 0 0 0 0 1 0 1 1 0 0
R 174 103 00000010 0000006f
C 174 00000010 1 0 0 1 5 0
T 175 00000010 0 1 0 0 0 0 0 0 1 0 0 0 0 0
C 175 00000010 0 0 0 0 5 0
T 176 00000010 1 1 0 0 0 0 0 0 1 0 1 1 0 0
R 176 104 00000010 0000006f
C 176 00000010 1 0 0 1 5 0
T 177 00000010 0 1 0 0 0 0 0 0 1 0 0 0 0 0
C 177 00000010 0 0 0 0 5 0
T 178 00000010 1 1 0 0 0 0 0 0 1 0 1 1 0 0
R 178 105 00000010 0000006f
C 178 00000010 1 0 0 1 5 0
T 179 00000010 0 1 0 0 0 0 0 0 1 0 0 0 0 0
C 179 00000010 0 0 0 0 5 0
T 180 00000010 1 1 0 0 0 0 0 0 1 0 1 1 0 0
R 180 106 00000010 0000006f
C 180 00000010 1 0 0 1 5 0
T 181 00000010 0 1 0 0 0 0 0 0 1 0 0 0 0 0
C 181 00000010 0 0 0 0 5 0
T 182 00000010 1 1 0 0 0 0 0 0 1 0 1 1 0 0
R 182 107 00000010 0000006f
C 182 00000010 1 0 0 1 5 0
T 183 00000010 0 1 0 0 0 0 0 0 1 0 0 0 0 0
C 183 00000010 0 0 0 0 5 0
T 184 00000010 1 1 0 0 0 0 0 0 1 0 1 1 0 0
R 184 108 00000010 0000006f
C 184 00000010 1 0 0 1 5 0
T 185 00000010 0 1 0 0 0 0 0 0 1 0 0 0 0 0
C 185 00000010 0 0 0 0 5 0
T 186 00000010 1 1 0 0 0 0 0 0 1 0 1 1 0 0
R 186 109 00000010 0000006f
C 186 00000010 1 0 0 1 5 0
T 187 00000010 0 1 0 0 0 0 0 0 1 0 0 0 0 0
C 187 00000010 0 0 0 0 5 0
T 188 00000010 1 1 0 0 0 0 0 0 1 0 1 1 0 0
R 188 110 00000010 0000006f
C 188 00000010 1 0 0 1 5 0
T 189 00000010 0 1 0 0 0 0 0 0 1 0 0 0 0 0
C 189 00000010 0 0 0 0 5 0
T 190 00000010 1 1 0 0 0 0 0 0 1 0 1 1 0 0
R 190 111 00000010 0000006f
C 190 00000010 1 0 0 1 5 0
T 191 00000010 0 1 0 0 0 0 0 0 1 0 0 0 0 0
C 191 00000010 0 0 0 0 5 0
T 192 00000010 1 1 0 0 0 0 0 0 1 0 1 1 0 0
R 192 112 00000010 0000006f
C 192 00000010 1 0 0 1 5 0
T 193 00000010 0 1 0 0 0 0 0 0 1 0 0 0 0 0
C 193 00000010 0 0 0 0 5 0
T 194 00000010 1 1 0 0 0 0 0 0 1 0 1 1 0 0
R 194 113 00000010 0000006f
C 194 00000010 1 0 0 1 5 0
T 195 00000010 0 1 0 0 0 0 0 0 1 0 0 0 0 0
C 195 00000010 0 0 0 0 5 0
T 196 00000010 1 1 0 0 0 0 0 0 1 0 1 1 0 0
R 196 114 00000010 0000006f
C 196 00000010 1 0 0 1 5 0
T 197 00000010 0 1 0 0 0 0 0 0 1 0 0 0 0 0
C 197 00000010 0 0 0 0 5 0
T 198 00000010 1 1 0 0 0 0 0 0 1 0 1 1 0 0
R 198 115 00000010 0000006f
C 198 00000010 1 0 0 1 5 0
T 199 00000010 0 1 0 0 0 0 0 0 1 0 0 0 0 0
C 199 00000010 0 0 0 0 5 0
T 200 00000010 1 1 0 0 0 0 0 0 1 0 1 1 0 0
R 200 116 00000010 0000006f
C 200 00000010 1 0 0 1 5 0
T 201 00000010 0 1 0 0 0 0 0 0 1 0 0 0 0 0
C 201 00000010 0 0 0 0 5 0
T 202 00000010 1 1 0 0 0 0 0 0 1 0 1 1 0 0
R 202 117 00000010 0000006f
C 202 00000010 1 0 0 1 5 0
T 203 00000010 0 1 0 0 0 0 0 0 1 0 0 0 0 0
C 203 00000010 0 0 0 0 5 0
T 204 00000010 1 1 0 0 0 0 0 0 1 0 1 1 0 0
R 204 118 00000010 0000006f
C 204 00000010 1 0 0 1 5 0
T 205 00000010 0 1 0 0 0 0 0 0 1 0 0 0 0 0
C 205 00000010 0 0 0 0 5 0
T 206 00000010 1 1 0 0 0 0 0 0 1 0 1 1 0 0
R 206 119 00000010 0000006f
C 206 00000010 1 0 0 1 5 0
T 207 00000010 0 1 0 0 0 0 0 0 1 0 0 0 0 0
C 207 00000010 0 0 0 0 5 0
T 208 00000010 1 1 0 0 0 0 0 0 1 0 1 1 0 0
R 208 120 00000010 0000006f
C 208 00000010 1 0 0 1 5 0
T 209 00000010 0 1 0 0 0 0 0 0 1 0 0 0 0 0
C 209 00000010 0 0 0 0 5 0
T 210 00000010 1 1 0 0 0 0 0 0 1 0 1 1 0 0
R 210 121 00000010 0000006f
C 210 00000010 1 0 0 1 5 0
T 211 00000010 0 1 0 0 0 0 0 0 1 0 0 0 0 0
C 211 00000010 0 0 0 0 5 0
T 212 00000010 1 1 0 0 0 0 0 0 1 0 1 1 0 0
R 212 122 00000010 0000006f
C 212 00000010 1 0 0 1 5 0
T 213 00000010 0 1 0 0 0 0 0 0 1 0 0 0 0 0
C 213 00000010 0 0 0 0 5 0
T 214 00000010 1 1 0 0 0 0 0 0 1 0 1 1 0 0
R 214 123 00000010 0000006f
C 214 00000010 1 0 0 1 5 0
T 215 00000010 0 1 0 0 0 0 0 0 1 0 0 0 0 0
C 215 00000010 0 0 0 0 5 0
T 216 00000010 1 1 0 0 0 0 0 0 1 0 1 1 0 0
R 216 124 00000010 0000006f
C 216 00000010 1 0 0 1 5 0
T 217 00000010 0 1 0 0 0 0 0 0 1 0 0 0 0 0
C 217 00000010 0 0 0 0 5 0
T 218 00000010 1 1 0 0 0 0 0 0 1 0 1 1 0 0
R 218 125 00000010 0000006f
C 218 00000010 1 0 0 1 5 0
T 219 00000010 0 1 0 0 0 0 0 0 1 0 0 0 0 0
C 219 00000010 0 0 0 0 5 0
T 220 00000010 1 1 0 0 0 0 0 0 1 0 1 1 0 0
R 220 126 00000010 0000006f
C 220 00000010 1 0 0 1 5 0
T 221 00000010 0 1 0 0 0 0 0 0 1 0 0 0 0 0
C 221 00000010 0 0 0 0 5 0
T 222 00000010 1 1 0 0 0 0 0 0 1 0 1 1 0 0
R 222 127 00000010 0000006f
C 222 00000010 1 0 0 1 5 0
T 223 00000010 0 1 0 0 0 0 0 0 1 0 0 0 0 0
C 223 00000010 0 0 0 0 5 0
T 224 00000010 1 1 0 0 0 0 0 0 1 0 1 1 0 0
R 224 128 00000010 0000006f
C 224 00000010 1 0 0 1 5 0
T 225 00000010 0 1 0 0 0 0 0 0 1 0 0 0 0 0
C 225 00000010 0 0 0 0 5 0
T 226 00000010 1 1 0 0 0 0 0 0 1 0 1 1 0 0
R 226 129 00000010 0000006f
C 226 00000010 1 0 0 1 5 0
T 227 00000010 0 1 0 0 0 0 0 0 1 0 0 0 0 0
C 227 00000010 0 0 0 0 5 0
T 228 00000010 1 1 0 0 0 0 0 0 1 0 1 1 0 0
R 228 130 00000010 0000006f
C 228 00000010 1 0 0 1 5 0
T 229 00000010 0 1 0 0 0 0 0 0 1 0 0 0 0 0
C 229 00000010 0 0 0 0 5 0
T 230 00000010 1 1 0 0 0 0 0 0 1 0 1 1 0 0
R 230 131 00000010 0000006f
C 230 00000010 1 0 0 1 5 0
T 231 00000010 0 1 0 0 0 0 0 0 1 0 0 0 0 0
C 231 00000010 0 0 0 0 5 0
T 232 00000010 1 1 0 0 0 0 0 0 1 0 1 1 0 0
R 232 132 00000010 0000006f
C 232 00000010 1 0 0 1 5 0
T 233 00000010 0 1 0 0 0 0 0 0 1 0 0 0 0 0
C 233 00000010 0 0 0 0 5 0
T 234 00000010 1 1 0 0 0 0 0 0 1 0 1 1 0 0
R 234 133 00000010 0000006f
C 234 00000010 1 0 0 1 5 0
T 235 00000010 0 1 0 0 0 0 0 0 1 0 0 0 0 0
C 235 00000010 0 0 0 0 5 0
T 236 00000010 1 1 0 0 0 0 0 0 1 0 1 1 0 0
R 236 134 00000010 0000006f
C 236 00000010 1 0 0 1 5 0
T 237 00000010 0 1 0 0 0 0 0 0 1 0 0 0 0 0
C 237 00000010 0 0 0 0 5 0
T 238 00000010 1 1 0 0 0 0 0 0 1 0 1 1 0 0
R 238 135 00000010 0000006f
C 238 00000010 1 0 0 1 5 0
T 239 00000010 0 1 0 0 0 0 0 0 1 0 0 0 0 0
C 239 00000010 0 0 0 0 5 0
T 240 00000010 1 1 0 0 0 0 0 0 1 0 1 1 0 0
R 240 136 00000010 0000006f
C 240 00000010 1 0 0 1 5 0
T 241 00000010 0 1 0 0 0 0 0 0 1 0 0 0 0 0
C 241 00000010 0 0 0 0 5 0
T 242 00000010 1 1 0 0 0 0 0 0 1 0 1 1 0 0
R 242 137 00000010 0000006f
C 242 00000010 1 0 0 1 5 0
T 243 00000010 0 1 0 0 0 0 0 0 1 0 0 0 0 0
C 243 00000010 0 0 0 0 5 0
T 244 00000010 1 1 0 0 0 0 0 0 1 0 1 1 0 0
R 244 138 00000010 0000006f
C 244 00000010 1 0 0 1 5 0
T 245 00000010 0 1 0 0 0 0 0 0 1 0 0 0 0 0
C 245 00000010 0 0 0 0 5 0
T 246 00000010 1 1 0 0 0 0 0 0 1 0 1 1 0 0
R 246 139 00000010 0000006f
C 246 00000010 1 0 0 1 5 0
T 247 00000010 0 1 0 0 0 0 0 0 1 0 0 0 0 0
C 247 00000010 0 0 0 0 5 0
T 248 00000010 1 1 0 0 0 0 0 0 1 0 1 1 0 0
R 248 140 00000010 0000006f
C 248 00000010 1 0 0 1 5 0
T 249 00000010 0 1 0 0 0 0 0 0 1 0 0 0 0 0
C 249 00000010 0 0 0 0 5 0
T 250 00000010 1 1 0 0 0 0 0 0 1 0 1 1 0 0
R 250 141 00000010 0000006f
C 250 00000010 1 0 0 1 5 0
T 251 00000010 0 1 0 0 0 0 0 0 1 0 0 0 0 0
C 251 00000010 0 0 0 0 5 0
T 252 00000010 1 1 0 0 0 0 0 0 1 0 1 1 0 0
R 252 142 00000010 0000006f
C 252 00000010 1 0 0 1 5 0
T 253 00000010 0 1 0 0 0 0 0 0 1 0 0 0 0 0
C 253 00000010 0 0 0 0 5 0
T 254 00000010 1 1 0 0 0 0 0 0 1 0 1 1 0 0
R 254 143 00000010 0000006f
C 254 00000010 1 0 0 1 5 0
T 255 00000010 0 1 0 0 0 0 0 0 1 0 0 0 0 0
C 255 00000010 0 0 0 0 5 0
T 256 00000010 1 1 0 0 0 0 0 0 1 0 1 1 0 0
R 256 144 00000010 0000006f
C 256 00000010 1 0 0 1 5 0
T 257 00000010 0 1 0 0 0 0 0 0 1 0 0 0 0 0
C 257 00000010 0 0 0 0 5 0
T 258 00000010 1 1 0 0 0 0 0 0 1 0 1 1 0 0
R 258 145 00000010 0000006f
C 258 00000010 1 0 0 1 5 0
T 259 00000010 0 1 0 0 0 0 0 0 1 0 0 0 0 0
C 259 00000010 0 0 0 0 5 0
T 260 00000010 1 1 0 0 0 0 0 0 1 0 1 1 0 0
R 260 146 00000010 0000006f
C 260 00000010 1 0 0 1 5 0
T 261 00000010 0 1 0 0 0 0 0 0 1 0 0 0 0 0
C 261 00000010 0 0 0 0 5 0
T 262 00000010 1 1 0 0 0 0 0 0 1 0 1 1 0 0
R 262 147 00000010 0000006f
C 262 00000010 1 0 0 1 5 0
T 263 00000010 0 1 0 0 0 0 0 0 1 0 0 0 0 0
C 263 00000010 0 0 0 0 5 0
T 264 00000010 1 1 0 0 0 0 0 0 1 0 1 1 0 0
R 264 148 00000010 0000006f
C 264 00000010 1 0 0 1 5 0
T 265 00000010 0 1 0 0 0 0 0 0 1 0 0 0 0 0
C 265 00000010 0 0 0 0 5 0
T 266 00000010 1 1 0 0 0 0 0 0 1 0 1 1 0 0
R 266 149 00000010 0000006f
C 266 00000010 1 0 0 1 5 0
T 267 00000010 0 1 0 0 0 0 0 0 1 0 0 0 0 0
C 267 00000010 0 0 0 0 5 0
T 268 00000010 1 1 0 0 0 0 0 0 1 0 1 1 0 0
R 268 150 00000010 0000006f
C 268 00000010 1 0 0 1 5 0
T 269 00000010 0 1 0 0 0 0 0 0 1 0 0 0 0 0
C 269 00000010 0 0 0 0 5 0
T 270 00000010 1 1 0 0 0 0 0 0 1 0 1 1 0 0
R 270 151 00000010 0000006f
C 270 00000010 1 0 0 1 5 0
T 271 00000010 0 1 0 0 0 0 0 0 1 0 0 0 0 0
C 271 00000010 0 0 0 0 5 0
T 272 00000010 1 1 0 0 0 0 0 0 1 0 1 1 0 0
R 272 152 00000010 0000006f
C 272 00000010 1 0 0 1 5 0
T 273 00000010 0 1 0 0 0 0 0 0 1 0 0 0 0 0
C 273 00000010 0 0 0 0 5 0
T 274 00000010 1 1 0 0 0 0 0 0 1 0 1 1 0 0
R 274 153 00000010 0000006f
C 274 00000010 1 0 0 1 5 0
T 275 00000010 0 1 0 0 0 0 0 0 1 0 0 0 0 0
C 275 00000010 0 0 0 0 5 0
T 276 00000010 1 1 0 0 0 0 0 0 1 0 1 1 0 0
R 276 154 00000010 0000006f
C 276 00000010 1 0 0 1 5 0
T 277 00000010 0 1 0 0 0 0 0 0 1 0 0 0 0 0
C 277 00000010 0 0 0 0 5 0
T 278 00000010 1 1 0 0 0 0 0 0 1 0 1 1 0 0
R 278 155 00000010 0000006f
C 278 00000010 1 0 0 1 5 0
T 279 00000010 0 1 0 0 0 0 0 0 1 0 0 0 0 0
C 279 00000010 0 0 0 0 5 0
T 280 00000010 1 1 0 0 0 0 0 0 1 0 1 1 0 0
R 280 156 00000010 0000006f
C 280 00000010 1 0 0 1 5 0
T 281 00000010 0 1 0 0 0 0 0 0 1 0 0 0 0 0
C 281 00000010 0 0 0 0 5 0
T 282 00000010 1 1 0 0 0 0 0 0 1 0 1 1 0 0
R 282 157 00000010 0000006f
C 282 00000010 1 0 0 1 5 0
T 283 00000010 0 1 0 0 0 0 0 0 1 0 0 0 0 0
C 283 00000010 0 0 0 0 5 0
T 284 00000010 1 1 0 0 0 0 0 0 1 0 1 1 0 0
R 284 158 00000010 0000006f
C 284 00000010 1 0 0 1 5 0
T 285 00000010 0 1 0 0 0 0 0 0 1 0 0 0 0 0
C 285 00000010 0 0 0 0 5 0
T 286 00000010 1 1 0 0 0 0 0 0 1 0 1 1 0 0
R 286 159 00000010 0000006f
C 286 00000010 1 0 0 1 5 0
T 287 00000010 0 1 0 0 0 0 0 0 1 0 0 0 0 0
C 287 00000010 0 0 0 0 5 0
T 288 00000010 1 1 0 0 0 0 0 0 1 0 1 1 0 0
R 288 160 00000010 0000006f
C 288 00000010 1 0 0 1 5 0
T 289 00000010 0 1 0 0 0 0 0 0 1 0 0 0 0 0
C 289 00000010 0 0 0 0 5 0
T 290 00000010 1 1 0 0 0 0 0 0 1 0 1 1 0 0
R 290 161 00000010 0000006f
C 290 00000010 1 0 0 1 5 0
T 291 00000010 0 1 0 0 0 0 0 0 1 0 0 0 0 0
C 291 00000010 0 0 0 0 5 0
T 292 00000010 1 1 0 0 0 0 0 0 1 0 1 1 0 0
R 292 162 00000010 0000006f
C 292 00000010 1 0 0 1 5 0
T 293 00000010 0 1 0 0 0 0 0 0 1 0 0 0 0 0
C 293 00000010 0 0 0 0 5 0
T 294 00000010 1 1 0 0 0 0 0 0 1 0 1 1 0 0
R 294 163 00000010 0000006f
C 294 00000010 1 0 0 1 5 0
T 295 00000010 0 1 0 0 0 0 0 0 1 0 0 0 0 0
C 295 00000010 0 0 0 0 5 0
T 296 00000010 1 1 0 0 0 0 0 0 1 0 1 1 0 0
R 296 164 00000010 0000006f
C 296 00000010 1 0 0 1 5 0
T 297 00000010 0 1 0 0 0 0 0 0 1 0 0 0 0 0
C 297 00000010 0 0 0 0 5 0
T 298 00000010 1 1 0 0 0 0 0 0 1 0 1 1 0 0
R 298 165 00000010 0000006f
C 298 00000010 1 0 0 1 5 0
T 299 00000010 0 1 0 0 0 0 0 0 1 0 0 0 0 0
C 299 00000010 0 0 0 0 5 0
T 300 00000010 1 1 0 0 0 0 0 0 1 0 1 1 0 0
R 300 166 00000010 0000006f
C 300 00000010 1 0 0 1 5 0
T 301 00000010 0 1 0 0 0 0 0 0 1 0 0 0 0 0
C 301 00000010 0 0 0 0 5 0
T 302 00000010 1 1 0 0 0 0 0 0 1 0 1 1 0 0
R 302 167 00000010 0000006f
C 302 00000010 1 0 0 1 5 0
T 303 00000010 0 1 0 0 0 0 0 0 1 0 0 0 0 0
C 303 00000010 0 0 0 0 5 0
T 304 00000010 1 1 0 0 0 0 0 0 1 0 1 1 0 0
R 304 168 00000010 0000006f
C 304 00000010 1 0 0 1 5 0
T 305 00000010 0 1 0 0 0 0 0 0 1 0 0 0 0 0
C 305 00000010 0 0 0 0 5 0
T 306 00000010 1 1 0 0 0 0 0 0 1 0 1 1 0 0
R 306 169 00000010 0000006f
C 306 00000010 1 0 0 1 5 0
T 307 00000010 0 1 0 0 0 0 0 0 1 0 0 0 0 0
C 307 00000010 0 0 0 0 5 0
T 308 00000010 1 1 0 0 0 0 0 0 1 0 1 1 0 0
R 308 170 00000010 0000006f
C 308 00000010 1 0 0 1 5 0
T 309 00000010 0 1 0 0 0 0 0 0 1 0 0 0 0 0
C 309 00000010 0 0 0 0 5 0
T 310 00000010 1 1 0 0 0 0 0 0 1 0 1 1 0 0
R 310 171 00000010 0000006f
C 310 00000010 1 0 0 1 5 0
T 311 00000010 0 1 0 0 0 0 0 0 1 0 0 0 0 0
C 311 00000010 0 0 0 0 5 0
T 312 00000010 1 1 0 0 0 0 0 0 1 0 1 1 0 0
R 312 172 00000010 0000006f
C 312 00000010 1 0 0 1 5 0
T 313 00000010 0 1 0 0 0 0 0 0 1 0 0 0 0 0
C 313 00000010 0 0 0 0 5 0
T 314 00000010 1 1 0 0 0 0 0 0 1 0 1 1 0 0
R 314 173 00000010 0000006f
C 314 00000010 1 0 0 1 5 0
T 315 00000010 0 1 0 0 0 0 0 0 1 0 0 0 0 0
C 315 00000010 0 0 0 0 5 0
T 316 00000010 1 1 0 0 0 0 0 0 1 0 1 1 0 0
R 316 174 00000010 0000006f
C 316 00000010 1 0 0 1 5 0
T 317 00000010 0 1 0 0 0 0 0 0 1 0 0 0 0 0
C 317 00000010 0 0 0 0 5 0
T 318 00000010 1 1 0 0 0 0 0 0 1 0 1 1 0 0
R 318 175 00000010 0000006f
C 318 00000010 1 0 0 1 5 0
T 319 00000010 0 1 0 0 0 0 0 0 1 0 0 0 0 0
C 319 00000010 0 0 0 0 5 0
T 320 00000010 1 1 0 0 0 0 0 0 1 0 1 1 0 0
R 320 176 00000010 0000006f
C 320 00000010 1 0 0 1 5 0
T 321 00000010 0 1 0 0 0 0 0 0 1 0 0 0 0 0
C 321 00000010 0 0 0 0 5 0
T 322 00000010 1 1 0 0 0 0 0 0 1 0 1 1 0 0
R 322 177 00000010 0000006f
C 322 00000010 1 0 0 1 5 0
T 323 00000010 0 1 0 0 0 0 0 0 1 0 0 0 0 0
C 323 00000010 0 0 0 0 5 0
T 324 00000010 1 1 0 0 0 0 0 0 1 0 1 1 0 0
R 324 178 00000010 0000006f
C 324 00000010 1 0 0 1 5 0
T 325 00000010 0 1 0 0 0 0 0 0 1 0 0 0 0 0
C 325 00000010 0 0 0 0 5 0
T 326 00000010 1 1 0 0 0 0 0 0 1 0 1 1 0 0
R 326 179 00000010 0000006f
C 326 00000010 1 0 0 1 5 0
T 327 00000010 0 1 0 0 0 0 0 0 1 0 0 0 0 0
C 327 00000010 0 0 0 0 5 0
T 328 00000010 1 1 0 0 0 0 0 0 1 0 1 1 0 0
R 328 180 00000010 0000006f
C 328 00000010 1 0 0 1 5 0
T 329 00000010 0 1 0 0 0 0 0 0 1 0 0 0 0 0
C 329 00000010 0 0 0 0 5 0
T 330 00000010 1 1 0 0 0 0 0 0 1 0 1 1 0 0
R 330 181 00000010 0000006f
C 330 00000010 1 0 0 1 5 0
T 331 00000010 0 1 0 0 0 0 0 0 1 0 0 0 0 0
C 331 00000010 0 0 0 0 5 0
T 332 00000010 1 1 0 0 0 0 0 0 1 0 1 1 0 0
R 332 182 00000010 0000006f
C 332 00000010 1 0 0 1 5 0
T 333 00000010 0 1 0 0 0 0 0 0 1 0 0 0 0 0
C 333 00000010 0 0 0 0 5 0
T 334 00000010 1 1 0 0 0 0 0 0 1 0 1 1 0 0
R 334 183 00000010 0000006f
C 334 00000010 1 0 0 1 5 0
T 335 00000010 0 1 0 0 0 0 0 0 1 0 0 0 0 0
C 335 00000010 0 0 0 0 5 0
T 336 00000010 1 1 0 0 0 0 0 0 1 0 1 1 0 0
R 336 184 00000010 0000006f
C 336 00000010 1 0 0 1 5 0
T 337 00000010 0 1 0 0 0 0 0 0 1 0 0 0 0 0
C 337 00000010 0 0 0 0 5 0
T 338 00000010 1 1 0 0 0 0 0 0 1 0 1 1 0 0
R 338 185 00000010 0000006f
C 338 00000010 1 0 0 1 5 0
T 339 00000010 0 1 0 0 0 0 0 0 1 0 0 0 0 0
C 339 00000010 0 0 0 0 5 0
T 340 00000010 1 1 0 0 0 0 0 0 1 0 1 1 0 0
R 340 186 00000010 0000006f
C 340 00000010 1 0 0 1 5 0
T 341 00000010 0 1 0 0 0 0 0 0 1 0 0 0 0 0
C 341 00000010 0 0 0 0 5 0
T 342 00000010 1 1 0 0 0 0 0 0 1 0 1 1 0 0
R 342 187 00000010 0000006f
C 342 00000010 1 0 0 1 5 0
T 343 00000010 0 1 0 0 0 0 0 0 1 0 0 0 0 0
C 343 00000010 0 0 0 0 5 0
T 344 00000010 1 1 0 0 0 0 0 0 1 0 1 1 0 0
R 344 188 00000010 0000006f
C 344 00000010 1 0 0 1 5 0
SAMPLE 345 ai=1 ab=0 am=0 pc=0 mismatch=1 rf=0 mode=0
T 345 00000010 0 1 0 0 0 0 0 0 1 0 0 0 0 0
C 345 00000010 0 0 0 0 5 0
SAMPLE 346 ai=1 ab=0 am=0 pc=0 mismatch=1 rf=0 mode=0
T 346 00000010 1 1 0 0 0 0 0 0 1 0 1 1 0 0
R 346 189 00000010 0000006f
C 346 00000010 1 0 0 1 5 0
SAMPLE 347 ai=1 ab=0 am=0 pc=0 mismatch=1 rf=0 mode=0
T 347 00000010 0 1 0 0 0 0 0 0 1 0 0 0 0 0
C 347 00000010 0 0 0 0 5 0
SAMPLE 348 ai=1 ab=0 am=0 pc=0 mismatch=1 rf=0 mode=0
T 348 00000010 1 1 0 0 0 0 0 0 1 0 1 1 0 0
R 348 190 00000010 0000006f
C 348 00000010 1 0 0 1 5 0
SAMPLE 349 ai=1 ab=0 am=0 pc=0 mismatch=1 rf=0 mode=0
T 349 00000010 0 1 0 0 0 0 0 0 1 0 0 0 0 0
C 349 00000010 0 0 0 0 5 0
SAMPLE 350 ai=1 ab=0 am=0 pc=0 mismatch=1 rf=0 mode=0
T 350 00000010 1 1 0 0 0 0 0 0 1 0 1 1 0 0
R 350 191 00000010 0000006f
C 350 00000010 1 0 0 1 5 0
SAMPLE 351 ai=1 ab=0 am=0 pc=0 mismatch=1 rf=0 mode=0
T 351 00000010 0 1 0 0 0 0 0 0 1 0 0 0 0 0
C 351 00000010 0 0 0 0 5 0
SAMPLE 352 ai=1 ab=0 am=0 pc=0 mismatch=1 rf=0 mode=0
T 352 00000010 1 1 0 0 0 0 0 0 1 0 1 1 0 0
R 352 192 00000010 0000006f
C 352 00000010 1 0 0 1 5 0
SAMPLE 353 ai=1 ab=0 am=0 pc=0 mismatch=1 rf=0 mode=0
T 353 00000010 0 1 0 0 0 0 0 0 1 0 0 0 0 0
C 353 00000010 0 0 0 0 5 0
SAMPLE 354 ai=1 ab=0 am=0 pc=0 mismatch=1 rf=0 mode=0
T 354 00000010 1 1 0 0 0 0 0 0 1 0 1 1 0 0
R 354 193 00000010 0000006f
C 354 00000010 1 0 0 1 5 0
SAMPLE 355 ai=1 ab=0 am=0 pc=0 mismatch=1 rf=0 mode=0
T 355 00000010 0 1 0 0 0 0 0 0 1 0 0 0 0 0
C 355 00000010 0 0 0 0 5 0
SAMPLE 356 ai=1 ab=0 am=0 pc=0 mismatch=1 rf=0 mode=0
T 356 00000010 1 1 0 0 0 0 0 0 1 0 1 1 0 0
R 356 194 00000010 0000006f
C 356 00000010 1 0 0 1 5 0
SAMPLE 357 ai=1 ab=0 am=0 pc=0 mismatch=1 rf=0 mode=0
T 357 00000010 0 1 0 0 0 0 0 0 1 0 0 0 0 0
C 357 00000010 0 0 0 0 5 0
SAMPLE 358 ai=1 ab=0 am=0 pc=0 mismatch=1 rf=0 mode=0
T 358 00000010 1 1 0 0 0 0 0 0 1 0 1 1 0 0
R 358 195 00000010 0000006f
C 358 00000010 1 0 0 1 5 0
SAMPLE 359 ai=1 ab=0 am=0 pc=0 mismatch=1 rf=0 mode=0
T 359 00000010 0 1 0 0 0 0 0 0 1 0 0 0 0 0
C 359 00000010 0 0 0 0 5 0
SAMPLE 360 ai=1 ab=0 am=0 pc=0 mismatch=1 rf=0 mode=0
T 360 00000010 1 1 0 0 0 0 0 0 1 0 1 1 0 0
R 360 196 00000010 0000006f
C 360 00000010 1 0 0 1 5 0
T 361 00000010 0 1 0 0 0 0 0 0 1 0 0 0 0 0
C 361 00000010 0 0 0 0 5 0
T 362 00000010 1 1 0 0 0 0 0 0 1 0 1 1 0 0
R 362 197 00000010 0000006f
C 362 00000010 1 0 0 1 5 0
T 363 00000010 0 1 0 0 0 0 0 0 1 0 0 0 0 0
C 363 00000010 0 0 0 0 5 0
T 364 00000010 1 1 0 0 0 0 0 0 1 0 1 1 0 0
R 364 198 00000010 0000006f
C 364 00000010 1 0 0 1 5 0
T 365 00000010 0 1 0 0 0 0 0 0 1 0 0 0 0 0
C 365 00000010 0 0 0 0 5 0
T 366 00000010 1 1 0 0 0 0 0 0 1 0 1 1 0 0
R 366 199 00000010 0000006f
C 366 00000010 1 0 0 1 5 0
T 367 00000010 0 1 0 0 0 0 0 0 1 0 0 0 0 0
C 367 00000010 0 0 0 0 5 0
T 368 00000010 1 1 0 0 0 0 0 0 1 0 1 1 0 0
R 368 200 00000010 0000006f
C 368 00000010 1 0 0 1 5 0
T 369 00000010 0 1 0 0 0 0 0 0 1 0 0 0 0 0
C 369 00000010 0 0 0 0 5 0
T 370 00000010 1 1 0 0 0 0 0 0 1 0 1 1 0 0
R 370 201 00000010 0000006f
C 370 00000010 1 0 0 1 5 0
T 371 00000010 0 1 0 0 0 0 0 0 1 0 0 0 0 0
C 371 00000010 0 0 0 0 5 0
T 372 00000010 1 1 0 0 0 0 0 0 1 0 1 1 0 0
R 372 202 00000010 0000006f
C 372 00000010 1 0 0 1 5 0
T 373 00000010 0 1 0 0 0 0 0 0 1 0 0 0 0 0
C 373 00000010 0 0 0 0 5 0
T 374 00000010 1 1 0 0 0 0 0 0 1 0 1 1 0 0
R 374 203 00000010 0000006f
C 374 00000010 1 0 0 1 5 0
T 375 00000010 0 1 0 0 0 0 0 0 1 0 0 0 0 0
C 375 00000010 0 0 0 0 5 0
T 376 00000010 1 1 0 0 0 0 0 0 1 0 1 1 0 0
R 376 204 00000010 0000006f
C 376 00000010 1 0 0 1 5 0
T 377 00000010 0 1 0 0 0 0 0 0 1 0 0 0 0 0
C 377 00000010 0 0 0 0 5 0
T 378 00000010 1 1 0 0 0 0 0 0 1 0 1 1 0 0
R 378 205 00000010 0000006f
C 378 00000010 1 0 0 1 5 0
T 379 00000010 0 1 0 0 0 0 0 0 1 0 0 0 0 0
C 379 00000010 0 0 0 0 5 0
T 380 00000010 1 1 0 0 0 0 0 0 1 0 1 1 0 0
R 380 206 00000010 0000006f
C 380 00000010 1 0 0 1 5 0
T 381 00000010 0 1 0 0 0 0 0 0 1 0 0 0 0 0
C 381 00000010 0 0 0 0 5 0
T 382 00000010 1 1 0 0 0 0 0 0 1 0 1 1 0 0
R 382 207 00000010 0000006f
C 382 00000010 1 0 0 1 5 0
T 383 00000010 0 1 0 0 0 0 0 0 1 0 0 0 0 0
C 383 00000010 0 0 0 0 5 0
T 384 00000010 1 1 0 0 0 0 0 0 1 0 1 1 0 0
R 384 208 00000010 0000006f
C 384 00000010 1 0 0 1 5 0
T 385 00000010 0 1 0 0 0 0 0 0 1 0 0 0 0 0
C 385 00000010 0 0 0 0 5 0
T 386 00000010 1 1 0 0 0 0 0 0 1 0 1 1 0 0
R 386 209 00000010 0000006f
C 386 00000010 1 0 0 1 5 0
T 387 00000010 0 1 0 0 0 0 0 0 1 0 0 0 0 0
C 387 00000010 0 0 0 0 5 0
T 388 00000010 1 1 0 0 0 0 0 0 1 0 1 1 0 0
R 388 210 00000010 0000006f
C 388 00000010 1 0 0 1 5 0
T 389 00000010 0 1 0 0 0 0 0 0 1 0 0 0 0 0
C 389 00000010 0 0 0 0 5 0
T 390 00000010 1 1 0 0 0 0 0 0 1 0 1 1 0 0
R 390 211 00000010 0000006f
C 390 00000010 1 0 0 1 5 0
T 391 00000010 0 1 0 0 0 0 0 0 1 0 0 0 0 0
C 391 00000010 0 0 0 0 5 0
T 392 00000010 1 1 0 0 0 0 0 0 1 0 1 1 0 0
R 392 212 00000010 0000006f
C 392 00000010 1 0 0 1 5 0
T 393 00000010 0 1 0 0 0 0 0 0 1 0 0 0 0 0
C 393 00000010 0 0 0 0 5 0
T 394 00000010 1 1 0 0 0 0 0 0 1 0 1 1 0 0
R 394 213 00000010 0000006f
C 394 00000010 1 0 0 1 5 0
T 395 00000010 0 1 0 0 0 0 0 0 1 0 0 0 0 0
C 395 00000010 0 0 0 0 5 0
T 396 00000010 1 1 0 0 0 0 0 0 1 0 1 1 0 0
R 396 214 00000010 0000006f
C 396 00000010 1 0 0 1 5 0
T 397 00000010 0 1 0 0 0 0 0 0 1 0 0 0 0 0
C 397 00000010 0 0 0 0 5 0
T 398 00000010 1 1 0 0 0 0 0 0 1 0 1 1 0 0
R 398 215 00000010 0000006f
C 398 00000010 1 0 0 1 5 0
T 399 00000010 0 1 0 0 0 0 0 0 1 0 0 0 0 0
C 399 00000010 0 0 0 0 5 0
T 400 00000010 1 1 0 0 0 0 0 0 1 0 1 1 0 0
R 400 216 00000010 0000006f
C 400 00000010 1 0 0 1 5 0
T 401 00000010 0 1 0 0 0 0 0 0 1 0 0 0 0 0
C 401 00000010 0 0 0 0 5 0
T 402 00000010 1 1 0 0 0 0 0 0 1 0 1 1 0 0
R 402 217 00000010 0000006f
C 402 00000010 1 0 0 1 5 0
T 403 00000010 0 1 0 0 0 0 0 0 1 0 0 0 0 0
C 403 00000010 0 0 0 0 5 0
T 404 00000010 1 1 0 0 0 0 0 0 1 0 1 1 0 0
R 404 218 00000010 0000006f
C 404 00000010 1 0 0 1 5 0
T 405 00000010 0 1 0 0 0 0 0 0 1 0 0 0 0 0
C 405 00000010 0 0 0 0 5 0
T 406 00000010 1 1 0 0 0 0 0 0 1 0 1 1 0 0
R 406 219 00000010 0000006f
C 406 00000010 1 0 0 1 5 0
T 407 00000010 0 1 0 0 0 0 0 0 1 0 0 0 0 0
C 407 00000010 0 0 0 0 5 0
T 408 00000010 1 1 0 0 0 0 0 0 1 0 1 1 0 0
R 408 220 00000010 0000006f
C 408 00000010 1 0 0 1 5 0
T 409 00000010 0 1 0 0 0 0 0 0 1 0 0 0 0 0
C 409 00000010 0 0 0 0 5 0
T 410 00000010 1 1 0 0 0 0 0 0 1 0 1 1 0 0
R 410 221 00000010 0000006f
C 410 00000010 1 0 0 1 5 0
T 411 00000010 0 1 0 0 0 0 0 0 1 0 0 0 0 0
C 411 00000010 0 0 0 0 5 0
T 412 00000010 1 1 0 0 0 0 0 0 1 0 1 1 0 0
R 412 222 00000010 0000006f
C 412 00000010 1 0 0 1 5 0
T 413 00000010 0 1 0 0 0 0 0 0 1 0 0 0 0 0
C 413 00000010 0 0 0 0 5 0
T 414 00000010 1 1 0 0 0 0 0 0 1 0 1 1 0 0
R 414 223 00000010 0000006f
C 414 00000010 1 0 0 1 5 0
T 415 00000010 0 1 0 0 0 0 0 0 1 0 0 0 0 0
C 415 00000010 0 0 0 0 5 0
T 416 00000010 1 1 0 0 0 0 0 0 1 0 1 1 0 0
R 416 224 00000010 0000006f
C 416 00000010 1 0 0 1 5 0
T 417 00000010 0 1 0 0 0 0 0 0 1 0 0 0 0 0
C 417 00000010 0 0 0 0 5 0
T 418 00000010 1 1 0 0 0 0 0 0 1 0 1 1 0 0
R 418 225 00000010 0000006f
C 418 00000010 1 0 0 1 5 0
T 419 00000010 0 1 0 0 0 0 0 0 1 0 0 0 0 0
C 419 00000010 0 0 0 0 5 0
T 420 00000010 1 1 0 0 0 0 0 0 1 0 1 1 0 0
R 420 226 00000010 0000006f
C 420 00000010 1 0 0 1 5 0
T 421 00000010 0 1 0 0 0 0 0 0 1 0 0 0 0 0
C 421 00000010 0 0 0 0 5 0
T 422 00000010 1 1 0 0 0 0 0 0 1 0 1 1 0 0
R 422 227 00000010 0000006f
C 422 00000010 1 0 0 1 5 0
T 423 00000010 0 1 0 0 0 0 0 0 1 0 0 0 0 0
C 423 00000010 0 0 0 0 5 0
T 424 00000010 1 1 0 0 0 0 0 0 1 0 1 1 0 0
R 424 228 00000010 0000006f
C 424 00000010 1 0 0 1 5 0
T 425 00000010 0 1 0 0 0 0 0 0 1 0 0 0 0 0
C 425 00000010 0 0 0 0 5 0
T 426 00000010 1 1 0 0 0 0 0 0 1 0 1 1 0 0
R 426 229 00000010 0000006f
C 426 00000010 1 0 0 1 5 0
T 427 00000010 0 1 0 0 0 0 0 0 1 0 0 0 0 0
C 427 00000010 0 0 0 0 5 0
T 428 00000010 1 1 0 0 0 0 0 0 1 0 1 1 0 0
R 428 230 00000010 0000006f
C 428 00000010 1 0 0 1 5 0
T 429 00000010 0 1 0 0 0 0 0 0 1 0 0 0 0 0
C 429 00000010 0 0 0 0 5 0
T 430 00000010 1 1 0 0 0 0 0 0 1 0 1 1 0 0
R 430 231 00000010 0000006f
C 430 00000010 1 0 0 1 5 0
T 431 00000010 0 1 0 0 0 0 0 0 1 0 0 0 0 0
C 431 00000010 0 0 0 0 5 0
T 432 00000010 1 1 0 0 0 0 0 0 1 0 1 1 0 0
R 432 232 00000010 0000006f
C 432 00000010 1 0 0 1 5 0
T 433 00000010 0 1 0 0 0 0 0 0 1 0 0 0 0 0
C 433 00000010 0 0 0 0 5 0
T 434 00000010 1 1 0 0 0 0 0 0 1 0 1 1 0 0
R 434 233 00000010 0000006f
C 434 00000010 1 0 0 1 5 0
T 435 00000010 0 1 0 0 0 0 0 0 1 0 0 0 0 0
C 435 00000010 0 0 0 0 5 0
T 436 00000010 1 1 0 0 0 0 0 0 1 0 1 1 0 0
R 436 234 00000010 0000006f
C 436 00000010 1 0 0 1 5 0
T 437 00000010 0 1 0 0 0 0 0 0 1 0 0 0 0 0
C 437 00000010 0 0 0 0 5 0
T 438 00000010 1 1 0 0 0 0 0 0 1 0 1 1 0 0
R 438 235 00000010 0000006f
C 438 00000010 1 0 0 1 5 0
T 439 00000010 0 1 0 0 0 0 0 0 1 0 0 0 0 0
C 439 00000010 0 0 0 0 5 0
T 440 00000010 1 1 0 0 0 0 0 0 1 0 1 1 0 0
R 440 236 00000010 0000006f
C 440 00000010 1 0 0 1 5 0
T 441 00000010 0 1 0 0 0 0 0 0 1 0 0 0 0 0
C 441 00000010 0 0 0 0 5 0
T 442 00000010 1 1 0 0 0 0 0 0 1 0 1 1 0 0
R 442 237 00000010 0000006f
C 442 00000010 1 0 0 1 5 0
T 443 00000010 0 1 0 0 0 0 0 0 1 0 0 0 0 0
C 443 00000010 0 0 0 0 5 0
T 444 00000010 1 1 0 0 0 0 0 0 1 0 1 1 0 0
R 444 238 00000010 0000006f
C 444 00000010 1 0 0 1 5 0
T 445 00000010 0 1 0 0 0 0 0 0 1 0 0 0 0 0
C 445 00000010 0 0 0 0 5 0
T 446 00000010 1 1 0 0 0 0 0 0 1 0 1 1 0 0
R 446 239 00000010 0000006f
C 446 00000010 1 0 0 1 5 0
T 447 00000010 0 1 0 0 0 0 0 0 1 0 0 0 0 0
C 447 00000010 0 0 0 0 5 0
T 448 00000010 1 1 0 0 0 0 0 0 1 0 1 1 0 0
R 448 240 00000010 0000006f
C 448 00000010 1 0 0 1 5 0
T 449 00000010 0 1 0 0 0 0 0 0 1 0 0 0 0 0
C 449 00000010 0 0 0 0 5 0
T 450 00000010 1 1 0 0 0 0 0 0 1 0 1 1 0 0
R 450 241 00000010 0000006f
C 450 00000010 1 0 0 1 5 0
T 451 00000010 0 1 0 0 0 0 0 0 1 0 0 0 0 0
C 451 00000010 0 0 0 0 5 0
T 452 00000010 1 1 0 0 0 0 0 0 1 0 1 1 0 0
R 452 242 00000010 0000006f
C 452 00000010 1 0 0 1 5 0
T 453 00000010 0 1 0 0 0 0 0 0 1 0 0 0 0 0
C 453 00000010 0 0 0 0 5 0
T 454 00000010 1 1 0 0 0 0 0 0 1 0 1 1 0 0
R 454 243 00000010 0000006f
C 454 00000010 1 0 0 1 5 0
T 455 00000010 0 1 0 0 0 0 0 0 1 0 0 0 0 0
C 455 00000010 0 0 0 0 5 0
T 456 00000010 1 1 0 0 0 0 0 0 1 0 1 1 0 0
R 456 244 00000010 0000006f
C 456 00000010 1 0 0 1 5 0
T 457 00000010 0 1 0 0 0 0 0 0 1 0 0 0 0 0
C 457 00000010 0 0 0 0 5 0
T 458 00000010 1 1 0 0 0 0 0 0 1 0 1 1 0 0
R 458 245 00000010 0000006f
C 458 00000010 1 0 0 1 5 0
T 459 00000010 0 1 0 0 0 0 0 0 1 0 0 0 0 0
C 459 00000010 0 0 0 0 5 0
T 460 00000010 1 1 0 0 0 0 0 0 1 0 1 1 0 0
R 460 246 00000010 0000006f
C 460 00000010 1 0 0 1 5 0
T 461 00000010 0 1 0 0 0 0 0 0 1 0 0 0 0 0
C 461 00000010 0 0 0 0 5 0
T 462 00000010 1 1 0 0 0 0 0 0 1 0 1 1 0 0
R 462 247 00000010 0000006f
C 462 00000010 1 0 0 1 5 0
T 463 00000010 0 1 0 0 0 0 0 0 1 0 0 0 0 0
C 463 00000010 0 0 0 0 5 0
T 464 00000010 1 1 0 0 0 0 0 0 1 0 1 1 0 0
R 464 248 00000010 0000006f
C 464 00000010 1 0 0 1 5 0
T 465 00000010 0 1 0 0 0 0 0 0 1 0 0 0 0 0
C 465 00000010 0 0 0 0 5 0
T 466 00000010 1 1 0 0 0 0 0 0 1 0 1 1 0 0
R 466 249 00000010 0000006f
C 466 00000010 1 0 0 1 5 0
T 467 00000010 0 1 0 0 0 0 0 0 1 0 0 0 0 0
C 467 00000010 0 0 0 0 5 0
T 468 00000010 1 1 0 0 0 0 0 0 1 0 1 1 0 0
R 468 250 00000010 0000006f
C 468 00000010 1 0 0 1 5 0
T 469 00000010 0 1 0 0 0 0 0 0 1 0 0 0 0 0
C 469 00000010 0 0 0 0 5 0
T 470 00000010 1 1 0 0 0 0 0 0 1 0 1 1 0 0
R 470 251 00000010 0000006f
C 470 00000010 1 0 0 1 5 0
T 471 00000010 0 1 0 0 0 0 0 0 1 0 0 0 0 0
C 471 00000010 0 0 0 0 5 0
T 472 00000010 1 1 0 0 0 0 0 0 1 0 1 1 0 0
R 472 252 00000010 0000006f
C 472 00000010 1 0 0 1 5 0
T 473 00000010 0 1 0 0 0 0 0 0 1 0 0 0 0 0
C 473 00000010 0 0 0 0 5 0
T 474 00000010 1 1 0 0 0 0 0 0 1 0 1 1 0 0
R 474 253 00000010 0000006f
C 474 00000010 1 0 0 1 5 0
T 475 00000010 0 1 0 0 0 0 0 0 1 0 0 0 0 0
C 475 00000010 0 0 0 0 5 0
T 476 00000010 1 1 0 0 0 0 0 0 1 0 1 1 0 0
R 476 254 00000010 0000006f
C 476 00000010 1 0 0 1 5 0
T 477 00000010 0 1 0 0 0 0 0 0 1 0 0 0 0 0
C 477 00000010 0 0 0 0 5 0
T 478 00000010 1 1 0 0 0 0 0 0 1 0 1 1 0 0
R 478 255 00000010 0000006f
C 478 00000010 1 0 0 1 5 0
T 479 00000010 0 1 0 0 0 0 0 0 1 0 0 0 0 0
C 479 00000010 0 0 0 0 5 0
T 480 00000010 1 1 0 0 0 0 0 0 1 0 1 1 0 0
R 480 256 00000010 0000006f
C 480 00000010 1 0 0 1 5 0
T 481 00000010 0 1 0 0 0 0 0 0 1 0 0 0 0 0
C 481 00000010 0 0 0 0 5 0
T 482 00000010 1 1 0 0 0 0 0 0 1 0 1 1 0 0
R 482 257 00000010 0000006f
C 482 00000010 1 0 0 1 5 0
T 483 00000010 0 1 0 0 0 0 0 0 1 0 0 0 0 0
C 483 00000010 0 0 0 0 5 0
T 484 00000010 1 1 0 0 0 0 0 0 1 0 1 1 0 0
R 484 258 00000010 0000006f
C 484 00000010 1 0 0 1 5 0
T 485 00000010 0 1 0 0 0 0 0 0 1 0 0 0 0 0
C 485 00000010 0 0 0 0 5 0
T 486 00000010 1 1 0 0 0 0 0 0 1 0 1 1 0 0
R 486 259 00000010 0000006f
C 486 00000010 1 0 0 1 5 0
T 487 00000010 0 1 0 0 0 0 0 0 1 0 0 0 0 0
C 487 00000010 0 0 0 0 5 0
T 488 00000010 1 1 0 0 0 0 0 0 1 0 1 1 0 0
R 488 260 00000010 0000006f
C 488 00000010 1 0 0 1 5 0
T 489 00000010 0 1 0 0 0 0 0 0 1 0 0 0 0 0
C 489 00000010 0 0 0 0 5 0
T 490 00000010 1 1 0 0 0 0 0 0 1 0 1 1 0 0
R 490 261 00000010 0000006f
C 490 00000010 1 0 0 1 5 0
T 491 00000010 0 1 0 0 0 0 0 0 1 0 0 0 0 0
C 491 00000010 0 0 0 0 5 0
T 492 00000010 1 1 0 0 0 0 0 0 1 0 1 1 0 0
R 492 262 00000010 0000006f
C 492 00000010 1 0 0 1 5 0
T 493 00000010 0 1 0 0 0 0 0 0 1 0 0 0 0 0
C 493 00000010 0 0 0 0 5 0
T 494 00000010 1 1 0 0 0 0 0 0 1 0 1 1 0 0
R 494 263 00000010 0000006f
C 494 00000010 1 0 0 1 5 0
T 495 00000010 0 1 0 0 0 0 0 0 1 0 0 0 0 0
C 495 00000010 0 0 0 0 5 0
T 496 00000010 1 1 0 0 0 0 0 0 1 0 1 1 0 0
R 496 264 00000010 0000006f
C 496 00000010 1 0 0 1 5 0
T 497 00000010 0 1 0 0 0 0 0 0 1 0 0 0 0 0
C 497 00000010 0 0 0 0 5 0
T 498 00000010 1 1 0 0 0 0 0 0 1 0 1 1 0 0
R 498 265 00000010 0000006f
C 498 00000010 1 0 0 1 5 0
T 499 00000010 0 1 0 0 0 0 0 0 1 0 0 0 0 0
C 499 00000010 0 0 0 0 5 0
T 500 00000010 1 1 0 0 0 0 0 0 1 0 1 1 0 0
R 500 266 00000010 0000006f
C 500 00000010 1 0 0 1 5 0
T 501 00000010 0 1 0 0 0 0 0 0 1 0 0 0 0 0
C 501 00000010 0 0 0 0 5 0
T 502 00000010 1 1 0 0 0 0 0 0 1 0 1 1 0 0
R 502 267 00000010 0000006f
C 502 00000010 1 0 0 1 5 0
T 503 00000010 0 1 0 0 0 0 0 0 1 0 0 0 0 0
C 503 00000010 0 0 0 0 5 0
T 504 00000010 1 1 0 0 0 0 0 0 1 0 1 1 0 0
R 504 268 00000010 0000006f
C 504 00000010 1 0 0 1 5 0
T 505 00000010 0 1 0 0 0 0 0 0 1 0 0 0 0 0
C 505 00000010 0 0 0 0 5 0
T 506 00000010 1 1 0 0 0 0 0 0 1 0 1 1 0 0
R 506 269 00000010 0000006f
C 506 00000010 1 0 0 1 5 0
T 507 00000010 0 1 0 0 0 0 0 0 1 0 0 0 0 0
C 507 00000010 0 0 0 0 5 0
T 508 00000010 1 1 0 0 0 0 0 0 1 0 1 1 0 0
R 508 270 00000010 0000006f
C 508 00000010 1 0 0 1 5 0
T 509 00000010 0 1 0 0 0 0 0 0 1 0 0 0 0 0
C 509 00000010 0 0 0 0 5 0
T 510 00000010 1 1 0 0 0 0 0 0 1 0 1 1 0 0
R 510 271 00000010 0000006f
C 510 00000010 1 0 0 1 5 0
T 511 00000010 0 1 0 0 0 0 0 0 1 0 0 0 0 0
C 511 00000010 0 0 0 0 5 0
T 512 00000010 1 1 0 0 0 0 0 0 1 0 1 1 0 0
R 512 272 00000010 0000006f
C 512 00000010 1 0 0 1 5 0
T 513 00000010 0 1 0 0 0 0 0 0 1 0 0 0 0 0
C 513 00000010 0 0 0 0 5 0
T 514 00000010 1 1 0 0 0 0 0 0 1 0 1 1 0 0
R 514 273 00000010 0000006f
C 514 00000010 1 0 0 1 5 0
T 515 00000010 0 1 0 0 0 0 0 0 1 0 0 0 0 0
C 515 00000010 0 0 0 0 5 0
T 516 00000010 1 1 0 0 0 0 0 0 1 0 1 1 0 0
R 516 274 00000010 0000006f
C 516 00000010 1 0 0 1 5 0
T 517 00000010 0 1 0 0 0 0 0 0 1 0 0 0 0 0
C 517 00000010 0 0 0 0 5 0
T 518 00000010 1 1 0 0 0 0 0 0 1 0 1 1 0 0
R 518 275 00000010 0000006f
C 518 00000010 1 0 0 1 5 0
T 519 00000010 0 1 0 0 0 0 0 0 1 0 0 0 0 0
C 519 00000010 0 0 0 0 5 0
T 520 00000010 1 1 0 0 0 0 0 0 1 0 1 1 0 0
R 520 276 00000010 0000006f
C 520 00000010 1 0 0 1 5 0
T 521 00000010 0 1 0 0 0 0 0 0 1 0 0 0 0 0
C 521 00000010 0 0 0 0 5 0
T 522 00000010 1 1 0 0 0 0 0 0 1 0 1 1 0 0
R 522 277 00000010 0000006f
C 522 00000010 1 0 0 1 5 0
T 523 00000010 0 1 0 0 0 0 0 0 1 0 0 0 0 0
C 523 00000010 0 0 0 0 5 0
T 524 00000010 1 1 0 0 0 0 0 0 1 0 1 1 0 0
R 524 278 00000010 0000006f
C 524 00000010 1 0 0 1 5 0
T 525 00000010 0 1 0 0 0 0 0 0 1 0 0 0 0 0
C 525 00000010 0 0 0 0 5 0
T 526 00000010 1 1 0 0 0 0 0 0 1 0 1 1 0 0
R 526 279 00000010 0000006f
C 526 00000010 1 0 0 1 5 0
T 527 00000010 0 1 0 0 0 0 0 0 1 0 0 0 0 0
C 527 00000010 0 0 0 0 5 0
T 528 00000010 1 1 0 0 0 0 0 0 1 0 1 1 0 0
R 528 280 00000010 0000006f
C 528 00000010 1 0 0 1 5 0
T 529 00000010 0 1 0 0 0 0 0 0 1 0 0 0 0 0
C 529 00000010 0 0 0 0 5 0
T 530 00000010 1 1 0 0 0 0 0 0 1 0 1 1 0 0
R 530 281 00000010 0000006f
C 530 00000010 1 0 0 1 5 0
T 531 00000010 0 1 0 0 0 0 0 0 1 0 0 0 0 0
C 531 00000010 0 0 0 0 5 0
T 532 00000010 1 1 0 0 0 0 0 0 1 0 1 1 0 0
R 532 282 00000010 0000006f
C 532 00000010 1 0 0 1 5 0
T 533 00000010 0 1 0 0 0 0 0 0 1 0 0 0 0 0
C 533 00000010 0 0 0 0 5 0
T 534 00000010 1 1 0 0 0 0 0 0 1 0 1 1 0 0
R 534 283 00000010 0000006f
C 534 00000010 1 0 0 1 5 0
T 535 00000010 0 1 0 0 0 0 0 0 1 0 0 0 0 0
C 535 00000010 0 0 0 0 5 0
T 536 00000010 1 1 0 0 0 0 0 0 1 0 1 1 0 0
R 536 284 00000010 0000006f
C 536 00000010 1 0 0 1 5 0
T 537 00000010 0 1 0 0 0 0 0 0 1 0 0 0 0 0
C 537 00000010 0 0 0 0 5 0
T 538 00000010 1 1 0 0 0 0 0 0 1 0 1 1 0 0
R 538 285 00000010 0000006f
C 538 00000010 1 0 0 1 5 0
T 539 00000010 0 1 0 0 0 0 0 0 1 0 0 0 0 0
C 539 00000010 0 0 0 0 5 0
T 540 00000010 1 1 0 0 0 0 0 0 1 0 1 1 0 0
R 540 286 00000010 0000006f
C 540 00000010 1 0 0 1 5 0
T 541 00000010 0 1 0 0 0 0 0 0 1 0 0 0 0 0
C 541 00000010 0 0 0 0 5 0
T 542 00000010 1 1 0 0 0 0 0 0 1 0 1 1 0 0
R 542 287 00000010 0000006f
C 542 00000010 1 0 0 1 5 0
T 543 00000010 0 1 0 0 0 0 0 0 1 0 0 0 0 0
C 543 00000010 0 0 0 0 5 0
T 544 00000010 1 1 0 0 0 0 0 0 1 0 1 1 0 0
R 544 288 00000010 0000006f
C 544 00000010 1 0 0 1 5 0
T 545 00000010 0 1 0 0 0 0 0 0 1 0 0 0 0 0
C 545 00000010 0 0 0 0 5 0
T 546 00000010 1 1 0 0 0 0 0 0 1 0 1 1 0 0
R 546 289 00000010 0000006f
C 546 00000010 1 0 0 1 5 0
T 547 00000010 0 1 0 0 0 0 0 0 1 0 0 0 0 0
C 547 00000010 0 0 0 0 5 0
T 548 00000010 1 1 0 0 0 0 0 0 1 0 1 1 0 0
R 548 290 00000010 0000006f
C 548 00000010 1 0 0 1 5 0
T 549 00000010 0 1 0 0 0 0 0 0 1 0 0 0 0 0
C 549 00000010 0 0 0 0 5 0
T 550 00000010 1 1 0 0 0 0 0 0 1 0 1 1 0 0
R 550 291 00000010 0000006f
C 550 00000010 1 0 0 1 5 0
T 551 00000010 0 1 0 0 0 0 0 0 1 0 0 0 0 0
C 551 00000010 0 0 0 0 5 0
T 552 00000010 1 1 0 0 0 0 0 0 1 0 1 1 0 0
R 552 292 00000010 0000006f
C 552 00000010 1 0 0 1 5 0
T 553 00000010 0 1 0 0 0 0 0 0 1 0 0 0 0 0
C 553 00000010 0 0 0 0 5 0
T 554 00000010 1 1 0 0 0 0 0 0 1 0 1 1 0 0
R 554 293 00000010 0000006f
C 554 00000010 1 0 0 1 5 0
T 555 00000010 0 1 0 0 0 0 0 0 1 0 0 0 0 0
C 555 00000010 0 0 0 0 5 0
T 556 00000010 1 1 0 0 0 0 0 0 1 0 1 1 0 0
R 556 294 00000010 0000006f
C 556 00000010 1 0 0 1 5 0
T 557 00000010 0 1 0 0 0 0 0 0 1 0 0 0 0 0
C 557 00000010 0 0 0 0 5 0
T 558 00000010 1 1 0 0 0 0 0 0 1 0 1 1 0 0
R 558 295 00000010 0000006f
C 558 00000010 1 0 0 1 5 0
T 559 00000010 0 1 0 0 0 0 0 0 1 0 0 0 0 0
C 559 00000010 0 0 0 0 5 0
T 560 00000010 1 1 0 0 0 0 0 0 1 0 1 1 0 0
R 560 296 00000010 0000006f
C 560 00000010 1 0 0 1 5 0
T 561 00000010 0 1 0 0 0 0 0 0 1 0 0 0 0 0
C 561 00000010 0 0 0 0 5 0
T 562 00000010 1 1 0 0 0 0 0 0 1 0 1 1 0 0
R 562 297 00000010 0000006f
C 562 00000010 1 0 0 1 5 0
T 563 00000010 0 1 0 0 0 0 0 0 1 0 0 0 0 0
C 563 00000010 0 0 0 0 5 0
T 564 00000010 1 1 0 0 0 0 0 0 1 0 1 1 0 0
R 564 298 00000010 0000006f
C 564 00000010 1 0 0 1 5 0
T 565 00000010 0 1 0 0 0 0 0 0 1 0 0 0 0 0
C 565 00000010 0 0 0 0 5 0
T 566 00000010 1 1 0 0 0 0 0 0 1 0 1 1 0 0
R 566 299 00000010 0000006f
C 566 00000010 1 0 0 1 5 0
T 567 00000010 0 1 0 0 0 0 0 0 1 0 0 0 0 0
C 567 00000010 0 0 0 0 5 0
T 568 00000010 1 1 0 0 0 0 0 0 1 0 1 1 0 0
R 568 300 00000010 0000006f
C 568 00000010 1 0 0 1 5 0
T 569 00000010 0 1 0 0 0 0 0 0 1 0 0 0 0 0
C 569 00000010 0 0 0 0 5 0
T 570 00000010 1 1 0 0 0 0 0 0 1 0 1 1 0 0
R 570 301 00000010 0000006f
C 570 00000010 1 0 0 1 5 0
T 571 00000010 0 1 0 0 0 0 0 0 1 0 0 0 0 0
C 571 00000010 0 0 0 0 5 0
T 572 00000010 1 1 0 0 0 0 0 0 1 0 1 1 0 0
R 572 302 00000010 0000006f
C 572 00000010 1 0 0 1 5 0
T 573 00000010 0 1 0 0 0 0 0 0 1 0 0 0 0 0
C 573 00000010 0 0 0 0 5 0
T 574 00000010 1 1 0 0 0 0 0 0 1 0 1 1 0 0
R 574 303 00000010 0000006f
C 574 00000010 1 0 0 1 5 0
T 575 00000010 0 1 0 0 0 0 0 0 1 0 0 0 0 0
C 575 00000010 0 0 0 0 5 0
T 576 00000010 1 1 0 0 0 0 0 0 1 0 1 1 0 0
R 576 304 00000010 0000006f
C 576 00000010 1 0 0 1 5 0
T 577 00000010 0 1 0 0 0 0 0 0 1 0 0 0 0 0
C 577 00000010 0 0 0 0 5 0
T 578 00000010 1 1 0 0 0 0 0 0 1 0 1 1 0 0
R 578 305 00000010 0000006f
C 578 00000010 1 0 0 1 5 0
T 579 00000010 0 1 0 0 0 0 0 0 1 0 0 0 0 0
C 579 00000010 0 0 0 0 5 0
T 580 00000010 1 1 0 0 0 0 0 0 1 0 1 1 0 0
R 580 306 00000010 0000006f
C 580 00000010 1 0 0 1 5 0
T 581 00000010 0 1 0 0 0 0 0 0 1 0 0 0 0 0
C 581 00000010 0 0 0 0 5 0
T 582 00000010 1 1 0 0 0 0 0 0 1 0 1 1 0 0
R 582 307 00000010 0000006f
C 582 00000010 1 0 0 1 5 0
T 583 00000010 0 1 0 0 0 0 0 0 1 0 0 0 0 0
C 583 00000010 0 0 0 0 5 0
T 584 00000010 1 1 0 0 0 0 0 0 1 0 1 1 0 0
R 584 308 00000010 0000006f
C 584 00000010 1 0 0 1 5 0
T 585 00000010 0 1 0 0 0 0 0 0 1 0 0 0 0 0
C 585 00000010 0 0 0 0 5 0
T 586 00000010 1 1 0 0 0 0 0 0 1 0 1 1 0 0
R 586 309 00000010 0000006f
C 586 00000010 1 0 0 1 5 0
T 587 00000010 0 1 0 0 0 0 0 0 1 0 0 0 0 0
C 587 00000010 0 0 0 0 5 0
T 588 00000010 1 1 0 0 0 0 0 0 1 0 1 1 0 0
R 588 310 00000010 0000006f
C 588 00000010 1 0 0 1 5 0
T 589 00000010 0 1 0 0 0 0 0 0 1 0 0 0 0 0
C 589 00000010 0 0 0 0 5 0
T 590 00000010 1 1 0 0 0 0 0 0 1 0 1 1 0 0
R 590 311 00000010 0000006f
C 590 00000010 1 0 0 1 5 0
T 591 00000010 0 1 0 0 0 0 0 0 1 0 0 0 0 0
C 591 00000010 0 0 0 0 5 0
T 592 00000010 1 1 0 0 0 0 0 0 1 0 1 1 0 0
R 592 312 00000010 0000006f
C 592 00000010 1 0 0 1 5 0
T 593 00000010 0 1 0 0 0 0 0 0 1 0 0 0 0 0
C 593 00000010 0 0 0 0 5 0
T 594 00000010 1 1 0 0 0 0 0 0 1 0 1 1 0 0
R 594 313 00000010 0000006f
C 594 00000010 1 0 0 1 5 0
T 595 00000010 0 1 0 0 0 0 0 0 1 0 0 0 0 0
C 595 00000010 0 0 0 0 5 0
T 596 00000010 1 1 0 0 0 0 0 0 1 0 1 1 0 0
R 596 314 00000010 0000006f
C 596 00000010 1 0 0 1 5 0
T 597 00000010 0 1 0 0 0 0 0 0 1 0 0 0 0 0
C 597 00000010 0 0 0 0 5 0
T 598 00000010 1 1 0 0 0 0 0 0 1 0 1 1 0 0
R 598 315 00000010 0000006f
C 598 00000010 1 0 0 1 5 0
T 599 00000010 0 1 0 0 0 0 0 0 1 0 0 0 0 0
C 599 00000010 0 0 0 0 5 0
T 600 00000010 1 1 0 0 0 0 0 0 1 0 1 1 0 0
R 600 316 00000010 0000006f
C 600 00000010 1 0 0 1 5 0
T 601 00000010 0 1 0 0 0 0 0 0 1 0 0 0 0 0
C 601 00000010 0 0 0 0 5 0
T 602 00000010 1 1 0 0 0 0 0 0 1 0 1 1 0 0
R 602 317 00000010 0000006f
C 602 00000010 1 0 0 1 5 0
T 603 00000010 0 1 0 0 0 0 0 0 1 0 0 0 0 0
C 603 00000010 0 0 0 0 5 0
T 604 00000010 1 1 0 0 0 0 0 0 1 0 1 1 0 0
R 604 318 00000010 0000006f
C 604 00000010 1 0 0 1 5 0
T 605 00000010 0 1 0 0 0 0 0 0 1 0 0 0 0 0
C 605 00000010 0 0 0 0 5 0
T 606 00000010 1 1 0 0 0 0 0 0 1 0 1 1 0 0
R 606 319 00000010 0000006f
C 606 00000010 1 0 0 1 5 0
T 607 00000010 0 1 0 0 0 0 0 0 1 0 0 0 0 0
C 607 00000010 0 0 0 0 5 0
T 608 00000010 1 1 0 0 0 0 0 0 1 0 1 1 0 0
R 608 320 00000010 0000006f
C 608 00000010 1 0 0 1 5 0
T 609 00000010 0 1 0 0 0 0 0 0 1 0 0 0 0 0
C 609 00000010 0 0 0 0 5 0
T 610 00000010 1 1 0 0 0 0 0 0 1 0 1 1 0 0
R 610 321 00000010 0000006f
C 610 00000010 1 0 0 1 5 0
T 611 00000010 0 1 0 0 0 0 0 0 1 0 0 0 0 0
C 611 00000010 0 0 0 0 5 0
T 612 00000010 1 1 0 0 0 0 0 0 1 0 1 1 0 0
R 612 322 00000010 0000006f
C 612 00000010 1 0 0 1 5 0
T 613 00000010 0 1 0 0 0 0 0 0 1 0 0 0 0 0
C 613 00000010 0 0 0 0 5 0
T 614 00000010 1 1 0 0 0 0 0 0 1 0 1 1 0 0
R 614 323 00000010 0000006f
C 614 00000010 1 0 0 1 5 0
T 615 00000010 0 1 0 0 0 0 0 0 1 0 0 0 0 0
C 615 00000010 0 0 0 0 5 0
T 616 00000010 1 1 0 0 0 0 0 0 1 0 1 1 0 0
R 616 324 00000010 0000006f
C 616 00000010 1 0 0 1 5 0
T 617 00000010 0 1 0 0 0 0 0 0 1 0 0 0 0 0
C 617 00000010 0 0 0 0 5 0
T 618 00000010 1 1 0 0 0 0 0 0 1 0 1 1 0 0
R 618 325 00000010 0000006f
C 618 00000010 1 0 0 1 5 0
T 619 00000010 0 1 0 0 0 0 0 0 1 0 0 0 0 0
C 619 00000010 0 0 0 0 5 0
T 620 00000010 1 1 0 0 0 0 0 0 1 0 1 1 0 0
R 620 326 00000010 0000006f
C 620 00000010 1 0 0 1 5 0
T 621 00000010 0 1 0 0 0 0 0 0 1 0 0 0 0 0
C 621 00000010 0 0 0 0 5 0
T 622 00000010 1 1 0 0 0 0 0 0 1 0 1 1 0 0
R 622 327 00000010 0000006f
C 622 00000010 1 0 0 1 5 0
T 623 00000010 0 1 0 0 0 0 0 0 1 0 0 0 0 0
C 623 00000010 0 0 0 0 5 0
T 624 00000010 1 1 0 0 0 0 0 0 1 0 1 1 0 0
R 624 328 00000010 0000006f
C 624 00000010 1 0 0 1 5 0
T 625 00000010 0 1 0 0 0 0 0 0 1 0 0 0 0 0
C 625 00000010 0 0 0 0 5 0
T 626 00000010 1 1 0 0 0 0 0 0 1 0 1 1 0 0
R 626 329 00000010 0000006f
C 626 00000010 1 0 0 1 5 0
T 627 00000010 0 1 0 0 0 0 0 0 1 0 0 0 0 0
C 627 00000010 0 0 0 0 5 0
T 628 00000010 1 1 0 0 0 0 0 0 1 0 1 1 0 0
R 628 330 00000010 0000006f
C 628 00000010 1 0 0 1 5 0
T 629 00000010 0 1 0 0 0 0 0 0 1 0 0 0 0 0
C 629 00000010 0 0 0 0 5 0
T 630 00000010 1 1 0 0 0 0 0 0 1 0 1 1 0 0
R 630 331 00000010 0000006f
C 630 00000010 1 0 0 1 5 0
T 631 00000010 0 1 0 0 0 0 0 0 1 0 0 0 0 0
C 631 00000010 0 0 0 0 5 0
T 632 00000010 1 1 0 0 0 0 0 0 1 0 1 1 0 0
R 632 332 00000010 0000006f
C 632 00000010 1 0 0 1 5 0
T 633 00000010 0 1 0 0 0 0 0 0 1 0 0 0 0 0
C 633 00000010 0 0 0 0 5 0
T 634 00000010 1 1 0 0 0 0 0 0 1 0 1 1 0 0
R 634 333 00000010 0000006f
C 634 00000010 1 0 0 1 5 0
T 635 00000010 0 1 0 0 0 0 0 0 1 0 0 0 0 0
C 635 00000010 0 0 0 0 5 0
T 636 00000010 1 1 0 0 0 0 0 0 1 0 1 1 0 0
R 636 334 00000010 0000006f
C 636 00000010 1 0 0 1 5 0
T 637 00000010 0 1 0 0 0 0 0 0 1 0 0 0 0 0
C 637 00000010 0 0 0 0 5 0
T 638 00000010 1 1 0 0 0 0 0 0 1 0 1 1 0 0
R 638 335 00000010 0000006f
C 638 00000010 1 0 0 1 5 0
T 639 00000010 0 1 0 0 0 0 0 0 1 0 0 0 0 0
C 639 00000010 0 0 0 0 5 0
T 640 00000010 1 1 0 0 0 0 0 0 1 0 1 1 0 0
R 640 336 00000010 0000006f
C 640 00000010 1 0 0 1 5 0
T 641 00000010 0 1 0 0 0 0 0 0 1 0 0 0 0 0
C 641 00000010 0 0 0 0 5 0
T 642 00000010 1 1 0 0 0 0 0 0 1 0 1 1 0 0
R 642 337 00000010 0000006f
C 642 00000010 1 0 0 1 5 0
T 643 00000010 0 1 0 0 0 0 0 0 1 0 0 0 0 0
C 643 00000010 0 0 0 0 5 0
T 644 00000010 1 1 0 0 0 0 0 0 1 0 1 1 0 0
R 644 338 00000010 0000006f
C 644 00000010 1 0 0 1 5 0
T 645 00000010 0 1 0 0 0 0 0 0 1 0 0 0 0 0
C 645 00000010 0 0 0 0 5 0
T 646 00000010 1 1 0 0 0 0 0 0 1 0 1 1 0 0
R 646 339 00000010 0000006f
C 646 00000010 1 0 0 1 5 0
T 647 00000010 0 1 0 0 0 0 0 0 1 0 0 0 0 0
C 647 00000010 0 0 0 0 5 0
T 648 00000010 1 1 0 0 0 0 0 0 1 0 1 1 0 0
R 648 340 00000010 0000006f
C 648 00000010 1 0 0 1 5 0
T 649 00000010 0 1 0 0 0 0 0 0 1 0 0 0 0 0
C 649 00000010 0 0 0 0 5 0
T 650 00000010 1 1 0 0 0 0 0 0 1 0 1 1 0 0
R 650 341 00000010 0000006f
C 650 00000010 1 0 0 1 5 0
T 651 00000010 0 1 0 0 0 0 0 0 1 0 0 0 0 0
C 651 00000010 0 0 0 0 5 0
T 652 00000010 1 1 0 0 0 0 0 0 1 0 1 1 0 0
R 652 342 00000010 0000006f
C 652 00000010 1 0 0 1 5 0
T 653 00000010 0 1 0 0 0 0 0 0 1 0 0 0 0 0
C 653 00000010 0 0 0 0 5 0
T 654 00000010 1 1 0 0 0 0 0 0 1 0 1 1 0 0
R 654 343 00000010 0000006f
C 654 00000010 1 0 0 1 5 0
T 655 00000010 0 1 0 0 0 0 0 0 1 0 0 0 0 0
C 655 00000010 0 0 0 0 5 0
T 656 00000010 1 1 0 0 0 0 0 0 1 0 1 1 0 0
R 656 344 00000010 0000006f
C 656 00000010 1 0 0 1 5 0
T 657 00000010 0 1 0 0 0 0 0 0 1 0 0 0 0 0
C 657 00000010 0 0 0 0 5 0
T 658 00000010 1 1 0 0 0 0 0 0 1 0 1 1 0 0
R 658 345 00000010 0000006f
C 658 00000010 1 0 0 1 5 0
T 659 00000010 0 1 0 0 0 0 0 0 1 0 0 0 0 0
C 659 00000010 0 0 0 0 5 0
T 660 00000010 1 1 0 0 0 0 0 0 1 0 1 1 0 0
R 660 346 00000010 0000006f
C 660 00000010 1 0 0 1 5 0
T 661 00000010 0 1 0 0 0 0 0 0 1 0 0 0 0 0
C 661 00000010 0 0 0 0 5 0
T 662 00000010 1 1 0 0 0 0 0 0 1 0 1 1 0 0
R 662 347 00000010 0000006f
C 662 00000010 1 0 0 1 5 0
T 663 00000010 0 1 0 0 0 0 0 0 1 0 0 0 0 0
C 663 00000010 0 0 0 0 5 0
T 664 00000010 1 1 0 0 0 0 0 0 1 0 1 1 0 0
R 664 348 00000010 0000006f
C 664 00000010 1 0 0 1 5 0
T 665 00000010 0 1 0 0 0 0 0 0 1 0 0 0 0 0
C 665 00000010 0 0 0 0 5 0
T 666 00000010 1 1 0 0 0 0 0 0 1 0 1 1 0 0
R 666 349 00000010 0000006f
C 666 00000010 1 0 0 1 5 0
T 667 00000010 0 1 0 0 0 0 0 0 1 0 0 0 0 0
C 667 00000010 0 0 0 0 5 0
T 668 00000010 1 1 0 0 0 0 0 0 1 0 1 1 0 0
R 668 350 00000010 0000006f
C 668 00000010 1 0 0 1 5 0
T 669 00000010 0 1 0 0 0 0 0 0 1 0 0 0 0 0
C 669 00000010 0 0 0 0 5 0
T 670 00000010 1 1 0 0 0 0 0 0 1 0 1 1 0 0
R 670 351 00000010 0000006f
C 670 00000010 1 0 0 1 5 0
T 671 00000010 0 1 0 0 0 0 0 0 1 0 0 0 0 0
C 671 00000010 0 0 0 0 5 0
T 672 00000010 1 1 0 0 0 0 0 0 1 0 1 1 0 0
R 672 352 00000010 0000006f
C 672 00000010 1 0 0 1 5 0
T 673 00000010 0 1 0 0 0 0 0 0 1 0 0 0 0 0
C 673 00000010 0 0 0 0 5 0
T 674 00000010 1 1 0 0 0 0 0 0 1 0 1 1 0 0
R 674 353 00000010 0000006f
C 674 00000010 1 0 0 1 5 0
T 675 00000010 0 1 0 0 0 0 0 0 1 0 0 0 0 0
C 675 00000010 0 0 0 0 5 0
T 676 00000010 1 1 0 0 0 0 0 0 1 0 1 1 0 0
R 676 354 00000010 0000006f
C 676 00000010 1 0 0 1 5 0
T 677 00000010 0 1 0 0 0 0 0 0 1 0 0 0 0 0
C 677 00000010 0 0 0 0 5 0
T 678 00000010 1 1 0 0 0 0 0 0 1 0 1 1 0 0
R 678 355 00000010 0000006f
C 678 00000010 1 0 0 1 5 0
T 679 00000010 0 1 0 0 0 0 0 0 1 0 0 0 0 0
C 679 00000010 0 0 0 0 5 0
T 680 00000010 1 1 0 0 0 0 0 0 1 0 1 1 0 0
R 680 356 00000010 0000006f
C 680 00000010 1 0 0 1 5 0
T 681 00000010 0 1 0 0 0 0 0 0 1 0 0 0 0 0
C 681 00000010 0 0 0 0 5 0
T 682 00000010 1 1 0 0 0 0 0 0 1 0 1 1 0 0
R 682 357 00000010 0000006f
C 682 00000010 1 0 0 1 5 0
T 683 00000010 0 1 0 0 0 0 0 0 1 0 0 0 0 0
C 683 00000010 0 0 0 0 5 0
T 684 00000010 1 1 0 0 0 0 0 0 1 0 1 1 0 0
R 684 358 00000010 0000006f
C 684 00000010 1 0 0 1 5 0
T 685 00000010 0 1 0 0 0 0 0 0 1 0 0 0 0 0
C 685 00000010 0 0 0 0 5 0
T 686 00000010 1 1 0 0 0 0 0 0 1 0 1 1 0 0
R 686 359 00000010 0000006f
C 686 00000010 1 0 0 1 5 0
T 687 00000010 0 1 0 0 0 0 0 0 1 0 0 0 0 0
C 687 00000010 0 0 0 0 5 0
T 688 00000010 1 1 0 0 0 0 0 0 1 0 1 1 0 0
R 688 360 00000010 0000006f
C 688 00000010 1 0 0 1 5 0
T 689 00000010 0 1 0 0 0 0 0 0 1 0 0 0 0 0
C 689 00000010 0 0 0 0 5 0
T 690 00000010 1 1 0 0 0 0 0 0 1 0 1 1 0 0
R 690 361 00000010 0000006f
C 690 00000010 1 0 0 1 5 0
T 691 00000010 0 1 0 0 0 0 0 0 1 0 0 0 0 0
C 691 00000010 0 0 0 0 5 0
T 692 00000010 1 1 0 0 0 0 0 0 1 0 1 1 0 0
R 692 362 00000010 0000006f
C 692 00000010 1 0 0 1 5 0
T 693 00000010 0 1 0 0 0 0 0 0 1 0 0 0 0 0
C 693 00000010 0 0 0 0 5 0
T 694 00000010 1 1 0 0 0 0 0 0 1 0 1 1 0 0
R 694 363 00000010 0000006f
C 694 00000010 1 0 0 1 5 0
T 695 00000010 0 1 0 0 0 0 0 0 1 0 0 0 0 0
C 695 00000010 0 0 0 0 5 0
T 696 00000010 1 1 0 0 0 0 0 0 1 0 1 1 0 0
R 696 364 00000010 0000006f
C 696 00000010 1 0 0 1 5 0
T 697 00000010 0 1 0 0 0 0 0 0 1 0 0 0 0 0
C 697 00000010 0 0 0 0 5 0
T 698 00000010 1 1 0 0 0 0 0 0 1 0 1 1 0 0
R 698 365 00000010 0000006f
C 698 00000010 1 0 0 1 5 0
T 699 00000010 0 1 0 0 0 0 0 0 1 0 0 0 0 0
C 699 00000010 0 0 0 0 5 0
T 700 00000010 1 1 0 0 0 0 0 0 1 0 1 1 0 0
R 700 366 00000010 0000006f
C 700 00000010 1 0 0 1 5 0
T 701 00000010 0 1 0 0 0 0 0 0 1 0 0 0 0 0
C 701 00000010 0 0 0 0 5 0
T 702 00000010 1 1 0 0 0 0 0 0 1 0 1 1 0 0
R 702 367 00000010 0000006f
C 702 00000010 1 0 0 1 5 0
T 703 00000010 0 1 0 0 0 0 0 0 1 0 0 0 0 0
C 703 00000010 0 0 0 0 5 0
T 704 00000010 1 1 0 0 0 0 0 0 1 0 1 1 0 0
R 704 368 00000010 0000006f
C 704 00000010 1 0 0 1 5 0
T 705 00000010 0 1 0 0 0 0 0 0 1 0 0 0 0 0
C 705 00000010 0 0 0 0 5 0
T 706 00000010 1 1 0 0 0 0 0 0 1 0 1 1 0 0
R 706 369 00000010 0000006f
C 706 00000010 1 0 0 1 5 0
T 707 00000010 0 1 0 0 0 0 0 0 1 0 0 0 0 0
C 707 00000010 0 0 0 0 5 0
T 708 00000010 1 1 0 0 0 0 0 0 1 0 1 1 0 0
R 708 370 00000010 0000006f
C 708 00000010 1 0 0 1 5 0
T 709 00000010 0 1 0 0 0 0 0 0 1 0 0 0 0 0
C 709 00000010 0 0 0 0 5 0
T 710 00000010 1 1 0 0 0 0 0 0 1 0 1 1 0 0
R 710 371 00000010 0000006f
C 710 00000010 1 0 0 1 5 0
T 711 00000010 0 1 0 0 0 0 0 0 1 0 0 0 0 0
C 711 00000010 0 0 0 0 5 0
T 712 00000010 1 1 0 0 0 0 0 0 1 0 1 1 0 0
R 712 372 00000010 0000006f
C 712 00000010 1 0 0 1 5 0
T 713 00000010 0 1 0 0 0 0 0 0 1 0 0 0 0 0
C 713 00000010 0 0 0 0 5 0
T 714 00000010 1 1 0 0 0 0 0 0 1 0 1 1 0 0
R 714 373 00000010 0000006f
C 714 00000010 1 0 0 1 5 0
T 715 00000010 0 1 0 0 0 0 0 0 1 0 0 0 0 0
C 715 00000010 0 0 0 0 5 0
T 716 00000010 1 1 0 0 0 0 0 0 1 0 1 1 0 0
R 716 374 00000010 0000006f
C 716 00000010 1 0 0 1 5 0
T 717 00000010 0 1 0 0 0 0 0 0 1 0 0 0 0 0
C 717 00000010 0 0 0 0 5 0
T 718 00000010 1 1 0 0 0 0 0 0 1 0 1 1 0 0
R 718 375 00000010 0000006f
C 718 00000010 1 0 0 1 5 0
T 719 00000010 0 1 0 0 0 0 0 0 1 0 0 0 0 0
C 719 00000010 0 0 0 0 5 0
T 720 00000010 1 1 0 0 0 0 0 0 1 0 1 1 0 0
R 720 376 00000010 0000006f
C 720 00000010 1 0 0 1 5 0
T 721 00000010 0 1 0 0 0 0 0 0 1 0 0 0 0 0
C 721 00000010 0 0 0 0 5 0
T 722 00000010 1 1 0 0 0 0 0 0 1 0 1 1 0 0
R 722 377 00000010 0000006f
C 722 00000010 1 0 0 1 5 0
T 723 00000010 0 1 0 0 0 0 0 0 1 0 0 0 0 0
C 723 00000010 0 0 0 0 5 0
T 724 00000010 1 1 0 0 0 0 0 0 1 0 1 1 0 0
R 724 378 00000010 0000006f
C 724 00000010 1 0 0 1 5 0
T 725 00000010 0 1 0 0 0 0 0 0 1 0 0 0 0 0
C 725 00000010 0 0 0 0 5 0
T 726 00000010 1 1 0 0 0 0 0 0 1 0 1 1 0 0
R 726 379 00000010 0000006f
C 726 00000010 1 0 0 1 5 0
T 727 00000010 0 1 0 0 0 0 0 0 1 0 0 0 0 0
C 727 00000010 0 0 0 0 5 0
T 728 00000010 1 1 0 0 0 0 0 0 1 0 1 1 0 0
R 728 380 00000010 0000006f
C 728 00000010 1 0 0 1 5 0
T 729 00000010 0 1 0 0 0 0 0 0 1 0 0 0 0 0
C 729 00000010 0 0 0 0 5 0
T 730 00000010 1 1 0 0 0 0 0 0 1 0 1 1 0 0
R 730 381 00000010 0000006f
C 730 00000010 1 0 0 1 5 0
T 731 00000010 0 1 0 0 0 0 0 0 1 0 0 0 0 0
C 731 00000010 0 0 0 0 5 0
T 732 00000010 1 1 0 0 0 0 0 0 1 0 1 1 0 0
R 732 382 00000010 0000006f
C 732 00000010 1 0 0 1 5 0
T 733 00000010 0 1 0 0 0 0 0 0 1 0 0 0 0 0
C 733 00000010 0 0 0 0 5 0
T 734 00000010 1 1 0 0 0 0 0 0 1 0 1 1 0 0
R 734 383 00000010 0000006f
C 734 00000010 1 0 0 1 5 0
T 735 00000010 0 1 0 0 0 0 0 0 1 0 0 0 0 0
C 735 00000010 0 0 0 0 5 0
T 736 00000010 1 1 0 0 0 0 0 0 1 0 1 1 0 0
R 736 384 00000010 0000006f
C 736 00000010 1 0 0 1 5 0
T 737 00000010 0 1 0 0 0 0 0 0 1 0 0 0 0 0
C 737 00000010 0 0 0 0 5 0
T 738 00000010 1 1 0 0 0 0 0 0 1 0 1 1 0 0
R 738 385 00000010 0000006f
C 738 00000010 1 0 0 1 5 0
T 739 00000010 0 1 0 0 0 0 0 0 1 0 0 0 0 0
C 739 00000010 0 0 0 0 5 0
T 740 00000010 1 1 0 0 0 0 0 0 1 0 1 1 0 0
R 740 386 00000010 0000006f
C 740 00000010 1 0 0 1 5 0
T 741 00000010 0 1 0 0 0 0 0 0 1 0 0 0 0 0
C 741 00000010 0 0 0 0 5 0
T 742 00000010 1 1 0 0 0 0 0 0 1 0 1 1 0 0
R 742 387 00000010 0000006f
C 742 00000010 1 0 0 1 5 0
T 743 00000010 0 1 0 0 0 0 0 0 1 0 0 0 0 0
C 743 00000010 0 0 0 0 5 0
T 744 00000010 1 1 0 0 0 0 0 0 1 0 1 1 0 0
R 744 388 00000010 0000006f
C 744 00000010 1 0 0 1 5 0
T 745 00000010 0 1 0 0 0 0 0 0 1 0 0 0 0 0
C 745 00000010 0 0 0 0 5 0
T 746 00000010 1 1 0 0 0 0 0 0 1 0 1 1 0 0
R 746 389 00000010 0000006f
C 746 00000010 1 0 0 1 5 0
T 747 00000010 0 1 0 0 0 0 0 0 1 0 0 0 0 0
C 747 00000010 0 0 0 0 5 0
T 748 00000010 1 1 0 0 0 0 0 0 1 0 1 1 0 0
R 748 390 00000010 0000006f
C 748 00000010 1 0 0 1 5 0
T 749 00000010 0 1 0 0 0 0 0 0 1 0 0 0 0 0
C 749 00000010 0 0 0 0 5 0
T 750 00000010 1 1 0 0 0 0 0 0 1 0 1 1 0 0
R 750 391 00000010 0000006f
C 750 00000010 1 0 0 1 5 0
T 751 00000010 0 1 0 0 0 0 0 0 1 0 0 0 0 0
C 751 00000010 0 0 0 0 5 0
T 752 00000010 1 1 0 0 0 0 0 0 1 0 1 1 0 0
R 752 392 00000010 0000006f
C 752 00000010 1 0 0 1 5 0
T 753 00000010 0 1 0 0 0 0 0 0 1 0 0 0 0 0
C 753 00000010 0 0 0 0 5 0
T 754 00000010 1 1 0 0 0 0 0 0 1 0 1 1 0 0
R 754 393 00000010 0000006f
C 754 00000010 1 0 0 1 5 0
T 755 00000010 0 1 0 0 0 0 0 0 1 0 0 0 0 0
C 755 00000010 0 0 0 0 5 0
T 756 00000010 1 1 0 0 0 0 0 0 1 0 1 1 0 0
R 756 394 00000010 0000006f
C 756 00000010 1 0 0 1 5 0
T 757 00000010 0 1 0 0 0 0 0 0 1 0 0 0 0 0
C 757 00000010 0 0 0 0 5 0
T 758 00000010 1 1 0 0 0 0 0 0 1 0 1 1 0 0
R 758 395 00000010 0000006f
C 758 00000010 1 0 0 1 5 0
T 759 00000010 0 1 0 0 0 0 0 0 1 0 0 0 0 0
C 759 00000010 0 0 0 0 5 0
T 760 00000010 1 1 0 0 0 0 0 0 1 0 1 1 0 0
R 760 396 00000010 0000006f
C 760 00000010 1 0 0 1 5 0
T 761 00000010 0 1 0 0 0 0 0 0 1 0 0 0 0 0
C 761 00000010 0 0 0 0 5 0
T 762 00000010 1 1 0 0 0 0 0 0 1 0 1 1 0 0
R 762 397 00000010 0000006f
C 762 00000010 1 0 0 1 5 0
T 763 00000010 0 1 0 0 0 0 0 0 1 0 0 0 0 0
C 763 00000010 0 0 0 0 5 0
T 764 00000010 1 1 0 0 0 0 0 0 1 0 1 1 0 0
R 764 398 00000010 0000006f
C 764 00000010 1 0 0 1 5 0
T 765 00000010 0 1 0 0 0 0 0 0 1 0 0 0 0 0
C 765 00000010 0 0 0 0 5 0
T 766 00000010 1 1 0 0 0 0 0 0 1 0 1 1 0 0
R 766 399 00000010 0000006f
C 766 00000010 1 0 0 1 5 0
T 767 00000010 0 1 0 0 0 0 0 0 1 0 0 0 0 0
C 767 00000010 0 0 0 0 5 0
T 768 00000010 1 1 0 0 0 0 0 0 1 0 1 1 0 0
R 768 400 00000010 0000006f
C 768 00000010 1 0 0 1 5 0
T 769 00000010 0 1 0 0 0 0 0 0 1 0 0 0 0 0
C 769 00000010 0 0 0 0 5 0
T 770 00000010 1 1 0 0 0 0 0 0 1 0 1 1 0 0
R 770 401 00000010 0000006f
C 770 00000010 1 0 0 1 5 0
T 771 00000010 0 1 0 0 0 0 0 0 1 0 0 0 0 0
C 771 00000010 0 0 0 0 5 0
T 772 00000010 1 1 0 0 0 0 0 0 1 0 1 1 0 0
R 772 402 00000010 0000006f
C 772 00000010 1 0 0 1 5 0
T 773 00000010 0 1 0 0 0 0 0 0 1 0 0 0 0 0
C 773 00000010 0 0 0 0 5 0
T 774 00000010 1 1 0 0 0 0 0 0 1 0 1 1 0 0
R 774 403 00000010 0000006f
C 774 00000010 1 0 0 1 5 0
T 775 00000010 0 1 0 0 0 0 0 0 1 0 0 0 0 0
C 775 00000010 0 0 0 0 5 0
T 776 00000010 1 1 0 0 0 0 0 0 1 0 1 1 0 0
R 776 404 00000010 0000006f
C 776 00000010 1 0 0 1 5 0
T 777 00000010 0 1 0 0 0 0 0 0 1 0 0 0 0 0
C 777 00000010 0 0 0 0 5 0
T 778 00000010 1 1 0 0 0 0 0 0 1 0 1 1 0 0
R 778 405 00000010 0000006f
C 778 00000010 1 0 0 1 5 0
T 779 00000010 0 1 0 0 0 0 0 0 1 0 0 0 0 0
C 779 00000010 0 0 0 0 5 0
T 780 00000010 1 1 0 0 0 0 0 0 1 0 1 1 0 0
R 780 406 00000010 0000006f
C 780 00000010 1 0 0 1 5 0
T 781 00000010 0 1 0 0 0 0 0 0 1 0 0 0 0 0
C 781 00000010 0 0 0 0 5 0
T 782 00000010 1 1 0 0 0 0 0 0 1 0 1 1 0 0
R 782 407 00000010 0000006f
C 782 00000010 1 0 0 1 5 0
T 783 00000010 0 1 0 0 0 0 0 0 1 0 0 0 0 0
C 783 00000010 0 0 0 0 5 0
T 784 00000010 1 1 0 0 0 0 0 0 1 0 1 1 0 0
R 784 408 00000010 0000006f
C 784 00000010 1 0 0 1 5 0
T 785 00000010 0 1 0 0 0 0 0 0 1 0 0 0 0 0
C 785 00000010 0 0 0 0 5 0
T 786 00000010 1 1 0 0 0 0 0 0 1 0 1 1 0 0
R 786 409 00000010 0000006f
C 786 00000010 1 0 0 1 5 0
T 787 00000010 0 1 0 0 0 0 0 0 1 0 0 0 0 0
C 787 00000010 0 0 0 0 5 0
T 788 00000010 1 1 0 0 0 0 0 0 1 0 1 1 0 0
R 788 410 00000010 0000006f
C 788 00000010 1 0 0 1 5 0
T 789 00000010 0 1 0 0 0 0 0 0 1 0 0 0 0 0
C 789 00000010 0 0 0 0 5 0
T 790 00000010 1 1 0 0 0 0 0 0 1 0 1 1 0 0
R 790 411 00000010 0000006f
C 790 00000010 1 0 0 1 5 0
T 791 00000010 0 1 0 0 0 0 0 0 1 0 0 0 0 0
C 791 00000010 0 0 0 0 5 0
T 792 00000010 1 1 0 0 0 0 0 0 1 0 1 1 0 0
R 792 412 00000010 0000006f
C 792 00000010 1 0 0 1 5 0
T 793 00000010 0 1 0 0 0 0 0 0 1 0 0 0 0 0
C 793 00000010 0 0 0 0 5 0
T 794 00000010 1 1 0 0 0 0 0 0 1 0 1 1 0 0
R 794 413 00000010 0000006f
C 794 00000010 1 0 0 1 5 0
T 795 00000010 0 1 0 0 0 0 0 0 1 0 0 0 0 0
C 795 00000010 0 0 0 0 5 0
T 796 00000010 1 1 0 0 0 0 0 0 1 0 1 1 0 0
R 796 414 00000010 0000006f
C 796 00000010 1 0 0 1 5 0
T 797 00000010 0 1 0 0 0 0 0 0 1 0 0 0 0 0
C 797 00000010 0 0 0 0 5 0
T 798 00000010 1 1 0 0 0 0 0 0 1 0 1 1 0 0
R 798 415 00000010 0000006f
C 798 00000010 1 0 0 1 5 0
T 799 00000010 0 1 0 0 0 0 0 0 1 0 0 0 0 0
C 799 00000010 0 0 0 0 5 0
T 800 00000010 1 1 0 0 0 0 0 0 1 0 1 1 0 0
R 800 416 00000010 0000006f
C 800 00000010 1 0 0 1 5 0
T 801 00000010 0 1 0 0 0 0 0 0 1 0 0 0 0 0
C 801 00000010 0 0 0 0 5 0
T 802 00000010 1 1 0 0 0 0 0 0 1 0 1 1 0 0
R 802 417 00000010 0000006f
C 802 00000010 1 0 0 1 5 0
T 803 00000010 0 1 0 0 0 0 0 0 1 0 0 0 0 0
C 803 00000010 0 0 0 0 5 0
T 804 00000010 1 1 0 0 0 0 0 0 1 0 1 1 0 0
R 804 418 00000010 0000006f
C 804 00000010 1 0 0 1 5 0
T 805 00000010 0 1 0 0 0 0 0 0 1 0 0 0 0 0
C 805 00000010 0 0 0 0 5 0
T 806 00000010 1 1 0 0 0 0 0 0 1 0 1 1 0 0
R 806 419 00000010 0000006f
C 806 00000010 1 0 0 1 5 0
T 807 00000010 0 1 0 0 0 0 0 0 1 0 0 0 0 0
C 807 00000010 0 0 0 0 5 0
T 808 00000010 1 1 0 0 0 0 0 0 1 0 1 1 0 0
R 808 420 00000010 0000006f
C 808 00000010 1 0 0 1 5 0
T 809 00000010 0 1 0 0 0 0 0 0 1 0 0 0 0 0
C 809 00000010 0 0 0 0 5 0
T 810 00000010 1 1 0 0 0 0 0 0 1 0 1 1 0 0
R 810 421 00000010 0000006f
C 810 00000010 1 0 0 1 5 0
T 811 00000010 0 1 0 0 0 0 0 0 1 0 0 0 0 0
C 811 00000010 0 0 0 0 5 0
T 812 00000010 1 1 0 0 0 0 0 0 1 0 1 1 0 0
R 812 422 00000010 0000006f
C 812 00000010 1 0 0 1 5 0
T 813 00000010 0 1 0 0 0 0 0 0 1 0 0 0 0 0
C 813 00000010 0 0 0 0 5 0
T 814 00000010 1 1 0 0 0 0 0 0 1 0 1 1 0 0
R 814 423 00000010 0000006f
C 814 00000010 1 0 0 1 5 0
T 815 00000010 0 1 0 0 0 0 0 0 1 0 0 0 0 0
C 815 00000010 0 0 0 0 5 0
T 816 00000010 1 1 0 0 0 0 0 0 1 0 1 1 0 0
R 816 424 00000010 0000006f
C 816 00000010 1 0 0 1 5 0
T 817 00000010 0 1 0 0 0 0 0 0 1 0 0 0 0 0
C 817 00000010 0 0 0 0 5 0
T 818 00000010 1 1 0 0 0 0 0 0 1 0 1 1 0 0
R 818 425 00000010 0000006f
C 818 00000010 1 0 0 1 5 0
T 819 00000010 0 1 0 0 0 0 0 0 1 0 0 0 0 0
C 819 00000010 0 0 0 0 5 0
T 820 00000010 1 1 0 0 0 0 0 0 1 0 1 1 0 0
R 820 426 00000010 0000006f
C 820 00000010 1 0 0 1 5 0
T 821 00000010 0 1 0 0 0 0 0 0 1 0 0 0 0 0
C 821 00000010 0 0 0 0 5 0
T 822 00000010 1 1 0 0 0 0 0 0 1 0 1 1 0 0
R 822 427 00000010 0000006f
C 822 00000010 1 0 0 1 5 0
T 823 00000010 0 1 0 0 0 0 0 0 1 0 0 0 0 0
C 823 00000010 0 0 0 0 5 0
T 824 00000010 1 1 0 0 0 0 0 0 1 0 1 1 0 0
R 824 428 00000010 0000006f
C 824 00000010 1 0 0 1 5 0
T 825 00000010 0 1 0 0 0 0 0 0 1 0 0 0 0 0
C 825 00000010 0 0 0 0 5 0
T 826 00000010 1 1 0 0 0 0 0 0 1 0 1 1 0 0
R 826 429 00000010 0000006f
C 826 00000010 1 0 0 1 5 0
T 827 00000010 0 1 0 0 0 0 0 0 1 0 0 0 0 0
C 827 00000010 0 0 0 0 5 0
T 828 00000010 1 1 0 0 0 0 0 0 1 0 1 1 0 0
R 828 430 00000010 0000006f
C 828 00000010 1 0 0 1 5 0
T 829 00000010 0 1 0 0 0 0 0 0 1 0 0 0 0 0
C 829 00000010 0 0 0 0 5 0
T 830 00000010 1 1 0 0 0 0 0 0 1 0 1 1 0 0
R 830 431 00000010 0000006f
C 830 00000010 1 0 0 1 5 0
T 831 00000010 0 1 0 0 0 0 0 0 1 0 0 0 0 0
C 831 00000010 0 0 0 0 5 0
T 832 00000010 1 1 0 0 0 0 0 0 1 0 1 1 0 0
R 832 432 00000010 0000006f
C 832 00000010 1 0 0 1 5 0
T 833 00000010 0 1 0 0 0 0 0 0 1 0 0 0 0 0
C 833 00000010 0 0 0 0 5 0
T 834 00000010 1 1 0 0 0 0 0 0 1 0 1 1 0 0
R 834 433 00000010 0000006f
C 834 00000010 1 0 0 1 5 0
T 835 00000010 0 1 0 0 0 0 0 0 1 0 0 0 0 0
C 835 00000010 0 0 0 0 5 0
T 836 00000010 1 1 0 0 0 0 0 0 1 0 1 1 0 0
R 836 434 00000010 0000006f
C 836 00000010 1 0 0 1 5 0
T 837 00000010 0 1 0 0 0 0 0 0 1 0 0 0 0 0
C 837 00000010 0 0 0 0 5 0
T 838 00000010 1 1 0 0 0 0 0 0 1 0 1 1 0 0
R 838 435 00000010 0000006f
C 838 00000010 1 0 0 1 5 0
T 839 00000010 0 1 0 0 0 0 0 0 1 0 0 0 0 0
C 839 00000010 0 0 0 0 5 0
T 840 00000010 1 1 0 0 0 0 0 0 1 0 1 1 0 0
R 840 436 00000010 0000006f
C 840 00000010 1 0 0 1 5 0
T 841 00000010 0 1 0 0 0 0 0 0 1 0 0 0 0 0
C 841 00000010 0 0 0 0 5 0
T 842 00000010 1 1 0 0 0 0 0 0 1 0 1 1 0 0
R 842 437 00000010 0000006f
C 842 00000010 1 0 0 1 5 0
T 843 00000010 0 1 0 0 0 0 0 0 1 0 0 0 0 0
C 843 00000010 0 0 0 0 5 0
T 844 00000010 1 1 0 0 0 0 0 0 1 0 1 1 0 0
R 844 438 00000010 0000006f
C 844 00000010 1 0 0 1 5 0
T 845 00000010 0 1 0 0 0 0 0 0 1 0 0 0 0 0
C 845 00000010 0 0 0 0 5 0
T 846 00000010 1 1 0 0 0 0 0 0 1 0 1 1 0 0
R 846 439 00000010 0000006f
C 846 00000010 1 0 0 1 5 0
T 847 00000010 0 1 0 0 0 0 0 0 1 0 0 0 0 0
C 847 00000010 0 0 0 0 5 0
T 848 00000010 1 1 0 0 0 0 0 0 1 0 1 1 0 0
R 848 440 00000010 0000006f
C 848 00000010 1 0 0 1 5 0
T 849 00000010 0 1 0 0 0 0 0 0 1 0 0 0 0 0
C 849 00000010 0 0 0 0 5 0
T 850 00000010 1 1 0 0 0 0 0 0 1 0 1 1 0 0
R 850 441 00000010 0000006f
C 850 00000010 1 0 0 1 5 0
T 851 00000010 0 1 0 0 0 0 0 0 1 0 0 0 0 0
C 851 00000010 0 0 0 0 5 0
T 852 00000010 1 1 0 0 0 0 0 0 1 0 1 1 0 0
R 852 442 00000010 0000006f
C 852 00000010 1 0 0 1 5 0
T 853 00000010 0 1 0 0 0 0 0 0 1 0 0 0 0 0
C 853 00000010 0 0 0 0 5 0
T 854 00000010 1 1 0 0 0 0 0 0 1 0 1 1 0 0
R 854 443 00000010 0000006f
C 854 00000010 1 0 0 1 5 0
T 855 00000010 0 1 0 0 0 0 0 0 1 0 0 0 0 0
C 855 00000010 0 0 0 0 5 0
T 856 00000010 1 1 0 0 0 0 0 0 1 0 1 1 0 0
R 856 444 00000010 0000006f
C 856 00000010 1 0 0 1 5 0
T 857 00000010 0 1 0 0 0 0 0 0 1 0 0 0 0 0
C 857 00000010 0 0 0 0 5 0
T 858 00000010 1 1 0 0 0 0 0 0 1 0 1 1 0 0
R 858 445 00000010 0000006f
C 858 00000010 1 0 0 1 5 0
T 859 00000010 0 1 0 0 0 0 0 0 1 0 0 0 0 0
C 859 00000010 0 0 0 0 5 0
T 860 00000010 1 1 0 0 0 0 0 0 1 0 1 1 0 0
R 860 446 00000010 0000006f
C 860 00000010 1 0 0 1 5 0
T 861 00000010 0 1 0 0 0 0 0 0 1 0 0 0 0 0
C 861 00000010 0 0 0 0 5 0
T 862 00000010 1 1 0 0 0 0 0 0 1 0 1 1 0 0
R 862 447 00000010 0000006f
C 862 00000010 1 0 0 1 5 0
T 863 00000010 0 1 0 0 0 0 0 0 1 0 0 0 0 0
C 863 00000010 0 0 0 0 5 0
T 864 00000010 1 1 0 0 0 0 0 0 1 0 1 1 0 0
R 864 448 00000010 0000006f
C 864 00000010 1 0 0 1 5 0
T 865 00000010 0 1 0 0 0 0 0 0 1 0 0 0 0 0
C 865 00000010 0 0 0 0 5 0
T 866 00000010 1 1 0 0 0 0 0 0 1 0 1 1 0 0
R 866 449 00000010 0000006f
C 866 00000010 1 0 0 1 5 0
T 867 00000010 0 1 0 0 0 0 0 0 1 0 0 0 0 0
C 867 00000010 0 0 0 0 5 0
T 868 00000010 1 1 0 0 0 0 0 0 1 0 1 1 0 0
R 868 450 00000010 0000006f
C 868 00000010 1 0 0 1 5 0
T 869 00000010 0 1 0 0 0 0 0 0 1 0 0 0 0 0
C 869 00000010 0 0 0 0 5 0
T 870 00000010 1 1 0 0 0 0 0 0 1 0 1 1 0 0
R 870 451 00000010 0000006f
C 870 00000010 1 0 0 1 5 0
T 871 00000010 0 1 0 0 0 0 0 0 1 0 0 0 0 0
C 871 00000010 0 0 0 0 5 0
T 872 00000010 1 1 0 0 0 0 0 0 1 0 1 1 0 0
R 872 452 00000010 0000006f
C 872 00000010 1 0 0 1 5 0
T 873 00000010 0 1 0 0 0 0 0 0 1 0 0 0 0 0
C 873 00000010 0 0 0 0 5 0
T 874 00000010 1 1 0 0 0 0 0 0 1 0 1 1 0 0
R 874 453 00000010 0000006f
C 874 00000010 1 0 0 1 5 0
T 875 00000010 0 1 0 0 0 0 0 0 1 0 0 0 0 0
C 875 00000010 0 0 0 0 5 0
T 876 00000010 1 1 0 0 0 0 0 0 1 0 1 1 0 0
R 876 454 00000010 0000006f
C 876 00000010 1 0 0 1 5 0
T 877 00000010 0 1 0 0 0 0 0 0 1 0 0 0 0 0
C 877 00000010 0 0 0 0 5 0
T 878 00000010 1 1 0 0 0 0 0 0 1 0 1 1 0 0
R 878 455 00000010 0000006f
C 878 00000010 1 0 0 1 5 0
T 879 00000010 0 1 0 0 0 0 0 0 1 0 0 0 0 0
C 879 00000010 0 0 0 0 5 0
T 880 00000010 1 1 0 0 0 0 0 0 1 0 1 1 0 0
R 880 456 00000010 0000006f
C 880 00000010 1 0 0 1 5 0
T 881 00000010 0 1 0 0 0 0 0 0 1 0 0 0 0 0
C 881 00000010 0 0 0 0 5 0
T 882 00000010 1 1 0 0 0 0 0 0 1 0 1 1 0 0
R 882 457 00000010 0000006f
C 882 00000010 1 0 0 1 5 0
T 883 00000010 0 1 0 0 0 0 0 0 1 0 0 0 0 0
C 883 00000010 0 0 0 0 5 0
T 884 00000010 1 1 0 0 0 0 0 0 1 0 1 1 0 0
R 884 458 00000010 0000006f
C 884 00000010 1 0 0 1 5 0
T 885 00000010 0 1 0 0 0 0 0 0 1 0 0 0 0 0
C 885 00000010 0 0 0 0 5 0
T 886 00000010 1 1 0 0 0 0 0 0 1 0 1 1 0 0
R 886 459 00000010 0000006f
C 886 00000010 1 0 0 1 5 0
T 887 00000010 0 1 0 0 0 0 0 0 1 0 0 0 0 0
C 887 00000010 0 0 0 0 5 0
T 888 00000010 1 1 0 0 0 0 0 0 1 0 1 1 0 0
R 888 460 00000010 0000006f
C 888 00000010 1 0 0 1 5 0
T 889 00000010 0 1 0 0 0 0 0 0 1 0 0 0 0 0
C 889 00000010 0 0 0 0 5 0
T 890 00000010 1 1 0 0 0 0 0 0 1 0 1 1 0 0
R 890 461 00000010 0000006f
C 890 00000010 1 0 0 1 5 0
T 891 00000010 0 1 0 0 0 0 0 0 1 0 0 0 0 0
C 891 00000010 0 0 0 0 5 0
T 892 00000010 1 1 0 0 0 0 0 0 1 0 1 1 0 0
R 892 462 00000010 0000006f
C 892 00000010 1 0 0 1 5 0
T 893 00000010 0 1 0 0 0 0 0 0 1 0 0 0 0 0
C 893 00000010 0 0 0 0 5 0
T 894 00000010 1 1 0 0 0 0 0 0 1 0 1 1 0 0
R 894 463 00000010 0000006f
C 894 00000010 1 0 0 1 5 0
T 895 00000010 0 1 0 0 0 0 0 0 1 0 0 0 0 0
C 895 00000010 0 0 0 0 5 0
T 896 00000010 1 1 0 0 0 0 0 0 1 0 1 1 0 0
R 896 464 00000010 0000006f
C 896 00000010 1 0 0 1 5 0
T 897 00000010 0 1 0 0 0 0 0 0 1 0 0 0 0 0
C 897 00000010 0 0 0 0 5 0
T 898 00000010 1 1 0 0 0 0 0 0 1 0 1 1 0 0
R 898 465 00000010 0000006f
C 898 00000010 1 0 0 1 5 0
T 899 00000010 0 1 0 0 0 0 0 0 1 0 0 0 0 0
C 899 00000010 0 0 0 0 5 0
T 900 00000010 1 1 0 0 0 0 0 0 1 0 1 1 0 0
R 900 466 00000010 0000006f
C 900 00000010 1 0 0 1 5 0
T 901 00000010 0 1 0 0 0 0 0 0 1 0 0 0 0 0
C 901 00000010 0 0 0 0 5 0
T 902 00000010 1 1 0 0 0 0 0 0 1 0 1 1 0 0
R 902 467 00000010 0000006f
C 902 00000010 1 0 0 1 5 0
T 903 00000010 0 1 0 0 0 0 0 0 1 0 0 0 0 0
C 903 00000010 0 0 0 0 5 0
T 904 00000010 1 1 0 0 0 0 0 0 1 0 1 1 0 0
R 904 468 00000010 0000006f
C 904 00000010 1 0 0 1 5 0
T 905 00000010 0 1 0 0 0 0 0 0 1 0 0 0 0 0
C 905 00000010 0 0 0 0 5 0
T 906 00000010 1 1 0 0 0 0 0 0 1 0 1 1 0 0
R 906 469 00000010 0000006f
C 906 00000010 1 0 0 1 5 0
T 907 00000010 0 1 0 0 0 0 0 0 1 0 0 0 0 0
C 907 00000010 0 0 0 0 5 0
T 908 00000010 1 1 0 0 0 0 0 0 1 0 1 1 0 0
R 908 470 00000010 0000006f
C 908 00000010 1 0 0 1 5 0
T 909 00000010 0 1 0 0 0 0 0 0 1 0 0 0 0 0
C 909 00000010 0 0 0 0 5 0
T 910 00000010 1 1 0 0 0 0 0 0 1 0 1 1 0 0
R 910 471 00000010 0000006f
C 910 00000010 1 0 0 1 5 0
T 911 00000010 0 1 0 0 0 0 0 0 1 0 0 0 0 0
C 911 00000010 0 0 0 0 5 0
T 912 00000010 1 1 0 0 0 0 0 0 1 0 1 1 0 0
R 912 472 00000010 0000006f
C 912 00000010 1 0 0 1 5 0
T 913 00000010 0 1 0 0 0 0 0 0 1 0 0 0 0 0
C 913 00000010 0 0 0 0 5 0
T 914 00000010 1 1 0 0 0 0 0 0 1 0 1 1 0 0
R 914 473 00000010 0000006f
C 914 00000010 1 0 0 1 5 0
T 915 00000010 0 1 0 0 0 0 0 0 1 0 0 0 0 0
C 915 00000010 0 0 0 0 5 0
T 916 00000010 1 1 0 0 0 0 0 0 1 0 1 1 0 0
R 916 474 00000010 0000006f
C 916 00000010 1 0 0 1 5 0
T 917 00000010 0 1 0 0 0 0 0 0 1 0 0 0 0 0
C 917 00000010 0 0 0 0 5 0
T 918 00000010 1 1 0 0 0 0 0 0 1 0 1 1 0 0
R 918 475 00000010 0000006f
C 918 00000010 1 0 0 1 5 0
T 919 00000010 0 1 0 0 0 0 0 0 1 0 0 0 0 0
C 919 00000010 0 0 0 0 5 0
T 920 00000010 1 1 0 0 0 0 0 0 1 0 1 1 0 0
R 920 476 00000010 0000006f
C 920 00000010 1 0 0 1 5 0
T 921 00000010 0 1 0 0 0 0 0 0 1 0 0 0 0 0
C 921 00000010 0 0 0 0 5 0
T 922 00000010 1 1 0 0 0 0 0 0 1 0 1 1 0 0
R 922 477 00000010 0000006f
C 922 00000010 1 0 0 1 5 0
T 923 00000010 0 1 0 0 0 0 0 0 1 0 0 0 0 0
C 923 00000010 0 0 0 0 5 0
T 924 00000010 1 1 0 0 0 0 0 0 1 0 1 1 0 0
R 924 478 00000010 0000006f
C 924 00000010 1 0 0 1 5 0
T 925 00000010 0 1 0 0 0 0 0 0 1 0 0 0 0 0
C 925 00000010 0 0 0 0 5 0
T 926 00000010 1 1 0 0 0 0 0 0 1 0 1 1 0 0
R 926 479 00000010 0000006f
C 926 00000010 1 0 0 1 5 0
T 927 00000010 0 1 0 0 0 0 0 0 1 0 0 0 0 0
C 927 00000010 0 0 0 0 5 0
T 928 00000010 1 1 0 0 0 0 0 0 1 0 1 1 0 0
R 928 480 00000010 0000006f
C 928 00000010 1 0 0 1 5 0
T 929 00000010 0 1 0 0 0 0 0 0 1 0 0 0 0 0
C 929 00000010 0 0 0 0 5 0
T 930 00000010 1 1 0 0 0 0 0 0 1 0 1 1 0 0
R 930 481 00000010 0000006f
C 930 00000010 1 0 0 1 5 0
T 931 00000010 0 1 0 0 0 0 0 0 1 0 0 0 0 0
C 931 00000010 0 0 0 0 5 0
T 932 00000010 1 1 0 0 0 0 0 0 1 0 1 1 0 0
R 932 482 00000010 0000006f
C 932 00000010 1 0 0 1 5 0
T 933 00000010 0 1 0 0 0 0 0 0 1 0 0 0 0 0
C 933 00000010 0 0 0 0 5 0
T 934 00000010 1 1 0 0 0 0 0 0 1 0 1 1 0 0
R 934 483 00000010 0000006f
C 934 00000010 1 0 0 1 5 0
T 935 00000010 0 1 0 0 0 0 0 0 1 0 0 0 0 0
C 935 00000010 0 0 0 0 5 0
T 936 00000010 1 1 0 0 0 0 0 0 1 0 1 1 0 0
R 936 484 00000010 0000006f
C 936 00000010 1 0 0 1 5 0
T 937 00000010 0 1 0 0 0 0 0 0 1 0 0 0 0 0
C 937 00000010 0 0 0 0 5 0
T 938 00000010 1 1 0 0 0 0 0 0 1 0 1 1 0 0
R 938 485 00000010 0000006f
C 938 00000010 1 0 0 1 5 0
T 939 00000010 0 1 0 0 0 0 0 0 1 0 0 0 0 0
C 939 00000010 0 0 0 0 5 0
T 940 00000010 1 1 0 0 0 0 0 0 1 0 1 1 0 0
R 940 486 00000010 0000006f
C 940 00000010 1 0 0 1 5 0
T 941 00000010 0 1 0 0 0 0 0 0 1 0 0 0 0 0
C 941 00000010 0 0 0 0 5 0
T 942 00000010 1 1 0 0 0 0 0 0 1 0 1 1 0 0
R 942 487 00000010 0000006f
C 942 00000010 1 0 0 1 5 0
T 943 00000010 0 1 0 0 0 0 0 0 1 0 0 0 0 0
C 943 00000010 0 0 0 0 5 0
T 944 00000010 1 1 0 0 0 0 0 0 1 0 1 1 0 0
R 944 488 00000010 0000006f
C 944 00000010 1 0 0 1 5 0
T 945 00000010 0 1 0 0 0 0 0 0 1 0 0 0 0 0
C 945 00000010 0 0 0 0 5 0
T 946 00000010 1 1 0 0 0 0 0 0 1 0 1 1 0 0
R 946 489 00000010 0000006f
C 946 00000010 1 0 0 1 5 0
T 947 00000010 0 1 0 0 0 0 0 0 1 0 0 0 0 0
C 947 00000010 0 0 0 0 5 0
T 948 00000010 1 1 0 0 0 0 0 0 1 0 1 1 0 0
R 948 490 00000010 0000006f
C 948 00000010 1 0 0 1 5 0
T 949 00000010 0 1 0 0 0 0 0 0 1 0 0 0 0 0
C 949 00000010 0 0 0 0 5 0
T 950 00000010 1 1 0 0 0 0 0 0 1 0 1 1 0 0
R 950 491 00000010 0000006f
C 950 00000010 1 0 0 1 5 0
T 951 00000010 0 1 0 0 0 0 0 0 1 0 0 0 0 0
C 951 00000010 0 0 0 0 5 0
T 952 00000010 1 1 0 0 0 0 0 0 1 0 1 1 0 0
R 952 492 00000010 0000006f
C 952 00000010 1 0 0 1 5 0
T 953 00000010 0 1 0 0 0 0 0 0 1 0 0 0 0 0
C 953 00000010 0 0 0 0 5 0
T 954 00000010 1 1 0 0 0 0 0 0 1 0 1 1 0 0
R 954 493 00000010 0000006f
C 954 00000010 1 0 0 1 5 0
T 955 00000010 0 1 0 0 0 0 0 0 1 0 0 0 0 0
C 955 00000010 0 0 0 0 5 0
T 956 00000010 1 1 0 0 0 0 0 0 1 0 1 1 0 0
R 956 494 00000010 0000006f
C 956 00000010 1 0 0 1 5 0
T 957 00000010 0 1 0 0 0 0 0 0 1 0 0 0 0 0
C 957 00000010 0 0 0 0 5 0
T 958 00000010 1 1 0 0 0 0 0 0 1 0 1 1 0 0
R 958 495 00000010 0000006f
C 958 00000010 1 0 0 1 5 0
T 959 00000010 0 1 0 0 0 0 0 0 1 0 0 0 0 0
C 959 00000010 0 0 0 0 5 0
T 960 00000010 1 1 0 0 0 0 0 0 1 0 1 1 0 0
R 960 496 00000010 0000006f
C 960 00000010 1 0 0 1 5 0
T 961 00000010 0 1 0 0 0 0 0 0 1 0 0 0 0 0
C 961 00000010 0 0 0 0 5 0
T 962 00000010 1 1 0 0 0 0 0 0 1 0 1 1 0 0
R 962 497 00000010 0000006f
C 962 00000010 1 0 0 1 5 0
T 963 00000010 0 1 0 0 0 0 0 0 1 0 0 0 0 0
C 963 00000010 0 0 0 0 5 0
T 964 00000010 1 1 0 0 0 0 0 0 1 0 1 1 0 0
R 964 498 00000010 0000006f
C 964 00000010 1 0 0 1 5 0
T 965 00000010 0 1 0 0 0 0 0 0 1 0 0 0 0 0
C 965 00000010 0 0 0 0 5 0
T 966 00000010 1 1 0 0 0 0 0 0 1 0 1 1 0 0
R 966 499 00000010 0000006f
C 966 00000010 1 0 0 1 5 0
T 967 00000010 0 1 0 0 0 0 0 0 1 0 0 0 0 0
C 967 00000010 0 0 0 0 5 0
T 968 00000010 1 1 0 0 0 0 0 0 1 0 1 1 0 0
R 968 500 00000010 0000006f
C 968 00000010 1 0 0 1 5 0
T 969 00000010 0 1 0 0 0 0 0 0 1 0 0 0 0 0
C 969 00000010 0 0 0 0 5 0
T 970 00000010 1 1 0 0 0 0 0 0 1 0 1 1 0 0
R 970 501 00000010 0000006f
C 970 00000010 1 0 0 1 5 0
T 971 00000010 0 1 0 0 0 0 0 0 1 0 0 0 0 0
C 971 00000010 0 0 0 0 5 0
T 972 00000010 1 1 0 0 0 0 0 0 1 0 1 1 0 0
R 972 502 00000010 0000006f
C 972 00000010 1 0 0 1 5 0
T 973 00000010 0 1 0 0 0 0 0 0 1 0 0 0 0 0
C 973 00000010 0 0 0 0 5 0
T 974 00000010 1 1 0 0 0 0 0 0 1 0 1 1 0 0
R 974 503 00000010 0000006f
C 974 00000010 1 0 0 1 5 0
T 975 00000010 0 1 0 0 0 0 0 0 1 0 0 0 0 0
C 975 00000010 0 0 0 0 5 0
T 976 00000010 1 1 0 0 0 0 0 0 1 0 1 1 0 0
R 976 504 00000010 0000006f
C 976 00000010 1 0 0 1 5 0
T 977 00000010 0 1 0 0 0 0 0 0 1 0 0 0 0 0
C 977 00000010 0 0 0 0 5 0
T 978 00000010 1 1 0 0 0 0 0 0 1 0 1 1 0 0
R 978 505 00000010 0000006f
C 978 00000010 1 0 0 1 5 0
T 979 00000010 0 1 0 0 0 0 0 0 1 0 0 0 0 0
C 979 00000010 0 0 0 0 5 0
T 980 00000010 1 1 0 0 0 0 0 0 1 0 1 1 0 0
R 980 506 00000010 0000006f
C 980 00000010 1 0 0 1 5 0
T 981 00000010 0 1 0 0 0 0 0 0 1 0 0 0 0 0
C 981 00000010 0 0 0 0 5 0
T 982 00000010 1 1 0 0 0 0 0 0 1 0 1 1 0 0
R 982 507 00000010 0000006f
C 982 00000010 1 0 0 1 5 0
T 983 00000010 0 1 0 0 0 0 0 0 1 0 0 0 0 0
C 983 00000010 0 0 0 0 5 0
T 984 00000010 1 1 0 0 0 0 0 0 1 0 1 1 0 0
R 984 508 00000010 0000006f
C 984 00000010 1 0 0 1 5 0
T 985 00000010 0 1 0 0 0 0 0 0 1 0 0 0 0 0
C 985 00000010 0 0 0 0 5 0
T 986 00000010 1 1 0 0 0 0 0 0 1 0 1 1 0 0
R 986 509 00000010 0000006f
C 986 00000010 1 0 0 1 5 0
T 987 00000010 0 1 0 0 0 0 0 0 1 0 0 0 0 0
C 987 00000010 0 0 0 0 5 0
T 988 00000010 1 1 0 0 0 0 0 0 1 0 1 1 0 0
R 988 510 00000010 0000006f
C 988 00000010 1 0 0 1 5 0
T 989 00000010 0 1 0 0 0 0 0 0 1 0 0 0 0 0
C 989 00000010 0 0 0 0 5 0
T 990 00000010 1 1 0 0 0 0 0 0 1 0 1 1 0 0
R 990 511 00000010 0000006f
C 990 00000010 1 0 0 1 5 0
T 991 00000010 0 1 0 0 0 0 0 0 1 0 0 0 0 0
C 991 00000010 0 0 0 0 5 0
T 992 00000010 1 1 0 0 0 0 0 0 1 0 1 1 0 0
R 992 512 00000010 0000006f
C 992 00000010 1 0 0 1 5 0
T 993 00000010 0 1 0 0 0 0 0 0 1 0 0 0 0 0
C 993 00000010 0 0 0 0 5 0
T 994 00000010 1 1 0 0 0 0 0 0 1 0 1 1 0 0
R 994 513 00000010 0000006f
C 994 00000010 1 0 0 1 5 0
T 995 00000010 0 1 0 0 0 0 0 0 1 0 0 0 0 0
C 995 00000010 0 0 0 0 5 0
T 996 00000010 1 1 0 0 0 0 0 0 1 0 1 1 0 0
R 996 514 00000010 0000006f
C 996 00000010 1 0 0 1 5 0
T 997 00000010 0 1 0 0 0 0 0 0 1 0 0 0 0 0
C 997 00000010 0 0 0 0 5 0
T 998 00000010 1 1 0 0 0 0 0 0 1 0 1 1 0 0
R 998 515 00000010 0000006f
C 998 00000010 1 0 0 1 5 0
T 999 00000010 0 1 0 0 0 0 0 0 1 0 0 0 0 0
C 999 00000010 0 0 0 0 5 0
T 1000 00000010 1 1 0 0 0 0 0 0 1 0 1 1 0 0
R 1000 516 00000010 0000006f
C 1000 00000010 1 0 0 1 5 0
T 1001 00000010 0 1 0 0 0 0 0 0 1 0 0 0 0 0
C 1001 00000010 0 0 0 0 5 0
T 1002 00000010 1 1 0 0 0 0 0 0 1 0 1 1 0 0
R 1002 517 00000010 0000006f
C 1002 00000010 1 0 0 1 5 0
T 1003 00000010 0 1 0 0 0 0 0 0 1 0 0 0 0 0
C 1003 00000010 0 0 0 0 5 0
T 1004 00000010 1 1 0 0 0 0 0 0 1 0 1 1 0 0
R 1004 518 00000010 0000006f
C 1004 00000010 1 0 0 1 5 0
T 1005 00000010 0 1 0 0 0 0 0 0 1 0 0 0 0 0
C 1005 00000010 0 0 0 0 5 0
T 1006 00000010 1 1 0 0 0 0 0 0 1 0 1 1 0 0
R 1006 519 00000010 0000006f
C 1006 00000010 1 0 0 1 5 0
T 1007 00000010 0 1 0 0 0 0 0 0 1 0 0 0 0 0
C 1007 00000010 0 0 0 0 5 0
T 1008 00000010 1 1 0 0 0 0 0 0 1 0 1 1 0 0
R 1008 520 00000010 0000006f
C 1008 00000010 1 0 0 1 5 0
T 1009 00000010 0 1 0 0 0 0 0 0 1 0 0 0 0 0
C 1009 00000010 0 0 0 0 5 0
T 1010 00000010 1 1 0 0 0 0 0 0 1 0 1 1 0 0
R 1010 521 00000010 0000006f
C 1010 00000010 1 0 0 1 5 0
T 1011 00000010 0 1 0 0 0 0 0 0 1 0 0 0 0 0
C 1011 00000010 0 0 0 0 5 0
T 1012 00000010 1 1 0 0 0 0 0 0 1 0 1 1 0 0
R 1012 522 00000010 0000006f
C 1012 00000010 1 0 0 1 5 0
T 1013 00000010 0 1 0 0 0 0 0 0 1 0 0 0 0 0
C 1013 00000010 0 0 0 0 5 0
T 1014 00000010 1 1 0 0 0 0 0 0 1 0 1 1 0 0
R 1014 523 00000010 0000006f
C 1014 00000010 1 0 0 1 5 0
T 1015 00000010 0 1 0 0 0 0 0 0 1 0 0 0 0 0
C 1015 00000010 0 0 0 0 5 0
T 1016 00000010 1 1 0 0 0 0 0 0 1 0 1 1 0 0
R 1016 524 00000010 0000006f
C 1016 00000010 1 0 0 1 5 0
T 1017 00000010 0 1 0 0 0 0 0 0 1 0 0 0 0 0
C 1017 00000010 0 0 0 0 5 0
T 1018 00000010 1 1 0 0 0 0 0 0 1 0 1 1 0 0
R 1018 525 00000010 0000006f
C 1018 00000010 1 0 0 1 5 0
T 1019 00000010 0 1 0 0 0 0 0 0 1 0 0 0 0 0
C 1019 00000010 0 0 0 0 5 0
T 1020 00000010 1 1 0 0 0 0 0 0 1 0 1 1 0 0
R 1020 526 00000010 0000006f
C 1020 00000010 1 0 0 1 5 0
T 1021 00000010 0 1 0 0 0 0 0 0 1 0 0 0 0 0
C 1021 00000010 0 0 0 0 5 0
T 1022 00000010 1 1 0 0 0 0 0 0 1 0 1 1 0 0
R 1022 527 00000010 0000006f
C 1022 00000010 1 0 0 1 5 0
T 1023 00000010 0 1 0 0 0 0 0 0 1 0 0 0 0 0
C 1023 00000010 0 0 0 0 5 0
T 1024 00000010 1 1 0 0 0 0 0 0 1 0 1 1 0 0
R 1024 528 00000010 0000006f
C 1024 00000010 1 0 0 1 5 0
T 1025 00000010 0 1 0 0 0 0 0 0 1 0 0 0 0 0
C 1025 00000010 0 0 0 0 5 0
T 1026 00000010 1 1 0 0 0 0 0 0 1 0 1 1 0 0
R 1026 529 00000010 0000006f
C 1026 00000010 1 0 0 1 5 0
T 1027 00000010 0 1 0 0 0 0 0 0 1 0 0 0 0 0
C 1027 00000010 0 0 0 0 5 0
T 1028 00000010 1 1 0 0 0 0 0 0 1 0 1 1 0 0
R 1028 530 00000010 0000006f
C 1028 00000010 1 0 0 1 5 0
T 1029 00000010 0 1 0 0 0 0 0 0 1 0 0 0 0 0
C 1029 00000010 0 0 0 0 5 0
T 1030 00000010 1 1 0 0 0 0 0 0 1 0 1 1 0 0
R 1030 531 00000010 0000006f
C 1030 00000010 1 0 0 1 5 0
T 1031 00000010 0 1 0 0 0 0 0 0 1 0 0 0 0 0
C 1031 00000010 0 0 0 0 5 0
T 1032 00000010 1 1 0 0 0 0 0 0 1 0 1 1 0 0
R 1032 532 00000010 0000006f
C 1032 00000010 1 0 0 1 5 0
T 1033 00000010 0 1 0 0 0 0 0 0 1 0 0 0 0 0
C 1033 00000010 0 0 0 0 5 0
T 1034 00000010 1 1 0 0 0 0 0 0 1 0 1 1 0 0
R 1034 533 00000010 0000006f
C 1034 00000010 1 0 0 1 5 0
T 1035 00000010 0 1 0 0 0 0 0 0 1 0 0 0 0 0
C 1035 00000010 0 0 0 0 5 0
T 1036 00000010 1 1 0 0 0 0 0 0 1 0 1 1 0 0
R 1036 534 00000010 0000006f
C 1036 00000010 1 0 0 1 5 0
T 1037 00000010 0 1 0 0 0 0 0 0 1 0 0 0 0 0
C 1037 00000010 0 0 0 0 5 0
T 1038 00000010 1 1 0 0 0 0 0 0 1 0 1 1 0 0
R 1038 535 00000010 0000006f
C 1038 00000010 1 0 0 1 5 0
T 1039 00000010 0 1 0 0 0 0 0 0 1 0 0 0 0 0
C 1039 00000010 0 0 0 0 5 0
T 1040 00000010 1 1 0 0 0 0 0 0 1 0 1 1 0 0
R 1040 536 00000010 0000006f
C 1040 00000010 1 0 0 1 5 0
T 1041 00000010 0 1 0 0 0 0 0 0 1 0 0 0 0 0
C 1041 00000010 0 0 0 0 5 0
T 1042 00000010 1 1 0 0 0 0 0 0 1 0 1 1 0 0
R 1042 537 00000010 0000006f
C 1042 00000010 1 0 0 1 5 0
T 1043 00000010 0 1 0 0 0 0 0 0 1 0 0 0 0 0
C 1043 00000010 0 0 0 0 5 0
T 1044 00000010 1 1 0 0 0 0 0 0 1 0 1 1 0 0
R 1044 538 00000010 0000006f
C 1044 00000010 1 0 0 1 5 0
T 1045 00000010 0 1 0 0 0 0 0 0 1 0 0 0 0 0
C 1045 00000010 0 0 0 0 5 0
T 1046 00000010 1 1 0 0 0 0 0 0 1 0 1 1 0 0
R 1046 539 00000010 0000006f
C 1046 00000010 1 0 0 1 5 0
T 1047 00000010 0 1 0 0 0 0 0 0 1 0 0 0 0 0
C 1047 00000010 0 0 0 0 5 0
T 1048 00000010 1 1 0 0 0 0 0 0 1 0 1 1 0 0
R 1048 540 00000010 0000006f
C 1048 00000010 1 0 0 1 5 0
T 1049 00000010 0 1 0 0 0 0 0 0 1 0 0 0 0 0
C 1049 00000010 0 0 0 0 5 0
T 1050 00000010 1 1 0 0 0 0 0 0 1 0 1 1 0 0
R 1050 541 00000010 0000006f
C 1050 00000010 1 0 0 1 5 0
T 1051 00000010 0 1 0 0 0 0 0 0 1 0 0 0 0 0
C 1051 00000010 0 0 0 0 5 0
T 1052 00000010 1 1 0 0 0 0 0 0 1 0 1 1 0 0
R 1052 542 00000010 0000006f
C 1052 00000010 1 0 0 1 5 0
T 1053 00000010 0 1 0 0 0 0 0 0 1 0 0 0 0 0
C 1053 00000010 0 0 0 0 5 0
T 1054 00000010 1 1 0 0 0 0 0 0 1 0 1 1 0 0
R 1054 543 00000010 0000006f
C 1054 00000010 1 0 0 1 5 0
T 1055 00000010 0 1 0 0 0 0 0 0 1 0 0 0 0 0
C 1055 00000010 0 0 0 0 5 0
T 1056 00000010 1 1 0 0 0 0 0 0 1 0 1 1 0 0
R 1056 544 00000010 0000006f
C 1056 00000010 1 0 0 1 5 0
T 1057 00000010 0 1 0 0 0 0 0 0 1 0 0 0 0 0
C 1057 00000010 0 0 0 0 5 0
T 1058 00000010 1 1 0 0 0 0 0 0 1 0 1 1 0 0
R 1058 545 00000010 0000006f
C 1058 00000010 1 0 0 1 5 0
T 1059 00000010 0 1 0 0 0 0 0 0 1 0 0 0 0 0
C 1059 00000010 0 0 0 0 5 0
T 1060 00000010 1 1 0 0 0 0 0 0 1 0 1 1 0 0
R 1060 546 00000010 0000006f
C 1060 00000010 1 0 0 1 5 0
T 1061 00000010 0 1 0 0 0 0 0 0 1 0 0 0 0 0
C 1061 00000010 0 0 0 0 5 0
T 1062 00000010 1 1 0 0 0 0 0 0 1 0 1 1 0 0
R 1062 547 00000010 0000006f
C 1062 00000010 1 0 0 1 5 0
T 1063 00000010 0 1 0 0 0 0 0 0 1 0 0 0 0 0
C 1063 00000010 0 0 0 0 5 0
T 1064 00000010 1 1 0 0 0 0 0 0 1 0 1 1 0 0
R 1064 548 00000010 0000006f
C 1064 00000010 1 0 0 1 5 0
T 1065 00000010 0 1 0 0 0 0 0 0 1 0 0 0 0 0
C 1065 00000010 0 0 0 0 5 0
T 1066 00000010 1 1 0 0 0 0 0 0 1 0 1 1 0 0
R 1066 549 00000010 0000006f
C 1066 00000010 1 0 0 1 5 0
T 1067 00000010 0 1 0 0 0 0 0 0 1 0 0 0 0 0
C 1067 00000010 0 0 0 0 5 0
T 1068 00000010 1 1 0 0 0 0 0 0 1 0 1 1 0 0
R 1068 550 00000010 0000006f
C 1068 00000010 1 0 0 1 5 0
T 1069 00000010 0 1 0 0 0 0 0 0 1 0 0 0 0 0
C 1069 00000010 0 0 0 0 5 0
T 1070 00000010 1 1 0 0 0 0 0 0 1 0 1 1 0 0
R 1070 551 00000010 0000006f
C 1070 00000010 1 0 0 1 5 0
T 1071 00000010 0 1 0 0 0 0 0 0 1 0 0 0 0 0
C 1071 00000010 0 0 0 0 5 0
T 1072 00000010 1 1 0 0 0 0 0 0 1 0 1 1 0 0
R 1072 552 00000010 0000006f
C 1072 00000010 1 0 0 1 5 0
T 1073 00000010 0 1 0 0 0 0 0 0 1 0 0 0 0 0
C 1073 00000010 0 0 0 0 5 0
T 1074 00000010 1 1 0 0 0 0 0 0 1 0 1 1 0 0
R 1074 553 00000010 0000006f
C 1074 00000010 1 0 0 1 5 0
T 1075 00000010 0 1 0 0 0 0 0 0 1 0 0 0 0 0
C 1075 00000010 0 0 0 0 5 0
T 1076 00000010 1 1 0 0 0 0 0 0 1 0 1 1 0 0
R 1076 554 00000010 0000006f
C 1076 00000010 1 0 0 1 5 0
T 1077 00000010 0 1 0 0 0 0 0 0 1 0 0 0 0 0
C 1077 00000010 0 0 0 0 5 0
T 1078 00000010 1 1 0 0 0 0 0 0 1 0 1 1 0 0
R 1078 555 00000010 0000006f
C 1078 00000010 1 0 0 1 5 0
T 1079 00000010 0 1 0 0 0 0 0 0 1 0 0 0 0 0
C 1079 00000010 0 0 0 0 5 0
T 1080 00000010 1 1 0 0 0 0 0 0 1 0 1 1 0 0
R 1080 556 00000010 0000006f
C 1080 00000010 1 0 0 1 5 0
T 1081 00000010 0 1 0 0 0 0 0 0 1 0 0 0 0 0
C 1081 00000010 0 0 0 0 5 0
T 1082 00000010 1 1 0 0 0 0 0 0 1 0 1 1 0 0
R 1082 557 00000010 0000006f
C 1082 00000010 1 0 0 1 5 0
T 1083 00000010 0 1 0 0 0 0 0 0 1 0 0 0 0 0
C 1083 00000010 0 0 0 0 5 0
T 1084 00000010 1 1 0 0 0 0 0 0 1 0 1 1 0 0
R 1084 558 00000010 0000006f
C 1084 00000010 1 0 0 1 5 0
T 1085 00000010 0 1 0 0 0 0 0 0 1 0 0 0 0 0
C 1085 00000010 0 0 0 0 5 0
T 1086 00000010 1 1 0 0 0 0 0 0 1 0 1 1 0 0
R 1086 559 00000010 0000006f
C 1086 00000010 1 0 0 1 5 0
T 1087 00000010 0 1 0 0 0 0 0 0 1 0 0 0 0 0
C 1087 00000010 0 0 0 0 5 0
T 1088 00000010 1 1 0 0 0 0 0 0 1 0 1 1 0 0
R 1088 560 00000010 0000006f
C 1088 00000010 1 0 0 1 5 0
T 1089 00000010 0 1 0 0 0 0 0 0 1 0 0 0 0 0
C 1089 00000010 0 0 0 0 5 0
T 1090 00000010 1 1 0 0 0 0 0 0 1 0 1 1 0 0
R 1090 561 00000010 0000006f
C 1090 00000010 1 0 0 1 5 0
T 1091 00000010 0 1 0 0 0 0 0 0 1 0 0 0 0 0
C 1091 00000010 0 0 0 0 5 0
T 1092 00000010 1 1 0 0 0 0 0 0 1 0 1 1 0 0
R 1092 562 00000010 0000006f
C 1092 00000010 1 0 0 1 5 0
T 1093 00000010 0 1 0 0 0 0 0 0 1 0 0 0 0 0
C 1093 00000010 0 0 0 0 5 0
T 1094 00000010 1 1 0 0 0 0 0 0 1 0 1 1 0 0
R 1094 563 00000010 0000006f
C 1094 00000010 1 0 0 1 5 0
T 1095 00000010 0 1 0 0 0 0 0 0 1 0 0 0 0 0
C 1095 00000010 0 0 0 0 5 0
T 1096 00000010 1 1 0 0 0 0 0 0 1 0 1 1 0 0
R 1096 564 00000010 0000006f
C 1096 00000010 1 0 0 1 5 0
T 1097 00000010 0 1 0 0 0 0 0 0 1 0 0 0 0 0
C 1097 00000010 0 0 0 0 5 0
T 1098 00000010 1 1 0 0 0 0 0 0 1 0 1 1 0 0
R 1098 565 00000010 0000006f
C 1098 00000010 1 0 0 1 5 0
T 1099 00000010 0 1 0 0 0 0 0 0 1 0 0 0 0 0
C 1099 00000010 0 0 0 0 5 0
T 1100 00000010 1 1 0 0 0 0 0 0 1 0 1 1 0 0
R 1100 566 00000010 0000006f
C 1100 00000010 1 0 0 1 5 0
T 1101 00000010 0 1 0 0 0 0 0 0 1 0 0 0 0 0
C 1101 00000010 0 0 0 0 5 0
T 1102 00000010 1 1 0 0 0 0 0 0 1 0 1 1 0 0
R 1102 567 00000010 0000006f
C 1102 00000010 1 0 0 1 5 0
T 1103 00000010 0 1 0 0 0 0 0 0 1 0 0 0 0 0
C 1103 00000010 0 0 0 0 5 0
T 1104 00000010 1 1 0 0 0 0 0 0 1 0 1 1 0 0
R 1104 568 00000010 0000006f
C 1104 00000010 1 0 0 1 5 0
T 1105 00000010 0 1 0 0 0 0 0 0 1 0 0 0 0 0
C 1105 00000010 0 0 0 0 5 0
T 1106 00000010 1 1 0 0 0 0 0 0 1 0 1 1 0 0
R 1106 569 00000010 0000006f
C 1106 00000010 1 0 0 1 5 0
T 1107 00000010 0 1 0 0 0 0 0 0 1 0 0 0 0 0
C 1107 00000010 0 0 0 0 5 0
T 1108 00000010 1 1 0 0 0 0 0 0 1 0 1 1 0 0
R 1108 570 00000010 0000006f
C 1108 00000010 1 0 0 1 5 0
T 1109 00000010 0 1 0 0 0 0 0 0 1 0 0 0 0 0
C 1109 00000010 0 0 0 0 5 0
T 1110 00000010 1 1 0 0 0 0 0 0 1 0 1 1 0 0
R 1110 571 00000010 0000006f
C 1110 00000010 1 0 0 1 5 0
T 1111 00000010 0 1 0 0 0 0 0 0 1 0 0 0 0 0
C 1111 00000010 0 0 0 0 5 0
T 1112 00000010 1 1 0 0 0 0 0 0 1 0 1 1 0 0
R 1112 572 00000010 0000006f
C 1112 00000010 1 0 0 1 5 0
T 1113 00000010 0 1 0 0 0 0 0 0 1 0 0 0 0 0
C 1113 00000010 0 0 0 0 5 0
T 1114 00000010 1 1 0 0 0 0 0 0 1 0 1 1 0 0
R 1114 573 00000010 0000006f
C 1114 00000010 1 0 0 1 5 0
T 1115 00000010 0 1 0 0 0 0 0 0 1 0 0 0 0 0
C 1115 00000010 0 0 0 0 5 0
T 1116 00000010 1 1 0 0 0 0 0 0 1 0 1 1 0 0
R 1116 574 00000010 0000006f
C 1116 00000010 1 0 0 1 5 0
T 1117 00000010 0 1 0 0 0 0 0 0 1 0 0 0 0 0
C 1117 00000010 0 0 0 0 5 0
T 1118 00000010 1 1 0 0 0 0 0 0 1 0 1 1 0 0
R 1118 575 00000010 0000006f
C 1118 00000010 1 0 0 1 5 0
T 1119 00000010 0 1 0 0 0 0 0 0 1 0 0 0 0 0
C 1119 00000010 0 0 0 0 5 0
T 1120 00000010 1 1 0 0 0 0 0 0 1 0 1 1 0 0
R 1120 576 00000010 0000006f
C 1120 00000010 1 0 0 1 5 0
T 1121 00000010 0 1 0 0 0 0 0 0 1 0 0 0 0 0
C 1121 00000010 0 0 0 0 5 0
T 1122 00000010 1 1 0 0 0 0 0 0 1 0 1 1 0 0
R 1122 577 00000010 0000006f
C 1122 00000010 1 0 0 1 5 0
T 1123 00000010 0 1 0 0 0 0 0 0 1 0 0 0 0 0
C 1123 00000010 0 0 0 0 5 0
T 1124 00000010 1 1 0 0 0 0 0 0 1 0 1 1 0 0
R 1124 578 00000010 0000006f
C 1124 00000010 1 0 0 1 5 0
T 1125 00000010 0 1 0 0 0 0 0 0 1 0 0 0 0 0
C 1125 00000010 0 0 0 0 5 0
T 1126 00000010 1 1 0 0 0 0 0 0 1 0 1 1 0 0
R 1126 579 00000010 0000006f
C 1126 00000010 1 0 0 1 5 0
T 1127 00000010 0 1 0 0 0 0 0 0 1 0 0 0 0 0
C 1127 00000010 0 0 0 0 5 0
T 1128 00000010 1 1 0 0 0 0 0 0 1 0 1 1 0 0
R 1128 580 00000010 0000006f
C 1128 00000010 1 0 0 1 5 0
T 1129 00000010 0 1 0 0 0 0 0 0 1 0 0 0 0 0
C 1129 00000010 0 0 0 0 5 0
T 1130 00000010 1 1 0 0 0 0 0 0 1 0 1 1 0 0
R 1130 581 00000010 0000006f
C 1130 00000010 1 0 0 1 5 0
T 1131 00000010 0 1 0 0 0 0 0 0 1 0 0 0 0 0
C 1131 00000010 0 0 0 0 5 0
T 1132 00000010 1 1 0 0 0 0 0 0 1 0 1 1 0 0
R 1132 582 00000010 0000006f
C 1132 00000010 1 0 0 1 5 0
T 1133 00000010 0 1 0 0 0 0 0 0 1 0 0 0 0 0
C 1133 00000010 0 0 0 0 5 0
T 1134 00000010 1 1 0 0 0 0 0 0 1 0 1 1 0 0
R 1134 583 00000010 0000006f
C 1134 00000010 1 0 0 1 5 0
T 1135 00000010 0 1 0 0 0 0 0 0 1 0 0 0 0 0
C 1135 00000010 0 0 0 0 5 0
T 1136 00000010 1 1 0 0 0 0 0 0 1 0 1 1 0 0
R 1136 584 00000010 0000006f
C 1136 00000010 1 0 0 1 5 0
T 1137 00000010 0 1 0 0 0 0 0 0 1 0 0 0 0 0
C 1137 00000010 0 0 0 0 5 0
T 1138 00000010 1 1 0 0 0 0 0 0 1 0 1 1 0 0
R 1138 585 00000010 0000006f
C 1138 00000010 1 0 0 1 5 0
T 1139 00000010 0 1 0 0 0 0 0 0 1 0 0 0 0 0
C 1139 00000010 0 0 0 0 5 0
T 1140 00000010 1 1 0 0 0 0 0 0 1 0 1 1 0 0
R 1140 586 00000010 0000006f
C 1140 00000010 1 0 0 1 5 0
T 1141 00000010 0 1 0 0 0 0 0 0 1 0 0 0 0 0
C 1141 00000010 0 0 0 0 5 0
T 1142 00000010 1 1 0 0 0 0 0 0 1 0 1 1 0 0
R 1142 587 00000010 0000006f
C 1142 00000010 1 0 0 1 5 0
T 1143 00000010 0 1 0 0 0 0 0 0 1 0 0 0 0 0
C 1143 00000010 0 0 0 0 5 0
T 1144 00000010 1 1 0 0 0 0 0 0 1 0 1 1 0 0
R 1144 588 00000010 0000006f
C 1144 00000010 1 0 0 1 5 0
T 1145 00000010 0 1 0 0 0 0 0 0 1 0 0 0 0 0
C 1145 00000010 0 0 0 0 5 0
T 1146 00000010 1 1 0 0 0 0 0 0 1 0 1 1 0 0
R 1146 589 00000010 0000006f
C 1146 00000010 1 0 0 1 5 0
T 1147 00000010 0 1 0 0 0 0 0 0 1 0 0 0 0 0
C 1147 00000010 0 0 0 0 5 0
T 1148 00000010 1 1 0 0 0 0 0 0 1 0 1 1 0 0
R 1148 590 00000010 0000006f
C 1148 00000010 1 0 0 1 5 0
T 1149 00000010 0 1 0 0 0 0 0 0 1 0 0 0 0 0
C 1149 00000010 0 0 0 0 5 0
T 1150 00000010 1 1 0 0 0 0 0 0 1 0 1 1 0 0
R 1150 591 00000010 0000006f
C 1150 00000010 1 0 0 1 5 0
T 1151 00000010 0 1 0 0 0 0 0 0 1 0 0 0 0 0
C 1151 00000010 0 0 0 0 5 0
T 1152 00000010 1 1 0 0 0 0 0 0 1 0 1 1 0 0
R 1152 592 00000010 0000006f
C 1152 00000010 1 0 0 1 5 0
T 1153 00000010 0 1 0 0 0 0 0 0 1 0 0 0 0 0
C 1153 00000010 0 0 0 0 5 0
T 1154 00000010 1 1 0 0 0 0 0 0 1 0 1 1 0 0
R 1154 593 00000010 0000006f
C 1154 00000010 1 0 0 1 5 0
T 1155 00000010 0 1 0 0 0 0 0 0 1 0 0 0 0 0
C 1155 00000010 0 0 0 0 5 0
T 1156 00000010 1 1 0 0 0 0 0 0 1 0 1 1 0 0
R 1156 594 00000010 0000006f
C 1156 00000010 1 0 0 1 5 0
T 1157 00000010 0 1 0 0 0 0 0 0 1 0 0 0 0 0
C 1157 00000010 0 0 0 0 5 0
T 1158 00000010 1 1 0 0 0 0 0 0 1 0 1 1 0 0
R 1158 595 00000010 0000006f
C 1158 00000010 1 0 0 1 5 0
T 1159 00000010 0 1 0 0 0 0 0 0 1 0 0 0 0 0
C 1159 00000010 0 0 0 0 5 0
T 1160 00000010 1 1 0 0 0 0 0 0 1 0 1 1 0 0
R 1160 596 00000010 0000006f
C 1160 00000010 1 0 0 1 5 0
T 1161 00000010 0 1 0 0 0 0 0 0 1 0 0 0 0 0
C 1161 00000010 0 0 0 0 5 0
T 1162 00000010 1 1 0 0 0 0 0 0 1 0 1 1 0 0
R 1162 597 00000010 0000006f
C 1162 00000010 1 0 0 1 5 0
T 1163 00000010 0 1 0 0 0 0 0 0 1 0 0 0 0 0
C 1163 00000010 0 0 0 0 5 0
T 1164 00000010 1 1 0 0 0 0 0 0 1 0 1 1 0 0
R 1164 598 00000010 0000006f
C 1164 00000010 1 0 0 1 5 0
T 1165 00000010 0 1 0 0 0 0 0 0 1 0 0 0 0 0
C 1165 00000010 0 0 0 0 5 0
T 1166 00000010 1 1 0 0 0 0 0 0 1 0 1 1 0 0
R 1166 599 00000010 0000006f
C 1166 00000010 1 0 0 1 5 0
T 1167 00000010 0 1 0 0 0 0 0 0 1 0 0 0 0 0
C 1167 00000010 0 0 0 0 5 0
T 1168 00000010 1 1 0 0 0 0 0 0 1 0 1 1 0 0
R 1168 600 00000010 0000006f
C 1168 00000010 1 0 0 1 5 0
T 1169 00000010 0 1 0 0 0 0 0 0 1 0 0 0 0 0
C 1169 00000010 0 0 0 0 5 0
T 1170 00000010 1 1 0 0 0 0 0 0 1 0 1 1 0 0
R 1170 601 00000010 0000006f
C 1170 00000010 1 0 0 1 5 0
T 1171 00000010 0 1 0 0 0 0 0 0 1 0 0 0 0 0
C 1171 00000010 0 0 0 0 5 0
T 1172 00000010 1 1 0 0 0 0 0 0 1 0 1 1 0 0
R 1172 602 00000010 0000006f
C 1172 00000010 1 0 0 1 5 0
T 1173 00000010 0 1 0 0 0 0 0 0 1 0 0 0 0 0
C 1173 00000010 0 0 0 0 5 0
T 1174 00000010 1 1 0 0 0 0 0 0 1 0 1 1 0 0
R 1174 603 00000010 0000006f
C 1174 00000010 1 0 0 1 5 0
T 1175 00000010 0 1 0 0 0 0 0 0 1 0 0 0 0 0
C 1175 00000010 0 0 0 0 5 0
T 1176 00000010 1 1 0 0 0 0 0 0 1 0 1 1 0 0
R 1176 604 00000010 0000006f
C 1176 00000010 1 0 0 1 5 0
T 1177 00000010 0 1 0 0 0 0 0 0 1 0 0 0 0 0
C 1177 00000010 0 0 0 0 5 0
T 1178 00000010 1 1 0 0 0 0 0 0 1 0 1 1 0 0
R 1178 605 00000010 0000006f
C 1178 00000010 1 0 0 1 5 0
T 1179 00000010 0 1 0 0 0 0 0 0 1 0 0 0 0 0
C 1179 00000010 0 0 0 0 5 0
T 1180 00000010 1 1 0 0 0 0 0 0 1 0 1 1 0 0
R 1180 606 00000010 0000006f
C 1180 00000010 1 0 0 1 5 0
T 1181 00000010 0 1 0 0 0 0 0 0 1 0 0 0 0 0
C 1181 00000010 0 0 0 0 5 0
T 1182 00000010 1 1 0 0 0 0 0 0 1 0 1 1 0 0
R 1182 607 00000010 0000006f
C 1182 00000010 1 0 0 1 5 0
T 1183 00000010 0 1 0 0 0 0 0 0 1 0 0 0 0 0
C 1183 00000010 0 0 0 0 5 0
T 1184 00000010 1 1 0 0 0 0 0 0 1 0 1 1 0 0
R 1184 608 00000010 0000006f
C 1184 00000010 1 0 0 1 5 0
T 1185 00000010 0 1 0 0 0 0 0 0 1 0 0 0 0 0
C 1185 00000010 0 0 0 0 5 0
T 1186 00000010 1 1 0 0 0 0 0 0 1 0 1 1 0 0
R 1186 609 00000010 0000006f
C 1186 00000010 1 0 0 1 5 0
T 1187 00000010 0 1 0 0 0 0 0 0 1 0 0 0 0 0
C 1187 00000010 0 0 0 0 5 0
T 1188 00000010 1 1 0 0 0 0 0 0 1 0 1 1 0 0
R 1188 610 00000010 0000006f
C 1188 00000010 1 0 0 1 5 0
T 1189 00000010 0 1 0 0 0 0 0 0 1 0 0 0 0 0
C 1189 00000010 0 0 0 0 5 0
T 1190 00000010 1 1 0 0 0 0 0 0 1 0 1 1 0 0
R 1190 611 00000010 0000006f
C 1190 00000010 1 0 0 1 5 0
T 1191 00000010 0 1 0 0 0 0 0 0 1 0 0 0 0 0
C 1191 00000010 0 0 0 0 5 0
T 1192 00000010 1 1 0 0 0 0 0 0 1 0 1 1 0 0
R 1192 612 00000010 0000006f
C 1192 00000010 1 0 0 1 5 0
T 1193 00000010 0 1 0 0 0 0 0 0 1 0 0 0 0 0
C 1193 00000010 0 0 0 0 5 0
T 1194 00000010 1 1 0 0 0 0 0 0 1 0 1 1 0 0
R 1194 613 00000010 0000006f
C 1194 00000010 1 0 0 1 5 0
T 1195 00000010 0 1 0 0 0 0 0 0 1 0 0 0 0 0
C 1195 00000010 0 0 0 0 5 0
T 1196 00000010 1 1 0 0 0 0 0 0 1 0 1 1 0 0
R 1196 614 00000010 0000006f
C 1196 00000010 1 0 0 1 5 0
T 1197 00000010 0 1 0 0 0 0 0 0 1 0 0 0 0 0
C 1197 00000010 0 0 0 0 5 0
T 1198 00000010 1 1 0 0 0 0 0 0 1 0 1 1 0 0
R 1198 615 00000010 0000006f
C 1198 00000010 1 0 0 1 5 0
T 1199 00000010 0 1 0 0 0 0 0 0 1 0 0 0 0 0
C 1199 00000010 0 0 0 0 5 0
REG 0 00000000
REG 1 00000208
REG 2 44332211
REG 3 000000a8
REG 4 00000000
REG 5 00000000
REG 6 00000000
REG 7 00000000
REG 8 00000000
REG 9 00000000
REG 10 00000001
REG 11 deadbeee
REG 12 deadbeee
REG 13 00000000
REG 14 00000000
REG 15 00000077
REG 16 00000000
REG 17 00000000
REG 18 00000000
REG 19 00000000
REG 20 00000000
REG 21 00000000
REG 22 00000000
REG 23 00000000
REG 24 00000000
REG 25 00000000
REG 26 00000000
REG 27 00000000
REG 28 00000000
REG 29 00000000
REG 30 00000000
REG 31 00000000
COUNTS sleep=1 clocks=1197 ai=1099 ab=0 am=0 ifetch=1196 data=1 bitmap=0 hit=0 miss=0 dummy=0 expanded=0 predict=0 mispredict=0 keys=0
PROTOCOL_CHECKS 1197
FINISH
- /home/dungpc/ndmoney4porche/projects/ibex/doc/dungpc/opentitan/evidence/opentitan_tb.sv:253: Verilog $finish
