CONFIG SEC=1 CACHE=1 PRED=0 DUAL=1 MODE=0 ZC=3 SCR=1 ICECC=1 OFFSET=1 PMP=1
SAMPLE 3 ai=0 ab=0 am=0 pc=0 mismatch=0 rf=0 mode=0
T 3 00000000 0 1 0 0 0 0 0 0 1 0 1 0 0 0
SECDET 3 pc=0 rf=0 intg=0
C 3 00000000 0 0 0 1 0 0
LOCK 4 rst=0 cmp=a mismatch=0 rf=0 cap=0
SAMPLE 4 ai=0 ab=0 am=0 pc=0 mismatch=0 rf=0 mode=0
T 4 00000000 0 1 0 0 0 0 0 0 1 0 1 0 0 0
SECDET 4 pc=0 rf=0 intg=0
C 4 00000000 0 0 0 1 1 0
LOCK 5 rst=1 cmp=a mismatch=0 rf=0 cap=0
SAMPLE 5 ai=0 ab=0 am=0 pc=0 mismatch=0 rf=0 mode=0
T 5 00000000 0 1 0 0 0 0 0 0 1 0 0 0 0 0
SECDET 5 pc=0 rf=0 intg=0
C 5 00000000 0 0 0 0 4 0
LOCK 6 rst=1 cmp=5 mismatch=0 rf=0 cap=0
SAMPLE 6 ai=0 ab=0 am=0 pc=0 mismatch=0 rf=0 mode=0
T 6 00000080 1 1 0 0 0 0 0 0 1 0 0 1 0 0
CSRDBG 6 addr=200 priv=3 dec=0 csr=0 raw=1 pw=0 dbg=0 op=0
SECDET 6 pc=0 rf=0 intg=0
C 6 00000080 1 0 0 0 5 0
LOCK 7 rst=1 cmp=5 mismatch=0 rf=0 cap=0
SAMPLE 7 ai=0 ab=0 am=0 pc=0 mismatch=0 rf=0 mode=0
T 7 00000084 1 1 0 0 0 0 0 0 1 0 0 1 0 0
W 7 1 00000200 000000000
CSRDBG 7 addr=055 priv=3 dec=0 csr=0 raw=1 pw=0 dbg=0 op=0
SECDET 7 pc=0 rf=0 intg=0
C 7 00000084 1 0 0 0 5 0
LOCK 8 rst=1 cmp=5 mismatch=0 rf=0 cap=0
SAMPLE 8 ai=0 ab=0 am=0 pc=0 mismatch=0 rf=0 mode=0
T 8 00000088 1 1 0 0 0 0 0 0 1 0 0 1 0 0
W 8 2 00000055 000000000
CSRDBG 8 addr=002 priv=3 dec=0 csr=0 raw=1 pw=0 dbg=0 op=0
SECDET 8 pc=0 rf=0 intg=0
R 8 1 00000080 20000093
C 8 00000088 1 0 0 0 5 0
D 8 1 00000200 f 00000055 tag=0
LOCK 9 rst=1 cmp=5 mismatch=0 rf=0 cap=0
SAMPLE 9 ai=0 ab=0 am=0 pc=0 mismatch=0 rf=0 mode=0
T 9 0000008c 1 1 0 0 0 0 0 0 1 0 0 1 0 0
CSRDBG 9 addr=000 priv=3 dec=0 csr=0 raw=1 pw=0 dbg=0 op=0
SECDET 9 pc=0 rf=0 intg=0
R 9 2 00000084 05500113
C 9 0000008c 1 0 0 0 5 0
D 9 0 00000200 f 00000000 tag=0
LOCK 10 rst=1 cmp=5 mismatch=0 rf=0 cap=0
SAMPLE 10 ai=0 ab=0 am=0 pc=0 mismatch=0 rf=0 mode=0
T 10 00000090 1 0 0 1 0 0 0 0 1 1 0 1 0 0
W 10 3 00000055 000000000
CSRDBG 10 addr=001 priv=3 dec=0 csr=0 raw=1 pw=0 dbg=0 op=0
SECDET 10 pc=0 rf=0 intg=0
R 10 3 00000088 0020a023
C 10 00000090 1 0 0 0 5 0
LOCK 11 rst=1 cmp=5 mismatch=0 rf=0 cap=0
SAMPLE 11 ai=0 ab=0 am=0 pc=0 mismatch=0 rf=0 mode=0
T 11 00000090 1 1 0 0 0 0 0 0 1 0 0 0 0 0
CSRDBG 11 addr=001 priv=3 dec=0 csr=0 raw=1 pw=0 dbg=0 op=0
SECDET 11 pc=0 rf=0 intg=0
R 11 4 0000008c 0000a183
C 11 00000090 1 0 0 0 5 0
LOCK 12 rst=1 cmp=5 mismatch=0 rf=0 cap=0
SAMPLE 12 ai=0 ab=0 am=0 pc=0 mismatch=0 rf=0 mode=0
T 12 00000094 1 0 1 0 0 0 0 0 1 0 0 1 0 0
W 12 4 00000056 000000000
CSRDBG 12 addr=004 priv=3 dec=0 csr=0 raw=1 pw=0 dbg=0 op=0
SECDET 12 pc=0 rf=0 intg=0
C 12 00000094 1 1 0 0 5 0
D 12 1 00000200 8 56000000 tag=0
LOCK 13 rst=1 cmp=5 mismatch=0 rf=0 cap=0
SAMPLE 13 ai=0 ab=0 am=0 pc=0 mismatch=0 rf=0 mode=0
T 13 00000094 1 1 0 0 0 0 0 0 1 0 0 0 0 0
CSRDBG 13 addr=004 priv=3 dec=0 csr=0 raw=1 pw=0 dbg=0 op=0
SECDET 13 pc=0 rf=0 intg=0
R 13 5 00000090 00118213
C 13 00000094 1 0 0 0 5 0
D 13 1 00000204 7 56000000 tag=0
LOCK 14 rst=1 cmp=5 mismatch=0 rf=0 cap=0
SAMPLE 14 ai=0 ab=0 am=0 pc=0 mismatch=0 rf=0 mode=0
T 14 00000098 1 0 1 0 0 0 0 0 1 0 0 1 0 0
CSRDBG 14 addr=003 priv=3 dec=0 csr=0 raw=1 pw=0 dbg=0 op=0
SECDET 14 pc=0 rf=0 intg=0
C 14 00000098 1 1 0 0 5 0
D 14 0 00000200 8 55000000 tag=0
LOCK 15 rst=1 cmp=5 mismatch=0 rf=0 cap=0
SAMPLE 15 ai=0 ab=0 am=0 pc=0 mismatch=0 rf=0 mode=0
T 15 00000098 1 1 0 0 0 0 0 0 1 0 0 0 0 0
CSRDBG 15 addr=003 priv=3 dec=0 csr=0 raw=1 pw=0 dbg=0 op=0
SECDET 15 pc=0 rf=0 intg=0
R 15 6 00000094 0040a1a3
C 15 00000098 1 0 0 0 5 0
D 15 0 00000204 7 55000000 tag=0
LOCK 16 rst=1 cmp=5 mismatch=0 rf=0 cap=0
SAMPLE 16 ai=0 ab=0 am=0 pc=0 mismatch=0 rf=0 mode=0
T 16 0000009c 1 1 0 0 0 0 0 0 1 1 0 1 0 0
W 16 5 00000056 000000000
CSRDBG 16 addr=004 priv=3 dec=0 csr=0 raw=1 pw=0 dbg=0 op=0
SECDET 16 pc=0 rf=0 intg=0
C 16 0000009c 1 0 0 0 5 0
D 16 0 00000204 1 00000056 tag=0
LOCK 17 rst=1 cmp=5 mismatch=0 rf=0 cap=0
SAMPLE 17 ai=0 ab=0 am=0 pc=0 mismatch=0 rf=0 mode=0
T 17 000000a0 1 1 0 0 0 0 0 0 1 1 0 1 0 0
W 17 6 00000000 000000000
CSRDBG 17 addr=07b priv=3 dec=0 csr=0 raw=1 pw=0 dbg=0 op=0
SECDET 17 pc=0 rf=0 intg=0
R 17 7 00000098 0030a283
C 17 000000a0 1 0 0 0 5 0
LOCK 18 rst=1 cmp=5 mismatch=0 rf=0 cap=0
SAMPLE 18 ai=0 ab=0 am=0 pc=0 mismatch=0 rf=0 mode=0
T 18 000000a4 1 1 0 0 0 0 0 0 1 0 1 1 0 0
W 18 31 0000007b 000000000
CSRDBG 18 addr=000 priv=3 dec=0 csr=0 raw=1 pw=0 dbg=0 op=0
SECDET 18 pc=0 rf=0 intg=0
R 18 8 0000009c 0040c303
C 18 000000a4 1 0 0 1 5 0
LOCK 19 rst=1 cmp=5 mismatch=0 rf=0 cap=0
SAMPLE 19 ai=0 ab=0 am=0 pc=0 mismatch=0 rf=0 mode=0
T 19 000000a4 0 1 0 0 0 0 0 0 1 0 0 0 0 0
SECDET 19 pc=0 rf=0 intg=0
R 19 9 000000a0 07b00f93
C 19 000000a4 0 0 0 0 5 0
LOCK 20 rst=1 cmp=5 mismatch=0 rf=0 cap=0
SAMPLE 20 ai=0 ab=0 am=0 pc=0 mismatch=0 rf=0 mode=0
T 20 000000a4 1 1 0 0 0 0 0 0 1 0 1 1 0 0
CSRDBG 20 addr=000 priv=3 dec=0 csr=0 raw=1 pw=0 dbg=0 op=0
SECDET 20 pc=0 rf=0 intg=0
R 20 10 000000a4 0000006f
C 20 000000a4 1 0 0 1 5 0
LOCK 21 rst=1 cmp=5 mismatch=0 rf=0 cap=0
SAMPLE 21 ai=0 ab=0 am=0 pc=0 mismatch=0 rf=0 mode=0
T 21 000000a4 0 1 0 0 0 0 0 0 1 0 0 0 0 0
SECDET 21 pc=0 rf=0 intg=0
C 21 000000a4 0 0 0 0 5 0
LOCK 22 rst=1 cmp=5 mismatch=0 rf=0 cap=0
SAMPLE 22 ai=0 ab=0 am=0 pc=0 mismatch=0 rf=0 mode=0
T 22 000000a4 1 1 0 0 0 0 0 0 1 0 1 1 0 0
CSRDBG 22 addr=000 priv=3 dec=0 csr=0 raw=1 pw=0 dbg=0 op=0
SECDET 22 pc=0 rf=0 intg=0
R 22 11 000000a4 0000006f
C 22 000000a4 1 0 0 1 5 0
LOCK 23 rst=1 cmp=5 mismatch=0 rf=0 cap=0
SAMPLE 23 ai=0 ab=0 am=0 pc=0 mismatch=0 rf=0 mode=0
T 23 000000a4 0 1 0 0 0 0 0 0 1 0 0 0 0 0
SECDET 23 pc=0 rf=0 intg=0
C 23 000000a4 0 0 0 0 5 0
LOCK 24 rst=1 cmp=5 mismatch=0 rf=0 cap=0
SAMPLE 24 ai=0 ab=0 am=0 pc=0 mismatch=0 rf=0 mode=0
T 24 000000a4 1 1 0 0 0 0 0 0 1 0 1 1 0 0
CSRDBG 24 addr=000 priv=3 dec=0 csr=0 raw=1 pw=0 dbg=0 op=0
SECDET 24 pc=0 rf=0 intg=0
R 24 12 000000a4 0000006f
C 24 000000a4 1 0 0 1 5 0
LOCK 25 rst=1 cmp=5 mismatch=0 rf=0 cap=0
SAMPLE 25 ai=0 ab=0 am=0 pc=0 mismatch=0 rf=0 mode=0
T 25 000000a4 0 1 0 0 0 0 0 0 1 0 0 0 0 0
SECDET 25 pc=0 rf=0 intg=0
C 25 000000a4 0 0 0 0 5 0
LOCK 26 rst=1 cmp=5 mismatch=0 rf=0 cap=0
SAMPLE 26 ai=0 ab=0 am=0 pc=0 mismatch=0 rf=0 mode=0
T 26 000000a4 1 1 0 0 0 0 0 0 1 0 1 1 0 0
CSRDBG 26 addr=000 priv=3 dec=0 csr=0 raw=1 pw=0 dbg=0 op=0
SECDET 26 pc=0 rf=0 intg=0
R 26 13 000000a4 0000006f
C 26 000000a4 1 0 0 1 5 0
LOCK 27 rst=1 cmp=5 mismatch=0 rf=0 cap=0
SAMPLE 27 ai=0 ab=0 am=0 pc=0 mismatch=0 rf=0 mode=0
T 27 000000a4 0 1 0 0 0 0 0 0 1 0 0 0 0 0
SECDET 27 pc=0 rf=0 intg=0
C 27 000000a4 0 0 0 0 5 0
LOCK 28 rst=1 cmp=5 mismatch=0 rf=0 cap=0
SAMPLE 28 ai=0 ab=0 am=0 pc=0 mismatch=0 rf=0 mode=0
T 28 000000a4 1 1 0 0 0 0 0 0 1 0 1 1 0 0
CSRDBG 28 addr=000 priv=3 dec=0 csr=0 raw=1 pw=0 dbg=0 op=0
SECDET 28 pc=0 rf=0 intg=0
R 28 14 000000a4 0000006f
C 28 000000a4 1 0 0 1 5 0
LOCK 29 rst=1 cmp=5 mismatch=0 rf=0 cap=0
SAMPLE 29 ai=0 ab=0 am=0 pc=0 mismatch=0 rf=0 mode=0
T 29 000000a4 0 1 0 0 0 0 0 0 1 0 0 0 0 0
SECDET 29 pc=0 rf=0 intg=0
C 29 000000a4 0 0 0 0 5 0
LOCK 30 rst=1 cmp=5 mismatch=0 rf=0 cap=0
SAMPLE 30 ai=0 ab=0 am=0 pc=0 mismatch=0 rf=0 mode=0
T 30 000000a4 1 1 0 0 0 0 0 0 1 0 1 1 0 0
CSRDBG 30 addr=000 priv=3 dec=0 csr=0 raw=1 pw=0 dbg=0 op=0
SECDET 30 pc=0 rf=0 intg=0
R 30 15 000000a4 0000006f
C 30 000000a4 1 0 0 1 5 0
LOCK 31 rst=1 cmp=5 mismatch=0 rf=0 cap=0
SAMPLE 31 ai=0 ab=0 am=0 pc=0 mismatch=0 rf=0 mode=0
T 31 000000a4 0 1 0 0 0 0 0 0 1 0 0 0 0 0
SECDET 31 pc=0 rf=0 intg=0
C 31 000000a4 0 0 0 0 5 0
LOCK 32 rst=1 cmp=5 mismatch=0 rf=0 cap=0
SAMPLE 32 ai=0 ab=0 am=0 pc=0 mismatch=0 rf=0 mode=0
T 32 000000a4 1 1 0 0 0 0 0 0 1 0 1 1 0 0
CSRDBG 32 addr=000 priv=3 dec=0 csr=0 raw=1 pw=0 dbg=0 op=0
SECDET 32 pc=0 rf=0 intg=0
R 32 16 000000a4 0000006f
C 32 000000a4 1 0 0 1 5 0
LOCK 33 rst=1 cmp=5 mismatch=0 rf=0 cap=0
SAMPLE 33 ai=0 ab=0 am=0 pc=0 mismatch=0 rf=0 mode=0
T 33 000000a4 0 1 0 0 0 0 0 0 1 0 0 0 0 0
SECDET 33 pc=0 rf=0 intg=0
C 33 000000a4 0 0 0 0 5 0
LOCK 34 rst=1 cmp=5 mismatch=0 rf=0 cap=0
SAMPLE 34 ai=0 ab=0 am=0 pc=0 mismatch=0 rf=0 mode=0
T 34 000000a4 1 1 0 0 0 0 0 0 1 0 1 1 0 0
CSRDBG 34 addr=000 priv=3 dec=0 csr=0 raw=1 pw=0 dbg=0 op=0
SECDET 34 pc=0 rf=0 intg=0
R 34 17 000000a4 0000006f
C 34 000000a4 1 0 0 1 5 0
LOCK 35 rst=1 cmp=5 mismatch=0 rf=0 cap=0
SAMPLE 35 ai=0 ab=0 am=0 pc=0 mismatch=0 rf=0 mode=0
T 35 000000a4 0 1 0 0 0 0 0 0 1 0 0 0 0 0
SECDET 35 pc=0 rf=0 intg=0
C 35 000000a4 0 0 0 0 5 0
LOCK 36 rst=1 cmp=5 mismatch=0 rf=0 cap=0
SAMPLE 36 ai=0 ab=0 am=0 pc=0 mismatch=0 rf=0 mode=0
T 36 000000a4 1 1 0 0 0 0 0 0 1 0 1 1 0 0
CSRDBG 36 addr=000 priv=3 dec=0 csr=0 raw=1 pw=0 dbg=0 op=0
SECDET 36 pc=0 rf=0 intg=0
R 36 18 000000a4 0000006f
C 36 000000a4 1 0 0 1 5 0
LOCK 37 rst=1 cmp=5 mismatch=0 rf=0 cap=0
SAMPLE 37 ai=0 ab=0 am=0 pc=0 mismatch=0 rf=0 mode=0
T 37 000000a4 0 1 0 0 0 0 0 0 1 0 0 0 0 0
SECDET 37 pc=0 rf=0 intg=0
C 37 000000a4 0 0 0 0 5 0
LOCK 38 rst=1 cmp=5 mismatch=0 rf=0 cap=0
SAMPLE 38 ai=0 ab=0 am=0 pc=0 mismatch=0 rf=0 mode=0
T 38 000000a4 1 1 0 0 0 0 0 0 1 0 1 1 0 0
CSRDBG 38 addr=000 priv=3 dec=0 csr=0 raw=1 pw=0 dbg=0 op=0
SECDET 38 pc=0 rf=0 intg=0
R 38 19 000000a4 0000006f
C 38 000000a4 1 0 0 1 5 0
LOCK 39 rst=1 cmp=5 mismatch=0 rf=0 cap=0
SAMPLE 39 ai=0 ab=0 am=0 pc=0 mismatch=0 rf=0 mode=0
T 39 000000a4 0 1 0 0 0 0 0 0 1 0 0 0 0 0
SECDET 39 pc=0 rf=0 intg=0
C 39 000000a4 0 0 0 0 5 0
LOCK 40 rst=1 cmp=5 mismatch=0 rf=0 cap=0
SAMPLE 40 ai=0 ab=0 am=0 pc=0 mismatch=0 rf=0 mode=0
T 40 000000a4 1 1 0 0 0 0 0 0 1 0 1 1 0 0
CSRDBG 40 addr=000 priv=3 dec=0 csr=0 raw=1 pw=0 dbg=0 op=0
SECDET 40 pc=0 rf=0 intg=0
R 40 20 000000a4 0000006f
C 40 000000a4 1 0 0 1 5 0
LOCK 41 rst=1 cmp=5 mismatch=0 rf=0 cap=0
SAMPLE 41 ai=0 ab=0 am=0 pc=0 mismatch=0 rf=0 mode=0
T 41 000000a4 0 1 0 0 0 0 0 0 1 0 0 0 0 0
SECDET 41 pc=0 rf=0 intg=0
C 41 000000a4 0 0 0 0 5 0
LOCK 42 rst=1 cmp=5 mismatch=0 rf=0 cap=0
SAMPLE 42 ai=0 ab=0 am=0 pc=0 mismatch=0 rf=0 mode=0
T 42 000000a4 1 1 0 0 0 0 0 0 1 0 1 1 0 0
CSRDBG 42 addr=000 priv=3 dec=0 csr=0 raw=1 pw=0 dbg=0 op=0
SECDET 42 pc=0 rf=0 intg=0
R 42 21 000000a4 0000006f
C 42 000000a4 1 0 0 1 5 0
LOCK 43 rst=1 cmp=5 mismatch=0 rf=0 cap=0
SAMPLE 43 ai=0 ab=0 am=0 pc=0 mismatch=0 rf=0 mode=0
T 43 000000a4 0 1 0 0 0 0 0 0 1 0 0 0 0 0
SECDET 43 pc=0 rf=0 intg=0
C 43 000000a4 0 0 0 0 5 0
LOCK 44 rst=1 cmp=5 mismatch=0 rf=0 cap=0
SAMPLE 44 ai=0 ab=0 am=0 pc=0 mismatch=0 rf=0 mode=0
T 44 000000a4 1 1 0 0 0 0 0 0 1 0 1 1 0 0
CSRDBG 44 addr=000 priv=3 dec=0 csr=0 raw=1 pw=0 dbg=0 op=0
SECDET 44 pc=0 rf=0 intg=0
R 44 22 000000a4 0000006f
C 44 000000a4 1 0 0 1 5 0
LOCK 45 rst=1 cmp=5 mismatch=0 rf=0 cap=0
SAMPLE 45 ai=0 ab=0 am=0 pc=0 mismatch=0 rf=0 mode=0
T 45 000000a4 0 1 0 0 0 0 0 0 1 0 0 0 0 0
SECDET 45 pc=0 rf=0 intg=0
C 45 000000a4 0 0 0 0 5 0
LOCK 46 rst=1 cmp=5 mismatch=0 rf=0 cap=0
SAMPLE 46 ai=0 ab=0 am=0 pc=0 mismatch=0 rf=0 mode=0
T 46 000000a4 1 1 0 0 0 0 0 0 1 0 1 1 0 0
CSRDBG 46 addr=000 priv=3 dec=0 csr=0 raw=1 pw=0 dbg=0 op=0
SECDET 46 pc=0 rf=0 intg=0
R 46 23 000000a4 0000006f
C 46 000000a4 1 0 0 1 5 0
LOCK 47 rst=1 cmp=5 mismatch=0 rf=0 cap=0
SAMPLE 47 ai=0 ab=0 am=0 pc=0 mismatch=0 rf=0 mode=0
T 47 000000a4 0 1 0 0 0 0 0 0 1 0 0 0 0 0
SECDET 47 pc=0 rf=0 intg=0
C 47 000000a4 0 0 0 0 5 0
LOCK 48 rst=1 cmp=5 mismatch=0 rf=0 cap=0
SAMPLE 48 ai=0 ab=0 am=0 pc=0 mismatch=0 rf=0 mode=0
T 48 000000a4 1 1 0 0 0 0 0 0 1 0 1 1 0 0
CSRDBG 48 addr=000 priv=3 dec=0 csr=0 raw=1 pw=0 dbg=0 op=0
SECDET 48 pc=0 rf=0 intg=0
R 48 24 000000a4 0000006f
C 48 000000a4 1 0 0 1 5 0
LOCK 49 rst=1 cmp=5 mismatch=0 rf=0 cap=0
SAMPLE 49 ai=0 ab=0 am=0 pc=0 mismatch=0 rf=0 mode=0
T 49 000000a4 0 1 0 0 0 0 0 0 1 0 0 0 0 0
SECDET 49 pc=0 rf=0 intg=0
C 49 000000a4 0 0 0 0 5 0
LOCK 50 rst=1 cmp=5 mismatch=0 rf=0 cap=0
SAMPLE 50 ai=0 ab=0 am=0 pc=0 mismatch=0 rf=0 mode=0
T 50 000000a4 1 1 0 0 0 0 0 0 1 0 1 1 0 0
CSRDBG 50 addr=000 priv=3 dec=0 csr=0 raw=1 pw=0 dbg=0 op=0
SECDET 50 pc=0 rf=0 intg=0
R 50 25 000000a4 0000006f
C 50 000000a4 1 0 0 1 5 0
LOCK 51 rst=1 cmp=5 mismatch=0 rf=0 cap=0
SAMPLE 51 ai=0 ab=0 am=0 pc=0 mismatch=0 rf=0 mode=0
T 51 000000a4 0 1 0 0 0 0 0 0 1 0 0 0 0 0
SECDET 51 pc=0 rf=0 intg=0
C 51 000000a4 0 0 0 0 5 0
LOCK 52 rst=1 cmp=5 mismatch=0 rf=0 cap=0
SAMPLE 52 ai=0 ab=0 am=0 pc=0 mismatch=0 rf=0 mode=0
T 52 000000a4 1 1 0 0 0 0 0 0 1 0 1 1 0 0
CSRDBG 52 addr=000 priv=3 dec=0 csr=0 raw=1 pw=0 dbg=0 op=0
SECDET 52 pc=0 rf=0 intg=0
R 52 26 000000a4 0000006f
C 52 000000a4 1 0 0 1 5 0
LOCK 53 rst=1 cmp=5 mismatch=0 rf=0 cap=0
SAMPLE 53 ai=0 ab=0 am=0 pc=0 mismatch=0 rf=0 mode=0
T 53 000000a4 0 1 0 0 0 0 0 0 1 0 0 0 0 0
SECDET 53 pc=0 rf=0 intg=0
C 53 000000a4 0 0 0 0 5 0
LOCK 54 rst=1 cmp=5 mismatch=0 rf=0 cap=0
SAMPLE 54 ai=0 ab=0 am=0 pc=0 mismatch=0 rf=0 mode=0
T 54 000000a4 1 1 0 0 0 0 0 0 1 0 1 1 0 0
CSRDBG 54 addr=000 priv=3 dec=0 csr=0 raw=1 pw=0 dbg=0 op=0
SECDET 54 pc=0 rf=0 intg=0
R 54 27 000000a4 0000006f
C 54 000000a4 1 0 0 1 5 0
LOCK 55 rst=1 cmp=5 mismatch=0 rf=0 cap=0
SAMPLE 55 ai=0 ab=0 am=0 pc=0 mismatch=0 rf=0 mode=0
T 55 000000a4 0 1 0 0 0 0 0 0 1 0 0 0 0 0
SECDET 55 pc=0 rf=0 intg=0
C 55 000000a4 0 0 0 0 5 0
LOCK 56 rst=1 cmp=5 mismatch=0 rf=0 cap=0
SAMPLE 56 ai=0 ab=0 am=0 pc=0 mismatch=0 rf=0 mode=0
T 56 000000a4 1 1 0 0 0 0 0 0 1 0 1 1 0 0
CSRDBG 56 addr=000 priv=3 dec=0 csr=0 raw=1 pw=0 dbg=0 op=0
SECDET 56 pc=0 rf=0 intg=0
R 56 28 000000a4 0000006f
C 56 000000a4 1 0 0 1 5 0
LOCK 57 rst=1 cmp=5 mismatch=0 rf=0 cap=0
SAMPLE 57 ai=0 ab=0 am=0 pc=0 mismatch=0 rf=0 mode=0
T 57 000000a4 0 1 0 0 0 0 0 0 1 0 0 0 0 0
SECDET 57 pc=0 rf=0 intg=0
C 57 000000a4 0 0 0 0 5 0
LOCK 58 rst=1 cmp=5 mismatch=0 rf=0 cap=0
SAMPLE 58 ai=0 ab=0 am=0 pc=0 mismatch=0 rf=0 mode=0
T 58 000000a4 1 1 0 0 0 0 0 0 1 0 1 1 0 0
CSRDBG 58 addr=000 priv=3 dec=0 csr=0 raw=1 pw=0 dbg=0 op=0
SECDET 58 pc=0 rf=0 intg=0
R 58 29 000000a4 0000006f
C 58 000000a4 1 0 0 1 5 0
LOCK 59 rst=1 cmp=5 mismatch=0 rf=0 cap=0
SAMPLE 59 ai=0 ab=0 am=0 pc=0 mismatch=0 rf=0 mode=0
T 59 000000a4 0 1 0 0 0 0 0 0 1 0 0 0 0 0
SECDET 59 pc=0 rf=0 intg=0
C 59 000000a4 0 0 0 0 5 0
LOCK 60 rst=1 cmp=5 mismatch=0 rf=0 cap=0
SAMPLE 60 ai=0 ab=0 am=0 pc=0 mismatch=0 rf=0 mode=0
T 60 000000a4 1 1 0 0 0 0 0 0 1 0 1 1 0 0
CSRDBG 60 addr=000 priv=3 dec=0 csr=0 raw=1 pw=0 dbg=0 op=0
SECDET 60 pc=0 rf=0 intg=0
R 60 30 000000a4 0000006f
C 60 000000a4 1 0 0 1 5 0
LOCK 61 rst=1 cmp=5 mismatch=0 rf=0 cap=0
SAMPLE 61 ai=0 ab=0 am=0 pc=0 mismatch=0 rf=0 mode=0
T 61 000000a4 0 1 0 0 0 0 0 0 1 0 0 0 0 0
SECDET 61 pc=0 rf=0 intg=0
C 61 000000a4 0 0 0 0 5 0
LOCK 62 rst=1 cmp=5 mismatch=0 rf=0 cap=0
SAMPLE 62 ai=0 ab=0 am=0 pc=0 mismatch=0 rf=0 mode=0
T 62 000000a4 1 1 0 0 0 0 0 0 1 0 1 1 0 0
CSRDBG 62 addr=000 priv=3 dec=0 csr=0 raw=1 pw=0 dbg=0 op=0
SECDET 62 pc=0 rf=0 intg=0
R 62 31 000000a4 0000006f
C 62 000000a4 1 0 0 1 5 0
LOCK 63 rst=1 cmp=5 mismatch=0 rf=0 cap=0
SAMPLE 63 ai=0 ab=0 am=0 pc=0 mismatch=0 rf=0 mode=0
T 63 000000a4 0 1 0 0 0 0 0 0 1 0 0 0 0 0
SECDET 63 pc=0 rf=0 intg=0
C 63 000000a4 0 0 0 0 5 0
LOCK 64 rst=1 cmp=5 mismatch=0 rf=0 cap=0
SAMPLE 64 ai=0 ab=0 am=0 pc=0 mismatch=0 rf=0 mode=0
T 64 000000a4 1 1 0 0 0 0 0 0 1 0 1 1 0 0
CSRDBG 64 addr=000 priv=3 dec=0 csr=0 raw=1 pw=0 dbg=0 op=0
SECDET 64 pc=0 rf=0 intg=0
R 64 32 000000a4 0000006f
C 64 000000a4 1 0 0 1 5 0
LOCK 65 rst=1 cmp=5 mismatch=0 rf=0 cap=0
SAMPLE 65 ai=0 ab=0 am=0 pc=0 mismatch=0 rf=0 mode=0
T 65 000000a4 0 1 0 0 0 0 0 0 1 0 0 0 0 0
SECDET 65 pc=0 rf=0 intg=0
C 65 000000a4 0 0 0 0 5 0
LOCK 66 rst=1 cmp=5 mismatch=0 rf=0 cap=0
SAMPLE 66 ai=0 ab=0 am=0 pc=0 mismatch=0 rf=0 mode=0
T 66 000000a4 1 1 0 0 0 0 0 0 1 0 1 1 0 0
CSRDBG 66 addr=000 priv=3 dec=0 csr=0 raw=1 pw=0 dbg=0 op=0
SECDET 66 pc=0 rf=0 intg=0
R 66 33 000000a4 0000006f
C 66 000000a4 1 0 0 1 5 0
LOCK 67 rst=1 cmp=5 mismatch=0 rf=0 cap=0
SAMPLE 67 ai=0 ab=0 am=0 pc=0 mismatch=0 rf=0 mode=0
T 67 000000a4 0 1 0 0 0 0 0 0 1 0 0 0 0 0
SECDET 67 pc=0 rf=0 intg=0
C 67 000000a4 0 0 0 0 5 0
LOCK 68 rst=1 cmp=5 mismatch=0 rf=0 cap=0
SAMPLE 68 ai=0 ab=0 am=0 pc=0 mismatch=0 rf=0 mode=0
T 68 000000a4 1 1 0 0 0 0 0 0 1 0 1 1 0 0
CSRDBG 68 addr=000 priv=3 dec=0 csr=0 raw=1 pw=0 dbg=0 op=0
SECDET 68 pc=0 rf=0 intg=0
R 68 34 000000a4 0000006f
C 68 000000a4 1 0 0 1 5 0
LOCK 69 rst=1 cmp=5 mismatch=0 rf=0 cap=0
SAMPLE 69 ai=0 ab=0 am=0 pc=0 mismatch=0 rf=0 mode=0
T 69 000000a4 0 1 0 0 0 0 0 0 1 0 0 0 0 0
SECDET 69 pc=0 rf=0 intg=0
C 69 000000a4 0 0 0 0 5 0
LOCK 70 rst=1 cmp=5 mismatch=0 rf=0 cap=0
SAMPLE 70 ai=0 ab=0 am=0 pc=0 mismatch=0 rf=0 mode=0
T 70 000000a4 1 1 0 0 0 0 0 0 1 0 1 1 0 0
CSRDBG 70 addr=000 priv=3 dec=0 csr=0 raw=1 pw=0 dbg=0 op=0
SECDET 70 pc=0 rf=0 intg=0
R 70 35 000000a4 0000006f
C 70 000000a4 1 0 0 1 5 0
LOCK 71 rst=1 cmp=5 mismatch=0 rf=0 cap=0
SAMPLE 71 ai=0 ab=0 am=0 pc=0 mismatch=0 rf=0 mode=0
T 71 000000a4 0 1 0 0 0 0 0 0 1 0 0 0 0 0
SECDET 71 pc=0 rf=0 intg=0
C 71 000000a4 0 0 0 0 5 0
LOCK 72 rst=1 cmp=5 mismatch=0 rf=0 cap=0
SAMPLE 72 ai=0 ab=0 am=0 pc=0 mismatch=0 rf=0 mode=0
T 72 000000a4 1 1 0 0 0 0 0 0 1 0 1 1 0 0
CSRDBG 72 addr=000 priv=3 dec=0 csr=0 raw=1 pw=0 dbg=0 op=0
SECDET 72 pc=0 rf=0 intg=0
R 72 36 000000a4 0000006f
C 72 000000a4 1 0 0 1 5 0
LOCK 73 rst=1 cmp=5 mismatch=0 rf=0 cap=0
SAMPLE 73 ai=0 ab=0 am=0 pc=0 mismatch=0 rf=0 mode=0
T 73 000000a4 0 1 0 0 0 0 0 0 1 0 0 0 0 0
SECDET 73 pc=0 rf=0 intg=0
C 73 000000a4 0 0 0 0 5 0
LOCK 74 rst=1 cmp=5 mismatch=0 rf=0 cap=0
SAMPLE 74 ai=0 ab=0 am=0 pc=0 mismatch=0 rf=0 mode=0
T 74 000000a4 1 1 0 0 0 0 0 0 1 0 1 1 0 0
CSRDBG 74 addr=000 priv=3 dec=0 csr=0 raw=1 pw=0 dbg=0 op=0
SECDET 74 pc=0 rf=0 intg=0
R 74 37 000000a4 0000006f
C 74 000000a4 1 0 0 1 5 0
LOCK 75 rst=1 cmp=5 mismatch=0 rf=0 cap=0
SAMPLE 75 ai=0 ab=0 am=0 pc=0 mismatch=0 rf=0 mode=0
T 75 000000a4 0 1 0 0 0 0 0 0 1 0 0 0 0 0
SECDET 75 pc=0 rf=0 intg=0
C 75 000000a4 0 0 0 0 5 0
LOCK 76 rst=1 cmp=5 mismatch=0 rf=0 cap=0
SAMPLE 76 ai=0 ab=0 am=0 pc=0 mismatch=0 rf=0 mode=0
T 76 000000a4 1 1 0 0 0 0 0 0 1 0 1 1 0 0
CSRDBG 76 addr=000 priv=3 dec=0 csr=0 raw=1 pw=0 dbg=0 op=0
SECDET 76 pc=0 rf=0 intg=0
R 76 38 000000a4 0000006f
C 76 000000a4 1 0 0 1 5 0
LOCK 77 rst=1 cmp=5 mismatch=0 rf=0 cap=0
SAMPLE 77 ai=0 ab=0 am=0 pc=0 mismatch=0 rf=0 mode=0
T 77 000000a4 0 1 0 0 0 0 0 0 1 0 0 0 0 0
SECDET 77 pc=0 rf=0 intg=0
C 77 000000a4 0 0 0 0 5 0
LOCK 78 rst=1 cmp=5 mismatch=0 rf=0 cap=0
SAMPLE 78 ai=0 ab=0 am=0 pc=0 mismatch=0 rf=0 mode=0
T 78 000000a4 1 1 0 0 0 0 0 0 1 0 1 1 0 0
CSRDBG 78 addr=000 priv=3 dec=0 csr=0 raw=1 pw=0 dbg=0 op=0
SECDET 78 pc=0 rf=0 intg=0
R 78 39 000000a4 0000006f
C 78 000000a4 1 0 0 1 5 0
LOCK 79 rst=1 cmp=5 mismatch=0 rf=0 cap=0
SAMPLE 79 ai=0 ab=0 am=0 pc=0 mismatch=0 rf=0 mode=0
T 79 000000a4 0 1 0 0 0 0 0 0 1 0 0 0 0 0
SECDET 79 pc=0 rf=0 intg=0
C 79 000000a4 0 0 0 0 5 0
LOCK 80 rst=1 cmp=5 mismatch=0 rf=0 cap=0
SAMPLE 80 ai=0 ab=0 am=0 pc=0 mismatch=0 rf=0 mode=0
T 80 000000a4 1 1 0 0 0 0 0 0 1 0 1 1 0 0
SECDET 80 pc=0 rf=0 intg=0
R 80 40 000000a4 0000006f
C 80 000000a4 1 0 0 1 5 0
LOCK 81 rst=1 cmp=5 mismatch=0 rf=0 cap=0
SAMPLE 81 ai=0 ab=0 am=0 pc=0 mismatch=0 rf=0 mode=0
T 81 000000a4 0 1 0 0 0 0 0 0 1 0 0 0 0 0
SECDET 81 pc=0 rf=0 intg=0
C 81 000000a4 0 0 0 0 5 0
LOCK 82 rst=1 cmp=5 mismatch=0 rf=0 cap=0
SAMPLE 82 ai=0 ab=0 am=0 pc=0 mismatch=0 rf=0 mode=0
T 82 000000a4 1 1 0 0 0 0 0 0 1 0 1 1 0 0
SECDET 82 pc=0 rf=0 intg=0
R 82 41 000000a4 0000006f
C 82 000000a4 1 0 0 1 5 0
LOCK 83 rst=1 cmp=5 mismatch=0 rf=0 cap=0
SAMPLE 83 ai=0 ab=0 am=0 pc=0 mismatch=0 rf=0 mode=0
T 83 000000a4 0 1 0 0 0 0 0 0 1 0 0 0 0 0
SECDET 83 pc=0 rf=0 intg=0
C 83 000000a4 0 0 0 0 5 0
LOCK 84 rst=1 cmp=5 mismatch=0 rf=0 cap=0
SAMPLE 84 ai=0 ab=0 am=0 pc=0 mismatch=0 rf=0 mode=0
T 84 000000a4 1 1 0 0 0 0 0 0 1 0 1 1 0 0
SECDET 84 pc=0 rf=0 intg=0
R 84 42 000000a4 0000006f
C 84 000000a4 1 0 0 1 5 0
LOCK 85 rst=1 cmp=5 mismatch=0 rf=0 cap=0
SAMPLE 85 ai=0 ab=0 am=0 pc=0 mismatch=0 rf=0 mode=0
T 85 000000a4 0 1 0 0 0 0 0 0 1 0 0 0 0 0
SECDET 85 pc=0 rf=0 intg=0
C 85 000000a4 0 0 0 0 5 0
LOCK 86 rst=1 cmp=5 mismatch=0 rf=0 cap=0
SAMPLE 86 ai=0 ab=0 am=0 pc=0 mismatch=0 rf=0 mode=0
T 86 000000a4 1 1 0 0 0 0 0 0 1 0 1 1 0 0
SECDET 86 pc=0 rf=0 intg=0
R 86 43 000000a4 0000006f
C 86 000000a4 1 0 0 1 5 0
LOCK 87 rst=1 cmp=5 mismatch=0 rf=0 cap=0
SAMPLE 87 ai=0 ab=0 am=0 pc=0 mismatch=0 rf=0 mode=0
T 87 000000a4 0 1 0 0 0 0 0 0 1 0 0 0 0 0
SECDET 87 pc=0 rf=0 intg=0
C 87 000000a4 0 0 0 0 5 0
LOCK 88 rst=1 cmp=5 mismatch=0 rf=0 cap=0
SAMPLE 88 ai=0 ab=0 am=0 pc=0 mismatch=0 rf=0 mode=0
T 88 000000a4 1 1 0 0 0 0 0 0 1 0 1 1 0 0
SECDET 88 pc=0 rf=0 intg=0
R 88 44 000000a4 0000006f
C 88 000000a4 1 0 0 1 5 0
LOCK 89 rst=1 cmp=5 mismatch=0 rf=0 cap=0
SAMPLE 89 ai=0 ab=0 am=0 pc=0 mismatch=0 rf=0 mode=0
T 89 000000a4 0 1 0 0 0 0 0 0 1 0 0 0 0 0
SECDET 89 pc=0 rf=0 intg=0
C 89 000000a4 0 0 0 0 5 0
LOCK 90 rst=1 cmp=5 mismatch=0 rf=0 cap=0
SAMPLE 90 ai=0 ab=0 am=0 pc=0 mismatch=0 rf=0 mode=0
T 90 000000a4 1 1 0 0 0 0 0 0 1 0 1 1 0 0
SECDET 90 pc=0 rf=0 intg=0
R 90 45 000000a4 0000006f
C 90 000000a4 1 0 0 1 5 0
LOCK 91 rst=1 cmp=5 mismatch=0 rf=0 cap=0
SAMPLE 91 ai=0 ab=0 am=0 pc=0 mismatch=0 rf=0 mode=0
T 91 000000a4 0 1 0 0 0 0 0 0 1 0 0 0 0 0
SECDET 91 pc=0 rf=0 intg=0
C 91 000000a4 0 0 0 0 5 0
LOCK 92 rst=1 cmp=5 mismatch=0 rf=0 cap=0
SAMPLE 92 ai=0 ab=0 am=0 pc=0 mismatch=0 rf=0 mode=0
T 92 000000a4 1 1 0 0 0 0 0 0 1 0 1 1 0 0
SECDET 92 pc=0 rf=0 intg=0
R 92 46 000000a4 0000006f
C 92 000000a4 1 0 0 1 5 0
LOCK 93 rst=1 cmp=5 mismatch=0 rf=0 cap=0
SAMPLE 93 ai=0 ab=0 am=0 pc=0 mismatch=0 rf=0 mode=0
T 93 000000a4 0 1 0 0 0 0 0 0 1 0 0 0 0 0
SECDET 93 pc=0 rf=0 intg=0
C 93 000000a4 0 0 0 0 5 0
LOCK 94 rst=1 cmp=5 mismatch=0 rf=0 cap=0
SAMPLE 94 ai=0 ab=0 am=0 pc=0 mismatch=0 rf=0 mode=0
T 94 000000a4 1 1 0 0 0 0 0 0 1 0 1 1 0 0
SECDET 94 pc=0 rf=0 intg=0
R 94 47 000000a4 0000006f
C 94 000000a4 1 0 0 1 5 0
LOCK 95 rst=1 cmp=5 mismatch=0 rf=0 cap=0
SAMPLE 95 ai=0 ab=0 am=0 pc=0 mismatch=0 rf=0 mode=0
T 95 000000a4 0 1 0 0 0 0 0 0 1 0 0 0 0 0
SECDET 95 pc=0 rf=0 intg=0
C 95 000000a4 0 0 0 0 5 0
LOCK 96 rst=1 cmp=5 mismatch=0 rf=0 cap=0
SAMPLE 96 ai=0 ab=0 am=0 pc=0 mismatch=0 rf=0 mode=0
T 96 000000a4 1 1 0 0 0 0 0 0 1 0 1 1 0 0
SECDET 96 pc=0 rf=0 intg=0
R 96 48 000000a4 0000006f
C 96 000000a4 1 0 0 1 5 0
LOCK 97 rst=1 cmp=5 mismatch=0 rf=0 cap=0
SAMPLE 97 ai=0 ab=0 am=0 pc=0 mismatch=0 rf=0 mode=0
T 97 000000a4 0 1 0 0 0 0 0 0 1 0 0 0 0 0
SECDET 97 pc=0 rf=0 intg=0
C 97 000000a4 0 0 0 0 5 0
LOCK 98 rst=1 cmp=5 mismatch=0 rf=0 cap=0
SAMPLE 98 ai=0 ab=0 am=0 pc=0 mismatch=0 rf=0 mode=0
T 98 000000a4 1 1 0 0 0 0 0 0 1 0 1 1 0 0
SECDET 98 pc=0 rf=0 intg=0
R 98 49 000000a4 0000006f
C 98 000000a4 1 0 0 1 5 0
LOCK 99 rst=1 cmp=5 mismatch=0 rf=0 cap=0
SAMPLE 99 ai=0 ab=0 am=0 pc=0 mismatch=0 rf=0 mode=0
T 99 000000a4 0 1 0 0 0 0 0 0 1 0 0 0 0 0
SECDET 99 pc=0 rf=0 intg=0
C 99 000000a4 0 0 0 0 5 0
LOCK 100 rst=1 cmp=5 mismatch=0 rf=0 cap=0
SAMPLE 100 ai=0 ab=0 am=0 pc=0 mismatch=0 rf=0 mode=0
T 100 000000a4 1 1 0 0 0 0 0 0 1 0 1 1 0 0
SECDET 100 pc=0 rf=0 intg=0
R 100 50 000000a4 0000006f
C 100 000000a4 1 0 0 1 5 0
LOCK 101 rst=1 cmp=5 mismatch=0 rf=0 cap=0
SAMPLE 101 ai=0 ab=0 am=0 pc=0 mismatch=0 rf=0 mode=0
T 101 000000a4 0 1 0 0 0 0 0 0 1 0 0 0 0 0
SECDET 101 pc=0 rf=0 intg=0
C 101 000000a4 0 0 0 0 5 0
LOCK 102 rst=1 cmp=5 mismatch=0 rf=0 cap=0
SAMPLE 102 ai=0 ab=0 am=0 pc=0 mismatch=0 rf=0 mode=0
T 102 000000a4 1 1 0 0 0 0 0 0 1 0 1 1 0 0
SECDET 102 pc=0 rf=0 intg=0
R 102 51 000000a4 0000006f
C 102 000000a4 1 0 0 1 5 0
LOCK 103 rst=1 cmp=5 mismatch=0 rf=0 cap=0
SAMPLE 103 ai=0 ab=0 am=0 pc=0 mismatch=0 rf=0 mode=0
T 103 000000a4 0 1 0 0 0 0 0 0 1 0 0 0 0 0
SECDET 103 pc=0 rf=0 intg=0
C 103 000000a4 0 0 0 0 5 0
LOCK 104 rst=1 cmp=5 mismatch=0 rf=0 cap=0
SAMPLE 104 ai=0 ab=0 am=0 pc=0 mismatch=0 rf=0 mode=0
T 104 000000a4 1 1 0 0 0 0 0 0 1 0 1 1 0 0
SECDET 104 pc=0 rf=0 intg=0
R 104 52 000000a4 0000006f
C 104 000000a4 1 0 0 1 5 0
LOCK 105 rst=1 cmp=5 mismatch=0 rf=0 cap=0
SAMPLE 105 ai=0 ab=0 am=0 pc=0 mismatch=0 rf=0 mode=0
T 105 000000a4 0 1 0 0 0 0 0 0 1 0 0 0 0 0
SECDET 105 pc=0 rf=0 intg=0
C 105 000000a4 0 0 0 0 5 0
LOCK 106 rst=1 cmp=5 mismatch=0 rf=0 cap=0
SAMPLE 106 ai=0 ab=0 am=0 pc=0 mismatch=0 rf=0 mode=0
T 106 000000a4 1 1 0 0 0 0 0 0 1 0 1 1 0 0
SECDET 106 pc=0 rf=0 intg=0
R 106 53 000000a4 0000006f
C 106 000000a4 1 0 0 1 5 0
LOCK 107 rst=1 cmp=5 mismatch=0 rf=0 cap=0
SAMPLE 107 ai=0 ab=0 am=0 pc=0 mismatch=0 rf=0 mode=0
T 107 000000a4 0 1 0 0 0 0 0 0 1 0 0 0 0 0
SECDET 107 pc=0 rf=0 intg=0
C 107 000000a4 0 0 0 0 5 0
LOCK 108 rst=1 cmp=5 mismatch=0 rf=0 cap=0
SAMPLE 108 ai=0 ab=0 am=0 pc=0 mismatch=0 rf=0 mode=0
T 108 000000a4 1 1 0 0 0 0 0 0 1 0 1 1 0 0
SECDET 108 pc=0 rf=0 intg=0
R 108 54 000000a4 0000006f
C 108 000000a4 1 0 0 1 5 0
LOCK 109 rst=1 cmp=5 mismatch=0 rf=0 cap=0
SAMPLE 109 ai=0 ab=0 am=0 pc=0 mismatch=0 rf=0 mode=0
T 109 000000a4 0 1 0 0 0 0 0 0 1 0 0 0 0 0
SECDET 109 pc=0 rf=0 intg=0
C 109 000000a4 0 0 0 0 5 0
LOCK 110 rst=1 cmp=5 mismatch=0 rf=0 cap=0
SAMPLE 110 ai=0 ab=0 am=0 pc=0 mismatch=0 rf=0 mode=0
T 110 000000a4 1 1 0 0 0 0 0 0 1 0 1 1 0 0
SECDET 110 pc=0 rf=0 intg=0
R 110 55 000000a4 0000006f
C 110 000000a4 1 0 0 1 5 0
LOCK 111 rst=1 cmp=5 mismatch=0 rf=0 cap=0
SAMPLE 111 ai=0 ab=0 am=0 pc=0 mismatch=0 rf=0 mode=0
T 111 000000a4 0 1 0 0 0 0 0 0 1 0 0 0 0 0
SECDET 111 pc=0 rf=0 intg=0
C 111 000000a4 0 0 0 0 5 0
LOCK 112 rst=1 cmp=5 mismatch=0 rf=0 cap=0
SAMPLE 112 ai=0 ab=0 am=0 pc=0 mismatch=0 rf=0 mode=0
T 112 000000a4 1 1 0 0 0 0 0 0 1 0 1 1 0 0
SECDET 112 pc=0 rf=0 intg=0
R 112 56 000000a4 0000006f
C 112 000000a4 1 0 0 1 5 0
LOCK 113 rst=1 cmp=5 mismatch=0 rf=0 cap=0
SAMPLE 113 ai=0 ab=0 am=0 pc=0 mismatch=0 rf=0 mode=0
T 113 000000a4 0 1 0 0 0 0 0 0 1 0 0 0 0 0
SECDET 113 pc=0 rf=0 intg=0
C 113 000000a4 0 0 0 0 5 0
LOCK 114 rst=1 cmp=5 mismatch=0 rf=0 cap=0
SAMPLE 114 ai=0 ab=0 am=0 pc=0 mismatch=0 rf=0 mode=0
T 114 000000a4 1 1 0 0 0 0 0 0 1 0 1 1 0 0
SECDET 114 pc=0 rf=0 intg=0
R 114 57 000000a4 0000006f
C 114 000000a4 1 0 0 1 5 0
LOCK 115 rst=1 cmp=5 mismatch=0 rf=0 cap=0
SAMPLE 115 ai=0 ab=0 am=0 pc=0 mismatch=0 rf=0 mode=0
T 115 000000a4 0 1 0 0 0 0 0 0 1 0 0 0 0 0
SECDET 115 pc=0 rf=0 intg=0
C 115 000000a4 0 0 0 0 5 0
LOCK 116 rst=1 cmp=5 mismatch=0 rf=0 cap=0
SAMPLE 116 ai=0 ab=0 am=0 pc=0 mismatch=0 rf=0 mode=0
T 116 000000a4 1 1 0 0 0 0 0 0 1 0 1 1 0 0
SECDET 116 pc=0 rf=0 intg=0
R 116 58 000000a4 0000006f
C 116 000000a4 1 0 0 1 5 0
LOCK 117 rst=1 cmp=5 mismatch=0 rf=0 cap=0
SAMPLE 117 ai=0 ab=0 am=0 pc=0 mismatch=0 rf=0 mode=0
T 117 000000a4 0 1 0 0 0 0 0 0 1 0 0 0 0 0
SECDET 117 pc=0 rf=0 intg=0
C 117 000000a4 0 0 0 0 5 0
LOCK 118 rst=1 cmp=5 mismatch=0 rf=0 cap=0
SAMPLE 118 ai=0 ab=0 am=0 pc=0 mismatch=0 rf=0 mode=0
T 118 000000a4 1 1 0 0 0 0 0 0 1 0 1 1 0 0
SECDET 118 pc=0 rf=0 intg=0
R 118 59 000000a4 0000006f
C 118 000000a4 1 0 0 1 5 0
LOCK 119 rst=1 cmp=5 mismatch=0 rf=0 cap=0
SAMPLE 119 ai=0 ab=0 am=0 pc=0 mismatch=0 rf=0 mode=0
T 119 000000a4 0 1 0 0 0 0 0 0 1 0 0 0 0 0
SECDET 119 pc=0 rf=0 intg=0
C 119 000000a4 0 0 0 0 5 0
T 120 000000a4 1 1 0 0 0 0 0 0 1 0 1 1 0 0
R 120 60 000000a4 0000006f
C 120 000000a4 1 0 0 1 5 0
T 121 000000a4 0 1 0 0 0 0 0 0 1 0 0 0 0 0
C 121 000000a4 0 0 0 0 5 0
T 122 000000a4 1 1 0 0 0 0 0 0 1 0 1 1 0 0
R 122 61 000000a4 0000006f
C 122 000000a4 1 0 0 1 5 0
T 123 000000a4 0 1 0 0 0 0 0 0 1 0 0 0 0 0
C 123 000000a4 0 0 0 0 5 0
T 124 000000a4 1 1 0 0 0 0 0 0 1 0 1 1 0 0
R 124 62 000000a4 0000006f
C 124 000000a4 1 0 0 1 5 0
T 125 000000a4 0 1 0 0 0 0 0 0 1 0 0 0 0 0
C 125 000000a4 0 0 0 0 5 0
T 126 000000a4 1 1 0 0 0 0 0 0 1 0 1 1 0 0
R 126 63 000000a4 0000006f
C 126 000000a4 1 0 0 1 5 0
T 127 000000a4 0 1 0 0 0 0 0 0 1 0 0 0 0 0
C 127 000000a4 0 0 0 0 5 0
T 128 000000a4 1 1 0 0 0 0 0 0 1 0 1 1 0 0
R 128 64 000000a4 0000006f
C 128 000000a4 1 0 0 1 5 0
T 129 000000a4 0 1 0 0 0 0 0 0 1 0 0 0 0 0
C 129 000000a4 0 0 0 0 5 0
T 130 000000a4 1 1 0 0 0 0 0 0 1 0 1 1 0 0
R 130 65 000000a4 0000006f
C 130 000000a4 1 0 0 1 5 0
T 131 000000a4 0 1 0 0 0 0 0 0 1 0 0 0 0 0
C 131 000000a4 0 0 0 0 5 0
T 132 000000a4 1 1 0 0 0 0 0 0 1 0 1 1 0 0
R 132 66 000000a4 0000006f
C 132 000000a4 1 0 0 1 5 0
T 133 000000a4 0 1 0 0 0 0 0 0 1 0 0 0 0 0
C 133 000000a4 0 0 0 0 5 0
T 134 000000a4 1 1 0 0 0 0 0 0 1 0 1 1 0 0
R 134 67 000000a4 0000006f
C 134 000000a4 1 0 0 1 5 0
T 135 000000a4 0 1 0 0 0 0 0 0 1 0 0 0 0 0
C 135 000000a4 0 0 0 0 5 0
T 136 000000a4 1 1 0 0 0 0 0 0 1 0 1 1 0 0
R 136 68 000000a4 0000006f
C 136 000000a4 1 0 0 1 5 0
T 137 000000a4 0 1 0 0 0 0 0 0 1 0 0 0 0 0
C 137 000000a4 0 0 0 0 5 0
T 138 000000a4 1 1 0 0 0 0 0 0 1 0 1 1 0 0
R 138 69 000000a4 0000006f
C 138 000000a4 1 0 0 1 5 0
T 139 000000a4 0 1 0 0 0 0 0 0 1 0 0 0 0 0
C 139 000000a4 0 0 0 0 5 0
T 140 000000a4 1 1 0 0 0 0 0 0 1 0 1 1 0 0
R 140 70 000000a4 0000006f
C 140 000000a4 1 0 0 1 5 0
T 141 000000a4 0 1 0 0 0 0 0 0 1 0 0 0 0 0
C 141 000000a4 0 0 0 0 5 0
T 142 000000a4 1 1 0 0 0 0 0 0 1 0 1 1 0 0
R 142 71 000000a4 0000006f
C 142 000000a4 1 0 0 1 5 0
T 143 000000a4 0 1 0 0 0 0 0 0 1 0 0 0 0 0
C 143 000000a4 0 0 0 0 5 0
T 144 000000a4 1 1 0 0 0 0 0 0 1 0 1 1 0 0
R 144 72 000000a4 0000006f
C 144 000000a4 1 0 0 1 5 0
T 145 000000a4 0 1 0 0 0 0 0 0 1 0 0 0 0 0
C 145 000000a4 0 0 0 0 5 0
T 146 000000a4 1 1 0 0 0 0 0 0 1 0 1 1 0 0
R 146 73 000000a4 0000006f
C 146 000000a4 1 0 0 1 5 0
T 147 000000a4 0 1 0 0 0 0 0 0 1 0 0 0 0 0
C 147 000000a4 0 0 0 0 5 0
T 148 000000a4 1 1 0 0 0 0 0 0 1 0 1 1 0 0
R 148 74 000000a4 0000006f
C 148 000000a4 1 0 0 1 5 0
T 149 000000a4 0 1 0 0 0 0 0 0 1 0 0 0 0 0
C 149 000000a4 0 0 0 0 5 0
T 150 000000a4 1 1 0 0 0 0 0 0 1 0 1 1 0 0
R 150 75 000000a4 0000006f
C 150 000000a4 1 0 0 1 5 0
T 151 000000a4 0 1 0 0 0 0 0 0 1 0 0 0 0 0
C 151 000000a4 0 0 0 0 5 0
T 152 000000a4 1 1 0 0 0 0 0 0 1 0 1 1 0 0
R 152 76 000000a4 0000006f
C 152 000000a4 1 0 0 1 5 0
T 153 000000a4 0 1 0 0 0 0 0 0 1 0 0 0 0 0
C 153 000000a4 0 0 0 0 5 0
T 154 000000a4 1 1 0 0 0 0 0 0 1 0 1 1 0 0
R 154 77 000000a4 0000006f
C 154 000000a4 1 0 0 1 5 0
T 155 000000a4 0 1 0 0 0 0 0 0 1 0 0 0 0 0
C 155 000000a4 0 0 0 0 5 0
T 156 000000a4 1 1 0 0 0 0 0 0 1 0 1 1 0 0
R 156 78 000000a4 0000006f
C 156 000000a4 1 0 0 1 5 0
T 157 000000a4 0 1 0 0 0 0 0 0 1 0 0 0 0 0
C 157 000000a4 0 0 0 0 5 0
T 158 000000a4 1 1 0 0 0 0 0 0 1 0 1 1 0 0
R 158 79 000000a4 0000006f
C 158 000000a4 1 0 0 1 5 0
T 159 000000a4 0 1 0 0 0 0 0 0 1 0 0 0 0 0
C 159 000000a4 0 0 0 0 5 0
T 160 000000a4 1 1 0 0 0 0 0 0 1 0 1 1 0 0
R 160 80 000000a4 0000006f
C 160 000000a4 1 0 0 1 5 0
T 161 000000a4 0 1 0 0 0 0 0 0 1 0 0 0 0 0
C 161 000000a4 0 0 0 0 5 0
T 162 000000a4 1 1 0 0 0 0 0 0 1 0 1 1 0 0
R 162 81 000000a4 0000006f
C 162 000000a4 1 0 0 1 5 0
T 163 000000a4 0 1 0 0 0 0 0 0 1 0 0 0 0 0
C 163 000000a4 0 0 0 0 5 0
T 164 000000a4 1 1 0 0 0 0 0 0 1 0 1 1 0 0
R 164 82 000000a4 0000006f
C 164 000000a4 1 0 0 1 5 0
T 165 000000a4 0 1 0 0 0 0 0 0 1 0 0 0 0 0
C 165 000000a4 0 0 0 0 5 0
T 166 000000a4 1 1 0 0 0 0 0 0 1 0 1 1 0 0
R 166 83 000000a4 0000006f
C 166 000000a4 1 0 0 1 5 0
T 167 000000a4 0 1 0 0 0 0 0 0 1 0 0 0 0 0
C 167 000000a4 0 0 0 0 5 0
T 168 000000a4 1 1 0 0 0 0 0 0 1 0 1 1 0 0
R 168 84 000000a4 0000006f
C 168 000000a4 1 0 0 1 5 0
T 169 000000a4 0 1 0 0 0 0 0 0 1 0 0 0 0 0
C 169 000000a4 0 0 0 0 5 0
T 170 000000a4 1 1 0 0 0 0 0 0 1 0 1 1 0 0
R 170 85 000000a4 0000006f
C 170 000000a4 1 0 0 1 5 0
T 171 000000a4 0 1 0 0 0 0 0 0 1 0 0 0 0 0
C 171 000000a4 0 0 0 0 5 0
T 172 000000a4 1 1 0 0 0 0 0 0 1 0 1 1 0 0
R 172 86 000000a4 0000006f
C 172 000000a4 1 0 0 1 5 0
T 173 000000a4 0 1 0 0 0 0 0 0 1 0 0 0 0 0
C 173 000000a4 0 0 0 0 5 0
T 174 000000a4 1 1 0 0 0 0 0 0 1 0 1 1 0 0
R 174 87 000000a4 0000006f
C 174 000000a4 1 0 0 1 5 0
T 175 000000a4 0 1 0 0 0 0 0 0 1 0 0 0 0 0
C 175 000000a4 0 0 0 0 5 0
T 176 000000a4 1 1 0 0 0 0 0 0 1 0 1 1 0 0
R 176 88 000000a4 0000006f
C 176 000000a4 1 0 0 1 5 0
T 177 000000a4 0 1 0 0 0 0 0 0 1 0 0 0 0 0
C 177 000000a4 0 0 0 0 5 0
T 178 000000a4 1 1 0 0 0 0 0 0 1 0 1 1 0 0
R 178 89 000000a4 0000006f
C 178 000000a4 1 0 0 1 5 0
T 179 000000a4 0 1 0 0 0 0 0 0 1 0 0 0 0 0
C 179 000000a4 0 0 0 0 5 0
T 180 000000a4 1 1 0 0 0 0 0 0 1 0 1 1 0 0
R 180 90 000000a4 0000006f
C 180 000000a4 1 0 0 1 5 0
T 181 000000a4 0 1 0 0 0 0 0 0 1 0 0 0 0 0
C 181 000000a4 0 0 0 0 5 0
T 182 000000a4 1 1 0 0 0 0 0 0 1 0 1 1 0 0
R 182 91 000000a4 0000006f
C 182 000000a4 1 0 0 1 5 0
T 183 000000a4 0 1 0 0 0 0 0 0 1 0 0 0 0 0
C 183 000000a4 0 0 0 0 5 0
T 184 000000a4 1 1 0 0 0 0 0 0 1 0 1 1 0 0
R 184 92 000000a4 0000006f
C 184 000000a4 1 0 0 1 5 0
T 185 000000a4 0 1 0 0 0 0 0 0 1 0 0 0 0 0
C 185 000000a4 0 0 0 0 5 0
T 186 000000a4 1 1 0 0 0 0 0 0 1 0 1 1 0 0
R 186 93 000000a4 0000006f
C 186 000000a4 1 0 0 1 5 0
T 187 000000a4 0 1 0 0 0 0 0 0 1 0 0 0 0 0
C 187 000000a4 0 0 0 0 5 0
T 188 000000a4 1 1 0 0 0 0 0 0 1 0 1 1 0 0
R 188 94 000000a4 0000006f
C 188 000000a4 1 0 0 1 5 0
T 189 000000a4 0 1 0 0 0 0 0 0 1 0 0 0 0 0
C 189 000000a4 0 0 0 0 5 0
T 190 000000a4 1 1 0 0 0 0 0 0 1 0 1 1 0 0
R 190 95 000000a4 0000006f
C 190 000000a4 1 0 0 1 5 0
T 191 000000a4 0 1 0 0 0 0 0 0 1 0 0 0 0 0
C 191 000000a4 0 0 0 0 5 0
T 192 000000a4 1 1 0 0 0 0 0 0 1 0 1 1 0 0
R 192 96 000000a4 0000006f
C 192 000000a4 1 0 0 1 5 0
T 193 000000a4 0 1 0 0 0 0 0 0 1 0 0 0 0 0
C 193 000000a4 0 0 0 0 5 0
T 194 000000a4 1 1 0 0 0 0 0 0 1 0 1 1 0 0
R 194 97 000000a4 0000006f
C 194 000000a4 1 0 0 1 5 0
T 195 000000a4 0 1 0 0 0 0 0 0 1 0 0 0 0 0
C 195 000000a4 0 0 0 0 5 0
T 196 000000a4 1 1 0 0 0 0 0 0 1 0 1 1 0 0
R 196 98 000000a4 0000006f
C 196 000000a4 1 0 0 1 5 0
T 197 000000a4 0 1 0 0 0 0 0 0 1 0 0 0 0 0
C 197 000000a4 0 0 0 0 5 0
T 198 000000a4 1 1 0 0 0 0 0 0 1 0 1 1 0 0
R 198 99 000000a4 0000006f
C 198 000000a4 1 0 0 1 5 0
T 199 000000a4 0 1 0 0 0 0 0 0 1 0 0 0 0 0
C 199 000000a4 0 0 0 0 5 0
T 200 000000a4 1 1 0 0 0 0 0 0 1 0 1 1 0 0
R 200 100 000000a4 0000006f
C 200 000000a4 1 0 0 1 5 0
T 201 000000a4 0 1 0 0 0 0 0 0 1 0 0 0 0 0
C 201 000000a4 0 0 0 0 5 0
T 202 000000a4 1 1 0 0 0 0 0 0 1 0 1 1 0 0
R 202 101 000000a4 0000006f
C 202 000000a4 1 0 0 1 5 0
T 203 000000a4 0 1 0 0 0 0 0 0 1 0 0 0 0 0
C 203 000000a4 0 0 0 0 5 0
T 204 000000a4 1 1 0 0 0 0 0 0 1 0 1 1 0 0
R 204 102 000000a4 0000006f
C 204 000000a4 1 0 0 1 5 0
T 205 000000a4 0 1 0 0 0 0 0 0 1 0 0 0 0 0
C 205 000000a4 0 0 0 0 5 0
T 206 000000a4 1 1 0 0 0 0 0 0 1 0 1 1 0 0
R 206 103 000000a4 0000006f
C 206 000000a4 1 0 0 1 5 0
T 207 000000a4 0 1 0 0 0 0 0 0 1 0 0 0 0 0
C 207 000000a4 0 0 0 0 5 0
T 208 000000a4 1 1 0 0 0 0 0 0 1 0 1 1 0 0
R 208 104 000000a4 0000006f
C 208 000000a4 1 0 0 1 5 0
T 209 000000a4 0 1 0 0 0 0 0 0 1 0 0 0 0 0
C 209 000000a4 0 0 0 0 5 0
T 210 000000a4 1 1 0 0 0 0 0 0 1 0 1 1 0 0
R 210 105 000000a4 0000006f
C 210 000000a4 1 0 0 1 5 0
T 211 000000a4 0 1 0 0 0 0 0 0 1 0 0 0 0 0
C 211 000000a4 0 0 0 0 5 0
T 212 000000a4 1 1 0 0 0 0 0 0 1 0 1 1 0 0
R 212 106 000000a4 0000006f
C 212 000000a4 1 0 0 1 5 0
T 213 000000a4 0 1 0 0 0 0 0 0 1 0 0 0 0 0
C 213 000000a4 0 0 0 0 5 0
T 214 000000a4 1 1 0 0 0 0 0 0 1 0 1 1 0 0
R 214 107 000000a4 0000006f
C 214 000000a4 1 0 0 1 5 0
T 215 000000a4 0 1 0 0 0 0 0 0 1 0 0 0 0 0
C 215 000000a4 0 0 0 0 5 0
T 216 000000a4 1 1 0 0 0 0 0 0 1 0 1 1 0 0
R 216 108 000000a4 0000006f
C 216 000000a4 1 0 0 1 5 0
T 217 000000a4 0 1 0 0 0 0 0 0 1 0 0 0 0 0
C 217 000000a4 0 0 0 0 5 0
T 218 000000a4 1 1 0 0 0 0 0 0 1 0 1 1 0 0
R 218 109 000000a4 0000006f
C 218 000000a4 1 0 0 1 5 0
T 219 000000a4 0 1 0 0 0 0 0 0 1 0 0 0 0 0
C 219 000000a4 0 0 0 0 5 0
T 220 000000a4 1 1 0 0 0 0 0 0 1 0 1 1 0 0
R 220 110 000000a4 0000006f
C 220 000000a4 1 0 0 1 5 0
T 221 000000a4 0 1 0 0 0 0 0 0 1 0 0 0 0 0
C 221 000000a4 0 0 0 0 5 0
T 222 000000a4 1 1 0 0 0 0 0 0 1 0 1 1 0 0
R 222 111 000000a4 0000006f
C 222 000000a4 1 0 0 1 5 0
T 223 000000a4 0 1 0 0 0 0 0 0 1 0 0 0 0 0
C 223 000000a4 0 0 0 0 5 0
T 224 000000a4 1 1 0 0 0 0 0 0 1 0 1 1 0 0
R 224 112 000000a4 0000006f
C 224 000000a4 1 0 0 1 5 0
T 225 000000a4 0 1 0 0 0 0 0 0 1 0 0 0 0 0
C 225 000000a4 0 0 0 0 5 0
T 226 000000a4 1 1 0 0 0 0 0 0 1 0 1 1 0 0
R 226 113 000000a4 0000006f
C 226 000000a4 1 0 0 1 5 0
T 227 000000a4 0 1 0 0 0 0 0 0 1 0 0 0 0 0
C 227 000000a4 0 0 0 0 5 0
T 228 000000a4 1 1 0 0 0 0 0 0 1 0 1 1 0 0
R 228 114 000000a4 0000006f
C 228 000000a4 1 0 0 1 5 0
T 229 000000a4 0 1 0 0 0 0 0 0 1 0 0 0 0 0
C 229 000000a4 0 0 0 0 5 0
T 230 000000a4 1 1 0 0 0 0 0 0 1 0 1 1 0 0
R 230 115 000000a4 0000006f
C 230 000000a4 1 0 0 1 5 0
T 231 000000a4 0 1 0 0 0 0 0 0 1 0 0 0 0 0
C 231 000000a4 0 0 0 0 5 0
T 232 000000a4 1 1 0 0 0 0 0 0 1 0 1 1 0 0
R 232 116 000000a4 0000006f
C 232 000000a4 1 0 0 1 5 0
T 233 000000a4 0 1 0 0 0 0 0 0 1 0 0 0 0 0
C 233 000000a4 0 0 0 0 5 0
T 234 000000a4 1 1 0 0 0 0 0 0 1 0 1 1 0 0
R 234 117 000000a4 0000006f
C 234 000000a4 1 0 0 1 5 0
T 235 000000a4 0 1 0 0 0 0 0 0 1 0 0 0 0 0
C 235 000000a4 0 0 0 0 5 0
T 236 000000a4 1 1 0 0 0 0 0 0 1 0 1 1 0 0
R 236 118 000000a4 0000006f
C 236 000000a4 1 0 0 1 5 0
T 237 000000a4 0 1 0 0 0 0 0 0 1 0 0 0 0 0
C 237 000000a4 0 0 0 0 5 0
T 238 000000a4 1 1 0 0 0 0 0 0 1 0 1 1 0 0
R 238 119 000000a4 0000006f
C 238 000000a4 1 0 0 1 5 0
T 239 000000a4 0 1 0 0 0 0 0 0 1 0 0 0 0 0
C 239 000000a4 0 0 0 0 5 0
T 240 000000a4 1 1 0 0 0 0 0 0 1 0 1 1 0 0
R 240 120 000000a4 0000006f
C 240 000000a4 1 0 0 1 5 0
T 241 000000a4 0 1 0 0 0 0 0 0 1 0 0 0 0 0
C 241 000000a4 0 0 0 0 5 0
T 242 000000a4 1 1 0 0 0 0 0 0 1 0 1 1 0 0
R 242 121 000000a4 0000006f
C 242 000000a4 1 0 0 1 5 0
T 243 000000a4 0 1 0 0 0 0 0 0 1 0 0 0 0 0
C 243 000000a4 0 0 0 0 5 0
T 244 000000a4 1 1 0 0 0 0 0 0 1 0 1 1 0 0
R 244 122 000000a4 0000006f
C 244 000000a4 1 0 0 1 5 0
T 245 000000a4 0 1 0 0 0 0 0 0 1 0 0 0 0 0
C 245 000000a4 0 0 0 0 5 0
T 246 000000a4 1 1 0 0 0 0 0 0 1 0 1 1 0 0
R 246 123 000000a4 0000006f
C 246 000000a4 1 0 0 1 5 0
T 247 000000a4 0 1 0 0 0 0 0 0 1 0 0 0 0 0
C 247 000000a4 0 0 0 0 5 0
T 248 000000a4 1 1 0 0 0 0 0 0 1 0 1 1 0 0
R 248 124 000000a4 0000006f
C 248 000000a4 1 0 0 1 5 0
T 249 000000a4 0 1 0 0 0 0 0 0 1 0 0 0 0 0
C 249 000000a4 0 0 0 0 5 0
T 250 000000a4 1 1 0 0 0 0 0 0 1 0 1 1 0 0
R 250 125 000000a4 0000006f
C 250 000000a4 1 0 0 1 5 0
T 251 000000a4 0 1 0 0 0 0 0 0 1 0 0 0 0 0
C 251 000000a4 0 0 0 0 5 0
T 252 000000a4 1 1 0 0 0 0 0 0 1 0 1 1 0 0
R 252 126 000000a4 0000006f
C 252 000000a4 1 0 0 1 5 0
T 253 000000a4 0 1 0 0 0 0 0 0 1 0 0 0 0 0
C 253 000000a4 0 0 0 0 5 0
T 254 000000a4 1 1 0 0 0 0 0 0 1 0 1 1 0 0
R 254 127 000000a4 0000006f
C 254 000000a4 1 0 0 1 5 0
T 255 000000a4 0 1 0 0 0 0 0 0 1 0 0 0 0 0
C 255 000000a4 0 0 0 0 5 0
T 256 000000a4 1 1 0 0 0 0 0 0 1 0 1 1 0 0
R 256 128 000000a4 0000006f
C 256 000000a4 1 0 0 1 5 0
T 257 000000a4 0 1 0 0 0 0 0 0 1 0 0 0 0 0
C 257 000000a4 0 0 0 0 5 0
T 258 000000a4 1 1 0 0 0 0 0 0 1 0 1 1 0 0
R 258 129 000000a4 0000006f
C 258 000000a4 1 0 0 1 5 0
T 259 000000a4 0 1 0 0 0 0 0 0 1 0 0 0 0 0
C 259 000000a4 0 0 0 0 5 0
T 260 000000a4 1 1 0 0 0 0 0 0 1 0 1 1 0 0
R 260 130 000000a4 0000006f
C 260 000000a4 1 0 0 1 5 0
T 261 000000a4 0 1 0 0 0 0 0 0 1 0 0 0 0 0
C 261 000000a4 0 0 0 0 5 0
T 262 000000a4 1 1 0 0 0 0 0 0 1 0 1 1 0 0
R 262 131 000000a4 0000006f
C 262 000000a4 1 0 0 1 5 0
T 263 000000a4 0 1 0 0 0 0 0 0 1 0 0 0 0 0
C 263 000000a4 0 0 0 0 5 0
T 264 000000a4 1 1 0 0 0 0 0 0 1 0 1 1 0 0
R 264 132 000000a4 0000006f
C 264 000000a4 1 0 0 1 5 0
T 265 000000a4 0 1 0 0 0 0 0 0 1 0 0 0 0 0
C 265 000000a4 0 0 0 0 5 0
T 266 000000a4 1 1 0 0 0 0 0 0 1 0 1 1 0 0
R 266 133 000000a4 0000006f
C 266 000000a4 1 0 0 1 5 0
T 267 000000a4 0 1 0 0 0 0 0 0 1 0 0 0 0 0
C 267 000000a4 0 0 0 0 5 0
T 268 000000a4 1 1 0 0 0 0 0 0 1 0 1 1 0 0
R 268 134 000000a4 0000006f
C 268 000000a4 1 0 0 1 5 0
T 269 000000a4 0 1 0 0 0 0 0 0 1 0 0 0 0 0
C 269 000000a4 0 0 0 0 5 0
T 270 000000a4 1 1 0 0 0 0 0 0 1 0 1 1 0 0
R 270 135 000000a4 0000006f
C 270 000000a4 1 0 0 1 5 0
T 271 000000a4 0 1 0 0 0 0 0 0 1 0 0 0 0 0
C 271 000000a4 0 0 0 0 5 0
T 272 000000a4 1 1 0 0 0 0 0 0 1 0 1 1 0 0
R 272 136 000000a4 0000006f
C 272 000000a4 1 0 0 1 5 0
T 273 000000a4 0 1 0 0 0 0 0 0 1 0 0 0 0 0
C 273 000000a4 0 0 0 0 5 0
T 274 000000a4 1 1 0 0 0 0 0 0 1 0 1 1 0 0
R 274 137 000000a4 0000006f
C 274 000000a4 1 0 0 1 5 0
T 275 000000a4 0 1 0 0 0 0 0 0 1 0 0 0 0 0
C 275 000000a4 0 0 0 0 5 0
T 276 000000a4 1 1 0 0 0 0 0 0 1 0 1 1 0 0
R 276 138 000000a4 0000006f
C 276 000000a4 1 0 0 1 5 0
T 277 000000a4 0 1 0 0 0 0 0 0 1 0 0 0 0 0
C 277 000000a4 0 0 0 0 5 0
T 278 000000a4 1 1 0 0 0 0 0 0 1 0 1 1 0 0
R 278 139 000000a4 0000006f
C 278 000000a4 1 0 0 1 5 0
T 279 000000a4 0 1 0 0 0 0 0 0 1 0 0 0 0 0
C 279 000000a4 0 0 0 0 5 0
T 280 000000a4 1 1 0 0 0 0 0 0 1 0 1 1 0 0
R 280 140 000000a4 0000006f
C 280 000000a4 1 0 0 1 5 0
T 281 000000a4 0 1 0 0 0 0 0 0 1 0 0 0 0 0
C 281 000000a4 0 0 0 0 5 0
T 282 000000a4 1 1 0 0 0 0 0 0 1 0 1 1 0 0
R 282 141 000000a4 0000006f
C 282 000000a4 1 0 0 1 5 0
T 283 000000a4 0 1 0 0 0 0 0 0 1 0 0 0 0 0
C 283 000000a4 0 0 0 0 5 0
T 284 000000a4 1 1 0 0 0 0 0 0 1 0 1 1 0 0
R 284 142 000000a4 0000006f
C 284 000000a4 1 0 0 1 5 0
T 285 000000a4 0 1 0 0 0 0 0 0 1 0 0 0 0 0
C 285 000000a4 0 0 0 0 5 0
T 286 000000a4 1 1 0 0 0 0 0 0 1 0 1 1 0 0
R 286 143 000000a4 0000006f
C 286 000000a4 1 0 0 1 5 0
T 287 000000a4 0 1 0 0 0 0 0 0 1 0 0 0 0 0
C 287 000000a4 0 0 0 0 5 0
T 288 000000a4 1 1 0 0 0 0 0 0 1 0 1 1 0 0
R 288 144 000000a4 0000006f
C 288 000000a4 1 0 0 1 5 0
T 289 000000a4 0 1 0 0 0 0 0 0 1 0 0 0 0 0
C 289 000000a4 0 0 0 0 5 0
T 290 000000a4 1 1 0 0 0 0 0 0 1 0 1 1 0 0
R 290 145 000000a4 0000006f
C 290 000000a4 1 0 0 1 5 0
T 291 000000a4 0 1 0 0 0 0 0 0 1 0 0 0 0 0
C 291 000000a4 0 0 0 0 5 0
T 292 000000a4 1 1 0 0 0 0 0 0 1 0 1 1 0 0
R 292 146 000000a4 0000006f
C 292 000000a4 1 0 0 1 5 0
T 293 000000a4 0 1 0 0 0 0 0 0 1 0 0 0 0 0
C 293 000000a4 0 0 0 0 5 0
T 294 000000a4 1 1 0 0 0 0 0 0 1 0 1 1 0 0
R 294 147 000000a4 0000006f
C 294 000000a4 1 0 0 1 5 0
T 295 000000a4 0 1 0 0 0 0 0 0 1 0 0 0 0 0
C 295 000000a4 0 0 0 0 5 0
T 296 000000a4 1 1 0 0 0 0 0 0 1 0 1 1 0 0
R 296 148 000000a4 0000006f
C 296 000000a4 1 0 0 1 5 0
T 297 000000a4 0 1 0 0 0 0 0 0 1 0 0 0 0 0
C 297 000000a4 0 0 0 0 5 0
T 298 000000a4 1 1 0 0 0 0 0 0 1 0 1 1 0 0
R 298 149 000000a4 0000006f
C 298 000000a4 1 0 0 1 5 0
T 299 000000a4 0 1 0 0 0 0 0 0 1 0 0 0 0 0
C 299 000000a4 0 0 0 0 5 0
T 300 000000a4 1 1 0 0 0 0 0 0 1 0 1 1 0 0
R 300 150 000000a4 0000006f
C 300 000000a4 1 0 0 1 5 0
T 301 000000a4 0 1 0 0 0 0 0 0 1 0 0 0 0 0
C 301 000000a4 0 0 0 0 5 0
T 302 000000a4 1 1 0 0 0 0 0 0 1 0 1 1 0 0
R 302 151 000000a4 0000006f
C 302 000000a4 1 0 0 1 5 0
T 303 000000a4 0 1 0 0 0 0 0 0 1 0 0 0 0 0
C 303 000000a4 0 0 0 0 5 0
T 304 000000a4 1 1 0 0 0 0 0 0 1 0 1 1 0 0
R 304 152 000000a4 0000006f
C 304 000000a4 1 0 0 1 5 0
T 305 000000a4 0 1 0 0 0 0 0 0 1 0 0 0 0 0
C 305 000000a4 0 0 0 0 5 0
T 306 000000a4 1 1 0 0 0 0 0 0 1 0 1 1 0 0
R 306 153 000000a4 0000006f
C 306 000000a4 1 0 0 1 5 0
T 307 000000a4 0 1 0 0 0 0 0 0 1 0 0 0 0 0
C 307 000000a4 0 0 0 0 5 0
T 308 000000a4 1 1 0 0 0 0 0 0 1 0 1 1 0 0
R 308 154 000000a4 0000006f
C 308 000000a4 1 0 0 1 5 0
T 309 000000a4 0 1 0 0 0 0 0 0 1 0 0 0 0 0
C 309 000000a4 0 0 0 0 5 0
T 310 000000a4 1 1 0 0 0 0 0 0 1 0 1 1 0 0
R 310 155 000000a4 0000006f
C 310 000000a4 1 0 0 1 5 0
T 311 000000a4 0 1 0 0 0 0 0 0 1 0 0 0 0 0
C 311 000000a4 0 0 0 0 5 0
T 312 000000a4 1 1 0 0 0 0 0 0 1 0 1 1 0 0
R 312 156 000000a4 0000006f
C 312 000000a4 1 0 0 1 5 0
T 313 000000a4 0 1 0 0 0 0 0 0 1 0 0 0 0 0
C 313 000000a4 0 0 0 0 5 0
T 314 000000a4 1 1 0 0 0 0 0 0 1 0 1 1 0 0
R 314 157 000000a4 0000006f
C 314 000000a4 1 0 0 1 5 0
T 315 000000a4 0 1 0 0 0 0 0 0 1 0 0 0 0 0
C 315 000000a4 0 0 0 0 5 0
T 316 000000a4 1 1 0 0 0 0 0 0 1 0 1 1 0 0
R 316 158 000000a4 0000006f
C 316 000000a4 1 0 0 1 5 0
T 317 000000a4 0 1 0 0 0 0 0 0 1 0 0 0 0 0
C 317 000000a4 0 0 0 0 5 0
T 318 000000a4 1 1 0 0 0 0 0 0 1 0 1 1 0 0
R 318 159 000000a4 0000006f
C 318 000000a4 1 0 0 1 5 0
T 319 000000a4 0 1 0 0 0 0 0 0 1 0 0 0 0 0
C 319 000000a4 0 0 0 0 5 0
T 320 000000a4 1 1 0 0 0 0 0 0 1 0 1 1 0 0
R 320 160 000000a4 0000006f
C 320 000000a4 1 0 0 1 5 0
T 321 000000a4 0 1 0 0 0 0 0 0 1 0 0 0 0 0
C 321 000000a4 0 0 0 0 5 0
T 322 000000a4 1 1 0 0 0 0 0 0 1 0 1 1 0 0
R 322 161 000000a4 0000006f
C 322 000000a4 1 0 0 1 5 0
T 323 000000a4 0 1 0 0 0 0 0 0 1 0 0 0 0 0
C 323 000000a4 0 0 0 0 5 0
T 324 000000a4 1 1 0 0 0 0 0 0 1 0 1 1 0 0
R 324 162 000000a4 0000006f
C 324 000000a4 1 0 0 1 5 0
T 325 000000a4 0 1 0 0 0 0 0 0 1 0 0 0 0 0
C 325 000000a4 0 0 0 0 5 0
T 326 000000a4 1 1 0 0 0 0 0 0 1 0 1 1 0 0
R 326 163 000000a4 0000006f
C 326 000000a4 1 0 0 1 5 0
T 327 000000a4 0 1 0 0 0 0 0 0 1 0 0 0 0 0
C 327 000000a4 0 0 0 0 5 0
T 328 000000a4 1 1 0 0 0 0 0 0 1 0 1 1 0 0
R 328 164 000000a4 0000006f
C 328 000000a4 1 0 0 1 5 0
T 329 000000a4 0 1 0 0 0 0 0 0 1 0 0 0 0 0
C 329 000000a4 0 0 0 0 5 0
T 330 000000a4 1 1 0 0 0 0 0 0 1 0 1 1 0 0
R 330 165 000000a4 0000006f
C 330 000000a4 1 0 0 1 5 0
T 331 000000a4 0 1 0 0 0 0 0 0 1 0 0 0 0 0
C 331 000000a4 0 0 0 0 5 0
T 332 000000a4 1 1 0 0 0 0 0 0 1 0 1 1 0 0
R 332 166 000000a4 0000006f
C 332 000000a4 1 0 0 1 5 0
T 333 000000a4 0 1 0 0 0 0 0 0 1 0 0 0 0 0
C 333 000000a4 0 0 0 0 5 0
T 334 000000a4 1 1 0 0 0 0 0 0 1 0 1 1 0 0
R 334 167 000000a4 0000006f
C 334 000000a4 1 0 0 1 5 0
T 335 000000a4 0 1 0 0 0 0 0 0 1 0 0 0 0 0
C 335 000000a4 0 0 0 0 5 0
T 336 000000a4 1 1 0 0 0 0 0 0 1 0 1 1 0 0
R 336 168 000000a4 0000006f
C 336 000000a4 1 0 0 1 5 0
T 337 000000a4 0 1 0 0 0 0 0 0 1 0 0 0 0 0
C 337 000000a4 0 0 0 0 5 0
T 338 000000a4 1 1 0 0 0 0 0 0 1 0 1 1 0 0
R 338 169 000000a4 0000006f
C 338 000000a4 1 0 0 1 5 0
T 339 000000a4 0 1 0 0 0 0 0 0 1 0 0 0 0 0
C 339 000000a4 0 0 0 0 5 0
T 340 000000a4 1 1 0 0 0 0 0 0 1 0 1 1 0 0
R 340 170 000000a4 0000006f
C 340 000000a4 1 0 0 1 5 0
T 341 000000a4 0 1 0 0 0 0 0 0 1 0 0 0 0 0
C 341 000000a4 0 0 0 0 5 0
T 342 000000a4 1 1 0 0 0 0 0 0 1 0 1 1 0 0
R 342 171 000000a4 0000006f
C 342 000000a4 1 0 0 1 5 0
T 343 000000a4 0 1 0 0 0 0 0 0 1 0 0 0 0 0
C 343 000000a4 0 0 0 0 5 0
T 344 000000a4 1 1 0 0 0 0 0 0 1 0 1 1 0 0
R 344 172 000000a4 0000006f
C 344 000000a4 1 0 0 1 5 0
SAMPLE 345 ai=0 ab=0 am=0 pc=0 mismatch=0 rf=0 mode=0
T 345 000000a4 0 1 0 0 0 0 0 0 1 0 0 0 0 0
C 345 000000a4 0 0 0 0 5 0
SAMPLE 346 ai=0 ab=0 am=0 pc=0 mismatch=0 rf=0 mode=0
T 346 000000a4 1 1 0 0 0 0 0 0 1 0 1 1 0 0
R 346 173 000000a4 0000006f
C 346 000000a4 1 0 0 1 5 0
SAMPLE 347 ai=0 ab=0 am=0 pc=0 mismatch=0 rf=0 mode=0
T 347 000000a4 0 1 0 0 0 0 0 0 1 0 0 0 0 0
C 347 000000a4 0 0 0 0 5 0
SAMPLE 348 ai=0 ab=0 am=0 pc=0 mismatch=0 rf=0 mode=0
T 348 000000a4 1 1 0 0 0 0 0 0 1 0 1 1 0 0
R 348 174 000000a4 0000006f
C 348 000000a4 1 0 0 1 5 0
SAMPLE 349 ai=0 ab=0 am=0 pc=0 mismatch=0 rf=0 mode=0
T 349 000000a4 0 1 0 0 0 0 0 0 1 0 0 0 0 0
C 349 000000a4 0 0 0 0 5 0
SAMPLE 350 ai=0 ab=0 am=0 pc=0 mismatch=0 rf=0 mode=0
T 350 000000a4 1 1 0 0 0 0 0 0 1 0 1 1 0 0
R 350 175 000000a4 0000006f
C 350 000000a4 1 0 0 1 5 0
SAMPLE 351 ai=0 ab=0 am=0 pc=0 mismatch=0 rf=0 mode=0
T 351 000000a4 0 1 0 0 0 0 0 0 1 0 0 0 0 0
C 351 000000a4 0 0 0 0 5 0
SAMPLE 352 ai=0 ab=0 am=0 pc=0 mismatch=0 rf=0 mode=0
T 352 000000a4 1 1 0 0 0 0 0 0 1 0 1 1 0 0
R 352 176 000000a4 0000006f
C 352 000000a4 1 0 0 1 5 0
SAMPLE 353 ai=0 ab=0 am=0 pc=0 mismatch=0 rf=0 mode=0
T 353 000000a4 0 1 0 0 0 0 0 0 1 0 0 0 0 0
C 353 000000a4 0 0 0 0 5 0
SAMPLE 354 ai=0 ab=0 am=0 pc=0 mismatch=0 rf=0 mode=0
T 354 000000a4 1 1 0 0 0 0 0 0 1 0 1 1 0 0
R 354 177 000000a4 0000006f
C 354 000000a4 1 0 0 1 5 0
SAMPLE 355 ai=0 ab=0 am=0 pc=0 mismatch=0 rf=0 mode=0
T 355 000000a4 0 1 0 0 0 0 0 0 1 0 0 0 0 0
C 355 000000a4 0 0 0 0 5 0
SAMPLE 356 ai=0 ab=0 am=0 pc=0 mismatch=0 rf=0 mode=0
T 356 000000a4 1 1 0 0 0 0 0 0 1 0 1 1 0 0
R 356 178 000000a4 0000006f
C 356 000000a4 1 0 0 1 5 0
SAMPLE 357 ai=0 ab=0 am=0 pc=0 mismatch=0 rf=0 mode=0
T 357 000000a4 0 1 0 0 0 0 0 0 1 0 0 0 0 0
C 357 000000a4 0 0 0 0 5 0
SAMPLE 358 ai=0 ab=0 am=0 pc=0 mismatch=0 rf=0 mode=0
T 358 000000a4 1 1 0 0 0 0 0 0 1 0 1 1 0 0
R 358 179 000000a4 0000006f
C 358 000000a4 1 0 0 1 5 0
SAMPLE 359 ai=0 ab=0 am=0 pc=0 mismatch=0 rf=0 mode=0
T 359 000000a4 0 1 0 0 0 0 0 0 1 0 0 0 0 0
C 359 000000a4 0 0 0 0 5 0
SAMPLE 360 ai=0 ab=0 am=0 pc=0 mismatch=0 rf=0 mode=0
T 360 000000a4 1 1 0 0 0 0 0 0 1 0 1 1 0 0
R 360 180 000000a4 0000006f
C 360 000000a4 1 0 0 1 5 0
T 361 000000a4 0 1 0 0 0 0 0 0 1 0 0 0 0 0
C 361 000000a4 0 0 0 0 5 0
T 362 000000a4 1 1 0 0 0 0 0 0 1 0 1 1 0 0
R 362 181 000000a4 0000006f
C 362 000000a4 1 0 0 1 5 0
T 363 000000a4 0 1 0 0 0 0 0 0 1 0 0 0 0 0
C 363 000000a4 0 0 0 0 5 0
T 364 000000a4 1 1 0 0 0 0 0 0 1 0 1 1 0 0
R 364 182 000000a4 0000006f
C 364 000000a4 1 0 0 1 5 0
T 365 000000a4 0 1 0 0 0 0 0 0 1 0 0 0 0 0
C 365 000000a4 0 0 0 0 5 0
T 366 000000a4 1 1 0 0 0 0 0 0 1 0 1 1 0 0
R 366 183 000000a4 0000006f
C 366 000000a4 1 0 0 1 5 0
T 367 000000a4 0 1 0 0 0 0 0 0 1 0 0 0 0 0
C 367 000000a4 0 0 0 0 5 0
T 368 000000a4 1 1 0 0 0 0 0 0 1 0 1 1 0 0
R 368 184 000000a4 0000006f
C 368 000000a4 1 0 0 1 5 0
T 369 000000a4 0 1 0 0 0 0 0 0 1 0 0 0 0 0
C 369 000000a4 0 0 0 0 5 0
T 370 000000a4 1 1 0 0 0 0 0 0 1 0 1 1 0 0
R 370 185 000000a4 0000006f
C 370 000000a4 1 0 0 1 5 0
T 371 000000a4 0 1 0 0 0 0 0 0 1 0 0 0 0 0
C 371 000000a4 0 0 0 0 5 0
T 372 000000a4 1 1 0 0 0 0 0 0 1 0 1 1 0 0
R 372 186 000000a4 0000006f
C 372 000000a4 1 0 0 1 5 0
T 373 000000a4 0 1 0 0 0 0 0 0 1 0 0 0 0 0
C 373 000000a4 0 0 0 0 5 0
T 374 000000a4 1 1 0 0 0 0 0 0 1 0 1 1 0 0
R 374 187 000000a4 0000006f
C 374 000000a4 1 0 0 1 5 0
T 375 000000a4 0 1 0 0 0 0 0 0 1 0 0 0 0 0
C 375 000000a4 0 0 0 0 5 0
T 376 000000a4 1 1 0 0 0 0 0 0 1 0 1 1 0 0
R 376 188 000000a4 0000006f
C 376 000000a4 1 0 0 1 5 0
T 377 000000a4 0 1 0 0 0 0 0 0 1 0 0 0 0 0
C 377 000000a4 0 0 0 0 5 0
T 378 000000a4 1 1 0 0 0 0 0 0 1 0 1 1 0 0
R 378 189 000000a4 0000006f
C 378 000000a4 1 0 0 1 5 0
T 379 000000a4 0 1 0 0 0 0 0 0 1 0 0 0 0 0
C 379 000000a4 0 0 0 0 5 0
T 380 000000a4 1 1 0 0 0 0 0 0 1 0 1 1 0 0
R 380 190 000000a4 0000006f
C 380 000000a4 1 0 0 1 5 0
T 381 000000a4 0 1 0 0 0 0 0 0 1 0 0 0 0 0
C 381 000000a4 0 0 0 0 5 0
T 382 000000a4 1 1 0 0 0 0 0 0 1 0 1 1 0 0
R 382 191 000000a4 0000006f
C 382 000000a4 1 0 0 1 5 0
T 383 000000a4 0 1 0 0 0 0 0 0 1 0 0 0 0 0
C 383 000000a4 0 0 0 0 5 0
T 384 000000a4 1 1 0 0 0 0 0 0 1 0 1 1 0 0
R 384 192 000000a4 0000006f
C 384 000000a4 1 0 0 1 5 0
T 385 000000a4 0 1 0 0 0 0 0 0 1 0 0 0 0 0
C 385 000000a4 0 0 0 0 5 0
T 386 000000a4 1 1 0 0 0 0 0 0 1 0 1 1 0 0
R 386 193 000000a4 0000006f
C 386 000000a4 1 0 0 1 5 0
T 387 000000a4 0 1 0 0 0 0 0 0 1 0 0 0 0 0
C 387 000000a4 0 0 0 0 5 0
T 388 000000a4 1 1 0 0 0 0 0 0 1 0 1 1 0 0
R 388 194 000000a4 0000006f
C 388 000000a4 1 0 0 1 5 0
T 389 000000a4 0 1 0 0 0 0 0 0 1 0 0 0 0 0
C 389 000000a4 0 0 0 0 5 0
T 390 000000a4 1 1 0 0 0 0 0 0 1 0 1 1 0 0
R 390 195 000000a4 0000006f
C 390 000000a4 1 0 0 1 5 0
T 391 000000a4 0 1 0 0 0 0 0 0 1 0 0 0 0 0
C 391 000000a4 0 0 0 0 5 0
T 392 000000a4 1 1 0 0 0 0 0 0 1 0 1 1 0 0
R 392 196 000000a4 0000006f
C 392 000000a4 1 0 0 1 5 0
T 393 000000a4 0 1 0 0 0 0 0 0 1 0 0 0 0 0
C 393 000000a4 0 0 0 0 5 0
T 394 000000a4 1 1 0 0 0 0 0 0 1 0 1 1 0 0
R 394 197 000000a4 0000006f
C 394 000000a4 1 0 0 1 5 0
T 395 000000a4 0 1 0 0 0 0 0 0 1 0 0 0 0 0
C 395 000000a4 0 0 0 0 5 0
T 396 000000a4 1 1 0 0 0 0 0 0 1 0 1 1 0 0
R 396 198 000000a4 0000006f
C 396 000000a4 1 0 0 1 5 0
T 397 000000a4 0 1 0 0 0 0 0 0 1 0 0 0 0 0
C 397 000000a4 0 0 0 0 5 0
T 398 000000a4 1 1 0 0 0 0 0 0 1 0 1 1 0 0
R 398 199 000000a4 0000006f
C 398 000000a4 1 0 0 1 5 0
T 399 000000a4 0 1 0 0 0 0 0 0 1 0 0 0 0 0
C 399 000000a4 0 0 0 0 5 0
T 400 000000a4 1 1 0 0 0 0 0 0 1 0 1 1 0 0
R 400 200 000000a4 0000006f
C 400 000000a4 1 0 0 1 5 0
T 401 000000a4 0 1 0 0 0 0 0 0 1 0 0 0 0 0
C 401 000000a4 0 0 0 0 5 0
T 402 000000a4 1 1 0 0 0 0 0 0 1 0 1 1 0 0
R 402 201 000000a4 0000006f
C 402 000000a4 1 0 0 1 5 0
T 403 000000a4 0 1 0 0 0 0 0 0 1 0 0 0 0 0
C 403 000000a4 0 0 0 0 5 0
T 404 000000a4 1 1 0 0 0 0 0 0 1 0 1 1 0 0
R 404 202 000000a4 0000006f
C 404 000000a4 1 0 0 1 5 0
T 405 000000a4 0 1 0 0 0 0 0 0 1 0 0 0 0 0
C 405 000000a4 0 0 0 0 5 0
T 406 000000a4 1 1 0 0 0 0 0 0 1 0 1 1 0 0
R 406 203 000000a4 0000006f
C 406 000000a4 1 0 0 1 5 0
T 407 000000a4 0 1 0 0 0 0 0 0 1 0 0 0 0 0
C 407 000000a4 0 0 0 0 5 0
T 408 000000a4 1 1 0 0 0 0 0 0 1 0 1 1 0 0
R 408 204 000000a4 0000006f
C 408 000000a4 1 0 0 1 5 0
T 409 000000a4 0 1 0 0 0 0 0 0 1 0 0 0 0 0
C 409 000000a4 0 0 0 0 5 0
T 410 000000a4 1 1 0 0 0 0 0 0 1 0 1 1 0 0
R 410 205 000000a4 0000006f
C 410 000000a4 1 0 0 1 5 0
T 411 000000a4 0 1 0 0 0 0 0 0 1 0 0 0 0 0
C 411 000000a4 0 0 0 0 5 0
T 412 000000a4 1 1 0 0 0 0 0 0 1 0 1 1 0 0
R 412 206 000000a4 0000006f
C 412 000000a4 1 0 0 1 5 0
T 413 000000a4 0 1 0 0 0 0 0 0 1 0 0 0 0 0
C 413 000000a4 0 0 0 0 5 0
T 414 000000a4 1 1 0 0 0 0 0 0 1 0 1 1 0 0
R 414 207 000000a4 0000006f
C 414 000000a4 1 0 0 1 5 0
T 415 000000a4 0 1 0 0 0 0 0 0 1 0 0 0 0 0
C 415 000000a4 0 0 0 0 5 0
T 416 000000a4 1 1 0 0 0 0 0 0 1 0 1 1 0 0
R 416 208 000000a4 0000006f
C 416 000000a4 1 0 0 1 5 0
T 417 000000a4 0 1 0 0 0 0 0 0 1 0 0 0 0 0
C 417 000000a4 0 0 0 0 5 0
T 418 000000a4 1 1 0 0 0 0 0 0 1 0 1 1 0 0
R 418 209 000000a4 0000006f
C 418 000000a4 1 0 0 1 5 0
T 419 000000a4 0 1 0 0 0 0 0 0 1 0 0 0 0 0
C 419 000000a4 0 0 0 0 5 0
T 420 000000a4 1 1 0 0 0 0 0 0 1 0 1 1 0 0
R 420 210 000000a4 0000006f
C 420 000000a4 1 0 0 1 5 0
T 421 000000a4 0 1 0 0 0 0 0 0 1 0 0 0 0 0
C 421 000000a4 0 0 0 0 5 0
T 422 000000a4 1 1 0 0 0 0 0 0 1 0 1 1 0 0
R 422 211 000000a4 0000006f
C 422 000000a4 1 0 0 1 5 0
T 423 000000a4 0 1 0 0 0 0 0 0 1 0 0 0 0 0
C 423 000000a4 0 0 0 0 5 0
T 424 000000a4 1 1 0 0 0 0 0 0 1 0 1 1 0 0
R 424 212 000000a4 0000006f
C 424 000000a4 1 0 0 1 5 0
T 425 000000a4 0 1 0 0 0 0 0 0 1 0 0 0 0 0
C 425 000000a4 0 0 0 0 5 0
T 426 000000a4 1 1 0 0 0 0 0 0 1 0 1 1 0 0
R 426 213 000000a4 0000006f
C 426 000000a4 1 0 0 1 5 0
T 427 000000a4 0 1 0 0 0 0 0 0 1 0 0 0 0 0
C 427 000000a4 0 0 0 0 5 0
T 428 000000a4 1 1 0 0 0 0 0 0 1 0 1 1 0 0
R 428 214 000000a4 0000006f
C 428 000000a4 1 0 0 1 5 0
T 429 000000a4 0 1 0 0 0 0 0 0 1 0 0 0 0 0
C 429 000000a4 0 0 0 0 5 0
T 430 000000a4 1 1 0 0 0 0 0 0 1 0 1 1 0 0
R 430 215 000000a4 0000006f
C 430 000000a4 1 0 0 1 5 0
T 431 000000a4 0 1 0 0 0 0 0 0 1 0 0 0 0 0
C 431 000000a4 0 0 0 0 5 0
T 432 000000a4 1 1 0 0 0 0 0 0 1 0 1 1 0 0
R 432 216 000000a4 0000006f
C 432 000000a4 1 0 0 1 5 0
T 433 000000a4 0 1 0 0 0 0 0 0 1 0 0 0 0 0
C 433 000000a4 0 0 0 0 5 0
T 434 000000a4 1 1 0 0 0 0 0 0 1 0 1 1 0 0
R 434 217 000000a4 0000006f
C 434 000000a4 1 0 0 1 5 0
T 435 000000a4 0 1 0 0 0 0 0 0 1 0 0 0 0 0
C 435 000000a4 0 0 0 0 5 0
T 436 000000a4 1 1 0 0 0 0 0 0 1 0 1 1 0 0
R 436 218 000000a4 0000006f
C 436 000000a4 1 0 0 1 5 0
T 437 000000a4 0 1 0 0 0 0 0 0 1 0 0 0 0 0
C 437 000000a4 0 0 0 0 5 0
T 438 000000a4 1 1 0 0 0 0 0 0 1 0 1 1 0 0
R 438 219 000000a4 0000006f
C 438 000000a4 1 0 0 1 5 0
T 439 000000a4 0 1 0 0 0 0 0 0 1 0 0 0 0 0
C 439 000000a4 0 0 0 0 5 0
T 440 000000a4 1 1 0 0 0 0 0 0 1 0 1 1 0 0
R 440 220 000000a4 0000006f
C 440 000000a4 1 0 0 1 5 0
T 441 000000a4 0 1 0 0 0 0 0 0 1 0 0 0 0 0
C 441 000000a4 0 0 0 0 5 0
T 442 000000a4 1 1 0 0 0 0 0 0 1 0 1 1 0 0
R 442 221 000000a4 0000006f
C 442 000000a4 1 0 0 1 5 0
T 443 000000a4 0 1 0 0 0 0 0 0 1 0 0 0 0 0
C 443 000000a4 0 0 0 0 5 0
T 444 000000a4 1 1 0 0 0 0 0 0 1 0 1 1 0 0
R 444 222 000000a4 0000006f
C 444 000000a4 1 0 0 1 5 0
T 445 000000a4 0 1 0 0 0 0 0 0 1 0 0 0 0 0
C 445 000000a4 0 0 0 0 5 0
T 446 000000a4 1 1 0 0 0 0 0 0 1 0 1 1 0 0
R 446 223 000000a4 0000006f
C 446 000000a4 1 0 0 1 5 0
T 447 000000a4 0 1 0 0 0 0 0 0 1 0 0 0 0 0
C 447 000000a4 0 0 0 0 5 0
T 448 000000a4 1 1 0 0 0 0 0 0 1 0 1 1 0 0
R 448 224 000000a4 0000006f
C 448 000000a4 1 0 0 1 5 0
T 449 000000a4 0 1 0 0 0 0 0 0 1 0 0 0 0 0
C 449 000000a4 0 0 0 0 5 0
T 450 000000a4 1 1 0 0 0 0 0 0 1 0 1 1 0 0
R 450 225 000000a4 0000006f
C 450 000000a4 1 0 0 1 5 0
T 451 000000a4 0 1 0 0 0 0 0 0 1 0 0 0 0 0
C 451 000000a4 0 0 0 0 5 0
T 452 000000a4 1 1 0 0 0 0 0 0 1 0 1 1 0 0
R 452 226 000000a4 0000006f
C 452 000000a4 1 0 0 1 5 0
T 453 000000a4 0 1 0 0 0 0 0 0 1 0 0 0 0 0
C 453 000000a4 0 0 0 0 5 0
T 454 000000a4 1 1 0 0 0 0 0 0 1 0 1 1 0 0
R 454 227 000000a4 0000006f
C 454 000000a4 1 0 0 1 5 0
T 455 000000a4 0 1 0 0 0 0 0 0 1 0 0 0 0 0
C 455 000000a4 0 0 0 0 5 0
T 456 000000a4 1 1 0 0 0 0 0 0 1 0 1 1 0 0
R 456 228 000000a4 0000006f
C 456 000000a4 1 0 0 1 5 0
T 457 000000a4 0 1 0 0 0 0 0 0 1 0 0 0 0 0
C 457 000000a4 0 0 0 0 5 0
T 458 000000a4 1 1 0 0 0 0 0 0 1 0 1 1 0 0
R 458 229 000000a4 0000006f
C 458 000000a4 1 0 0 1 5 0
T 459 000000a4 0 1 0 0 0 0 0 0 1 0 0 0 0 0
C 459 000000a4 0 0 0 0 5 0
T 460 000000a4 1 1 0 0 0 0 0 0 1 0 1 1 0 0
R 460 230 000000a4 0000006f
C 460 000000a4 1 0 0 1 5 0
T 461 000000a4 0 1 0 0 0 0 0 0 1 0 0 0 0 0
C 461 000000a4 0 0 0 0 5 0
T 462 000000a4 1 1 0 0 0 0 0 0 1 0 1 1 0 0
R 462 231 000000a4 0000006f
C 462 000000a4 1 0 0 1 5 0
T 463 000000a4 0 1 0 0 0 0 0 0 1 0 0 0 0 0
C 463 000000a4 0 0 0 0 5 0
T 464 000000a4 1 1 0 0 0 0 0 0 1 0 1 1 0 0
R 464 232 000000a4 0000006f
C 464 000000a4 1 0 0 1 5 0
T 465 000000a4 0 1 0 0 0 0 0 0 1 0 0 0 0 0
C 465 000000a4 0 0 0 0 5 0
T 466 000000a4 1 1 0 0 0 0 0 0 1 0 1 1 0 0
R 466 233 000000a4 0000006f
C 466 000000a4 1 0 0 1 5 0
T 467 000000a4 0 1 0 0 0 0 0 0 1 0 0 0 0 0
C 467 000000a4 0 0 0 0 5 0
T 468 000000a4 1 1 0 0 0 0 0 0 1 0 1 1 0 0
R 468 234 000000a4 0000006f
C 468 000000a4 1 0 0 1 5 0
T 469 000000a4 0 1 0 0 0 0 0 0 1 0 0 0 0 0
C 469 000000a4 0 0 0 0 5 0
T 470 000000a4 1 1 0 0 0 0 0 0 1 0 1 1 0 0
R 470 235 000000a4 0000006f
C 470 000000a4 1 0 0 1 5 0
T 471 000000a4 0 1 0 0 0 0 0 0 1 0 0 0 0 0
C 471 000000a4 0 0 0 0 5 0
T 472 000000a4 1 1 0 0 0 0 0 0 1 0 1 1 0 0
R 472 236 000000a4 0000006f
C 472 000000a4 1 0 0 1 5 0
T 473 000000a4 0 1 0 0 0 0 0 0 1 0 0 0 0 0
C 473 000000a4 0 0 0 0 5 0
T 474 000000a4 1 1 0 0 0 0 0 0 1 0 1 1 0 0
R 474 237 000000a4 0000006f
C 474 000000a4 1 0 0 1 5 0
T 475 000000a4 0 1 0 0 0 0 0 0 1 0 0 0 0 0
C 475 000000a4 0 0 0 0 5 0
T 476 000000a4 1 1 0 0 0 0 0 0 1 0 1 1 0 0
R 476 238 000000a4 0000006f
C 476 000000a4 1 0 0 1 5 0
T 477 000000a4 0 1 0 0 0 0 0 0 1 0 0 0 0 0
C 477 000000a4 0 0 0 0 5 0
T 478 000000a4 1 1 0 0 0 0 0 0 1 0 1 1 0 0
R 478 239 000000a4 0000006f
C 478 000000a4 1 0 0 1 5 0
T 479 000000a4 0 1 0 0 0 0 0 0 1 0 0 0 0 0
C 479 000000a4 0 0 0 0 5 0
T 480 000000a4 1 1 0 0 0 0 0 0 1 0 1 1 0 0
R 480 240 000000a4 0000006f
C 480 000000a4 1 0 0 1 5 0
T 481 000000a4 0 1 0 0 0 0 0 0 1 0 0 0 0 0
C 481 000000a4 0 0 0 0 5 0
T 482 000000a4 1 1 0 0 0 0 0 0 1 0 1 1 0 0
R 482 241 000000a4 0000006f
C 482 000000a4 1 0 0 1 5 0
T 483 000000a4 0 1 0 0 0 0 0 0 1 0 0 0 0 0
C 483 000000a4 0 0 0 0 5 0
T 484 000000a4 1 1 0 0 0 0 0 0 1 0 1 1 0 0
R 484 242 000000a4 0000006f
C 484 000000a4 1 0 0 1 5 0
T 485 000000a4 0 1 0 0 0 0 0 0 1 0 0 0 0 0
C 485 000000a4 0 0 0 0 5 0
T 486 000000a4 1 1 0 0 0 0 0 0 1 0 1 1 0 0
R 486 243 000000a4 0000006f
C 486 000000a4 1 0 0 1 5 0
T 487 000000a4 0 1 0 0 0 0 0 0 1 0 0 0 0 0
C 487 000000a4 0 0 0 0 5 0
T 488 000000a4 1 1 0 0 0 0 0 0 1 0 1 1 0 0
R 488 244 000000a4 0000006f
C 488 000000a4 1 0 0 1 5 0
T 489 000000a4 0 1 0 0 0 0 0 0 1 0 0 0 0 0
C 489 000000a4 0 0 0 0 5 0
T 490 000000a4 1 1 0 0 0 0 0 0 1 0 1 1 0 0
R 490 245 000000a4 0000006f
C 490 000000a4 1 0 0 1 5 0
T 491 000000a4 0 1 0 0 0 0 0 0 1 0 0 0 0 0
C 491 000000a4 0 0 0 0 5 0
T 492 000000a4 1 1 0 0 0 0 0 0 1 0 1 1 0 0
R 492 246 000000a4 0000006f
C 492 000000a4 1 0 0 1 5 0
T 493 000000a4 0 1 0 0 0 0 0 0 1 0 0 0 0 0
C 493 000000a4 0 0 0 0 5 0
T 494 000000a4 1 1 0 0 0 0 0 0 1 0 1 1 0 0
R 494 247 000000a4 0000006f
C 494 000000a4 1 0 0 1 5 0
T 495 000000a4 0 1 0 0 0 0 0 0 1 0 0 0 0 0
C 495 000000a4 0 0 0 0 5 0
T 496 000000a4 1 1 0 0 0 0 0 0 1 0 1 1 0 0
R 496 248 000000a4 0000006f
C 496 000000a4 1 0 0 1 5 0
T 497 000000a4 0 1 0 0 0 0 0 0 1 0 0 0 0 0
C 497 000000a4 0 0 0 0 5 0
T 498 000000a4 1 1 0 0 0 0 0 0 1 0 1 1 0 0
R 498 249 000000a4 0000006f
C 498 000000a4 1 0 0 1 5 0
T 499 000000a4 0 1 0 0 0 0 0 0 1 0 0 0 0 0
C 499 000000a4 0 0 0 0 5 0
T 500 000000a4 1 1 0 0 0 0 0 0 1 0 1 1 0 0
R 500 250 000000a4 0000006f
C 500 000000a4 1 0 0 1 5 0
T 501 000000a4 0 1 0 0 0 0 0 0 1 0 0 0 0 0
C 501 000000a4 0 0 0 0 5 0
T 502 000000a4 1 1 0 0 0 0 0 0 1 0 1 1 0 0
R 502 251 000000a4 0000006f
C 502 000000a4 1 0 0 1 5 0
T 503 000000a4 0 1 0 0 0 0 0 0 1 0 0 0 0 0
C 503 000000a4 0 0 0 0 5 0
T 504 000000a4 1 1 0 0 0 0 0 0 1 0 1 1 0 0
R 504 252 000000a4 0000006f
C 504 000000a4 1 0 0 1 5 0
T 505 000000a4 0 1 0 0 0 0 0 0 1 0 0 0 0 0
C 505 000000a4 0 0 0 0 5 0
T 506 000000a4 1 1 0 0 0 0 0 0 1 0 1 1 0 0
R 506 253 000000a4 0000006f
C 506 000000a4 1 0 0 1 5 0
T 507 000000a4 0 1 0 0 0 0 0 0 1 0 0 0 0 0
C 507 000000a4 0 0 0 0 5 0
T 508 000000a4 1 1 0 0 0 0 0 0 1 0 1 1 0 0
R 508 254 000000a4 0000006f
C 508 000000a4 1 0 0 1 5 0
T 509 000000a4 0 1 0 0 0 0 0 0 1 0 0 0 0 0
C 509 000000a4 0 0 0 0 5 0
T 510 000000a4 1 1 0 0 0 0 0 0 1 0 1 1 0 0
R 510 255 000000a4 0000006f
C 510 000000a4 1 0 0 1 5 0
T 511 000000a4 0 1 0 0 0 0 0 0 1 0 0 0 0 0
C 511 000000a4 0 0 0 0 5 0
T 512 000000a4 1 1 0 0 0 0 0 0 1 0 1 1 0 0
R 512 256 000000a4 0000006f
C 512 000000a4 1 0 0 1 5 0
T 513 000000a4 0 1 0 0 0 0 0 0 1 0 0 0 0 0
C 513 000000a4 0 0 0 0 5 0
T 514 000000a4 1 1 0 0 0 0 0 0 1 0 1 1 0 0
R 514 257 000000a4 0000006f
C 514 000000a4 1 0 0 1 5 0
T 515 000000a4 0 1 0 0 0 0 0 0 1 0 0 0 0 0
C 515 000000a4 0 0 0 0 5 0
T 516 000000a4 1 1 0 0 0 0 0 0 1 0 1 1 0 0
R 516 258 000000a4 0000006f
C 516 000000a4 1 0 0 1 5 0
T 517 000000a4 0 1 0 0 0 0 0 0 1 0 0 0 0 0
C 517 000000a4 0 0 0 0 5 0
T 518 000000a4 1 1 0 0 0 0 0 0 1 0 1 1 0 0
R 518 259 000000a4 0000006f
C 518 000000a4 1 0 0 1 5 0
T 519 000000a4 0 1 0 0 0 0 0 0 1 0 0 0 0 0
C 519 000000a4 0 0 0 0 5 0
T 520 000000a4 1 1 0 0 0 0 0 0 1 0 1 1 0 0
R 520 260 000000a4 0000006f
C 520 000000a4 1 0 0 1 5 0
T 521 000000a4 0 1 0 0 0 0 0 0 1 0 0 0 0 0
C 521 000000a4 0 0 0 0 5 0
T 522 000000a4 1 1 0 0 0 0 0 0 1 0 1 1 0 0
R 522 261 000000a4 0000006f
C 522 000000a4 1 0 0 1 5 0
T 523 000000a4 0 1 0 0 0 0 0 0 1 0 0 0 0 0
C 523 000000a4 0 0 0 0 5 0
T 524 000000a4 1 1 0 0 0 0 0 0 1 0 1 1 0 0
R 524 262 000000a4 0000006f
C 524 000000a4 1 0 0 1 5 0
T 525 000000a4 0 1 0 0 0 0 0 0 1 0 0 0 0 0
C 525 000000a4 0 0 0 0 5 0
T 526 000000a4 1 1 0 0 0 0 0 0 1 0 1 1 0 0
R 526 263 000000a4 0000006f
C 526 000000a4 1 0 0 1 5 0
T 527 000000a4 0 1 0 0 0 0 0 0 1 0 0 0 0 0
C 527 000000a4 0 0 0 0 5 0
T 528 000000a4 1 1 0 0 0 0 0 0 1 0 1 1 0 0
R 528 264 000000a4 0000006f
C 528 000000a4 1 0 0 1 5 0
T 529 000000a4 0 1 0 0 0 0 0 0 1 0 0 0 0 0
C 529 000000a4 0 0 0 0 5 0
T 530 000000a4 1 1 0 0 0 0 0 0 1 0 1 1 0 0
R 530 265 000000a4 0000006f
C 530 000000a4 1 0 0 1 5 0
T 531 000000a4 0 1 0 0 0 0 0 0 1 0 0 0 0 0
C 531 000000a4 0 0 0 0 5 0
T 532 000000a4 1 1 0 0 0 0 0 0 1 0 1 1 0 0
R 532 266 000000a4 0000006f
C 532 000000a4 1 0 0 1 5 0
T 533 000000a4 0 1 0 0 0 0 0 0 1 0 0 0 0 0
C 533 000000a4 0 0 0 0 5 0
T 534 000000a4 1 1 0 0 0 0 0 0 1 0 1 1 0 0
R 534 267 000000a4 0000006f
C 534 000000a4 1 0 0 1 5 0
T 535 000000a4 0 1 0 0 0 0 0 0 1 0 0 0 0 0
C 535 000000a4 0 0 0 0 5 0
T 536 000000a4 1 1 0 0 0 0 0 0 1 0 1 1 0 0
R 536 268 000000a4 0000006f
C 536 000000a4 1 0 0 1 5 0
T 537 000000a4 0 1 0 0 0 0 0 0 1 0 0 0 0 0
C 537 000000a4 0 0 0 0 5 0
T 538 000000a4 1 1 0 0 0 0 0 0 1 0 1 1 0 0
R 538 269 000000a4 0000006f
C 538 000000a4 1 0 0 1 5 0
T 539 000000a4 0 1 0 0 0 0 0 0 1 0 0 0 0 0
C 539 000000a4 0 0 0 0 5 0
T 540 000000a4 1 1 0 0 0 0 0 0 1 0 1 1 0 0
R 540 270 000000a4 0000006f
C 540 000000a4 1 0 0 1 5 0
T 541 000000a4 0 1 0 0 0 0 0 0 1 0 0 0 0 0
C 541 000000a4 0 0 0 0 5 0
T 542 000000a4 1 1 0 0 0 0 0 0 1 0 1 1 0 0
R 542 271 000000a4 0000006f
C 542 000000a4 1 0 0 1 5 0
T 543 000000a4 0 1 0 0 0 0 0 0 1 0 0 0 0 0
C 543 000000a4 0 0 0 0 5 0
T 544 000000a4 1 1 0 0 0 0 0 0 1 0 1 1 0 0
R 544 272 000000a4 0000006f
C 544 000000a4 1 0 0 1 5 0
T 545 000000a4 0 1 0 0 0 0 0 0 1 0 0 0 0 0
C 545 000000a4 0 0 0 0 5 0
T 546 000000a4 1 1 0 0 0 0 0 0 1 0 1 1 0 0
R 546 273 000000a4 0000006f
C 546 000000a4 1 0 0 1 5 0
T 547 000000a4 0 1 0 0 0 0 0 0 1 0 0 0 0 0
C 547 000000a4 0 0 0 0 5 0
T 548 000000a4 1 1 0 0 0 0 0 0 1 0 1 1 0 0
R 548 274 000000a4 0000006f
C 548 000000a4 1 0 0 1 5 0
T 549 000000a4 0 1 0 0 0 0 0 0 1 0 0 0 0 0
C 549 000000a4 0 0 0 0 5 0
T 550 000000a4 1 1 0 0 0 0 0 0 1 0 1 1 0 0
R 550 275 000000a4 0000006f
C 550 000000a4 1 0 0 1 5 0
T 551 000000a4 0 1 0 0 0 0 0 0 1 0 0 0 0 0
C 551 000000a4 0 0 0 0 5 0
T 552 000000a4 1 1 0 0 0 0 0 0 1 0 1 1 0 0
R 552 276 000000a4 0000006f
C 552 000000a4 1 0 0 1 5 0
T 553 000000a4 0 1 0 0 0 0 0 0 1 0 0 0 0 0
C 553 000000a4 0 0 0 0 5 0
T 554 000000a4 1 1 0 0 0 0 0 0 1 0 1 1 0 0
R 554 277 000000a4 0000006f
C 554 000000a4 1 0 0 1 5 0
T 555 000000a4 0 1 0 0 0 0 0 0 1 0 0 0 0 0
C 555 000000a4 0 0 0 0 5 0
T 556 000000a4 1 1 0 0 0 0 0 0 1 0 1 1 0 0
R 556 278 000000a4 0000006f
C 556 000000a4 1 0 0 1 5 0
T 557 000000a4 0 1 0 0 0 0 0 0 1 0 0 0 0 0
C 557 000000a4 0 0 0 0 5 0
T 558 000000a4 1 1 0 0 0 0 0 0 1 0 1 1 0 0
R 558 279 000000a4 0000006f
C 558 000000a4 1 0 0 1 5 0
T 559 000000a4 0 1 0 0 0 0 0 0 1 0 0 0 0 0
C 559 000000a4 0 0 0 0 5 0
T 560 000000a4 1 1 0 0 0 0 0 0 1 0 1 1 0 0
R 560 280 000000a4 0000006f
C 560 000000a4 1 0 0 1 5 0
T 561 000000a4 0 1 0 0 0 0 0 0 1 0 0 0 0 0
C 561 000000a4 0 0 0 0 5 0
T 562 000000a4 1 1 0 0 0 0 0 0 1 0 1 1 0 0
R 562 281 000000a4 0000006f
C 562 000000a4 1 0 0 1 5 0
T 563 000000a4 0 1 0 0 0 0 0 0 1 0 0 0 0 0
C 563 000000a4 0 0 0 0 5 0
T 564 000000a4 1 1 0 0 0 0 0 0 1 0 1 1 0 0
R 564 282 000000a4 0000006f
C 564 000000a4 1 0 0 1 5 0
T 565 000000a4 0 1 0 0 0 0 0 0 1 0 0 0 0 0
C 565 000000a4 0 0 0 0 5 0
T 566 000000a4 1 1 0 0 0 0 0 0 1 0 1 1 0 0
R 566 283 000000a4 0000006f
C 566 000000a4 1 0 0 1 5 0
T 567 000000a4 0 1 0 0 0 0 0 0 1 0 0 0 0 0
C 567 000000a4 0 0 0 0 5 0
T 568 000000a4 1 1 0 0 0 0 0 0 1 0 1 1 0 0
R 568 284 000000a4 0000006f
C 568 000000a4 1 0 0 1 5 0
T 569 000000a4 0 1 0 0 0 0 0 0 1 0 0 0 0 0
C 569 000000a4 0 0 0 0 5 0
T 570 000000a4 1 1 0 0 0 0 0 0 1 0 1 1 0 0
R 570 285 000000a4 0000006f
C 570 000000a4 1 0 0 1 5 0
T 571 000000a4 0 1 0 0 0 0 0 0 1 0 0 0 0 0
C 571 000000a4 0 0 0 0 5 0
T 572 000000a4 1 1 0 0 0 0 0 0 1 0 1 1 0 0
R 572 286 000000a4 0000006f
C 572 000000a4 1 0 0 1 5 0
T 573 000000a4 0 1 0 0 0 0 0 0 1 0 0 0 0 0
C 573 000000a4 0 0 0 0 5 0
T 574 000000a4 1 1 0 0 0 0 0 0 1 0 1 1 0 0
R 574 287 000000a4 0000006f
C 574 000000a4 1 0 0 1 5 0
T 575 000000a4 0 1 0 0 0 0 0 0 1 0 0 0 0 0
C 575 000000a4 0 0 0 0 5 0
T 576 000000a4 1 1 0 0 0 0 0 0 1 0 1 1 0 0
R 576 288 000000a4 0000006f
C 576 000000a4 1 0 0 1 5 0
T 577 000000a4 0 1 0 0 0 0 0 0 1 0 0 0 0 0
C 577 000000a4 0 0 0 0 5 0
T 578 000000a4 1 1 0 0 0 0 0 0 1 0 1 1 0 0
R 578 289 000000a4 0000006f
C 578 000000a4 1 0 0 1 5 0
T 579 000000a4 0 1 0 0 0 0 0 0 1 0 0 0 0 0
C 579 000000a4 0 0 0 0 5 0
T 580 000000a4 1 1 0 0 0 0 0 0 1 0 1 1 0 0
R 580 290 000000a4 0000006f
C 580 000000a4 1 0 0 1 5 0
T 581 000000a4 0 1 0 0 0 0 0 0 1 0 0 0 0 0
C 581 000000a4 0 0 0 0 5 0
T 582 000000a4 1 1 0 0 0 0 0 0 1 0 1 1 0 0
R 582 291 000000a4 0000006f
C 582 000000a4 1 0 0 1 5 0
T 583 000000a4 0 1 0 0 0 0 0 0 1 0 0 0 0 0
C 583 000000a4 0 0 0 0 5 0
T 584 000000a4 1 1 0 0 0 0 0 0 1 0 1 1 0 0
R 584 292 000000a4 0000006f
C 584 000000a4 1 0 0 1 5 0
T 585 000000a4 0 1 0 0 0 0 0 0 1 0 0 0 0 0
C 585 000000a4 0 0 0 0 5 0
T 586 000000a4 1 1 0 0 0 0 0 0 1 0 1 1 0 0
R 586 293 000000a4 0000006f
C 586 000000a4 1 0 0 1 5 0
T 587 000000a4 0 1 0 0 0 0 0 0 1 0 0 0 0 0
C 587 000000a4 0 0 0 0 5 0
T 588 000000a4 1 1 0 0 0 0 0 0 1 0 1 1 0 0
R 588 294 000000a4 0000006f
C 588 000000a4 1 0 0 1 5 0
T 589 000000a4 0 1 0 0 0 0 0 0 1 0 0 0 0 0
C 589 000000a4 0 0 0 0 5 0
T 590 000000a4 1 1 0 0 0 0 0 0 1 0 1 1 0 0
R 590 295 000000a4 0000006f
C 590 000000a4 1 0 0 1 5 0
T 591 000000a4 0 1 0 0 0 0 0 0 1 0 0 0 0 0
C 591 000000a4 0 0 0 0 5 0
T 592 000000a4 1 1 0 0 0 0 0 0 1 0 1 1 0 0
R 592 296 000000a4 0000006f
C 592 000000a4 1 0 0 1 5 0
T 593 000000a4 0 1 0 0 0 0 0 0 1 0 0 0 0 0
C 593 000000a4 0 0 0 0 5 0
T 594 000000a4 1 1 0 0 0 0 0 0 1 0 1 1 0 0
R 594 297 000000a4 0000006f
C 594 000000a4 1 0 0 1 5 0
T 595 000000a4 0 1 0 0 0 0 0 0 1 0 0 0 0 0
C 595 000000a4 0 0 0 0 5 0
T 596 000000a4 1 1 0 0 0 0 0 0 1 0 1 1 0 0
R 596 298 000000a4 0000006f
C 596 000000a4 1 0 0 1 5 0
T 597 000000a4 0 1 0 0 0 0 0 0 1 0 0 0 0 0
C 597 000000a4 0 0 0 0 5 0
T 598 000000a4 1 1 0 0 0 0 0 0 1 0 1 1 0 0
R 598 299 000000a4 0000006f
C 598 000000a4 1 0 0 1 5 0
T 599 000000a4 0 1 0 0 0 0 0 0 1 0 0 0 0 0
C 599 000000a4 0 0 0 0 5 0
T 600 000000a4 1 1 0 0 0 0 0 0 1 0 1 1 0 0
R 600 300 000000a4 0000006f
C 600 000000a4 1 0 0 1 5 0
T 601 000000a4 0 1 0 0 0 0 0 0 1 0 0 0 0 0
C 601 000000a4 0 0 0 0 5 0
T 602 000000a4 1 1 0 0 0 0 0 0 1 0 1 1 0 0
R 602 301 000000a4 0000006f
C 602 000000a4 1 0 0 1 5 0
T 603 000000a4 0 1 0 0 0 0 0 0 1 0 0 0 0 0
C 603 000000a4 0 0 0 0 5 0
T 604 000000a4 1 1 0 0 0 0 0 0 1 0 1 1 0 0
R 604 302 000000a4 0000006f
C 604 000000a4 1 0 0 1 5 0
T 605 000000a4 0 1 0 0 0 0 0 0 1 0 0 0 0 0
C 605 000000a4 0 0 0 0 5 0
T 606 000000a4 1 1 0 0 0 0 0 0 1 0 1 1 0 0
R 606 303 000000a4 0000006f
C 606 000000a4 1 0 0 1 5 0
T 607 000000a4 0 1 0 0 0 0 0 0 1 0 0 0 0 0
C 607 000000a4 0 0 0 0 5 0
T 608 000000a4 1 1 0 0 0 0 0 0 1 0 1 1 0 0
R 608 304 000000a4 0000006f
C 608 000000a4 1 0 0 1 5 0
T 609 000000a4 0 1 0 0 0 0 0 0 1 0 0 0 0 0
C 609 000000a4 0 0 0 0 5 0
T 610 000000a4 1 1 0 0 0 0 0 0 1 0 1 1 0 0
R 610 305 000000a4 0000006f
C 610 000000a4 1 0 0 1 5 0
T 611 000000a4 0 1 0 0 0 0 0 0 1 0 0 0 0 0
C 611 000000a4 0 0 0 0 5 0
T 612 000000a4 1 1 0 0 0 0 0 0 1 0 1 1 0 0
R 612 306 000000a4 0000006f
C 612 000000a4 1 0 0 1 5 0
T 613 000000a4 0 1 0 0 0 0 0 0 1 0 0 0 0 0
C 613 000000a4 0 0 0 0 5 0
T 614 000000a4 1 1 0 0 0 0 0 0 1 0 1 1 0 0
R 614 307 000000a4 0000006f
C 614 000000a4 1 0 0 1 5 0
T 615 000000a4 0 1 0 0 0 0 0 0 1 0 0 0 0 0
C 615 000000a4 0 0 0 0 5 0
T 616 000000a4 1 1 0 0 0 0 0 0 1 0 1 1 0 0
R 616 308 000000a4 0000006f
C 616 000000a4 1 0 0 1 5 0
T 617 000000a4 0 1 0 0 0 0 0 0 1 0 0 0 0 0
C 617 000000a4 0 0 0 0 5 0
T 618 000000a4 1 1 0 0 0 0 0 0 1 0 1 1 0 0
R 618 309 000000a4 0000006f
C 618 000000a4 1 0 0 1 5 0
T 619 000000a4 0 1 0 0 0 0 0 0 1 0 0 0 0 0
C 619 000000a4 0 0 0 0 5 0
T 620 000000a4 1 1 0 0 0 0 0 0 1 0 1 1 0 0
R 620 310 000000a4 0000006f
C 620 000000a4 1 0 0 1 5 0
T 621 000000a4 0 1 0 0 0 0 0 0 1 0 0 0 0 0
C 621 000000a4 0 0 0 0 5 0
T 622 000000a4 1 1 0 0 0 0 0 0 1 0 1 1 0 0
R 622 311 000000a4 0000006f
C 622 000000a4 1 0 0 1 5 0
T 623 000000a4 0 1 0 0 0 0 0 0 1 0 0 0 0 0
C 623 000000a4 0 0 0 0 5 0
T 624 000000a4 1 1 0 0 0 0 0 0 1 0 1 1 0 0
R 624 312 000000a4 0000006f
C 624 000000a4 1 0 0 1 5 0
T 625 000000a4 0 1 0 0 0 0 0 0 1 0 0 0 0 0
C 625 000000a4 0 0 0 0 5 0
T 626 000000a4 1 1 0 0 0 0 0 0 1 0 1 1 0 0
R 626 313 000000a4 0000006f
C 626 000000a4 1 0 0 1 5 0
T 627 000000a4 0 1 0 0 0 0 0 0 1 0 0 0 0 0
C 627 000000a4 0 0 0 0 5 0
T 628 000000a4 1 1 0 0 0 0 0 0 1 0 1 1 0 0
R 628 314 000000a4 0000006f
C 628 000000a4 1 0 0 1 5 0
T 629 000000a4 0 1 0 0 0 0 0 0 1 0 0 0 0 0
C 629 000000a4 0 0 0 0 5 0
T 630 000000a4 1 1 0 0 0 0 0 0 1 0 1 1 0 0
R 630 315 000000a4 0000006f
C 630 000000a4 1 0 0 1 5 0
T 631 000000a4 0 1 0 0 0 0 0 0 1 0 0 0 0 0
C 631 000000a4 0 0 0 0 5 0
T 632 000000a4 1 1 0 0 0 0 0 0 1 0 1 1 0 0
R 632 316 000000a4 0000006f
C 632 000000a4 1 0 0 1 5 0
T 633 000000a4 0 1 0 0 0 0 0 0 1 0 0 0 0 0
C 633 000000a4 0 0 0 0 5 0
T 634 000000a4 1 1 0 0 0 0 0 0 1 0 1 1 0 0
R 634 317 000000a4 0000006f
C 634 000000a4 1 0 0 1 5 0
T 635 000000a4 0 1 0 0 0 0 0 0 1 0 0 0 0 0
C 635 000000a4 0 0 0 0 5 0
T 636 000000a4 1 1 0 0 0 0 0 0 1 0 1 1 0 0
R 636 318 000000a4 0000006f
C 636 000000a4 1 0 0 1 5 0
T 637 000000a4 0 1 0 0 0 0 0 0 1 0 0 0 0 0
C 637 000000a4 0 0 0 0 5 0
T 638 000000a4 1 1 0 0 0 0 0 0 1 0 1 1 0 0
R 638 319 000000a4 0000006f
C 638 000000a4 1 0 0 1 5 0
T 639 000000a4 0 1 0 0 0 0 0 0 1 0 0 0 0 0
C 639 000000a4 0 0 0 0 5 0
T 640 000000a4 1 1 0 0 0 0 0 0 1 0 1 1 0 0
R 640 320 000000a4 0000006f
C 640 000000a4 1 0 0 1 5 0
T 641 000000a4 0 1 0 0 0 0 0 0 1 0 0 0 0 0
C 641 000000a4 0 0 0 0 5 0
T 642 000000a4 1 1 0 0 0 0 0 0 1 0 1 1 0 0
R 642 321 000000a4 0000006f
C 642 000000a4 1 0 0 1 5 0
T 643 000000a4 0 1 0 0 0 0 0 0 1 0 0 0 0 0
C 643 000000a4 0 0 0 0 5 0
T 644 000000a4 1 1 0 0 0 0 0 0 1 0 1 1 0 0
R 644 322 000000a4 0000006f
C 644 000000a4 1 0 0 1 5 0
T 645 000000a4 0 1 0 0 0 0 0 0 1 0 0 0 0 0
C 645 000000a4 0 0 0 0 5 0
T 646 000000a4 1 1 0 0 0 0 0 0 1 0 1 1 0 0
R 646 323 000000a4 0000006f
C 646 000000a4 1 0 0 1 5 0
T 647 000000a4 0 1 0 0 0 0 0 0 1 0 0 0 0 0
C 647 000000a4 0 0 0 0 5 0
T 648 000000a4 1 1 0 0 0 0 0 0 1 0 1 1 0 0
R 648 324 000000a4 0000006f
C 648 000000a4 1 0 0 1 5 0
T 649 000000a4 0 1 0 0 0 0 0 0 1 0 0 0 0 0
C 649 000000a4 0 0 0 0 5 0
T 650 000000a4 1 1 0 0 0 0 0 0 1 0 1 1 0 0
R 650 325 000000a4 0000006f
C 650 000000a4 1 0 0 1 5 0
T 651 000000a4 0 1 0 0 0 0 0 0 1 0 0 0 0 0
C 651 000000a4 0 0 0 0 5 0
T 652 000000a4 1 1 0 0 0 0 0 0 1 0 1 1 0 0
R 652 326 000000a4 0000006f
C 652 000000a4 1 0 0 1 5 0
T 653 000000a4 0 1 0 0 0 0 0 0 1 0 0 0 0 0
C 653 000000a4 0 0 0 0 5 0
T 654 000000a4 1 1 0 0 0 0 0 0 1 0 1 1 0 0
R 654 327 000000a4 0000006f
C 654 000000a4 1 0 0 1 5 0
T 655 000000a4 0 1 0 0 0 0 0 0 1 0 0 0 0 0
C 655 000000a4 0 0 0 0 5 0
T 656 000000a4 1 1 0 0 0 0 0 0 1 0 1 1 0 0
R 656 328 000000a4 0000006f
C 656 000000a4 1 0 0 1 5 0
T 657 000000a4 0 1 0 0 0 0 0 0 1 0 0 0 0 0
C 657 000000a4 0 0 0 0 5 0
T 658 000000a4 1 1 0 0 0 0 0 0 1 0 1 1 0 0
R 658 329 000000a4 0000006f
C 658 000000a4 1 0 0 1 5 0
T 659 000000a4 0 1 0 0 0 0 0 0 1 0 0 0 0 0
C 659 000000a4 0 0 0 0 5 0
T 660 000000a4 1 1 0 0 0 0 0 0 1 0 1 1 0 0
R 660 330 000000a4 0000006f
C 660 000000a4 1 0 0 1 5 0
T 661 000000a4 0 1 0 0 0 0 0 0 1 0 0 0 0 0
C 661 000000a4 0 0 0 0 5 0
T 662 000000a4 1 1 0 0 0 0 0 0 1 0 1 1 0 0
R 662 331 000000a4 0000006f
C 662 000000a4 1 0 0 1 5 0
T 663 000000a4 0 1 0 0 0 0 0 0 1 0 0 0 0 0
C 663 000000a4 0 0 0 0 5 0
T 664 000000a4 1 1 0 0 0 0 0 0 1 0 1 1 0 0
R 664 332 000000a4 0000006f
C 664 000000a4 1 0 0 1 5 0
T 665 000000a4 0 1 0 0 0 0 0 0 1 0 0 0 0 0
C 665 000000a4 0 0 0 0 5 0
T 666 000000a4 1 1 0 0 0 0 0 0 1 0 1 1 0 0
R 666 333 000000a4 0000006f
C 666 000000a4 1 0 0 1 5 0
T 667 000000a4 0 1 0 0 0 0 0 0 1 0 0 0 0 0
C 667 000000a4 0 0 0 0 5 0
T 668 000000a4 1 1 0 0 0 0 0 0 1 0 1 1 0 0
R 668 334 000000a4 0000006f
C 668 000000a4 1 0 0 1 5 0
T 669 000000a4 0 1 0 0 0 0 0 0 1 0 0 0 0 0
C 669 000000a4 0 0 0 0 5 0
T 670 000000a4 1 1 0 0 0 0 0 0 1 0 1 1 0 0
R 670 335 000000a4 0000006f
C 670 000000a4 1 0 0 1 5 0
T 671 000000a4 0 1 0 0 0 0 0 0 1 0 0 0 0 0
C 671 000000a4 0 0 0 0 5 0
T 672 000000a4 1 1 0 0 0 0 0 0 1 0 1 1 0 0
R 672 336 000000a4 0000006f
C 672 000000a4 1 0 0 1 5 0
T 673 000000a4 0 1 0 0 0 0 0 0 1 0 0 0 0 0
C 673 000000a4 0 0 0 0 5 0
T 674 000000a4 1 1 0 0 0 0 0 0 1 0 1 1 0 0
R 674 337 000000a4 0000006f
C 674 000000a4 1 0 0 1 5 0
T 675 000000a4 0 1 0 0 0 0 0 0 1 0 0 0 0 0
C 675 000000a4 0 0 0 0 5 0
T 676 000000a4 1 1 0 0 0 0 0 0 1 0 1 1 0 0
R 676 338 000000a4 0000006f
C 676 000000a4 1 0 0 1 5 0
T 677 000000a4 0 1 0 0 0 0 0 0 1 0 0 0 0 0
C 677 000000a4 0 0 0 0 5 0
T 678 000000a4 1 1 0 0 0 0 0 0 1 0 1 1 0 0
R 678 339 000000a4 0000006f
C 678 000000a4 1 0 0 1 5 0
T 679 000000a4 0 1 0 0 0 0 0 0 1 0 0 0 0 0
C 679 000000a4 0 0 0 0 5 0
T 680 000000a4 1 1 0 0 0 0 0 0 1 0 1 1 0 0
R 680 340 000000a4 0000006f
C 680 000000a4 1 0 0 1 5 0
T 681 000000a4 0 1 0 0 0 0 0 0 1 0 0 0 0 0
C 681 000000a4 0 0 0 0 5 0
T 682 000000a4 1 1 0 0 0 0 0 0 1 0 1 1 0 0
R 682 341 000000a4 0000006f
C 682 000000a4 1 0 0 1 5 0
T 683 000000a4 0 1 0 0 0 0 0 0 1 0 0 0 0 0
C 683 000000a4 0 0 0 0 5 0
T 684 000000a4 1 1 0 0 0 0 0 0 1 0 1 1 0 0
R 684 342 000000a4 0000006f
C 684 000000a4 1 0 0 1 5 0
T 685 000000a4 0 1 0 0 0 0 0 0 1 0 0 0 0 0
C 685 000000a4 0 0 0 0 5 0
T 686 000000a4 1 1 0 0 0 0 0 0 1 0 1 1 0 0
R 686 343 000000a4 0000006f
C 686 000000a4 1 0 0 1 5 0
T 687 000000a4 0 1 0 0 0 0 0 0 1 0 0 0 0 0
C 687 000000a4 0 0 0 0 5 0
T 688 000000a4 1 1 0 0 0 0 0 0 1 0 1 1 0 0
R 688 344 000000a4 0000006f
C 688 000000a4 1 0 0 1 5 0
T 689 000000a4 0 1 0 0 0 0 0 0 1 0 0 0 0 0
C 689 000000a4 0 0 0 0 5 0
T 690 000000a4 1 1 0 0 0 0 0 0 1 0 1 1 0 0
R 690 345 000000a4 0000006f
C 690 000000a4 1 0 0 1 5 0
T 691 000000a4 0 1 0 0 0 0 0 0 1 0 0 0 0 0
C 691 000000a4 0 0 0 0 5 0
T 692 000000a4 1 1 0 0 0 0 0 0 1 0 1 1 0 0
R 692 346 000000a4 0000006f
C 692 000000a4 1 0 0 1 5 0
T 693 000000a4 0 1 0 0 0 0 0 0 1 0 0 0 0 0
C 693 000000a4 0 0 0 0 5 0
T 694 000000a4 1 1 0 0 0 0 0 0 1 0 1 1 0 0
R 694 347 000000a4 0000006f
C 694 000000a4 1 0 0 1 5 0
T 695 000000a4 0 1 0 0 0 0 0 0 1 0 0 0 0 0
C 695 000000a4 0 0 0 0 5 0
T 696 000000a4 1 1 0 0 0 0 0 0 1 0 1 1 0 0
R 696 348 000000a4 0000006f
C 696 000000a4 1 0 0 1 5 0
T 697 000000a4 0 1 0 0 0 0 0 0 1 0 0 0 0 0
C 697 000000a4 0 0 0 0 5 0
T 698 000000a4 1 1 0 0 0 0 0 0 1 0 1 1 0 0
R 698 349 000000a4 0000006f
C 698 000000a4 1 0 0 1 5 0
T 699 000000a4 0 1 0 0 0 0 0 0 1 0 0 0 0 0
C 699 000000a4 0 0 0 0 5 0
T 700 000000a4 1 1 0 0 0 0 0 0 1 0 1 1 0 0
R 700 350 000000a4 0000006f
C 700 000000a4 1 0 0 1 5 0
T 701 000000a4 0 1 0 0 0 0 0 0 1 0 0 0 0 0
C 701 000000a4 0 0 0 0 5 0
T 702 000000a4 1 1 0 0 0 0 0 0 1 0 1 1 0 0
R 702 351 000000a4 0000006f
C 702 000000a4 1 0 0 1 5 0
T 703 000000a4 0 1 0 0 0 0 0 0 1 0 0 0 0 0
C 703 000000a4 0 0 0 0 5 0
T 704 000000a4 1 1 0 0 0 0 0 0 1 0 1 1 0 0
R 704 352 000000a4 0000006f
C 704 000000a4 1 0 0 1 5 0
T 705 000000a4 0 1 0 0 0 0 0 0 1 0 0 0 0 0
C 705 000000a4 0 0 0 0 5 0
T 706 000000a4 1 1 0 0 0 0 0 0 1 0 1 1 0 0
R 706 353 000000a4 0000006f
C 706 000000a4 1 0 0 1 5 0
T 707 000000a4 0 1 0 0 0 0 0 0 1 0 0 0 0 0
C 707 000000a4 0 0 0 0 5 0
T 708 000000a4 1 1 0 0 0 0 0 0 1 0 1 1 0 0
R 708 354 000000a4 0000006f
C 708 000000a4 1 0 0 1 5 0
T 709 000000a4 0 1 0 0 0 0 0 0 1 0 0 0 0 0
C 709 000000a4 0 0 0 0 5 0
T 710 000000a4 1 1 0 0 0 0 0 0 1 0 1 1 0 0
R 710 355 000000a4 0000006f
C 710 000000a4 1 0 0 1 5 0
T 711 000000a4 0 1 0 0 0 0 0 0 1 0 0 0 0 0
C 711 000000a4 0 0 0 0 5 0
T 712 000000a4 1 1 0 0 0 0 0 0 1 0 1 1 0 0
R 712 356 000000a4 0000006f
C 712 000000a4 1 0 0 1 5 0
T 713 000000a4 0 1 0 0 0 0 0 0 1 0 0 0 0 0
C 713 000000a4 0 0 0 0 5 0
T 714 000000a4 1 1 0 0 0 0 0 0 1 0 1 1 0 0
R 714 357 000000a4 0000006f
C 714 000000a4 1 0 0 1 5 0
T 715 000000a4 0 1 0 0 0 0 0 0 1 0 0 0 0 0
C 715 000000a4 0 0 0 0 5 0
T 716 000000a4 1 1 0 0 0 0 0 0 1 0 1 1 0 0
R 716 358 000000a4 0000006f
C 716 000000a4 1 0 0 1 5 0
T 717 000000a4 0 1 0 0 0 0 0 0 1 0 0 0 0 0
C 717 000000a4 0 0 0 0 5 0
T 718 000000a4 1 1 0 0 0 0 0 0 1 0 1 1 0 0
R 718 359 000000a4 0000006f
C 718 000000a4 1 0 0 1 5 0
T 719 000000a4 0 1 0 0 0 0 0 0 1 0 0 0 0 0
C 719 000000a4 0 0 0 0 5 0
T 720 000000a4 1 1 0 0 0 0 0 0 1 0 1 1 0 0
R 720 360 000000a4 0000006f
C 720 000000a4 1 0 0 1 5 0
T 721 000000a4 0 1 0 0 0 0 0 0 1 0 0 0 0 0
C 721 000000a4 0 0 0 0 5 0
T 722 000000a4 1 1 0 0 0 0 0 0 1 0 1 1 0 0
R 722 361 000000a4 0000006f
C 722 000000a4 1 0 0 1 5 0
T 723 000000a4 0 1 0 0 0 0 0 0 1 0 0 0 0 0
C 723 000000a4 0 0 0 0 5 0
T 724 000000a4 1 1 0 0 0 0 0 0 1 0 1 1 0 0
R 724 362 000000a4 0000006f
C 724 000000a4 1 0 0 1 5 0
T 725 000000a4 0 1 0 0 0 0 0 0 1 0 0 0 0 0
C 725 000000a4 0 0 0 0 5 0
T 726 000000a4 1 1 0 0 0 0 0 0 1 0 1 1 0 0
R 726 363 000000a4 0000006f
C 726 000000a4 1 0 0 1 5 0
T 727 000000a4 0 1 0 0 0 0 0 0 1 0 0 0 0 0
C 727 000000a4 0 0 0 0 5 0
T 728 000000a4 1 1 0 0 0 0 0 0 1 0 1 1 0 0
R 728 364 000000a4 0000006f
C 728 000000a4 1 0 0 1 5 0
T 729 000000a4 0 1 0 0 0 0 0 0 1 0 0 0 0 0
C 729 000000a4 0 0 0 0 5 0
T 730 000000a4 1 1 0 0 0 0 0 0 1 0 1 1 0 0
R 730 365 000000a4 0000006f
C 730 000000a4 1 0 0 1 5 0
T 731 000000a4 0 1 0 0 0 0 0 0 1 0 0 0 0 0
C 731 000000a4 0 0 0 0 5 0
T 732 000000a4 1 1 0 0 0 0 0 0 1 0 1 1 0 0
R 732 366 000000a4 0000006f
C 732 000000a4 1 0 0 1 5 0
T 733 000000a4 0 1 0 0 0 0 0 0 1 0 0 0 0 0
C 733 000000a4 0 0 0 0 5 0
T 734 000000a4 1 1 0 0 0 0 0 0 1 0 1 1 0 0
R 734 367 000000a4 0000006f
C 734 000000a4 1 0 0 1 5 0
T 735 000000a4 0 1 0 0 0 0 0 0 1 0 0 0 0 0
C 735 000000a4 0 0 0 0 5 0
T 736 000000a4 1 1 0 0 0 0 0 0 1 0 1 1 0 0
R 736 368 000000a4 0000006f
C 736 000000a4 1 0 0 1 5 0
T 737 000000a4 0 1 0 0 0 0 0 0 1 0 0 0 0 0
C 737 000000a4 0 0 0 0 5 0
T 738 000000a4 1 1 0 0 0 0 0 0 1 0 1 1 0 0
R 738 369 000000a4 0000006f
C 738 000000a4 1 0 0 1 5 0
T 739 000000a4 0 1 0 0 0 0 0 0 1 0 0 0 0 0
C 739 000000a4 0 0 0 0 5 0
T 740 000000a4 1 1 0 0 0 0 0 0 1 0 1 1 0 0
R 740 370 000000a4 0000006f
C 740 000000a4 1 0 0 1 5 0
T 741 000000a4 0 1 0 0 0 0 0 0 1 0 0 0 0 0
C 741 000000a4 0 0 0 0 5 0
T 742 000000a4 1 1 0 0 0 0 0 0 1 0 1 1 0 0
R 742 371 000000a4 0000006f
C 742 000000a4 1 0 0 1 5 0
T 743 000000a4 0 1 0 0 0 0 0 0 1 0 0 0 0 0
C 743 000000a4 0 0 0 0 5 0
T 744 000000a4 1 1 0 0 0 0 0 0 1 0 1 1 0 0
R 744 372 000000a4 0000006f
C 744 000000a4 1 0 0 1 5 0
T 745 000000a4 0 1 0 0 0 0 0 0 1 0 0 0 0 0
C 745 000000a4 0 0 0 0 5 0
T 746 000000a4 1 1 0 0 0 0 0 0 1 0 1 1 0 0
R 746 373 000000a4 0000006f
C 746 000000a4 1 0 0 1 5 0
T 747 000000a4 0 1 0 0 0 0 0 0 1 0 0 0 0 0
C 747 000000a4 0 0 0 0 5 0
T 748 000000a4 1 1 0 0 0 0 0 0 1 0 1 1 0 0
R 748 374 000000a4 0000006f
C 748 000000a4 1 0 0 1 5 0
T 749 000000a4 0 1 0 0 0 0 0 0 1 0 0 0 0 0
C 749 000000a4 0 0 0 0 5 0
T 750 000000a4 1 1 0 0 0 0 0 0 1 0 1 1 0 0
R 750 375 000000a4 0000006f
C 750 000000a4 1 0 0 1 5 0
T 751 000000a4 0 1 0 0 0 0 0 0 1 0 0 0 0 0
C 751 000000a4 0 0 0 0 5 0
T 752 000000a4 1 1 0 0 0 0 0 0 1 0 1 1 0 0
R 752 376 000000a4 0000006f
C 752 000000a4 1 0 0 1 5 0
T 753 000000a4 0 1 0 0 0 0 0 0 1 0 0 0 0 0
C 753 000000a4 0 0 0 0 5 0
T 754 000000a4 1 1 0 0 0 0 0 0 1 0 1 1 0 0
R 754 377 000000a4 0000006f
C 754 000000a4 1 0 0 1 5 0
T 755 000000a4 0 1 0 0 0 0 0 0 1 0 0 0 0 0
C 755 000000a4 0 0 0 0 5 0
T 756 000000a4 1 1 0 0 0 0 0 0 1 0 1 1 0 0
R 756 378 000000a4 0000006f
C 756 000000a4 1 0 0 1 5 0
T 757 000000a4 0 1 0 0 0 0 0 0 1 0 0 0 0 0
C 757 000000a4 0 0 0 0 5 0
T 758 000000a4 1 1 0 0 0 0 0 0 1 0 1 1 0 0
R 758 379 000000a4 0000006f
C 758 000000a4 1 0 0 1 5 0
T 759 000000a4 0 1 0 0 0 0 0 0 1 0 0 0 0 0
C 759 000000a4 0 0 0 0 5 0
T 760 000000a4 1 1 0 0 0 0 0 0 1 0 1 1 0 0
R 760 380 000000a4 0000006f
C 760 000000a4 1 0 0 1 5 0
T 761 000000a4 0 1 0 0 0 0 0 0 1 0 0 0 0 0
C 761 000000a4 0 0 0 0 5 0
T 762 000000a4 1 1 0 0 0 0 0 0 1 0 1 1 0 0
R 762 381 000000a4 0000006f
C 762 000000a4 1 0 0 1 5 0
T 763 000000a4 0 1 0 0 0 0 0 0 1 0 0 0 0 0
C 763 000000a4 0 0 0 0 5 0
T 764 000000a4 1 1 0 0 0 0 0 0 1 0 1 1 0 0
R 764 382 000000a4 0000006f
C 764 000000a4 1 0 0 1 5 0
T 765 000000a4 0 1 0 0 0 0 0 0 1 0 0 0 0 0
C 765 000000a4 0 0 0 0 5 0
T 766 000000a4 1 1 0 0 0 0 0 0 1 0 1 1 0 0
R 766 383 000000a4 0000006f
C 766 000000a4 1 0 0 1 5 0
T 767 000000a4 0 1 0 0 0 0 0 0 1 0 0 0 0 0
C 767 000000a4 0 0 0 0 5 0
T 768 000000a4 1 1 0 0 0 0 0 0 1 0 1 1 0 0
R 768 384 000000a4 0000006f
C 768 000000a4 1 0 0 1 5 0
T 769 000000a4 0 1 0 0 0 0 0 0 1 0 0 0 0 0
C 769 000000a4 0 0 0 0 5 0
T 770 000000a4 1 1 0 0 0 0 0 0 1 0 1 1 0 0
R 770 385 000000a4 0000006f
C 770 000000a4 1 0 0 1 5 0
T 771 000000a4 0 1 0 0 0 0 0 0 1 0 0 0 0 0
C 771 000000a4 0 0 0 0 5 0
T 772 000000a4 1 1 0 0 0 0 0 0 1 0 1 1 0 0
R 772 386 000000a4 0000006f
C 772 000000a4 1 0 0 1 5 0
T 773 000000a4 0 1 0 0 0 0 0 0 1 0 0 0 0 0
C 773 000000a4 0 0 0 0 5 0
T 774 000000a4 1 1 0 0 0 0 0 0 1 0 1 1 0 0
R 774 387 000000a4 0000006f
C 774 000000a4 1 0 0 1 5 0
T 775 000000a4 0 1 0 0 0 0 0 0 1 0 0 0 0 0
C 775 000000a4 0 0 0 0 5 0
T 776 000000a4 1 1 0 0 0 0 0 0 1 0 1 1 0 0
R 776 388 000000a4 0000006f
C 776 000000a4 1 0 0 1 5 0
T 777 000000a4 0 1 0 0 0 0 0 0 1 0 0 0 0 0
C 777 000000a4 0 0 0 0 5 0
T 778 000000a4 1 1 0 0 0 0 0 0 1 0 1 1 0 0
R 778 389 000000a4 0000006f
C 778 000000a4 1 0 0 1 5 0
T 779 000000a4 0 1 0 0 0 0 0 0 1 0 0 0 0 0
C 779 000000a4 0 0 0 0 5 0
T 780 000000a4 1 1 0 0 0 0 0 0 1 0 1 1 0 0
R 780 390 000000a4 0000006f
C 780 000000a4 1 0 0 1 5 0
T 781 000000a4 0 1 0 0 0 0 0 0 1 0 0 0 0 0
C 781 000000a4 0 0 0 0 5 0
T 782 000000a4 1 1 0 0 0 0 0 0 1 0 1 1 0 0
R 782 391 000000a4 0000006f
C 782 000000a4 1 0 0 1 5 0
T 783 000000a4 0 1 0 0 0 0 0 0 1 0 0 0 0 0
C 783 000000a4 0 0 0 0 5 0
T 784 000000a4 1 1 0 0 0 0 0 0 1 0 1 1 0 0
R 784 392 000000a4 0000006f
C 784 000000a4 1 0 0 1 5 0
T 785 000000a4 0 1 0 0 0 0 0 0 1 0 0 0 0 0
C 785 000000a4 0 0 0 0 5 0
T 786 000000a4 1 1 0 0 0 0 0 0 1 0 1 1 0 0
R 786 393 000000a4 0000006f
C 786 000000a4 1 0 0 1 5 0
T 787 000000a4 0 1 0 0 0 0 0 0 1 0 0 0 0 0
C 787 000000a4 0 0 0 0 5 0
T 788 000000a4 1 1 0 0 0 0 0 0 1 0 1 1 0 0
R 788 394 000000a4 0000006f
C 788 000000a4 1 0 0 1 5 0
T 789 000000a4 0 1 0 0 0 0 0 0 1 0 0 0 0 0
C 789 000000a4 0 0 0 0 5 0
T 790 000000a4 1 1 0 0 0 0 0 0 1 0 1 1 0 0
R 790 395 000000a4 0000006f
C 790 000000a4 1 0 0 1 5 0
T 791 000000a4 0 1 0 0 0 0 0 0 1 0 0 0 0 0
C 791 000000a4 0 0 0 0 5 0
T 792 000000a4 1 1 0 0 0 0 0 0 1 0 1 1 0 0
R 792 396 000000a4 0000006f
C 792 000000a4 1 0 0 1 5 0
T 793 000000a4 0 1 0 0 0 0 0 0 1 0 0 0 0 0
C 793 000000a4 0 0 0 0 5 0
T 794 000000a4 1 1 0 0 0 0 0 0 1 0 1 1 0 0
R 794 397 000000a4 0000006f
C 794 000000a4 1 0 0 1 5 0
T 795 000000a4 0 1 0 0 0 0 0 0 1 0 0 0 0 0
C 795 000000a4 0 0 0 0 5 0
T 796 000000a4 1 1 0 0 0 0 0 0 1 0 1 1 0 0
R 796 398 000000a4 0000006f
C 796 000000a4 1 0 0 1 5 0
T 797 000000a4 0 1 0 0 0 0 0 0 1 0 0 0 0 0
C 797 000000a4 0 0 0 0 5 0
T 798 000000a4 1 1 0 0 0 0 0 0 1 0 1 1 0 0
R 798 399 000000a4 0000006f
C 798 000000a4 1 0 0 1 5 0
T 799 000000a4 0 1 0 0 0 0 0 0 1 0 0 0 0 0
C 799 000000a4 0 0 0 0 5 0
T 800 000000a4 1 1 0 0 0 0 0 0 1 0 1 1 0 0
R 800 400 000000a4 0000006f
C 800 000000a4 1 0 0 1 5 0
T 801 000000a4 0 1 0 0 0 0 0 0 1 0 0 0 0 0
C 801 000000a4 0 0 0 0 5 0
T 802 000000a4 1 1 0 0 0 0 0 0 1 0 1 1 0 0
R 802 401 000000a4 0000006f
C 802 000000a4 1 0 0 1 5 0
T 803 000000a4 0 1 0 0 0 0 0 0 1 0 0 0 0 0
C 803 000000a4 0 0 0 0 5 0
T 804 000000a4 1 1 0 0 0 0 0 0 1 0 1 1 0 0
R 804 402 000000a4 0000006f
C 804 000000a4 1 0 0 1 5 0
T 805 000000a4 0 1 0 0 0 0 0 0 1 0 0 0 0 0
C 805 000000a4 0 0 0 0 5 0
T 806 000000a4 1 1 0 0 0 0 0 0 1 0 1 1 0 0
R 806 403 000000a4 0000006f
C 806 000000a4 1 0 0 1 5 0
T 807 000000a4 0 1 0 0 0 0 0 0 1 0 0 0 0 0
C 807 000000a4 0 0 0 0 5 0
T 808 000000a4 1 1 0 0 0 0 0 0 1 0 1 1 0 0
R 808 404 000000a4 0000006f
C 808 000000a4 1 0 0 1 5 0
T 809 000000a4 0 1 0 0 0 0 0 0 1 0 0 0 0 0
C 809 000000a4 0 0 0 0 5 0
T 810 000000a4 1 1 0 0 0 0 0 0 1 0 1 1 0 0
R 810 405 000000a4 0000006f
C 810 000000a4 1 0 0 1 5 0
T 811 000000a4 0 1 0 0 0 0 0 0 1 0 0 0 0 0
C 811 000000a4 0 0 0 0 5 0
T 812 000000a4 1 1 0 0 0 0 0 0 1 0 1 1 0 0
R 812 406 000000a4 0000006f
C 812 000000a4 1 0 0 1 5 0
T 813 000000a4 0 1 0 0 0 0 0 0 1 0 0 0 0 0
C 813 000000a4 0 0 0 0 5 0
T 814 000000a4 1 1 0 0 0 0 0 0 1 0 1 1 0 0
R 814 407 000000a4 0000006f
C 814 000000a4 1 0 0 1 5 0
T 815 000000a4 0 1 0 0 0 0 0 0 1 0 0 0 0 0
C 815 000000a4 0 0 0 0 5 0
T 816 000000a4 1 1 0 0 0 0 0 0 1 0 1 1 0 0
R 816 408 000000a4 0000006f
C 816 000000a4 1 0 0 1 5 0
T 817 000000a4 0 1 0 0 0 0 0 0 1 0 0 0 0 0
C 817 000000a4 0 0 0 0 5 0
T 818 000000a4 1 1 0 0 0 0 0 0 1 0 1 1 0 0
R 818 409 000000a4 0000006f
C 818 000000a4 1 0 0 1 5 0
T 819 000000a4 0 1 0 0 0 0 0 0 1 0 0 0 0 0
C 819 000000a4 0 0 0 0 5 0
T 820 000000a4 1 1 0 0 0 0 0 0 1 0 1 1 0 0
R 820 410 000000a4 0000006f
C 820 000000a4 1 0 0 1 5 0
T 821 000000a4 0 1 0 0 0 0 0 0 1 0 0 0 0 0
C 821 000000a4 0 0 0 0 5 0
T 822 000000a4 1 1 0 0 0 0 0 0 1 0 1 1 0 0
R 822 411 000000a4 0000006f
C 822 000000a4 1 0 0 1 5 0
T 823 000000a4 0 1 0 0 0 0 0 0 1 0 0 0 0 0
C 823 000000a4 0 0 0 0 5 0
T 824 000000a4 1 1 0 0 0 0 0 0 1 0 1 1 0 0
R 824 412 000000a4 0000006f
C 824 000000a4 1 0 0 1 5 0
T 825 000000a4 0 1 0 0 0 0 0 0 1 0 0 0 0 0
C 825 000000a4 0 0 0 0 5 0
T 826 000000a4 1 1 0 0 0 0 0 0 1 0 1 1 0 0
R 826 413 000000a4 0000006f
C 826 000000a4 1 0 0 1 5 0
T 827 000000a4 0 1 0 0 0 0 0 0 1 0 0 0 0 0
C 827 000000a4 0 0 0 0 5 0
T 828 000000a4 1 1 0 0 0 0 0 0 1 0 1 1 0 0
R 828 414 000000a4 0000006f
C 828 000000a4 1 0 0 1 5 0
T 829 000000a4 0 1 0 0 0 0 0 0 1 0 0 0 0 0
C 829 000000a4 0 0 0 0 5 0
T 830 000000a4 1 1 0 0 0 0 0 0 1 0 1 1 0 0
R 830 415 000000a4 0000006f
C 830 000000a4 1 0 0 1 5 0
T 831 000000a4 0 1 0 0 0 0 0 0 1 0 0 0 0 0
C 831 000000a4 0 0 0 0 5 0
T 832 000000a4 1 1 0 0 0 0 0 0 1 0 1 1 0 0
R 832 416 000000a4 0000006f
C 832 000000a4 1 0 0 1 5 0
T 833 000000a4 0 1 0 0 0 0 0 0 1 0 0 0 0 0
C 833 000000a4 0 0 0 0 5 0
T 834 000000a4 1 1 0 0 0 0 0 0 1 0 1 1 0 0
R 834 417 000000a4 0000006f
C 834 000000a4 1 0 0 1 5 0
T 835 000000a4 0 1 0 0 0 0 0 0 1 0 0 0 0 0
C 835 000000a4 0 0 0 0 5 0
T 836 000000a4 1 1 0 0 0 0 0 0 1 0 1 1 0 0
R 836 418 000000a4 0000006f
C 836 000000a4 1 0 0 1 5 0
T 837 000000a4 0 1 0 0 0 0 0 0 1 0 0 0 0 0
C 837 000000a4 0 0 0 0 5 0
T 838 000000a4 1 1 0 0 0 0 0 0 1 0 1 1 0 0
R 838 419 000000a4 0000006f
C 838 000000a4 1 0 0 1 5 0
T 839 000000a4 0 1 0 0 0 0 0 0 1 0 0 0 0 0
C 839 000000a4 0 0 0 0 5 0
T 840 000000a4 1 1 0 0 0 0 0 0 1 0 1 1 0 0
R 840 420 000000a4 0000006f
C 840 000000a4 1 0 0 1 5 0
T 841 000000a4 0 1 0 0 0 0 0 0 1 0 0 0 0 0
C 841 000000a4 0 0 0 0 5 0
T 842 000000a4 1 1 0 0 0 0 0 0 1 0 1 1 0 0
R 842 421 000000a4 0000006f
C 842 000000a4 1 0 0 1 5 0
T 843 000000a4 0 1 0 0 0 0 0 0 1 0 0 0 0 0
C 843 000000a4 0 0 0 0 5 0
T 844 000000a4 1 1 0 0 0 0 0 0 1 0 1 1 0 0
R 844 422 000000a4 0000006f
C 844 000000a4 1 0 0 1 5 0
T 845 000000a4 0 1 0 0 0 0 0 0 1 0 0 0 0 0
C 845 000000a4 0 0 0 0 5 0
T 846 000000a4 1 1 0 0 0 0 0 0 1 0 1 1 0 0
R 846 423 000000a4 0000006f
C 846 000000a4 1 0 0 1 5 0
T 847 000000a4 0 1 0 0 0 0 0 0 1 0 0 0 0 0
C 847 000000a4 0 0 0 0 5 0
T 848 000000a4 1 1 0 0 0 0 0 0 1 0 1 1 0 0
R 848 424 000000a4 0000006f
C 848 000000a4 1 0 0 1 5 0
T 849 000000a4 0 1 0 0 0 0 0 0 1 0 0 0 0 0
C 849 000000a4 0 0 0 0 5 0
T 850 000000a4 1 1 0 0 0 0 0 0 1 0 1 1 0 0
R 850 425 000000a4 0000006f
C 850 000000a4 1 0 0 1 5 0
T 851 000000a4 0 1 0 0 0 0 0 0 1 0 0 0 0 0
C 851 000000a4 0 0 0 0 5 0
T 852 000000a4 1 1 0 0 0 0 0 0 1 0 1 1 0 0
R 852 426 000000a4 0000006f
C 852 000000a4 1 0 0 1 5 0
T 853 000000a4 0 1 0 0 0 0 0 0 1 0 0 0 0 0
C 853 000000a4 0 0 0 0 5 0
T 854 000000a4 1 1 0 0 0 0 0 0 1 0 1 1 0 0
R 854 427 000000a4 0000006f
C 854 000000a4 1 0 0 1 5 0
T 855 000000a4 0 1 0 0 0 0 0 0 1 0 0 0 0 0
C 855 000000a4 0 0 0 0 5 0
T 856 000000a4 1 1 0 0 0 0 0 0 1 0 1 1 0 0
R 856 428 000000a4 0000006f
C 856 000000a4 1 0 0 1 5 0
T 857 000000a4 0 1 0 0 0 0 0 0 1 0 0 0 0 0
C 857 000000a4 0 0 0 0 5 0
T 858 000000a4 1 1 0 0 0 0 0 0 1 0 1 1 0 0
R 858 429 000000a4 0000006f
C 858 000000a4 1 0 0 1 5 0
T 859 000000a4 0 1 0 0 0 0 0 0 1 0 0 0 0 0
C 859 000000a4 0 0 0 0 5 0
T 860 000000a4 1 1 0 0 0 0 0 0 1 0 1 1 0 0
R 860 430 000000a4 0000006f
C 860 000000a4 1 0 0 1 5 0
T 861 000000a4 0 1 0 0 0 0 0 0 1 0 0 0 0 0
C 861 000000a4 0 0 0 0 5 0
T 862 000000a4 1 1 0 0 0 0 0 0 1 0 1 1 0 0
R 862 431 000000a4 0000006f
C 862 000000a4 1 0 0 1 5 0
T 863 000000a4 0 1 0 0 0 0 0 0 1 0 0 0 0 0
C 863 000000a4 0 0 0 0 5 0
T 864 000000a4 1 1 0 0 0 0 0 0 1 0 1 1 0 0
R 864 432 000000a4 0000006f
C 864 000000a4 1 0 0 1 5 0
T 865 000000a4 0 1 0 0 0 0 0 0 1 0 0 0 0 0
C 865 000000a4 0 0 0 0 5 0
T 866 000000a4 1 1 0 0 0 0 0 0 1 0 1 1 0 0
R 866 433 000000a4 0000006f
C 866 000000a4 1 0 0 1 5 0
T 867 000000a4 0 1 0 0 0 0 0 0 1 0 0 0 0 0
C 867 000000a4 0 0 0 0 5 0
T 868 000000a4 1 1 0 0 0 0 0 0 1 0 1 1 0 0
R 868 434 000000a4 0000006f
C 868 000000a4 1 0 0 1 5 0
T 869 000000a4 0 1 0 0 0 0 0 0 1 0 0 0 0 0
C 869 000000a4 0 0 0 0 5 0
T 870 000000a4 1 1 0 0 0 0 0 0 1 0 1 1 0 0
R 870 435 000000a4 0000006f
C 870 000000a4 1 0 0 1 5 0
T 871 000000a4 0 1 0 0 0 0 0 0 1 0 0 0 0 0
C 871 000000a4 0 0 0 0 5 0
T 872 000000a4 1 1 0 0 0 0 0 0 1 0 1 1 0 0
R 872 436 000000a4 0000006f
C 872 000000a4 1 0 0 1 5 0
T 873 000000a4 0 1 0 0 0 0 0 0 1 0 0 0 0 0
C 873 000000a4 0 0 0 0 5 0
T 874 000000a4 1 1 0 0 0 0 0 0 1 0 1 1 0 0
R 874 437 000000a4 0000006f
C 874 000000a4 1 0 0 1 5 0
T 875 000000a4 0 1 0 0 0 0 0 0 1 0 0 0 0 0
C 875 000000a4 0 0 0 0 5 0
T 876 000000a4 1 1 0 0 0 0 0 0 1 0 1 1 0 0
R 876 438 000000a4 0000006f
C 876 000000a4 1 0 0 1 5 0
T 877 000000a4 0 1 0 0 0 0 0 0 1 0 0 0 0 0
C 877 000000a4 0 0 0 0 5 0
T 878 000000a4 1 1 0 0 0 0 0 0 1 0 1 1 0 0
R 878 439 000000a4 0000006f
C 878 000000a4 1 0 0 1 5 0
T 879 000000a4 0 1 0 0 0 0 0 0 1 0 0 0 0 0
C 879 000000a4 0 0 0 0 5 0
T 880 000000a4 1 1 0 0 0 0 0 0 1 0 1 1 0 0
R 880 440 000000a4 0000006f
C 880 000000a4 1 0 0 1 5 0
T 881 000000a4 0 1 0 0 0 0 0 0 1 0 0 0 0 0
C 881 000000a4 0 0 0 0 5 0
T 882 000000a4 1 1 0 0 0 0 0 0 1 0 1 1 0 0
R 882 441 000000a4 0000006f
C 882 000000a4 1 0 0 1 5 0
T 883 000000a4 0 1 0 0 0 0 0 0 1 0 0 0 0 0
C 883 000000a4 0 0 0 0 5 0
T 884 000000a4 1 1 0 0 0 0 0 0 1 0 1 1 0 0
R 884 442 000000a4 0000006f
C 884 000000a4 1 0 0 1 5 0
T 885 000000a4 0 1 0 0 0 0 0 0 1 0 0 0 0 0
C 885 000000a4 0 0 0 0 5 0
T 886 000000a4 1 1 0 0 0 0 0 0 1 0 1 1 0 0
R 886 443 000000a4 0000006f
C 886 000000a4 1 0 0 1 5 0
T 887 000000a4 0 1 0 0 0 0 0 0 1 0 0 0 0 0
C 887 000000a4 0 0 0 0 5 0
T 888 000000a4 1 1 0 0 0 0 0 0 1 0 1 1 0 0
R 888 444 000000a4 0000006f
C 888 000000a4 1 0 0 1 5 0
T 889 000000a4 0 1 0 0 0 0 0 0 1 0 0 0 0 0
C 889 000000a4 0 0 0 0 5 0
T 890 000000a4 1 1 0 0 0 0 0 0 1 0 1 1 0 0
R 890 445 000000a4 0000006f
C 890 000000a4 1 0 0 1 5 0
T 891 000000a4 0 1 0 0 0 0 0 0 1 0 0 0 0 0
C 891 000000a4 0 0 0 0 5 0
T 892 000000a4 1 1 0 0 0 0 0 0 1 0 1 1 0 0
R 892 446 000000a4 0000006f
C 892 000000a4 1 0 0 1 5 0
T 893 000000a4 0 1 0 0 0 0 0 0 1 0 0 0 0 0
C 893 000000a4 0 0 0 0 5 0
T 894 000000a4 1 1 0 0 0 0 0 0 1 0 1 1 0 0
R 894 447 000000a4 0000006f
C 894 000000a4 1 0 0 1 5 0
T 895 000000a4 0 1 0 0 0 0 0 0 1 0 0 0 0 0
C 895 000000a4 0 0 0 0 5 0
T 896 000000a4 1 1 0 0 0 0 0 0 1 0 1 1 0 0
R 896 448 000000a4 0000006f
C 896 000000a4 1 0 0 1 5 0
T 897 000000a4 0 1 0 0 0 0 0 0 1 0 0 0 0 0
C 897 000000a4 0 0 0 0 5 0
T 898 000000a4 1 1 0 0 0 0 0 0 1 0 1 1 0 0
R 898 449 000000a4 0000006f
C 898 000000a4 1 0 0 1 5 0
T 899 000000a4 0 1 0 0 0 0 0 0 1 0 0 0 0 0
C 899 000000a4 0 0 0 0 5 0
T 900 000000a4 1 1 0 0 0 0 0 0 1 0 1 1 0 0
R 900 450 000000a4 0000006f
C 900 000000a4 1 0 0 1 5 0
T 901 000000a4 0 1 0 0 0 0 0 0 1 0 0 0 0 0
C 901 000000a4 0 0 0 0 5 0
T 902 000000a4 1 1 0 0 0 0 0 0 1 0 1 1 0 0
R 902 451 000000a4 0000006f
C 902 000000a4 1 0 0 1 5 0
T 903 000000a4 0 1 0 0 0 0 0 0 1 0 0 0 0 0
C 903 000000a4 0 0 0 0 5 0
T 904 000000a4 1 1 0 0 0 0 0 0 1 0 1 1 0 0
R 904 452 000000a4 0000006f
C 904 000000a4 1 0 0 1 5 0
T 905 000000a4 0 1 0 0 0 0 0 0 1 0 0 0 0 0
C 905 000000a4 0 0 0 0 5 0
T 906 000000a4 1 1 0 0 0 0 0 0 1 0 1 1 0 0
R 906 453 000000a4 0000006f
C 906 000000a4 1 0 0 1 5 0
T 907 000000a4 0 1 0 0 0 0 0 0 1 0 0 0 0 0
C 907 000000a4 0 0 0 0 5 0
T 908 000000a4 1 1 0 0 0 0 0 0 1 0 1 1 0 0
R 908 454 000000a4 0000006f
C 908 000000a4 1 0 0 1 5 0
T 909 000000a4 0 1 0 0 0 0 0 0 1 0 0 0 0 0
C 909 000000a4 0 0 0 0 5 0
T 910 000000a4 1 1 0 0 0 0 0 0 1 0 1 1 0 0
R 910 455 000000a4 0000006f
C 910 000000a4 1 0 0 1 5 0
T 911 000000a4 0 1 0 0 0 0 0 0 1 0 0 0 0 0
C 911 000000a4 0 0 0 0 5 0
T 912 000000a4 1 1 0 0 0 0 0 0 1 0 1 1 0 0
R 912 456 000000a4 0000006f
C 912 000000a4 1 0 0 1 5 0
T 913 000000a4 0 1 0 0 0 0 0 0 1 0 0 0 0 0
C 913 000000a4 0 0 0 0 5 0
T 914 000000a4 1 1 0 0 0 0 0 0 1 0 1 1 0 0
R 914 457 000000a4 0000006f
C 914 000000a4 1 0 0 1 5 0
T 915 000000a4 0 1 0 0 0 0 0 0 1 0 0 0 0 0
C 915 000000a4 0 0 0 0 5 0
T 916 000000a4 1 1 0 0 0 0 0 0 1 0 1 1 0 0
R 916 458 000000a4 0000006f
C 916 000000a4 1 0 0 1 5 0
T 917 000000a4 0 1 0 0 0 0 0 0 1 0 0 0 0 0
C 917 000000a4 0 0 0 0 5 0
T 918 000000a4 1 1 0 0 0 0 0 0 1 0 1 1 0 0
R 918 459 000000a4 0000006f
C 918 000000a4 1 0 0 1 5 0
T 919 000000a4 0 1 0 0 0 0 0 0 1 0 0 0 0 0
C 919 000000a4 0 0 0 0 5 0
T 920 000000a4 1 1 0 0 0 0 0 0 1 0 1 1 0 0
R 920 460 000000a4 0000006f
C 920 000000a4 1 0 0 1 5 0
T 921 000000a4 0 1 0 0 0 0 0 0 1 0 0 0 0 0
C 921 000000a4 0 0 0 0 5 0
T 922 000000a4 1 1 0 0 0 0 0 0 1 0 1 1 0 0
R 922 461 000000a4 0000006f
C 922 000000a4 1 0 0 1 5 0
T 923 000000a4 0 1 0 0 0 0 0 0 1 0 0 0 0 0
C 923 000000a4 0 0 0 0 5 0
T 924 000000a4 1 1 0 0 0 0 0 0 1 0 1 1 0 0
R 924 462 000000a4 0000006f
C 924 000000a4 1 0 0 1 5 0
T 925 000000a4 0 1 0 0 0 0 0 0 1 0 0 0 0 0
C 925 000000a4 0 0 0 0 5 0
T 926 000000a4 1 1 0 0 0 0 0 0 1 0 1 1 0 0
R 926 463 000000a4 0000006f
C 926 000000a4 1 0 0 1 5 0
T 927 000000a4 0 1 0 0 0 0 0 0 1 0 0 0 0 0
C 927 000000a4 0 0 0 0 5 0
T 928 000000a4 1 1 0 0 0 0 0 0 1 0 1 1 0 0
R 928 464 000000a4 0000006f
C 928 000000a4 1 0 0 1 5 0
T 929 000000a4 0 1 0 0 0 0 0 0 1 0 0 0 0 0
C 929 000000a4 0 0 0 0 5 0
T 930 000000a4 1 1 0 0 0 0 0 0 1 0 1 1 0 0
R 930 465 000000a4 0000006f
C 930 000000a4 1 0 0 1 5 0
T 931 000000a4 0 1 0 0 0 0 0 0 1 0 0 0 0 0
C 931 000000a4 0 0 0 0 5 0
T 932 000000a4 1 1 0 0 0 0 0 0 1 0 1 1 0 0
R 932 466 000000a4 0000006f
C 932 000000a4 1 0 0 1 5 0
T 933 000000a4 0 1 0 0 0 0 0 0 1 0 0 0 0 0
C 933 000000a4 0 0 0 0 5 0
T 934 000000a4 1 1 0 0 0 0 0 0 1 0 1 1 0 0
R 934 467 000000a4 0000006f
C 934 000000a4 1 0 0 1 5 0
T 935 000000a4 0 1 0 0 0 0 0 0 1 0 0 0 0 0
C 935 000000a4 0 0 0 0 5 0
T 936 000000a4 1 1 0 0 0 0 0 0 1 0 1 1 0 0
R 936 468 000000a4 0000006f
C 936 000000a4 1 0 0 1 5 0
T 937 000000a4 0 1 0 0 0 0 0 0 1 0 0 0 0 0
C 937 000000a4 0 0 0 0 5 0
T 938 000000a4 1 1 0 0 0 0 0 0 1 0 1 1 0 0
R 938 469 000000a4 0000006f
C 938 000000a4 1 0 0 1 5 0
T 939 000000a4 0 1 0 0 0 0 0 0 1 0 0 0 0 0
C 939 000000a4 0 0 0 0 5 0
T 940 000000a4 1 1 0 0 0 0 0 0 1 0 1 1 0 0
R 940 470 000000a4 0000006f
C 940 000000a4 1 0 0 1 5 0
T 941 000000a4 0 1 0 0 0 0 0 0 1 0 0 0 0 0
C 941 000000a4 0 0 0 0 5 0
T 942 000000a4 1 1 0 0 0 0 0 0 1 0 1 1 0 0
R 942 471 000000a4 0000006f
C 942 000000a4 1 0 0 1 5 0
T 943 000000a4 0 1 0 0 0 0 0 0 1 0 0 0 0 0
C 943 000000a4 0 0 0 0 5 0
T 944 000000a4 1 1 0 0 0 0 0 0 1 0 1 1 0 0
R 944 472 000000a4 0000006f
C 944 000000a4 1 0 0 1 5 0
T 945 000000a4 0 1 0 0 0 0 0 0 1 0 0 0 0 0
C 945 000000a4 0 0 0 0 5 0
T 946 000000a4 1 1 0 0 0 0 0 0 1 0 1 1 0 0
R 946 473 000000a4 0000006f
C 946 000000a4 1 0 0 1 5 0
T 947 000000a4 0 1 0 0 0 0 0 0 1 0 0 0 0 0
C 947 000000a4 0 0 0 0 5 0
T 948 000000a4 1 1 0 0 0 0 0 0 1 0 1 1 0 0
R 948 474 000000a4 0000006f
C 948 000000a4 1 0 0 1 5 0
T 949 000000a4 0 1 0 0 0 0 0 0 1 0 0 0 0 0
C 949 000000a4 0 0 0 0 5 0
T 950 000000a4 1 1 0 0 0 0 0 0 1 0 1 1 0 0
R 950 475 000000a4 0000006f
C 950 000000a4 1 0 0 1 5 0
T 951 000000a4 0 1 0 0 0 0 0 0 1 0 0 0 0 0
C 951 000000a4 0 0 0 0 5 0
T 952 000000a4 1 1 0 0 0 0 0 0 1 0 1 1 0 0
R 952 476 000000a4 0000006f
C 952 000000a4 1 0 0 1 5 0
T 953 000000a4 0 1 0 0 0 0 0 0 1 0 0 0 0 0
C 953 000000a4 0 0 0 0 5 0
T 954 000000a4 1 1 0 0 0 0 0 0 1 0 1 1 0 0
R 954 477 000000a4 0000006f
C 954 000000a4 1 0 0 1 5 0
T 955 000000a4 0 1 0 0 0 0 0 0 1 0 0 0 0 0
C 955 000000a4 0 0 0 0 5 0
T 956 000000a4 1 1 0 0 0 0 0 0 1 0 1 1 0 0
R 956 478 000000a4 0000006f
C 956 000000a4 1 0 0 1 5 0
T 957 000000a4 0 1 0 0 0 0 0 0 1 0 0 0 0 0
C 957 000000a4 0 0 0 0 5 0
T 958 000000a4 1 1 0 0 0 0 0 0 1 0 1 1 0 0
R 958 479 000000a4 0000006f
C 958 000000a4 1 0 0 1 5 0
T 959 000000a4 0 1 0 0 0 0 0 0 1 0 0 0 0 0
C 959 000000a4 0 0 0 0 5 0
T 960 000000a4 1 1 0 0 0 0 0 0 1 0 1 1 0 0
R 960 480 000000a4 0000006f
C 960 000000a4 1 0 0 1 5 0
T 961 000000a4 0 1 0 0 0 0 0 0 1 0 0 0 0 0
C 961 000000a4 0 0 0 0 5 0
T 962 000000a4 1 1 0 0 0 0 0 0 1 0 1 1 0 0
R 962 481 000000a4 0000006f
C 962 000000a4 1 0 0 1 5 0
T 963 000000a4 0 1 0 0 0 0 0 0 1 0 0 0 0 0
C 963 000000a4 0 0 0 0 5 0
T 964 000000a4 1 1 0 0 0 0 0 0 1 0 1 1 0 0
R 964 482 000000a4 0000006f
C 964 000000a4 1 0 0 1 5 0
T 965 000000a4 0 1 0 0 0 0 0 0 1 0 0 0 0 0
C 965 000000a4 0 0 0 0 5 0
T 966 000000a4 1 1 0 0 0 0 0 0 1 0 1 1 0 0
R 966 483 000000a4 0000006f
C 966 000000a4 1 0 0 1 5 0
T 967 000000a4 0 1 0 0 0 0 0 0 1 0 0 0 0 0
C 967 000000a4 0 0 0 0 5 0
T 968 000000a4 1 1 0 0 0 0 0 0 1 0 1 1 0 0
R 968 484 000000a4 0000006f
C 968 000000a4 1 0 0 1 5 0
T 969 000000a4 0 1 0 0 0 0 0 0 1 0 0 0 0 0
C 969 000000a4 0 0 0 0 5 0
T 970 000000a4 1 1 0 0 0 0 0 0 1 0 1 1 0 0
R 970 485 000000a4 0000006f
C 970 000000a4 1 0 0 1 5 0
T 971 000000a4 0 1 0 0 0 0 0 0 1 0 0 0 0 0
C 971 000000a4 0 0 0 0 5 0
T 972 000000a4 1 1 0 0 0 0 0 0 1 0 1 1 0 0
R 972 486 000000a4 0000006f
C 972 000000a4 1 0 0 1 5 0
T 973 000000a4 0 1 0 0 0 0 0 0 1 0 0 0 0 0
C 973 000000a4 0 0 0 0 5 0
T 974 000000a4 1 1 0 0 0 0 0 0 1 0 1 1 0 0
R 974 487 000000a4 0000006f
C 974 000000a4 1 0 0 1 5 0
T 975 000000a4 0 1 0 0 0 0 0 0 1 0 0 0 0 0
C 975 000000a4 0 0 0 0 5 0
T 976 000000a4 1 1 0 0 0 0 0 0 1 0 1 1 0 0
R 976 488 000000a4 0000006f
C 976 000000a4 1 0 0 1 5 0
T 977 000000a4 0 1 0 0 0 0 0 0 1 0 0 0 0 0
C 977 000000a4 0 0 0 0 5 0
T 978 000000a4 1 1 0 0 0 0 0 0 1 0 1 1 0 0
R 978 489 000000a4 0000006f
C 978 000000a4 1 0 0 1 5 0
T 979 000000a4 0 1 0 0 0 0 0 0 1 0 0 0 0 0
C 979 000000a4 0 0 0 0 5 0
T 980 000000a4 1 1 0 0 0 0 0 0 1 0 1 1 0 0
R 980 490 000000a4 0000006f
C 980 000000a4 1 0 0 1 5 0
T 981 000000a4 0 1 0 0 0 0 0 0 1 0 0 0 0 0
C 981 000000a4 0 0 0 0 5 0
T 982 000000a4 1 1 0 0 0 0 0 0 1 0 1 1 0 0
R 982 491 000000a4 0000006f
C 982 000000a4 1 0 0 1 5 0
T 983 000000a4 0 1 0 0 0 0 0 0 1 0 0 0 0 0
C 983 000000a4 0 0 0 0 5 0
T 984 000000a4 1 1 0 0 0 0 0 0 1 0 1 1 0 0
R 984 492 000000a4 0000006f
C 984 000000a4 1 0 0 1 5 0
T 985 000000a4 0 1 0 0 0 0 0 0 1 0 0 0 0 0
C 985 000000a4 0 0 0 0 5 0
T 986 000000a4 1 1 0 0 0 0 0 0 1 0 1 1 0 0
R 986 493 000000a4 0000006f
C 986 000000a4 1 0 0 1 5 0
T 987 000000a4 0 1 0 0 0 0 0 0 1 0 0 0 0 0
C 987 000000a4 0 0 0 0 5 0
T 988 000000a4 1 1 0 0 0 0 0 0 1 0 1 1 0 0
R 988 494 000000a4 0000006f
C 988 000000a4 1 0 0 1 5 0
T 989 000000a4 0 1 0 0 0 0 0 0 1 0 0 0 0 0
C 989 000000a4 0 0 0 0 5 0
T 990 000000a4 1 1 0 0 0 0 0 0 1 0 1 1 0 0
R 990 495 000000a4 0000006f
C 990 000000a4 1 0 0 1 5 0
T 991 000000a4 0 1 0 0 0 0 0 0 1 0 0 0 0 0
C 991 000000a4 0 0 0 0 5 0
T 992 000000a4 1 1 0 0 0 0 0 0 1 0 1 1 0 0
R 992 496 000000a4 0000006f
C 992 000000a4 1 0 0 1 5 0
T 993 000000a4 0 1 0 0 0 0 0 0 1 0 0 0 0 0
C 993 000000a4 0 0 0 0 5 0
T 994 000000a4 1 1 0 0 0 0 0 0 1 0 1 1 0 0
R 994 497 000000a4 0000006f
C 994 000000a4 1 0 0 1 5 0
T 995 000000a4 0 1 0 0 0 0 0 0 1 0 0 0 0 0
C 995 000000a4 0 0 0 0 5 0
T 996 000000a4 1 1 0 0 0 0 0 0 1 0 1 1 0 0
R 996 498 000000a4 0000006f
C 996 000000a4 1 0 0 1 5 0
T 997 000000a4 0 1 0 0 0 0 0 0 1 0 0 0 0 0
C 997 000000a4 0 0 0 0 5 0
T 998 000000a4 1 1 0 0 0 0 0 0 1 0 1 1 0 0
R 998 499 000000a4 0000006f
C 998 000000a4 1 0 0 1 5 0
T 999 000000a4 0 1 0 0 0 0 0 0 1 0 0 0 0 0
C 999 000000a4 0 0 0 0 5 0
T 1000 000000a4 1 1 0 0 0 0 0 0 1 0 1 1 0 0
R 1000 500 000000a4 0000006f
C 1000 000000a4 1 0 0 1 5 0
T 1001 000000a4 0 1 0 0 0 0 0 0 1 0 0 0 0 0
C 1001 000000a4 0 0 0 0 5 0
T 1002 000000a4 1 1 0 0 0 0 0 0 1 0 1 1 0 0
R 1002 501 000000a4 0000006f
C 1002 000000a4 1 0 0 1 5 0
T 1003 000000a4 0 1 0 0 0 0 0 0 1 0 0 0 0 0
C 1003 000000a4 0 0 0 0 5 0
T 1004 000000a4 1 1 0 0 0 0 0 0 1 0 1 1 0 0
R 1004 502 000000a4 0000006f
C 1004 000000a4 1 0 0 1 5 0
T 1005 000000a4 0 1 0 0 0 0 0 0 1 0 0 0 0 0
C 1005 000000a4 0 0 0 0 5 0
T 1006 000000a4 1 1 0 0 0 0 0 0 1 0 1 1 0 0
R 1006 503 000000a4 0000006f
C 1006 000000a4 1 0 0 1 5 0
T 1007 000000a4 0 1 0 0 0 0 0 0 1 0 0 0 0 0
C 1007 000000a4 0 0 0 0 5 0
T 1008 000000a4 1 1 0 0 0 0 0 0 1 0 1 1 0 0
R 1008 504 000000a4 0000006f
C 1008 000000a4 1 0 0 1 5 0
T 1009 000000a4 0 1 0 0 0 0 0 0 1 0 0 0 0 0
C 1009 000000a4 0 0 0 0 5 0
T 1010 000000a4 1 1 0 0 0 0 0 0 1 0 1 1 0 0
R 1010 505 000000a4 0000006f
C 1010 000000a4 1 0 0 1 5 0
T 1011 000000a4 0 1 0 0 0 0 0 0 1 0 0 0 0 0
C 1011 000000a4 0 0 0 0 5 0
T 1012 000000a4 1 1 0 0 0 0 0 0 1 0 1 1 0 0
R 1012 506 000000a4 0000006f
C 1012 000000a4 1 0 0 1 5 0
T 1013 000000a4 0 1 0 0 0 0 0 0 1 0 0 0 0 0
C 1013 000000a4 0 0 0 0 5 0
T 1014 000000a4 1 1 0 0 0 0 0 0 1 0 1 1 0 0
R 1014 507 000000a4 0000006f
C 1014 000000a4 1 0 0 1 5 0
T 1015 000000a4 0 1 0 0 0 0 0 0 1 0 0 0 0 0
C 1015 000000a4 0 0 0 0 5 0
T 1016 000000a4 1 1 0 0 0 0 0 0 1 0 1 1 0 0
R 1016 508 000000a4 0000006f
C 1016 000000a4 1 0 0 1 5 0
T 1017 000000a4 0 1 0 0 0 0 0 0 1 0 0 0 0 0
C 1017 000000a4 0 0 0 0 5 0
T 1018 000000a4 1 1 0 0 0 0 0 0 1 0 1 1 0 0
R 1018 509 000000a4 0000006f
C 1018 000000a4 1 0 0 1 5 0
T 1019 000000a4 0 1 0 0 0 0 0 0 1 0 0 0 0 0
C 1019 000000a4 0 0 0 0 5 0
T 1020 000000a4 1 1 0 0 0 0 0 0 1 0 1 1 0 0
R 1020 510 000000a4 0000006f
C 1020 000000a4 1 0 0 1 5 0
T 1021 000000a4 0 1 0 0 0 0 0 0 1 0 0 0 0 0
C 1021 000000a4 0 0 0 0 5 0
T 1022 000000a4 1 1 0 0 0 0 0 0 1 0 1 1 0 0
R 1022 511 000000a4 0000006f
C 1022 000000a4 1 0 0 1 5 0
T 1023 000000a4 0 1 0 0 0 0 0 0 1 0 0 0 0 0
C 1023 000000a4 0 0 0 0 5 0
T 1024 000000a4 1 1 0 0 0 0 0 0 1 0 1 1 0 0
R 1024 512 000000a4 0000006f
C 1024 000000a4 1 0 0 1 5 0
T 1025 000000a4 0 1 0 0 0 0 0 0 1 0 0 0 0 0
C 1025 000000a4 0 0 0 0 5 0
T 1026 000000a4 1 1 0 0 0 0 0 0 1 0 1 1 0 0
R 1026 513 000000a4 0000006f
C 1026 000000a4 1 0 0 1 5 0
T 1027 000000a4 0 1 0 0 0 0 0 0 1 0 0 0 0 0
C 1027 000000a4 0 0 0 0 5 0
T 1028 000000a4 1 1 0 0 0 0 0 0 1 0 1 1 0 0
R 1028 514 000000a4 0000006f
C 1028 000000a4 1 0 0 1 5 0
T 1029 000000a4 0 1 0 0 0 0 0 0 1 0 0 0 0 0
C 1029 000000a4 0 0 0 0 5 0
T 1030 000000a4 1 1 0 0 0 0 0 0 1 0 1 1 0 0
R 1030 515 000000a4 0000006f
C 1030 000000a4 1 0 0 1 5 0
T 1031 000000a4 0 1 0 0 0 0 0 0 1 0 0 0 0 0
C 1031 000000a4 0 0 0 0 5 0
T 1032 000000a4 1 1 0 0 0 0 0 0 1 0 1 1 0 0
R 1032 516 000000a4 0000006f
C 1032 000000a4 1 0 0 1 5 0
T 1033 000000a4 0 1 0 0 0 0 0 0 1 0 0 0 0 0
C 1033 000000a4 0 0 0 0 5 0
T 1034 000000a4 1 1 0 0 0 0 0 0 1 0 1 1 0 0
R 1034 517 000000a4 0000006f
C 1034 000000a4 1 0 0 1 5 0
T 1035 000000a4 0 1 0 0 0 0 0 0 1 0 0 0 0 0
C 1035 000000a4 0 0 0 0 5 0
T 1036 000000a4 1 1 0 0 0 0 0 0 1 0 1 1 0 0
R 1036 518 000000a4 0000006f
C 1036 000000a4 1 0 0 1 5 0
T 1037 000000a4 0 1 0 0 0 0 0 0 1 0 0 0 0 0
C 1037 000000a4 0 0 0 0 5 0
T 1038 000000a4 1 1 0 0 0 0 0 0 1 0 1 1 0 0
R 1038 519 000000a4 0000006f
C 1038 000000a4 1 0 0 1 5 0
T 1039 000000a4 0 1 0 0 0 0 0 0 1 0 0 0 0 0
C 1039 000000a4 0 0 0 0 5 0
T 1040 000000a4 1 1 0 0 0 0 0 0 1 0 1 1 0 0
R 1040 520 000000a4 0000006f
C 1040 000000a4 1 0 0 1 5 0
T 1041 000000a4 0 1 0 0 0 0 0 0 1 0 0 0 0 0
C 1041 000000a4 0 0 0 0 5 0
T 1042 000000a4 1 1 0 0 0 0 0 0 1 0 1 1 0 0
R 1042 521 000000a4 0000006f
C 1042 000000a4 1 0 0 1 5 0
T 1043 000000a4 0 1 0 0 0 0 0 0 1 0 0 0 0 0
C 1043 000000a4 0 0 0 0 5 0
T 1044 000000a4 1 1 0 0 0 0 0 0 1 0 1 1 0 0
R 1044 522 000000a4 0000006f
C 1044 000000a4 1 0 0 1 5 0
T 1045 000000a4 0 1 0 0 0 0 0 0 1 0 0 0 0 0
C 1045 000000a4 0 0 0 0 5 0
T 1046 000000a4 1 1 0 0 0 0 0 0 1 0 1 1 0 0
R 1046 523 000000a4 0000006f
C 1046 000000a4 1 0 0 1 5 0
T 1047 000000a4 0 1 0 0 0 0 0 0 1 0 0 0 0 0
C 1047 000000a4 0 0 0 0 5 0
T 1048 000000a4 1 1 0 0 0 0 0 0 1 0 1 1 0 0
R 1048 524 000000a4 0000006f
C 1048 000000a4 1 0 0 1 5 0
T 1049 000000a4 0 1 0 0 0 0 0 0 1 0 0 0 0 0
C 1049 000000a4 0 0 0 0 5 0
T 1050 000000a4 1 1 0 0 0 0 0 0 1 0 1 1 0 0
R 1050 525 000000a4 0000006f
C 1050 000000a4 1 0 0 1 5 0
T 1051 000000a4 0 1 0 0 0 0 0 0 1 0 0 0 0 0
C 1051 000000a4 0 0 0 0 5 0
T 1052 000000a4 1 1 0 0 0 0 0 0 1 0 1 1 0 0
R 1052 526 000000a4 0000006f
C 1052 000000a4 1 0 0 1 5 0
T 1053 000000a4 0 1 0 0 0 0 0 0 1 0 0 0 0 0
C 1053 000000a4 0 0 0 0 5 0
T 1054 000000a4 1 1 0 0 0 0 0 0 1 0 1 1 0 0
R 1054 527 000000a4 0000006f
C 1054 000000a4 1 0 0 1 5 0
T 1055 000000a4 0 1 0 0 0 0 0 0 1 0 0 0 0 0
C 1055 000000a4 0 0 0 0 5 0
T 1056 000000a4 1 1 0 0 0 0 0 0 1 0 1 1 0 0
R 1056 528 000000a4 0000006f
C 1056 000000a4 1 0 0 1 5 0
T 1057 000000a4 0 1 0 0 0 0 0 0 1 0 0 0 0 0
C 1057 000000a4 0 0 0 0 5 0
T 1058 000000a4 1 1 0 0 0 0 0 0 1 0 1 1 0 0
R 1058 529 000000a4 0000006f
C 1058 000000a4 1 0 0 1 5 0
T 1059 000000a4 0 1 0 0 0 0 0 0 1 0 0 0 0 0
C 1059 000000a4 0 0 0 0 5 0
T 1060 000000a4 1 1 0 0 0 0 0 0 1 0 1 1 0 0
R 1060 530 000000a4 0000006f
C 1060 000000a4 1 0 0 1 5 0
T 1061 000000a4 0 1 0 0 0 0 0 0 1 0 0 0 0 0
C 1061 000000a4 0 0 0 0 5 0
T 1062 000000a4 1 1 0 0 0 0 0 0 1 0 1 1 0 0
R 1062 531 000000a4 0000006f
C 1062 000000a4 1 0 0 1 5 0
T 1063 000000a4 0 1 0 0 0 0 0 0 1 0 0 0 0 0
C 1063 000000a4 0 0 0 0 5 0
T 1064 000000a4 1 1 0 0 0 0 0 0 1 0 1 1 0 0
R 1064 532 000000a4 0000006f
C 1064 000000a4 1 0 0 1 5 0
T 1065 000000a4 0 1 0 0 0 0 0 0 1 0 0 0 0 0
C 1065 000000a4 0 0 0 0 5 0
T 1066 000000a4 1 1 0 0 0 0 0 0 1 0 1 1 0 0
R 1066 533 000000a4 0000006f
C 1066 000000a4 1 0 0 1 5 0
T 1067 000000a4 0 1 0 0 0 0 0 0 1 0 0 0 0 0
C 1067 000000a4 0 0 0 0 5 0
T 1068 000000a4 1 1 0 0 0 0 0 0 1 0 1 1 0 0
R 1068 534 000000a4 0000006f
C 1068 000000a4 1 0 0 1 5 0
T 1069 000000a4 0 1 0 0 0 0 0 0 1 0 0 0 0 0
C 1069 000000a4 0 0 0 0 5 0
T 1070 000000a4 1 1 0 0 0 0 0 0 1 0 1 1 0 0
R 1070 535 000000a4 0000006f
C 1070 000000a4 1 0 0 1 5 0
T 1071 000000a4 0 1 0 0 0 0 0 0 1 0 0 0 0 0
C 1071 000000a4 0 0 0 0 5 0
T 1072 000000a4 1 1 0 0 0 0 0 0 1 0 1 1 0 0
R 1072 536 000000a4 0000006f
C 1072 000000a4 1 0 0 1 5 0
T 1073 000000a4 0 1 0 0 0 0 0 0 1 0 0 0 0 0
C 1073 000000a4 0 0 0 0 5 0
T 1074 000000a4 1 1 0 0 0 0 0 0 1 0 1 1 0 0
R 1074 537 000000a4 0000006f
C 1074 000000a4 1 0 0 1 5 0
T 1075 000000a4 0 1 0 0 0 0 0 0 1 0 0 0 0 0
C 1075 000000a4 0 0 0 0 5 0
T 1076 000000a4 1 1 0 0 0 0 0 0 1 0 1 1 0 0
R 1076 538 000000a4 0000006f
C 1076 000000a4 1 0 0 1 5 0
T 1077 000000a4 0 1 0 0 0 0 0 0 1 0 0 0 0 0
C 1077 000000a4 0 0 0 0 5 0
T 1078 000000a4 1 1 0 0 0 0 0 0 1 0 1 1 0 0
R 1078 539 000000a4 0000006f
C 1078 000000a4 1 0 0 1 5 0
T 1079 000000a4 0 1 0 0 0 0 0 0 1 0 0 0 0 0
C 1079 000000a4 0 0 0 0 5 0
T 1080 000000a4 1 1 0 0 0 0 0 0 1 0 1 1 0 0
R 1080 540 000000a4 0000006f
C 1080 000000a4 1 0 0 1 5 0
T 1081 000000a4 0 1 0 0 0 0 0 0 1 0 0 0 0 0
C 1081 000000a4 0 0 0 0 5 0
T 1082 000000a4 1 1 0 0 0 0 0 0 1 0 1 1 0 0
R 1082 541 000000a4 0000006f
C 1082 000000a4 1 0 0 1 5 0
T 1083 000000a4 0 1 0 0 0 0 0 0 1 0 0 0 0 0
C 1083 000000a4 0 0 0 0 5 0
T 1084 000000a4 1 1 0 0 0 0 0 0 1 0 1 1 0 0
R 1084 542 000000a4 0000006f
C 1084 000000a4 1 0 0 1 5 0
T 1085 000000a4 0 1 0 0 0 0 0 0 1 0 0 0 0 0
C 1085 000000a4 0 0 0 0 5 0
T 1086 000000a4 1 1 0 0 0 0 0 0 1 0 1 1 0 0
R 1086 543 000000a4 0000006f
C 1086 000000a4 1 0 0 1 5 0
T 1087 000000a4 0 1 0 0 0 0 0 0 1 0 0 0 0 0
C 1087 000000a4 0 0 0 0 5 0
T 1088 000000a4 1 1 0 0 0 0 0 0 1 0 1 1 0 0
R 1088 544 000000a4 0000006f
C 1088 000000a4 1 0 0 1 5 0
T 1089 000000a4 0 1 0 0 0 0 0 0 1 0 0 0 0 0
C 1089 000000a4 0 0 0 0 5 0
T 1090 000000a4 1 1 0 0 0 0 0 0 1 0 1 1 0 0
R 1090 545 000000a4 0000006f
C 1090 000000a4 1 0 0 1 5 0
T 1091 000000a4 0 1 0 0 0 0 0 0 1 0 0 0 0 0
C 1091 000000a4 0 0 0 0 5 0
T 1092 000000a4 1 1 0 0 0 0 0 0 1 0 1 1 0 0
R 1092 546 000000a4 0000006f
C 1092 000000a4 1 0 0 1 5 0
T 1093 000000a4 0 1 0 0 0 0 0 0 1 0 0 0 0 0
C 1093 000000a4 0 0 0 0 5 0
T 1094 000000a4 1 1 0 0 0 0 0 0 1 0 1 1 0 0
R 1094 547 000000a4 0000006f
C 1094 000000a4 1 0 0 1 5 0
T 1095 000000a4 0 1 0 0 0 0 0 0 1 0 0 0 0 0
C 1095 000000a4 0 0 0 0 5 0
T 1096 000000a4 1 1 0 0 0 0 0 0 1 0 1 1 0 0
R 1096 548 000000a4 0000006f
C 1096 000000a4 1 0 0 1 5 0
T 1097 000000a4 0 1 0 0 0 0 0 0 1 0 0 0 0 0
C 1097 000000a4 0 0 0 0 5 0
T 1098 000000a4 1 1 0 0 0 0 0 0 1 0 1 1 0 0
R 1098 549 000000a4 0000006f
C 1098 000000a4 1 0 0 1 5 0
T 1099 000000a4 0 1 0 0 0 0 0 0 1 0 0 0 0 0
C 1099 000000a4 0 0 0 0 5 0
T 1100 000000a4 1 1 0 0 0 0 0 0 1 0 1 1 0 0
R 1100 550 000000a4 0000006f
C 1100 000000a4 1 0 0 1 5 0
T 1101 000000a4 0 1 0 0 0 0 0 0 1 0 0 0 0 0
C 1101 000000a4 0 0 0 0 5 0
T 1102 000000a4 1 1 0 0 0 0 0 0 1 0 1 1 0 0
R 1102 551 000000a4 0000006f
C 1102 000000a4 1 0 0 1 5 0
T 1103 000000a4 0 1 0 0 0 0 0 0 1 0 0 0 0 0
C 1103 000000a4 0 0 0 0 5 0
T 1104 000000a4 1 1 0 0 0 0 0 0 1 0 1 1 0 0
R 1104 552 000000a4 0000006f
C 1104 000000a4 1 0 0 1 5 0
T 1105 000000a4 0 1 0 0 0 0 0 0 1 0 0 0 0 0
C 1105 000000a4 0 0 0 0 5 0
T 1106 000000a4 1 1 0 0 0 0 0 0 1 0 1 1 0 0
R 1106 553 000000a4 0000006f
C 1106 000000a4 1 0 0 1 5 0
T 1107 000000a4 0 1 0 0 0 0 0 0 1 0 0 0 0 0
C 1107 000000a4 0 0 0 0 5 0
T 1108 000000a4 1 1 0 0 0 0 0 0 1 0 1 1 0 0
R 1108 554 000000a4 0000006f
C 1108 000000a4 1 0 0 1 5 0
T 1109 000000a4 0 1 0 0 0 0 0 0 1 0 0 0 0 0
C 1109 000000a4 0 0 0 0 5 0
T 1110 000000a4 1 1 0 0 0 0 0 0 1 0 1 1 0 0
R 1110 555 000000a4 0000006f
C 1110 000000a4 1 0 0 1 5 0
T 1111 000000a4 0 1 0 0 0 0 0 0 1 0 0 0 0 0
C 1111 000000a4 0 0 0 0 5 0
T 1112 000000a4 1 1 0 0 0 0 0 0 1 0 1 1 0 0
R 1112 556 000000a4 0000006f
C 1112 000000a4 1 0 0 1 5 0
T 1113 000000a4 0 1 0 0 0 0 0 0 1 0 0 0 0 0
C 1113 000000a4 0 0 0 0 5 0
T 1114 000000a4 1 1 0 0 0 0 0 0 1 0 1 1 0 0
R 1114 557 000000a4 0000006f
C 1114 000000a4 1 0 0 1 5 0
T 1115 000000a4 0 1 0 0 0 0 0 0 1 0 0 0 0 0
C 1115 000000a4 0 0 0 0 5 0
T 1116 000000a4 1 1 0 0 0 0 0 0 1 0 1 1 0 0
R 1116 558 000000a4 0000006f
C 1116 000000a4 1 0 0 1 5 0
T 1117 000000a4 0 1 0 0 0 0 0 0 1 0 0 0 0 0
C 1117 000000a4 0 0 0 0 5 0
T 1118 000000a4 1 1 0 0 0 0 0 0 1 0 1 1 0 0
R 1118 559 000000a4 0000006f
C 1118 000000a4 1 0 0 1 5 0
T 1119 000000a4 0 1 0 0 0 0 0 0 1 0 0 0 0 0
C 1119 000000a4 0 0 0 0 5 0
T 1120 000000a4 1 1 0 0 0 0 0 0 1 0 1 1 0 0
R 1120 560 000000a4 0000006f
C 1120 000000a4 1 0 0 1 5 0
T 1121 000000a4 0 1 0 0 0 0 0 0 1 0 0 0 0 0
C 1121 000000a4 0 0 0 0 5 0
T 1122 000000a4 1 1 0 0 0 0 0 0 1 0 1 1 0 0
R 1122 561 000000a4 0000006f
C 1122 000000a4 1 0 0 1 5 0
T 1123 000000a4 0 1 0 0 0 0 0 0 1 0 0 0 0 0
C 1123 000000a4 0 0 0 0 5 0
T 1124 000000a4 1 1 0 0 0 0 0 0 1 0 1 1 0 0
R 1124 562 000000a4 0000006f
C 1124 000000a4 1 0 0 1 5 0
T 1125 000000a4 0 1 0 0 0 0 0 0 1 0 0 0 0 0
C 1125 000000a4 0 0 0 0 5 0
T 1126 000000a4 1 1 0 0 0 0 0 0 1 0 1 1 0 0
R 1126 563 000000a4 0000006f
C 1126 000000a4 1 0 0 1 5 0
T 1127 000000a4 0 1 0 0 0 0 0 0 1 0 0 0 0 0
C 1127 000000a4 0 0 0 0 5 0
T 1128 000000a4 1 1 0 0 0 0 0 0 1 0 1 1 0 0
R 1128 564 000000a4 0000006f
C 1128 000000a4 1 0 0 1 5 0
T 1129 000000a4 0 1 0 0 0 0 0 0 1 0 0 0 0 0
C 1129 000000a4 0 0 0 0 5 0
T 1130 000000a4 1 1 0 0 0 0 0 0 1 0 1 1 0 0
R 1130 565 000000a4 0000006f
C 1130 000000a4 1 0 0 1 5 0
T 1131 000000a4 0 1 0 0 0 0 0 0 1 0 0 0 0 0
C 1131 000000a4 0 0 0 0 5 0
T 1132 000000a4 1 1 0 0 0 0 0 0 1 0 1 1 0 0
R 1132 566 000000a4 0000006f
C 1132 000000a4 1 0 0 1 5 0
T 1133 000000a4 0 1 0 0 0 0 0 0 1 0 0 0 0 0
C 1133 000000a4 0 0 0 0 5 0
T 1134 000000a4 1 1 0 0 0 0 0 0 1 0 1 1 0 0
R 1134 567 000000a4 0000006f
C 1134 000000a4 1 0 0 1 5 0
T 1135 000000a4 0 1 0 0 0 0 0 0 1 0 0 0 0 0
C 1135 000000a4 0 0 0 0 5 0
T 1136 000000a4 1 1 0 0 0 0 0 0 1 0 1 1 0 0
R 1136 568 000000a4 0000006f
C 1136 000000a4 1 0 0 1 5 0
T 1137 000000a4 0 1 0 0 0 0 0 0 1 0 0 0 0 0
C 1137 000000a4 0 0 0 0 5 0
T 1138 000000a4 1 1 0 0 0 0 0 0 1 0 1 1 0 0
R 1138 569 000000a4 0000006f
C 1138 000000a4 1 0 0 1 5 0
T 1139 000000a4 0 1 0 0 0 0 0 0 1 0 0 0 0 0
C 1139 000000a4 0 0 0 0 5 0
T 1140 000000a4 1 1 0 0 0 0 0 0 1 0 1 1 0 0
R 1140 570 000000a4 0000006f
C 1140 000000a4 1 0 0 1 5 0
T 1141 000000a4 0 1 0 0 0 0 0 0 1 0 0 0 0 0
C 1141 000000a4 0 0 0 0 5 0
T 1142 000000a4 1 1 0 0 0 0 0 0 1 0 1 1 0 0
R 1142 571 000000a4 0000006f
C 1142 000000a4 1 0 0 1 5 0
T 1143 000000a4 0 1 0 0 0 0 0 0 1 0 0 0 0 0
C 1143 000000a4 0 0 0 0 5 0
T 1144 000000a4 1 1 0 0 0 0 0 0 1 0 1 1 0 0
R 1144 572 000000a4 0000006f
C 1144 000000a4 1 0 0 1 5 0
T 1145 000000a4 0 1 0 0 0 0 0 0 1 0 0 0 0 0
C 1145 000000a4 0 0 0 0 5 0
T 1146 000000a4 1 1 0 0 0 0 0 0 1 0 1 1 0 0
R 1146 573 000000a4 0000006f
C 1146 000000a4 1 0 0 1 5 0
T 1147 000000a4 0 1 0 0 0 0 0 0 1 0 0 0 0 0
C 1147 000000a4 0 0 0 0 5 0
T 1148 000000a4 1 1 0 0 0 0 0 0 1 0 1 1 0 0
R 1148 574 000000a4 0000006f
C 1148 000000a4 1 0 0 1 5 0
T 1149 000000a4 0 1 0 0 0 0 0 0 1 0 0 0 0 0
C 1149 000000a4 0 0 0 0 5 0
T 1150 000000a4 1 1 0 0 0 0 0 0 1 0 1 1 0 0
R 1150 575 000000a4 0000006f
C 1150 000000a4 1 0 0 1 5 0
T 1151 000000a4 0 1 0 0 0 0 0 0 1 0 0 0 0 0
C 1151 000000a4 0 0 0 0 5 0
T 1152 000000a4 1 1 0 0 0 0 0 0 1 0 1 1 0 0
R 1152 576 000000a4 0000006f
C 1152 000000a4 1 0 0 1 5 0
T 1153 000000a4 0 1 0 0 0 0 0 0 1 0 0 0 0 0
C 1153 000000a4 0 0 0 0 5 0
T 1154 000000a4 1 1 0 0 0 0 0 0 1 0 1 1 0 0
R 1154 577 000000a4 0000006f
C 1154 000000a4 1 0 0 1 5 0
T 1155 000000a4 0 1 0 0 0 0 0 0 1 0 0 0 0 0
C 1155 000000a4 0 0 0 0 5 0
T 1156 000000a4 1 1 0 0 0 0 0 0 1 0 1 1 0 0
R 1156 578 000000a4 0000006f
C 1156 000000a4 1 0 0 1 5 0
T 1157 000000a4 0 1 0 0 0 0 0 0 1 0 0 0 0 0
C 1157 000000a4 0 0 0 0 5 0
T 1158 000000a4 1 1 0 0 0 0 0 0 1 0 1 1 0 0
R 1158 579 000000a4 0000006f
C 1158 000000a4 1 0 0 1 5 0
T 1159 000000a4 0 1 0 0 0 0 0 0 1 0 0 0 0 0
C 1159 000000a4 0 0 0 0 5 0
T 1160 000000a4 1 1 0 0 0 0 0 0 1 0 1 1 0 0
R 1160 580 000000a4 0000006f
C 1160 000000a4 1 0 0 1 5 0
T 1161 000000a4 0 1 0 0 0 0 0 0 1 0 0 0 0 0
C 1161 000000a4 0 0 0 0 5 0
T 1162 000000a4 1 1 0 0 0 0 0 0 1 0 1 1 0 0
R 1162 581 000000a4 0000006f
C 1162 000000a4 1 0 0 1 5 0
T 1163 000000a4 0 1 0 0 0 0 0 0 1 0 0 0 0 0
C 1163 000000a4 0 0 0 0 5 0
T 1164 000000a4 1 1 0 0 0 0 0 0 1 0 1 1 0 0
R 1164 582 000000a4 0000006f
C 1164 000000a4 1 0 0 1 5 0
T 1165 000000a4 0 1 0 0 0 0 0 0 1 0 0 0 0 0
C 1165 000000a4 0 0 0 0 5 0
T 1166 000000a4 1 1 0 0 0 0 0 0 1 0 1 1 0 0
R 1166 583 000000a4 0000006f
C 1166 000000a4 1 0 0 1 5 0
T 1167 000000a4 0 1 0 0 0 0 0 0 1 0 0 0 0 0
C 1167 000000a4 0 0 0 0 5 0
T 1168 000000a4 1 1 0 0 0 0 0 0 1 0 1 1 0 0
R 1168 584 000000a4 0000006f
C 1168 000000a4 1 0 0 1 5 0
T 1169 000000a4 0 1 0 0 0 0 0 0 1 0 0 0 0 0
C 1169 000000a4 0 0 0 0 5 0
T 1170 000000a4 1 1 0 0 0 0 0 0 1 0 1 1 0 0
R 1170 585 000000a4 0000006f
C 1170 000000a4 1 0 0 1 5 0
T 1171 000000a4 0 1 0 0 0 0 0 0 1 0 0 0 0 0
C 1171 000000a4 0 0 0 0 5 0
T 1172 000000a4 1 1 0 0 0 0 0 0 1 0 1 1 0 0
R 1172 586 000000a4 0000006f
C 1172 000000a4 1 0 0 1 5 0
T 1173 000000a4 0 1 0 0 0 0 0 0 1 0 0 0 0 0
C 1173 000000a4 0 0 0 0 5 0
T 1174 000000a4 1 1 0 0 0 0 0 0 1 0 1 1 0 0
R 1174 587 000000a4 0000006f
C 1174 000000a4 1 0 0 1 5 0
T 1175 000000a4 0 1 0 0 0 0 0 0 1 0 0 0 0 0
C 1175 000000a4 0 0 0 0 5 0
T 1176 000000a4 1 1 0 0 0 0 0 0 1 0 1 1 0 0
R 1176 588 000000a4 0000006f
C 1176 000000a4 1 0 0 1 5 0
T 1177 000000a4 0 1 0 0 0 0 0 0 1 0 0 0 0 0
C 1177 000000a4 0 0 0 0 5 0
T 1178 000000a4 1 1 0 0 0 0 0 0 1 0 1 1 0 0
R 1178 589 000000a4 0000006f
C 1178 000000a4 1 0 0 1 5 0
T 1179 000000a4 0 1 0 0 0 0 0 0 1 0 0 0 0 0
C 1179 000000a4 0 0 0 0 5 0
T 1180 000000a4 1 1 0 0 0 0 0 0 1 0 1 1 0 0
R 1180 590 000000a4 0000006f
C 1180 000000a4 1 0 0 1 5 0
T 1181 000000a4 0 1 0 0 0 0 0 0 1 0 0 0 0 0
C 1181 000000a4 0 0 0 0 5 0
T 1182 000000a4 1 1 0 0 0 0 0 0 1 0 1 1 0 0
R 1182 591 000000a4 0000006f
C 1182 000000a4 1 0 0 1 5 0
T 1183 000000a4 0 1 0 0 0 0 0 0 1 0 0 0 0 0
C 1183 000000a4 0 0 0 0 5 0
T 1184 000000a4 1 1 0 0 0 0 0 0 1 0 1 1 0 0
R 1184 592 000000a4 0000006f
C 1184 000000a4 1 0 0 1 5 0
T 1185 000000a4 0 1 0 0 0 0 0 0 1 0 0 0 0 0
C 1185 000000a4 0 0 0 0 5 0
T 1186 000000a4 1 1 0 0 0 0 0 0 1 0 1 1 0 0
R 1186 593 000000a4 0000006f
C 1186 000000a4 1 0 0 1 5 0
T 1187 000000a4 0 1 0 0 0 0 0 0 1 0 0 0 0 0
C 1187 000000a4 0 0 0 0 5 0
T 1188 000000a4 1 1 0 0 0 0 0 0 1 0 1 1 0 0
R 1188 594 000000a4 0000006f
C 1188 000000a4 1 0 0 1 5 0
T 1189 000000a4 0 1 0 0 0 0 0 0 1 0 0 0 0 0
C 1189 000000a4 0 0 0 0 5 0
T 1190 000000a4 1 1 0 0 0 0 0 0 1 0 1 1 0 0
R 1190 595 000000a4 0000006f
C 1190 000000a4 1 0 0 1 5 0
T 1191 000000a4 0 1 0 0 0 0 0 0 1 0 0 0 0 0
C 1191 000000a4 0 0 0 0 5 0
T 1192 000000a4 1 1 0 0 0 0 0 0 1 0 1 1 0 0
R 1192 596 000000a4 0000006f
C 1192 000000a4 1 0 0 1 5 0
T 1193 000000a4 0 1 0 0 0 0 0 0 1 0 0 0 0 0
C 1193 000000a4 0 0 0 0 5 0
T 1194 000000a4 1 1 0 0 0 0 0 0 1 0 1 1 0 0
R 1194 597 000000a4 0000006f
C 1194 000000a4 1 0 0 1 5 0
T 1195 000000a4 0 1 0 0 0 0 0 0 1 0 0 0 0 0
C 1195 000000a4 0 0 0 0 5 0
T 1196 000000a4 1 1 0 0 0 0 0 0 1 0 1 1 0 0
R 1196 598 000000a4 0000006f
C 1196 000000a4 1 0 0 1 5 0
T 1197 000000a4 0 1 0 0 0 0 0 0 1 0 0 0 0 0
C 1197 000000a4 0 0 0 0 5 0
T 1198 000000a4 1 1 0 0 0 0 0 0 1 0 1 1 0 0
R 1198 599 000000a4 0000006f
C 1198 000000a4 1 0 0 1 5 0
T 1199 000000a4 0 1 0 0 0 0 0 0 1 0 0 0 0 0
C 1199 000000a4 0 0 0 0 5 0
REG 0 00000000
REG 1 00000200
REG 2 00000055
REG 3 00000055
REG 4 00000056
REG 5 00000056
REG 6 00000000
REG 7 00000000
REG 8 00000000
REG 9 00000000
REG 10 00000000
REG 11 00000000
REG 12 00000000
REG 13 00000000
REG 14 00000000
REG 15 00000000
REG 16 00000000
REG 17 00000000
REG 18 00000000
REG 19 00000000
REG 20 00000000
REG 21 00000000
REG 22 00000000
REG 23 00000000
REG 24 00000000
REG 25 00000000
REG 26 00000000
REG 27 00000000
REG 28 00000000
REG 29 00000000
REG 30 00000000
REG 31 0000007b
COUNTS sleep=1 clocks=1197 ai=0 ab=0 am=0 ifetch=1195 data=7 bitmap=0 hit=0 miss=0 dummy=0 expanded=0 predict=0 mispredict=0 keys=0
PROTOCOL_CHECKS 1197
FINISH
- /home/dungpc/ndmoney4porche/projects/ibex/doc/dungpc/opentitan/evidence/opentitan_tb.sv:253: Verilog $finish
